"accession","disease","sample","epic_cancer","epic_caf","epic_endo","epic_immune"
"GSE32863","LUAD","GSM813411",2.72374133919319e-07,0.00870769024857932,0.775631868026385,0.215660169350901
"GSE32863","LUAD","GSM813412",0.775348438452609,0.0174381478988354,0.116483906878305,0.0907295067702507
"GSE32863","LUAD","GSM813413",9.39093952976165e-09,0.0188568930733539,0.943100292833009,0.0380428047026976
"GSE32863","LUAD","GSM813414",0.580941323925216,0.0364178600536927,0.246221532667649,0.136419283353442
"GSE32863","LUAD","GSM813415",1.49743566392668e-05,0.00680275294621017,0.826576599603702,0.166605673093449
"GSE32863","LUAD","GSM813416",0.684942751993492,0.0342733924422552,0.197948874663694,0.082834980900559
"GSE32863","LUAD","GSM813417",5.06026607252473e-09,0.00893036107330958,0.908925450460719,0.0821441834057051
"GSE32863","LUAD","GSM813418",0.753828409726258,0.0388420217670476,0.105270174258354,0.10205939424834
"GSE32863","LUAD","GSM813419",0.137228004962904,0.00739372742608617,0.631479504909576,0.223898762701434
"GSE32863","LUAD","GSM813420",0.684122209363792,0.106156204434408,0.116358383595556,0.0933632026062443
"GSE32863","LUAD","GSM813421",5.28507348877013e-08,0.0202617451505037,0.943184914491681,0.0365532875070803
"GSE32863","LUAD","GSM813422",0.435151061745645,0.0249823696249906,0.306036293689828,0.233830274939537
"GSE32863","LUAD","GSM813423",0.107337571087655,0.0177394772380401,0.738886418812644,0.13603653286166
"GSE32863","LUAD","GSM813424",0.458299416105176,0.026287207876242,0.337211882588409,0.178201493430173
"GSE32863","LUAD","GSM813425",0.117061232250186,0.0380970508792446,0.676198524902078,0.168643191968491
"GSE32863","LUAD","GSM813426",0.676692623342872,0.0324647940590933,0.129205336941481,0.161637245656554
"GSE32863","LUAD","GSM813427",0.219313325259969,0.0041745004407778,0.624941817217616,0.151570357081637
"GSE32863","LUAD","GSM813428",0.628379589808903,0.0311788084207727,0.187443194563528,0.152998407206796
"GSE32863","LUAD","GSM813429",1.82466480246677e-06,0.00829282840275095,0.964420894464152,0.0272844524682948
"GSE32863","LUAD","GSM813430",0.620866155887122,0.0740486580358386,0.113204159498916,0.191881026578124
"GSE32863","LUAD","GSM813431",4.20380405901011e-08,0.0219591544716318,0.947666661822389,0.0303741416679384
"GSE32863","LUAD","GSM813432",0.506669075447207,0.0123682110926082,0.366481608568725,0.11448110489146
"GSE32863","LUAD","GSM813433",0.144245910694628,0.00741426856658259,0.663946657180302,0.184393163558487
"GSE32863","LUAD","GSM813434",0.51873036135471,0.014154883529056,0.230010520426477,0.237104234689757
"GSE32863","LUAD","GSM813435",6.84412812340993e-09,0.0558566853976864,0.820774372714189,0.123368935043997
"GSE32863","LUAD","GSM813436",0.673835548100358,0.0539784893969842,0.13096998957403,0.141215972928628
"GSE32863","LUAD","GSM813437",4.25877947464269e-08,0.00930510497707893,0.83863818245357,0.152056669981556
"GSE32863","LUAD","GSM813438",0.445032499508336,0.0273154829036129,0.366828683800188,0.160823333787863
"GSE32863","LUAD","GSM813439",1.30894901623924e-09,0.0172951842265028,0.955446927749225,0.0272578867153233
"GSE32863","LUAD","GSM813440",0.42858830432103,0.0219878026812392,0.413118667948874,0.136305225048856
"GSE32863","LUAD","GSM813441",1.03423584772438e-06,0.0141582714872181,0.897142161567805,0.0886985327091292
"GSE32863","LUAD","GSM813442",0.646829891583281,0.028404704239862,0.208923185440189,0.115842218736668
"GSE32863","LUAD","GSM813443",4.73407145650431e-08,0.0104711592193156,0.822526314071481,0.167002479368489
"GSE32863","LUAD","GSM813444",0.558778661391844,0.0908544191803347,0.264377871242928,0.0859890481848924
"GSE32863","LUAD","GSM813445",0.291123019083131,0.0077653147957652,0.527599766744879,0.173511899376225
"GSE32863","LUAD","GSM813446",0.338715584024366,0.0346410109417174,0.475555639470828,0.151087765563088
"GSE32863","LUAD","GSM813447",0.0503676965201376,0.00755152252871983,0.775971389584233,0.16610939136691
"GSE32863","LUAD","GSM813448",0.591069530226271,0.0467955692312036,0.201781732183317,0.160353168359208
"GSE32863","LUAD","GSM813449",0.308195211450112,0.0187552126395427,0.519568930396708,0.153480645513637
"GSE32863","LUAD","GSM813450",0.665454137409144,0.119186034041359,0.137518207404256,0.0778416211452411
"GSE32863","LUAD","GSM813451",0.0760260277747181,0.0159999561662577,0.769910313450827,0.138063702608197
"GSE32863","LUAD","GSM813452",0.513716175311094,0.0958183788844589,0.279020672554331,0.111444773250116
"GSE32863","LUAD","GSM813453",1.25561704453978e-06,0.0186542937427629,0.960568893201204,0.0207755574389885
"GSE32863","LUAD","GSM813454",0.570181396585427,0.0785253595391344,0.193003355079911,0.158289888795527
"GSE32863","LUAD","GSM813455",0.395915160651608,0.0035069640618677,0.392087728794958,0.208490146491566
"GSE32863","LUAD","GSM813456",0.634995514196906,0.0372327924255091,0.209374413721623,0.118397279655961
"GSE32863","LUAD","GSM813457",0.416117628484926,0.0113879875551821,0.384484297288581,0.188010086671312
"GSE32863","LUAD","GSM813458",0.767585446069149,0.0122645025591299,0.108999843938917,0.111150207432804
"GSE32863","LUAD","GSM813459",2.33942210439015e-09,0.0108773236684037,0.949662627932432,0.0394600460597421
"GSE32863","LUAD","GSM813460",0.654356938933569,0.0311259620839662,0.188919437136521,0.125597661845944
"GSE32863","LUAD","GSM813461",8.56742488131132e-08,0.0207395391895019,0.935103099029539,0.04415727610671
"GSE32863","LUAD","GSM813462",0.567966608909647,0.105563249954726,0.221259222668783,0.105210918466844
"GSE32863","LUAD","GSM813463",3.20889153607737e-08,0.00649005216890899,0.838891540524797,0.154618375217379
"GSE32863","LUAD","GSM813464",0.75938103563695,0.0394671665729679,0.0991550689546494,0.101996728835433
"GSE32863","LUAD","GSM813465",9.47931016732538e-07,0.0169605519920677,0.814061167504911,0.168977332572004
"GSE32863","LUAD","GSM813466",0.625437395934525,0.0328701388255116,0.20208129805765,0.139611167182313
"GSE32863","LUAD","GSM813467",3.63631406316422e-08,0.0192749621595691,0.949531939862629,0.0311930616146609
"GSE32863","LUAD","GSM813468",0.326749911273706,0.10887591443503,0.425156475329624,0.13921769896164
"GSE32863","LUAD","GSM813469",7.92896129630009e-09,0.0106260592880523,0.932808316161119,0.0565656166218671
"GSE32863","LUAD","GSM813470",0.523240007180691,0.032290353426275,0.35992892030684,0.084540719086194
"GSE32863","LUAD","GSM813471",4.94529091279e-08,0.00788886154475472,0.962742202291103,0.0293688867112335
"GSE32863","LUAD","GSM813472",0.560303631553002,0.0301463432940863,0.231278320255668,0.178271704897244
"GSE32863","LUAD","GSM813473",2.6458317007671e-05,0.0269791119902842,0.790330042894322,0.182664386798386
"GSE32863","LUAD","GSM813474",0.6482176457015,0.121454983373495,0.123607404196065,0.10671996672894
"GSE32863","LUAD","GSM813475",1.59338622235448e-05,0.0237582981673517,0.882723971867429,0.0935017961029958
"GSE32863","LUAD","GSM813476",0.555113718365856,0.0354301312965876,0.290672282310009,0.118783868027547
"GSE32863","LUAD","GSM813477",0.00719294997186485,0.0104874818509385,0.81513997747004,0.167179590707157
"GSE32863","LUAD","GSM813478",0.501810227742122,0.11935792719898,0.272558920280825,0.106272924778073
"GSE32863","LUAD","GSM813479",0.181447273364335,0.0110467947094268,0.604813088028919,0.20269284389732
"GSE32863","LUAD","GSM813480",0.677577070533319,0.0454321470131125,0.103746521261406,0.173244261192162
"GSE32863","LUAD","GSM813481",1.80953624310663e-08,0.00919255174179678,0.961622865840184,0.0291845643226571
"GSE32863","LUAD","GSM813482",0.51219597059474,0.0477052160227384,0.291321158414222,0.1487776549683
"GSE32863","LUAD","GSM813483",2.94506579746943e-08,0.0243694163197732,0.831901968775393,0.143728585454176
"GSE32863","LUAD","GSM813484",0.590063533434334,0.112730303420578,0.159354797660272,0.137851365484816
"GSE32863","LUAD","GSM813485",0.038472640067384,0.00513865586771669,0.698474286576601,0.257914417488299
"GSE32863","LUAD","GSM813486",0.572739967722434,0.15140218290444,0.196531956141097,0.0793258932320294
"GSE32863","LUAD","GSM813487",3.1866974765486e-08,0.0444988197226161,0.82233712055341,0.133164027856999
"GSE32863","LUAD","GSM813488",0.588690986870906,0.0218805989047033,0.29217052719361,0.0972578870307803
"GSE32863","LUAD","GSM813489",2.86283849340735e-09,0.00753860633465371,0.839989681751922,0.152471709050585
"GSE32863","LUAD","GSM813490",0.663386464880081,0.0532513864814588,0.15216610515032,0.13119604348814
"GSE32863","LUAD","GSM813491",3.14332310236051e-09,0.00856112772406834,0.843641289455128,0.147797579677481
"GSE32863","LUAD","GSM813492",0.724800321688968,0.0309359237471378,0.122839997953888,0.121423756610006
"GSE32863","LUAD","GSM813493",1.30960538934521e-06,0.00872203112366244,0.936934140364127,0.0543425189068212
"GSE32863","LUAD","GSM813494",0.641390625287254,0.0349460699561956,0.164608225027177,0.159055079729373
"GSE32863","LUAD","GSM813495",0.000242183497624868,0.0179629244170294,0.863150069245355,0.11864482283999
"GSE32863","LUAD","GSM813496",0.610359419589404,0.0543451481477964,0.163314610802936,0.171980821459863
"GSE32863","LUAD","GSM813497",0.07005865788836,0.028505754052523,0.634796205691687,0.26663938236743
"GSE32863","LUAD","GSM813498",0.711278686724621,0.0130442141994018,0.105138541670869,0.170538557405109
"GSE32863","LUAD","GSM813499",3.08022722155929e-10,0.00468190269275956,0.924535069819833,0.0707830271793844
"GSE32863","LUAD","GSM813500",0.371833147827011,0.0710194170295585,0.336534462756285,0.220612972387145
"GSE32863","LUAD","GSM813501",0.0780229505308823,0.0102576934466966,0.736476424886985,0.175242931135436
"GSE32863","LUAD","GSM813502",0.586277365820946,0.0878327759527778,0.171354929348265,0.154534928878011
"GSE32863","LUAD","GSM813503",2.86851708090127e-06,0.00825749721822769,0.824746094702221,0.16699353956247
"GSE32863","LUAD","GSM813504",0.660149665753745,0.0404447962764178,0.169881309245709,0.129524228724129
"GSE32863","LUAD","GSM813505",1.38035092444467e-06,0.0244159835734189,0.806903635151478,0.168679000924179
"GSE32863","LUAD","GSM813506",0.558487189566751,0.0649967649841878,0.251893555719907,0.124622489729155
"GSE32863","LUAD","GSM813508",8.72696600376307e-10,0.00695924079827833,0.899734025594264,0.0933067327347607
"GSE32863","LUAD","GSM813509",0.543931296587325,0.0700107251659045,0.213809419338222,0.172248558908549
"GSE32863","LUAD","GSM813510",5.94066912239506e-06,0.00595780455695682,0.845725600317794,0.148310654456127
"GSE32863","LUAD","GSM813511",0.607962685820905,0.0161626683402066,0.199486717169325,0.176387928669563
"GSE32863","LUAD","GSM813512",6.47846719246634e-09,0.00344366084835297,0.97228661160198,0.0242697210711997
"GSE32863","LUAD","GSM813513",0.666133539755711,0.0275952534235987,0.171863334153594,0.134407872667096
"GSE32863","LUAD","GSM813514",1.18739455718445e-07,0.00483398055115475,0.969272303264645,0.0258935974447442
"GSE32863","LUAD","GSM813515",0.682605447870426,0.012452124134256,0.145392419241214,0.159550008754104
"GSE32863","LUAD","GSM813516",6.49622953389967e-08,0.012935955826062,0.951245884582299,0.0358180946293437
"GSE32863","LUAD","GSM813517",0.374331894464144,0.0109439049039276,0.520211981250399,0.0945122193815303
"GSE32863","LUAD","GSM813519",2.83780645112774e-09,0.00841641449750312,0.794644808136147,0.196938774528543
"GSE32863","LUAD","GSM813520",0.541455224474637,0.0793849973483397,0.183846708098012,0.195313070079011
"GSE32863","LUAD","GSM813521",0.071236022267636,0.0077660336534525,0.822551261544405,0.0984466825345062
"GSE32863","LUAD","GSM813522",0.596098882945126,0.131722184904109,0.122590310329519,0.149588621821246
"GSE32863","LUAD","GSM813523",6.16689355966804e-07,0.0197368431666591,0.948125179833808,0.0321373603101771
"GSE32863","LUAD","GSM813524",0.490750857444816,0.0866605391381828,0.30373528202138,0.118853321395622
"GSE32863","LUAD","GSM813525",0.143872064622066,0.039374355850011,0.621704152853647,0.195049426674276
"GSE32863","LUAD","GSM813526",0.71839980736237,0.0685899027698231,0.119187298317902,0.0938229915499051
"GSE19804","LUAD","GSM494556",0.778767676350962,0.0131007239002015,0.0682799111324752,0.139851688616361
"GSE19804","LUAD","GSM494557",0.793370824892918,0.0137016781809851,0.0529439632970495,0.139983533629047
"GSE19804","LUAD","GSM494558",0.173916089203153,0.0482370921268682,0.240673440761333,0.537173377908646
"GSE19804","LUAD","GSM494559",0.772118728752461,0.00940413511251289,0.0672386368436954,0.151238499291331
"GSE19804","LUAD","GSM494560",0.783805860705114,0.0202881053371304,0.0769771242862974,0.118928909671458
"GSE19804","LUAD","GSM494561",0.418316784100655,0.0165498387694708,0.118773535102017,0.446359842027857
"GSE19804","LUAD","GSM494562",0.801325901171527,0.0241210252209094,0.0398219448493522,0.134731128758212
"GSE19804","LUAD","GSM494563",0.771668855366666,0.0348488420544778,0.0465338045415683,0.146948498037288
"GSE19804","LUAD","GSM494564",0.66529506601005,0.0266130618824214,0.0930277879378576,0.215064084169671
"GSE19804","LUAD","GSM494565",0.724751536802395,0.0312249453364734,0.0503922063045863,0.193631311556545
"GSE19804","LUAD","GSM494566",0.590889153517333,0.0441921171012778,0.0754544627751019,0.289464266606287
"GSE19804","LUAD","GSM494567",0.693059264843649,0.0235404025941669,0.0841990472567345,0.199201285305449
"GSE19804","LUAD","GSM494568",0.464693501851172,0.0217803043937935,0.148551134231625,0.36497505952341
"GSE19804","LUAD","GSM494569",0.436328261678555,0.00875099158944556,0.189900884666179,0.36501986206582
"GSE19804","LUAD","GSM494570",0.639540255178184,0.0302988529472657,0.12059807363138,0.209562818243169
"GSE19804","LUAD","GSM494571",0.706826908500646,0.0210238712312808,0.137850426993792,0.134298793274282
"GSE19804","LUAD","GSM494572",0.851370570050428,0.00775358171856396,0.0484887143714686,0.0923871338595396
"GSE19804","LUAD","GSM494573",0.746873088252863,0.0177070575469775,0.0482908589593578,0.187128995240802
"GSE19804","LUAD","GSM494574",0.683050889311055,0.0308811066456661,0.0483664220716194,0.237701581971659
"GSE19804","LUAD","GSM494575",0.842447806272828,0.015475514432071,0.0379958357878783,0.104080843507223
"GSE19804","LUAD","GSM494576",0.786065710097925,0.0167476972320901,0.0831299035139597,0.114056689156025
"GSE19804","LUAD","GSM494577",0.78262450487478,0.0337131346464118,0.0622411638305909,0.121421196648217
"GSE19804","LUAD","GSM494578",0.751949816829065,0.0110686883580345,0.0758595539189948,0.161121940893906
"GSE19804","LUAD","GSM494579",0.587657764011765,0.0409580936990103,0.0670608028331229,0.304323339456102
"GSE19804","LUAD","GSM494580",0.597047702498082,0.0198329305039466,0.0766225183324645,0.306496848665507
"GSE19804","LUAD","GSM494581",0.785611586922936,0.0110123775779843,0.0750095789552474,0.128366456543832
"GSE19804","LUAD","GSM494582",0.864530877267326,0.00911541113565054,0.0473835312444733,0.0789701803525502
"GSE19804","LUAD","GSM494583",0.785834349467988,0.0328336625198079,0.042498888609174,0.13883309940303
"GSE19804","LUAD","GSM494584",0.712130015524122,0.0211776630263671,0.0863315124901358,0.180360808959376
"GSE19804","LUAD","GSM494585",0.859377654779114,0.00815362910248057,0.0436999003338552,0.0887688157845499
"GSE19804","LUAD","GSM494586",0.806491868121192,0.0131690602977075,0.0370393627356483,0.143299708845453
"GSE19804","LUAD","GSM494587",0.773324617792448,0.0161634229579656,0.040368348387756,0.17014361086183
"GSE19804","LUAD","GSM494588",0.748448540519495,0.0212303256377454,0.087449902139338,0.142871231703422
"GSE19804","LUAD","GSM494589",0.771845234852299,0.0413701358533447,0.0947872654482972,0.0919973638460595
"GSE19804","LUAD","GSM494590",0.734848175552543,0.0432440351351916,0.0731181485846056,0.14878964072766
"GSE19804","LUAD","GSM494591",0.846127028864074,0.022324666216715,0.0617019604692707,0.0698463444499402
"GSE19804","LUAD","GSM494592",0.759264518884817,0.0112464034704044,0.0569091831722049,0.172579894472574
"GSE19804","LUAD","GSM494593",0.805401123673847,0.016793973555864,0.0597067617090882,0.1180981410612
"GSE19804","LUAD","GSM494594",0.660351426155745,0.0147252001528507,0.107584408301009,0.217338965390394
"GSE19804","LUAD","GSM494595",0.806483983310924,0.0390136245574249,0.0585646455607393,0.0959377465709113
"GSE19804","LUAD","GSM494596",0.806017250506217,0.0195686653596029,0.0684137475237631,0.106000336610417
"GSE19804","LUAD","GSM494597",0.425071146333081,0.0422106772963979,0.0791346210850436,0.453583555285477
"GSE19804","LUAD","GSM494598",0.705124269028925,0.0262125759609065,0.0479800479041513,0.220683107106018
"GSE19804","LUAD","GSM494599",0.724781524229871,0.0204417348775113,0.0574840616282655,0.197292679264352
"GSE19804","LUAD","GSM494600",0.770755044976333,0.0304209518677927,0.0757428638680535,0.123081139287821
"GSE19804","LUAD","GSM494601",0.746470521440321,0.0210365114332874,0.0624187982845057,0.170074168841886
"GSE19804","LUAD","GSM494602",0.809803094776041,0.0292559697006699,0.0564598633727431,0.104481072150546
"GSE19804","LUAD","GSM494603",0.536298129097744,0.0346458098459429,0.17976247221697,0.249293588839344
"GSE19804","LUAD","GSM494604",0.564539041605887,0.0579551341959625,0.127008584179819,0.250497240018332
"GSE19804","LUAD","GSM494605",0.447345514976301,0.0161318493486085,0.161487716974877,0.375034918700213
"GSE19804","LUAD","GSM494606",0.777650712865375,0.00862056895003609,0.062780061313133,0.150948656871456
"GSE19804","LUAD","GSM494607",0.414823336776198,0.0310669627907814,0.0775460384316792,0.476563662001341
"GSE19804","LUAD","GSM494608",0.771681464437595,0.00657118285623419,0.0528328563119868,0.168914496394184
"GSE19804","LUAD","GSM494609",0.701043579240551,0.0156924769466675,0.0610864612346085,0.222177482578173
"GSE19804","LUAD","GSM494610",0.588770212466306,0.0411199076552612,0.0636689702556681,0.306440909622765
"GSE19804","LUAD","GSM494611",0.806569526833443,0.0291542895949332,0.0365752482396303,0.127700935331993
"GSE19804","LUAD","GSM494612",0.868981214644651,0.00629893097213538,0.0393642620360694,0.0853555923471446
"GSE19804","LUAD","GSM494613",0.863291279696781,0.00494443374772241,0.0416528340619108,0.0901114524935853
"GSE19804","LUAD","GSM494614",0.85524410765192,0.0160797644937843,0.0501937656658795,0.0784823621884161
"GSE19804","LUAD","GSM494615",0.787972099134871,0.0193824103537893,0.0771428348680123,0.115502655643327
"GSE19804","LUAD","GSM494616",0.318255975312787,0.0112664178183818,0.265726190439091,0.40475141642974
"GSE19804","LUAD","GSM494617",0.475693612486356,0.0111725254842288,0.283713065628618,0.229420796400797
"GSE19804","LUAD","GSM494618",0.0367142799524044,0.00719712871622013,0.446679674869669,0.509408916461706
"GSE19804","LUAD","GSM494619",0.388295623761678,0.0064898661645614,0.227355234360014,0.377859275713746
"GSE19804","LUAD","GSM494620",0.436179795518172,0.00763030477032283,0.279116066108813,0.277073833602692
"GSE19804","LUAD","GSM494621",0.441058143178037,0.0111267921498543,0.283879470151994,0.263935594520115
"GSE19804","LUAD","GSM494622",0.59075766999133,0.0158931841072451,0.270022087013038,0.123327058888387
"GSE19804","LUAD","GSM494623",0.425975690050696,0.00751089211946324,0.217415317036863,0.349098100792978
"GSE19804","LUAD","GSM494624",0.408794117516348,0.00623761008076055,0.213476844689729,0.371491427713163
"GSE19804","LUAD","GSM494625",0.414601097095764,0.00784580682758434,0.283963638262494,0.293589457814158
"GSE19804","LUAD","GSM494626",0.594293820340514,0.0127421042046099,0.226885638521736,0.16607843693314
"GSE19804","LUAD","GSM494627",0.430374402711413,0.0143430450785055,0.191489913636223,0.363792638573859
"GSE19804","LUAD","GSM494628",0.50866827055653,0.0154785668274222,0.223506420748189,0.25234674186786
"GSE19804","LUAD","GSM494629",0.305323794193454,0.00611238416573932,0.249606449950916,0.438957371689891
"GSE19804","LUAD","GSM494630",0.448833524871218,0.00679443255884936,0.274011045785749,0.270360996784184
"GSE19804","LUAD","GSM494631",0.699152773800863,0.0146687052052484,0.103182157546308,0.182996363447581
"GSE19804","LUAD","GSM494632",0.465574967741997,0.00610388470182126,0.154508261626297,0.373812885929884
"GSE19804","LUAD","GSM494633",0.638667180368708,0.00709094754773988,0.108204644675645,0.246037227407907
"GSE19804","LUAD","GSM494634",0.584921637970497,0.0111384994501173,0.171620649547407,0.232319213031978
"GSE19804","LUAD","GSM494635",0.601103503030001,0.018754460392182,0.222891458213401,0.157250578364416
"GSE19804","LUAD","GSM494636",0.527522190038064,0.0102688075093607,0.258875484495499,0.203333517957076
"GSE19804","LUAD","GSM494637",0.332392865390346,0.0102207559734549,0.275429366900589,0.38195701173561
"GSE19804","LUAD","GSM494638",0.495081668730874,0.0109914607159609,0.149919814018728,0.344007056534436
"GSE19804","LUAD","GSM494639",0.561502132954056,0.00613980835210781,0.205380880316403,0.226977178377433
"GSE19804","LUAD","GSM494640",0.0674683142619893,0.00727235792861821,0.290511272346317,0.634748055463076
"GSE19804","LUAD","GSM494641",0.291983482809776,0.00493501836290383,0.2595737654904,0.443507733336921
"GSE19804","LUAD","GSM494642",0.216793921248379,0.00781258983982789,0.315138657157235,0.460254831754558
"GSE19804","LUAD","GSM494643",0.332270896149437,0.00605843581017625,0.2802276151996,0.381443052840787
"GSE19804","LUAD","GSM494644",0.625699856348263,0.0101237835778811,0.168936323262272,0.195240036811584
"GSE19804","LUAD","GSM494645",0.302755660937361,0.0074781751629309,0.264874039201445,0.424892124698263
"GSE19804","LUAD","GSM494646",0.240482119085535,0.00575307402760155,0.252533735294436,0.501231071592427
"GSE19804","LUAD","GSM494647",0.330791952945319,0.00636044542839277,0.214667759172,0.448179842454289
"GSE19804","LUAD","GSM494648",0.578778864148621,0.00801223591817536,0.215865904727915,0.197342995205289
"GSE19804","LUAD","GSM494649",0.416929859609618,0.00760038577165666,0.292334200814267,0.283135553804458
"GSE19804","LUAD","GSM494650",0.550954461606385,0.0162120492257965,0.185681181259419,0.2471523079084
"GSE19804","LUAD","GSM494651",0.428778005025657,0.0109903945058335,0.362298794417338,0.197932806051171
"GSE19804","LUAD","GSM494652",0.331222198762633,0.0111215844339329,0.258443250549916,0.399212966253518
"GSE19804","LUAD","GSM494653",0.562905417986475,0.0121757398646739,0.234015877842991,0.19090296430586
"GSE19804","LUAD","GSM494654",0.483528422105032,0.00813475058903767,0.204237855888949,0.304098971416982
"GSE19804","LUAD","GSM494655",0.478789100166523,0.00739824336921013,0.212082886187493,0.301729770276774
"GSE19804","LUAD","GSM494656",0.567709821672626,0.0159606776573431,0.127383389000023,0.288946111670008
"GSE19804","LUAD","GSM494657",0.730777319230785,0.00623956938380283,0.064418721933053,0.198564389452359
"GSE19804","LUAD","GSM494658",0.572701067209786,0.029949006486556,0.13180050328218,0.265549423021478
"GSE19804","LUAD","GSM494659",0.453733124670032,0.0120969967498077,0.249566503408545,0.284603375171615
"GSE19804","LUAD","GSM494660",0.618191839079533,0.00899386818469953,0.205959709329999,0.166854583405768
"GSE19804","LUAD","GSM494661",0.308499266791298,0.00752068398615742,0.277374310178523,0.406605739044022
"GSE19804","LUAD","GSM494662",0.322194490274498,0.0111391749040829,0.285533954099118,0.381132380722302
"GSE19804","LUAD","GSM494663",0.490998644571195,0.0109801204393056,0.313066505456564,0.184954729532935
"GSE19804","LUAD","GSM494664",0.404786702708599,0.0171165562838583,0.248816795203634,0.329279945803908
"GSE19804","LUAD","GSM494665",0.517052364127843,0.0173524415302001,0.140918539082188,0.324676655259769
"GSE19804","LUAD","GSM494666",0.282185520953769,0.00715057285741027,0.220552061596979,0.490111844591842
"GSE19804","LUAD","GSM494667",0.266357365680806,0.00531518765071207,0.24489435460165,0.483433092066832
"GSE19804","LUAD","GSM494668",0.562961608788989,0.00630651332582445,0.131688734502398,0.299043143382789
"GSE19804","LUAD","GSM494669",0.496866666205395,0.00811790010594234,0.207994897634529,0.287020536054134
"GSE19804","LUAD","GSM494670",0.503764051297051,0.00925830073473688,0.24763936028351,0.239338287684702
"GSE19804","LUAD","GSM494671",0.467527862407356,0.00841345414560829,0.136228732827562,0.387829950619473
"GSE19804","LUAD","GSM494672",0.61502483507507,0.00571031358498081,0.152858523520696,0.226406327819253
"GSE19804","LUAD","GSM494673",0.575665118960944,0.0070675606160551,0.23973580839,0.177531512033001
"GSE19804","LUAD","GSM494674",0.359775269132186,0.00496914383495861,0.202316067096476,0.43293951993638
"GSE19804","LUAD","GSM494675",0.246420316996148,0.0185159527654802,0.0599291721444175,0.675134558093954
"GSE10072","LUAD","GSM254625",0.458173765654463,0.0236163318838008,0.230071906782842,0.288137995678895
"GSE10072","LUAD","GSM254626",1.22011732583062e-06,0.0090040441460522,0.476289198562422,0.5147055371742
"GSE10072","LUAD","GSM254627",0.72737072226562,0.011432163666083,0.0684388934023132,0.192758220665984
"GSE10072","LUAD","GSM254628",3.39649365456055e-06,0.00892206201922922,0.623191227278689,0.367883314208427
"GSE10072","LUAD","GSM254631",0.65870587031863,0.0206766642974264,0.104983898027818,0.215633567356125
"GSE10072","LUAD","GSM254632",0.309164883799977,0.0408276871195415,0.370422635747333,0.279584793333148
"GSE10072","LUAD","GSM254633",0.668664446415892,0.0252272235527779,0.0829299797025895,0.22317835032874
"GSE10072","LUAD","GSM254634",0.256082633234159,0.0142076343308814,0.348520729689485,0.381189002745475
"GSE10072","LUAD","GSM254635",0.234076282801954,0.0100569001544308,0.367769250813827,0.388097566229788
"GSE10072","LUAD","GSM254636",0.66720155234039,0.0239393054517065,0.0719965090528094,0.236862633155094
"GSE10072","LUAD","GSM254637",0.614344480701729,0.0147517505366563,0.104116867044761,0.266786901716854
"GSE10072","LUAD","GSM254638",0.378694576016083,0.00757387104154509,0.256909589626613,0.356821963315759
"GSE10072","LUAD","GSM254639",0.620233879610867,0.0337682223907535,0.115907322974138,0.230090575024242
"GSE10072","LUAD","GSM254640",0.289567823260446,0.0100925716536073,0.368895952196674,0.331443652889273
"GSE10072","LUAD","GSM254644",3.15831053397393e-09,0.00716032522569035,0.389768129244788,0.603071542371212
"GSE10072","LUAD","GSM254645",0.481561879665634,0.016339146677782,0.146452757037937,0.355646216618648
"GSE10072","LUAD","GSM254648",0.559608134314747,0.012476895788748,0.132244946064212,0.295670023832294
"GSE10072","LUAD","GSM254649",0.117341876610219,0.0103136846392627,0.551104799034463,0.321239639716055
"GSE10072","LUAD","GSM254650",0.54149830115888,0.0189959462216078,0.208901264516522,0.23060448810299
"GSE10072","LUAD","GSM254651",0.293921963934201,0.00927084003043263,0.498100989365981,0.198706206669386
"GSE10072","LUAD","GSM254658",0.166367649039219,0.00792066840685562,0.625050052588934,0.200661629964991
"GSE10072","LUAD","GSM254659",0.569857831784835,0.0225299139129085,0.136440805063999,0.271171449238258
"GSE10072","LUAD","GSM254666",0.576374052295466,0.0275760061357042,0.138996598920828,0.257053342648002
"GSE10072","LUAD","GSM254667",0.291708559708026,0.00905739804589742,0.2599988873164,0.439235154929677
"GSE10072","LUAD","GSM254668",0.64151004456525,0.0216800300376837,0.112090550294087,0.224719375102979
"GSE10072","LUAD","GSM254669",0.172266004309686,0.00993060807324389,0.521047981275134,0.296755406341935
"GSE10072","LUAD","GSM254670",0.5098281564632,0.0266499702762382,0.147274397926467,0.316247475334095
"GSE10072","LUAD","GSM254671",0.232951163884539,0.0111032548955051,0.463875819150034,0.292069762069922
"GSE10072","LUAD","GSM254673",2.32152057412097e-07,0.00698630626144845,0.469977138231638,0.523036323354856
"GSE10072","LUAD","GSM254674",0.647794631759424,0.0212675850382569,0.0892407188691438,0.241697064333176
"GSE10072","LUAD","GSM254675",0.727507674701135,0.0252233068310489,0.0719316517917071,0.175337366676109
"GSE10072","LUAD","GSM254676",0.257847048202855,0.00823912094976954,0.314908913499536,0.419004917347839
"GSE10072","LUAD","GSM254678",0.682026673176926,0.0192584100444976,0.0587469383963151,0.239967978382261
"GSE10072","LUAD","GSM254679",0.128095467880793,0.0123683779806854,0.362599384295226,0.496936769843296
"GSE10072","LUAD","GSM254680",0.700125624157937,0.0203044996180594,0.0746943109509038,0.2048755652731
"GSE10072","LUAD","GSM254681",0.132654856967181,0.00895249883035506,0.380434903910555,0.47795774029191
"GSE10072","LUAD","GSM254682",0.587331594679746,0.0405501431406925,0.0904645506860744,0.281653711493487
"GSE10072","LUAD","GSM254683",0.299998673161974,0.00814445395369794,0.320792080967165,0.371064791917163
"GSE10072","LUAD","GSM254684",0.613632815248505,0.0237680892390693,0.11440666458431,0.248192430928116
"GSE10072","LUAD","GSM254685",0.0357054921806714,0.00723590825618039,0.342982722101782,0.614075877461366
"GSE10072","LUAD","GSM254689",0.221989599092406,0.00966721267752661,0.40902516511678,0.359318023113287
"GSE10072","LUAD","GSM254690",0.575378066700503,0.0143010215664372,0.0795638645129388,0.330757047220122
"GSE10072","LUAD","GSM254691",0.0762414713003502,0.00788574283018168,0.367099292068872,0.548773493800596
"GSE10072","LUAD","GSM254692",0.710312596102146,0.0229505104584423,0.0738436371352511,0.192893256304161
"GSE10072","LUAD","GSM254693",0.0850234130723754,0.00833595753909361,0.491759545005761,0.41488108438277
"GSE10072","LUAD","GSM254694",0.616811237027668,0.0168522808736684,0.163289120073679,0.203047362024985
"GSE10072","LUAD","GSM254701",0.720862946263467,0.0122652162414576,0.112812154641366,0.15405968285371
"GSE10072","LUAD","GSM254702",7.75709853597548e-09,0.00643845073093264,0.511268088549563,0.482293452962406
"GSE10072","LUAD","GSM254703",0.380975451287912,0.0178974959550453,0.317043943901302,0.28408310885574
"GSE10072","LUAD","GSM254704",0.739061902897719,0.0102824935779957,0.0774375333754297,0.173218070148856
"GSE10072","LUAD","GSM254705",0.555119018254494,0.0176516489577626,0.129449991432272,0.297779341355472
"GSE10072","LUAD","GSM254706",0.181396032247783,0.0106829209091249,0.404439536646287,0.403481510196805
"GSE10072","LUAD","GSM254707",0.621964732223132,0.0350907765277604,0.0855065541019859,0.257437937147122
"GSE10072","LUAD","GSM254708",0.200156837662985,0.0112529220692819,0.44699072175049,0.341599518517244
"GSE10072","LUAD","GSM254709",0.638168923071749,0.0276672016507981,0.130506040742856,0.203657834534597
"GSE10072","LUAD","GSM254710",0.292290037920604,0.0218466594836368,0.344781240420439,0.34108206217532
"GSE10072","LUAD","GSM254714",0.615744422223929,0.0188310161988097,0.135167761096925,0.230256800480336
"GSE10072","LUAD","GSM254715",5.34000227801293e-08,0.00631624138159536,0.426777886449838,0.566905818768544
"GSE10072","LUAD","GSM254716",0.457134587847939,0.0337038278135098,0.207631189057004,0.301530395281546
"GSE10072","LUAD","GSM254717",1.86516475576365e-07,0.0147486002310752,0.777797536348765,0.207453676903684
"GSE10072","LUAD","GSM254718",0.677364374558762,0.0331737765361376,0.0969727355369256,0.192489113368175
"GSE10072","LUAD","GSM254719",0.0129049818808042,0.00745066105675041,0.50369103597845,0.475953321083996
"GSE10072","LUAD","GSM254726",0.395317507354499,0.0247485360502014,0.211603260627316,0.368330695967983
"GSE10072","LUAD","GSM254727",0.0868082088954689,0.0129869220565545,0.563442686357076,0.336762182690901
"GSE10072","LUAD","GSM254729",0.461384611805426,0.0185432216116813,0.157114315235511,0.362957851347382
"GSE10072","LUAD","GSM254730",7.62593535361307e-08,0.00791199665021592,0.461068706156445,0.531019220933985
"GSE44076","CRC","GSM1077648",0.916247477175768,0.019248339335029,0.0243354486319622,0.0401687348572404
"GSE44076","CRC","GSM1077649",0.941412246719252,0.00926298833118061,0.0199275353818623,0.0293972295677046
"GSE44076","CRC","GSM1077650",0.900603899180245,0.0175636607829494,0.0408458322054975,0.040986607831308
"GSE44076","CRC","GSM1077651",0.934264808252738,0.01230374120607,0.0210063909099918,0.0324250596312006
"GSE44076","CRC","GSM1077652",0.934972886768212,0.00600325859906136,0.0200230933797887,0.039000761252938
"GSE44076","CRC","GSM1077653",0.888757775779187,0.0255436935898519,0.0352554960622157,0.0504430345687456
"GSE44076","CRC","GSM1077654",0.899895361635655,0.0373444314085544,0.0296475091263182,0.033112697829472
"GSE44076","CRC","GSM1077655",0.940345648405272,0.00826914585120359,0.0206978702916509,0.0306873354518731
"GSE44076","CRC","GSM1077656",0.936881934580179,0.0133601812195334,0.0194024995320549,0.0303553846682324
"GSE44076","CRC","GSM1077657",0.934906525688193,0.00837408298313738,0.0217747933628494,0.0349445979658201
"GSE44076","CRC","GSM1077658",0.935228824457732,0.00925553966157769,0.0270931553724787,0.0284224805082118
"GSE44076","CRC","GSM1077659",0.886561704942446,0.00667288901948803,0.0256578872334282,0.0811075188046374
"GSE44076","CRC","GSM1077660",0.913140805059522,0.0119693292694729,0.0243216759301007,0.0505681897409039
"GSE44076","CRC","GSM1077661",0.937845428852998,0.00982058610979206,0.0146458041450058,0.0376881808922043
"GSE44076","CRC","GSM1077662",0.913237302902668,0.0106095847516248,0.0189325486067011,0.0572205637390058
"GSE44076","CRC","GSM1077663",0.925229433734982,0.0156853082880655,0.0236133380725437,0.0354719199044092
"GSE44076","CRC","GSM1077664",0.937218512745023,0.0143283909467346,0.0170908572334842,0.031362239074758
"GSE44076","CRC","GSM1077665",0.890711078838658,0.0340835284115809,0.0360038293493509,0.0392015634004101
"GSE44076","CRC","GSM1077666",0.909664948665901,0.0177942928620102,0.0258095674827373,0.0467311909893514
"GSE44076","CRC","GSM1077667",0.932768964534913,0.0114068495758844,0.0214299547193686,0.0343942311698343
"GSE44076","CRC","GSM1077668",0.922773320144824,0.013339326451814,0.0234178913122725,0.0404694620910894
"GSE44076","CRC","GSM1077669",0.913165509482539,0.0186441622809824,0.0339509917742361,0.0342393364622421
"GSE44076","CRC","GSM1077670",0.876128688654122,0.0536422028127982,0.0469862575822898,0.0232428509507899
"GSE44076","CRC","GSM1077671",0.931288069672818,0.0128121410969417,0.026291881872595,0.0296079073576449
"GSE44076","CRC","GSM1077672",0.924900022063512,0.0136140373996607,0.0240236986002775,0.0374622419365496
"GSE44076","CRC","GSM1077673",0.925380648997121,0.017169379695837,0.0240334969205304,0.0334164743865117
"GSE44076","CRC","GSM1077674",0.895035020602729,0.0178597016932318,0.0360051809065104,0.0511000967975293
"GSE44076","CRC","GSM1077675",0.919921293740907,0.0178457548064827,0.0270854432038698,0.0351475082487405
"GSE44076","CRC","GSM1077676",0.941531615886757,0.00844215933698618,0.0217136284141431,0.0283125963621141
"GSE44076","CRC","GSM1077677",0.928741205036782,0.0168627596696386,0.0223056384716123,0.0320903968219675
"GSE44076","CRC","GSM1077678",0.902843009210395,0.0212370013857077,0.0243494781811126,0.0515705112227844
"GSE44076","CRC","GSM1077679",0.922287849838,0.0100838257129843,0.0259163638619242,0.041711960587092
"GSE44076","CRC","GSM1077680",0.876897363306345,0.0173509531431075,0.0202619027942699,0.0854897807562774
"GSE44076","CRC","GSM1077681",0.930308411957062,0.0118004013485765,0.0241119501765129,0.0337792365178481
"GSE44076","CRC","GSM1077682",0.915850394116864,0.0108768741856942,0.0429883078850828,0.0302844238123594
"GSE44076","CRC","GSM1077683",0.921586756701128,0.00948718104491542,0.024741196554254,0.0441848656997023
"GSE44076","CRC","GSM1077684",0.936718904230805,0.0107792124005855,0.0210441022528927,0.0314577811157169
"GSE44076","CRC","GSM1077685",0.925192834954087,0.0196036668438866,0.0267001821854451,0.0285033160165818
"GSE44076","CRC","GSM1077686",0.929467999832127,0.0121138312849608,0.0190592289947637,0.0393589398881482
"GSE44076","CRC","GSM1077687",0.897427972489812,0.017779845908368,0.044321038727746,0.0404711428740742
"GSE44076","CRC","GSM1077688",0.919473468048058,0.0181991947760329,0.030870672270355,0.0314566649055536
"GSE44076","CRC","GSM1077689",0.916127352474031,0.0146807311708958,0.0271784539417731,0.0420134624133
"GSE44076","CRC","GSM1077690",0.927758241278912,0.0119293494321196,0.0192334793746852,0.0410789299142831
"GSE44076","CRC","GSM1077691",0.925146087734793,0.0152623564560282,0.0286969101280591,0.0308946456811195
"GSE44076","CRC","GSM1077692",0.914251614882458,0.0189160443311198,0.0338024102208407,0.033029930565581
"GSE44076","CRC","GSM1077693",0.924999640807428,0.015115023294943,0.0272148487503509,0.0326704871472785
"GSE44076","CRC","GSM1077694",0.859963113757633,0.0471233880842704,0.0651517846607079,0.0277617134973886
"GSE44076","CRC","GSM1077695",0.934879021109053,0.013719353187429,0.0215172825157565,0.0298843431877615
"GSE44076","CRC","GSM1077696",0.917413374985803,0.0151698590259989,0.021389952132644,0.0460268138555543
"GSE44076","CRC","GSM1077697",0.916996414210992,0.0210334637121531,0.0273163576799033,0.034653764396952
"GSE44076","CRC","GSM1077698",0.909798575345986,0.0200814842549798,0.0359194316996673,0.0342005086993671
"GSE44076","CRC","GSM1077699",0.922624113889882,0.0137750324623764,0.019350293806096,0.0442505598416452
"GSE44076","CRC","GSM1077700",0.910178810059924,0.0151803271979887,0.0207086670112933,0.0539321957307939
"GSE44076","CRC","GSM1077701",0.888364664452767,0.0139095891964871,0.0239361822987678,0.0737895640519779
"GSE44076","CRC","GSM1077702",0.911662674310556,0.0229731301363698,0.0332626912540873,0.0321015042989866
"GSE44076","CRC","GSM1077703",0.92790295662181,0.0164829430784119,0.0295651451500416,0.0260489551497363
"GSE44076","CRC","GSM1077704",0.92635989785975,0.0177414170822254,0.025061904635581,0.030836780422444
"GSE44076","CRC","GSM1077705",0.922925835352057,0.0196209464324172,0.0257723407438851,0.0316808774716408
"GSE44076","CRC","GSM1077706",0.90024509457611,0.030370079319341,0.0315830482715217,0.0378017778330277
"GSE44076","CRC","GSM1077707",0.927209059555703,0.0130606556313248,0.0219536796158501,0.0377766051971215
"GSE44076","CRC","GSM1077708",0.869842726137678,0.0484972389041436,0.0528890341882369,0.0287710007699413
"GSE44076","CRC","GSM1077709",0.933606407541856,0.01230025424247,0.018470717421604,0.0356226207940704
"GSE44076","CRC","GSM1077710",0.905604044278594,0.0163557868160945,0.0349125854904989,0.0431275834148122
"GSE44076","CRC","GSM1077711",0.940846184003061,0.00872318082595505,0.0162053016937169,0.0342253334772668
"GSE44076","CRC","GSM1077712",0.884165340489629,0.0458895168300751,0.0466580828405377,0.0232870598397582
"GSE44076","CRC","GSM1077713",0.90870957056473,0.0223276994376201,0.0287736095982905,0.0401891203993596
"GSE44076","CRC","GSM1077714",0.882510477234673,0.0174738953965644,0.0248186757734841,0.0751969515952786
"GSE44076","CRC","GSM1077715",0.914823888264145,0.0179571333321892,0.0278604311551881,0.0393585472484778
"GSE44076","CRC","GSM1077716",0.924874010947606,0.00700172632629319,0.02009011901779,0.0480341437083113
"GSE44076","CRC","GSM1077717",0.870721619028582,0.0408148618645628,0.0385449954735954,0.0499185236332597
"GSE44076","CRC","GSM1077718",0.938270851816431,0.00609876023309499,0.0284526595242069,0.0271777284262674
"GSE44076","CRC","GSM1077719",0.938451104656383,0.0108495356423687,0.0203803842338824,0.0303189754673655
"GSE44076","CRC","GSM1077720",0.928139406634285,0.0127408544614132,0.0271468331292188,0.0319729057750826
"GSE44076","CRC","GSM1077721",0.921787502431952,0.0160918553210588,0.024977951274527,0.0371426909724622
"GSE44076","CRC","GSM1077722",0.904378456008165,0.0113976885042742,0.0247543253200906,0.0594695301674697
"GSE44076","CRC","GSM1077723",0.896110749621746,0.042629249430485,0.032373119176731,0.028886881771038
"GSE44076","CRC","GSM1077724",0.914350844777504,0.0160240744310576,0.0362754844176787,0.0333495963737602
"GSE44076","CRC","GSM1077725",0.863258074447705,0.00946801732883307,0.0192583796325857,0.108015528590877
"GSE44076","CRC","GSM1077726",0.874183753110833,0.0349616753883498,0.0435112034010349,0.0473433680997823
"GSE44076","CRC","GSM1077727",0.919017944905025,0.0144216643271028,0.0217020287821609,0.0448583619857113
"GSE44076","CRC","GSM1077728",0.930810350790559,0.0131628676345266,0.0262860467563979,0.0297407348185166
"GSE44076","CRC","GSM1077729",0.924753322195868,0.0145280681686535,0.0293613166945483,0.0313572929409304
"GSE44076","CRC","GSM1077730",0.890946439082632,0.0190390268649063,0.0304294559275704,0.0595850781248916
"GSE44076","CRC","GSM1077731",0.90441145272071,0.0190216338747831,0.0378519974390295,0.0387149159654772
"GSE44076","CRC","GSM1077732",0.92330203085133,0.0135560713175167,0.0259195535320783,0.0372223442990747
"GSE44076","CRC","GSM1077733",0.937183580162217,0.0101625745810755,0.0211441075886869,0.0315097376680207
"GSE44076","CRC","GSM1077734",0.92922751404858,0.011194339819816,0.0232407838167665,0.0363373623148378
"GSE44076","CRC","GSM1077735",0.918664623626434,0.0129968762778125,0.0251000811053434,0.04323841899041
"GSE44076","CRC","GSM1077736",0.948191484877187,0.00789912657677693,0.0164927597934549,0.0274166287525813
"GSE44076","CRC","GSM1077737",0.903053832816663,0.0250794940444418,0.0408928533060399,0.0309738198328558
"GSE44076","CRC","GSM1077738",0.914399221769683,0.0137022272813517,0.0219767630453809,0.0499217879035849
"GSE44076","CRC","GSM1077739",0.940161917446016,0.0146299350588017,0.0180607936711201,0.027147353824062
"GSE44076","CRC","GSM1077740",0.939192112107699,0.00681258170374837,0.0163146286369953,0.0376806775515573
"GSE44076","CRC","GSM1077741",0.94950174956858,0.00295298401002913,0.0179491115637948,0.0295961548575964
"GSE44076","CRC","GSM1077742",0.893670299207662,0.0226130874696438,0.0385885936520148,0.0451280196706792
"GSE44076","CRC","GSM1077743",0.908580884042601,0.0201169070003717,0.0365860571481289,0.0347161518088987
"GSE44076","CRC","GSM1077744",0.914450440981798,0.0204927472364654,0.0206790548818826,0.0443777568998541
"GSE44076","CRC","GSM1077745",0.916760016512167,0.0170606682775257,0.0356024191430593,0.0305768960672474
"GSE44076","CRC","GSM1077746",0.854983235773051,0.0968717031412552,0.0148289348316563,0.0333161262540375
"GSE44076","CRC","GSM1077747",0.953954996877988,0.0107598911899852,0.0102876736666548,0.0249974382653721
"GSE44076","CRC","GSM1077748",0.946981793844325,0.0180403350459998,0.00984382710826305,0.0251340440014116
"GSE44076","CRC","GSM1077749",0.956840337383359,0.0103531926483376,0.0115955710765525,0.0212108988917503
"GSE44076","CRC","GSM1077750",0.950110462096885,0.0109148107904037,0.0122220419540371,0.0267526851586743
"GSE44076","CRC","GSM1077751",0.908032977647201,0.0442877782669067,0.0136255776476921,0.0340536664381998
"GSE44076","CRC","GSM1077752",0.950344284130018,0.0137187208916405,0.0137690071654365,0.022167987812905
"GSE44076","CRC","GSM1077753",0.931249785223677,0.0364745457102387,0.0115592592200305,0.0207164098460536
"GSE44076","CRC","GSM1077754",0.922523826586255,0.0379163241286302,0.020773209535184,0.018786639749931
"GSE44076","CRC","GSM1077755",0.912339941677814,0.0401835862079185,0.0223886698838762,0.0250878022303918
"GSE44076","CRC","GSM1077756",0.924468256267416,0.0415627266425676,0.0147864837781442,0.0191825333118718
"GSE44076","CRC","GSM1077757",0.967595337332932,0.00202719220284249,0.00754392304092859,0.0228335474232973
"GSE44076","CRC","GSM1077758",0.926122546715946,0.0382739899367687,0.0133173556057433,0.0222861077415419
"GSE44076","CRC","GSM1077759",0.901037870118943,0.059331741555136,0.0184302749250474,0.0212001134008734
"GSE44076","CRC","GSM1077760",0.949148042788061,0.0167901237551397,0.00906271362396314,0.0249991198328365
"GSE44076","CRC","GSM1077761",0.942542325684987,0.0231820423511387,0.00883472348404689,0.0254409084798278
"GSE44076","CRC","GSM1077762",0.916542084834527,0.0492762154976777,0.0135349206573444,0.0206467790104512
"GSE44076","CRC","GSM1077763",0.89903080868777,0.0657841379959346,0.0139034118463591,0.0212816414699366
"GSE44076","CRC","GSM1077764",0.902276178350717,0.0384408017016978,0.0213200221496016,0.0379629977979833
"GSE44076","CRC","GSM1077765",0.956808418188441,0.00745791956471961,0.0105857440227929,0.0251479182240464
"GSE44076","CRC","GSM1077766",0.944929498683004,0.0141323296042844,0.0153999083123146,0.0255382634003967
"GSE44076","CRC","GSM1077767",0.952588641380287,0.011052472303837,0.0110933992506935,0.025265487065182
"GSE44076","CRC","GSM1077768",0.934839440029216,0.0364782657703256,0.0116080210465355,0.0170742731539229
"GSE44076","CRC","GSM1077769",0.926503392930957,0.0278273498567638,0.0115461191110906,0.0341231381011883
"GSE44076","CRC","GSM1077770",0.914481328961707,0.0512577677640651,0.0110899048295599,0.0231709984446686
"GSE44076","CRC","GSM1077771",0.902599181860838,0.0509522288392991,0.0189301937084541,0.0275183955914087
"GSE44076","CRC","GSM1077772",0.954324851583819,0.0106223379480326,0.0108690220293786,0.0241837884387694
"GSE44076","CRC","GSM1077773",0.937632784189989,0.0235001365751958,0.0140674804436521,0.0247995987911632
"GSE44076","CRC","GSM1077774",0.944077646135182,0.0214461304156391,0.0109483434019266,0.0235278800472522
"GSE44076","CRC","GSM1077775",0.958770699397593,0.00568390568872049,0.0123129655257361,0.0232324293879507
"GSE44076","CRC","GSM1077776",0.944382490131428,0.0198629579916324,0.012712154989031,0.023042396887908
"GSE44076","CRC","GSM1077777",0.888884265211435,0.0608626369921078,0.0238871229902721,0.0263659748061847
"GSE44076","CRC","GSM1077778",0.924506607731472,0.0405284823353281,0.0156597382553463,0.0193051716778538
"GSE44076","CRC","GSM1077779",0.956369299891097,0.00556261959761035,0.00839664324426988,0.0296714372670232
"GSE44076","CRC","GSM1077780",0.930053652133191,0.0382683143980621,0.0120874094062773,0.0195906240624695
"GSE44076","CRC","GSM1077781",0.93446263878789,0.0208217015091833,0.0163151679401875,0.0284004917627395
"GSE44076","CRC","GSM1077782",0.881974575351035,0.083974925051536,0.0183785640548221,0.0156719355426065
"GSE44076","CRC","GSM1077783",0.94363041789039,0.0213182142485557,0.00992236364839515,0.0251290042126587
"GSE44076","CRC","GSM1077784",0.955168647211917,0.0107221269801213,0.010131559496836,0.0239776663111261
"GSE44076","CRC","GSM1077785",0.95804839097061,0.00661915906360075,0.0100568216191061,0.025275628346683
"GSE44076","CRC","GSM1077786",0.933150461399755,0.029117943138138,0.011687536891739,0.0260440585703676
"GSE44076","CRC","GSM1077787",0.89338833492433,0.0421823244537569,0.0339511071668063,0.0304782334551067
"GSE44076","CRC","GSM1077788",0.907642767681738,0.0542770333248358,0.0123149606058921,0.0257652383875341
"GSE44076","CRC","GSM1077789",0.787212521305775,0.14554884438913,0.024904054227278,0.0423345800778165
"GSE44076","CRC","GSM1077790",0.870569874316073,0.0475094538346048,0.0224598961948185,0.0594607756545032
"GSE44076","CRC","GSM1077791",0.961129379823966,0.00582287774969496,0.0114710661606269,0.0215766762657124
"GSE44076","CRC","GSM1077792",0.935974639789417,0.0146760451442937,0.0153073682024403,0.034041946863849
"GSE44076","CRC","GSM1077793",0.949708616283216,0.00564547025839522,0.0116634565706633,0.0329824568877257
"GSE44076","CRC","GSM1077794",0.958315320485177,0.011180499908122,0.00963516625703215,0.0208690133496687
"GSE44076","CRC","GSM1077795",0.916748095186136,0.0419782440799062,0.0196311362356036,0.0216425244983542
"GSE44076","CRC","GSM1077796",0.896931152205489,0.045295342710179,0.0274462999181813,0.0303272051661509
"GSE44076","CRC","GSM1077797",0.925237743104265,0.0301752705978134,0.0151068968901342,0.0294800894077876
"GSE44076","CRC","GSM1077798",0.908026506131921,0.05657171874985,0.0155214852293101,0.0198802898889188
"GSE44076","CRC","GSM1077799",0.928433375049623,0.0403446069228476,0.0137922935379927,0.0174297244895372
"GSE44076","CRC","GSM1077800",0.695925893642707,0.172942428871009,0.0498919752727093,0.0812397022135748
"GSE44076","CRC","GSM1077801",0.927322919629165,0.0406356821587577,0.0107195384061292,0.0213218598059478
"GSE44076","CRC","GSM1077802",0.960482986523743,0.00652425041046328,0.0108194509713741,0.0221733120944193
"GSE44076","CRC","GSM1077803",0.941642285840487,0.0215374060472343,0.0132617713962401,0.0235585367160382
"GSE44076","CRC","GSM1077804",0.875238081915873,0.0871231659788457,0.0231734475463511,0.0144653045589307
"GSE44076","CRC","GSM1077805",0.921276300195657,0.0444492667260953,0.0146042387017822,0.0196701943764654
"GSE44076","CRC","GSM1077806",0.94796176020341,0.0128819285868769,0.0136992912913227,0.02545701991839
"GSE44076","CRC","GSM1077807",0.890576307456597,0.0597558555660527,0.0227411058647927,0.026926731112558
"GSE44076","CRC","GSM1077808",0.870153291214304,0.0556460382876645,0.025447617409217,0.0487530530888148
"GSE44076","CRC","GSM1077809",0.938093037824647,0.0102769687796847,0.0133543582978221,0.0382756350978465
"GSE44076","CRC","GSM1077810",0.932345297692508,0.0315300457920078,0.0150112560143431,0.0211134005011416
"GSE44076","CRC","GSM1077811",0.921385925769038,0.0434233641199832,0.0130377079886243,0.0221530021223546
"GSE44076","CRC","GSM1077812",0.935584367255633,0.0302254330196952,0.0128074643824019,0.0213827353422702
"GSE44076","CRC","GSM1077813",0.915843208536011,0.0437368461217437,0.0158129173199013,0.0246070280223444
"GSE44076","CRC","GSM1077814",0.942387231205853,0.00281381249204052,0.0124664664737344,0.0423324898283721
"GSE44076","CRC","GSM1077815",0.943838923388148,0.0176617046288855,0.0126758353438232,0.025823536639143
"GSE44076","CRC","GSM1077816",0.947204814447141,0.00946315180677804,0.0147874360573445,0.0285445976887367
"GSE44076","CRC","GSM1077817",0.917981751157512,0.0321004604878977,0.0238774701811616,0.0260403181734292
"GSE44076","CRC","GSM1077818",0.926347417306657,0.0301376088475883,0.0149908894951641,0.0285240843505904
"GSE44076","CRC","GSM1077819",0.960085773281747,0.00603894548648983,0.010033282820948,0.0238419984108153
"GSE44076","CRC","GSM1077820",0.922820458111088,0.0439374726293727,0.0113315927235735,0.0219104765359659
"GSE44076","CRC","GSM1077821",0.87115039044075,0.0812628573866098,0.0219071349600998,0.0256796172125401
"GSE44076","CRC","GSM1077822",0.939330690054925,0.0207957214635922,0.0143659817843037,0.0255076066971787
"GSE44076","CRC","GSM1077823",0.877989638563252,0.017484809604089,0.0168432335433624,0.0876823182892969
"GSE44076","CRC","GSM1077824",0.957901302068484,0.00854397586158142,0.0123331334551498,0.0212215886147849
"GSE44076","CRC","GSM1077825",0.939790452001521,0.0215917056593063,0.0132225457301509,0.0253952966090218
"GSE44076","CRC","GSM1077826",0.885369523354866,0.0764242993136715,0.0157780103586372,0.0224281669728251
"GSE44076","CRC","GSM1077827",0.942087760815035,0.0169863148871288,0.0131650155900229,0.0277609087078133
"GSE44076","CRC","GSM1077828",0.879877957457872,0.0809772196922555,0.0193227130240466,0.0198221098258257
"GSE44076","CRC","GSM1077829",0.939885952495787,0.0271045825335907,0.0120622658437577,0.0209471991268646
"GSE44076","CRC","GSM1077830",0.933352172933067,0.0215852831987133,0.0122079215646616,0.0328546223035585
"GSE44076","CRC","GSM1077831",0.902132915137072,0.0218106779486473,0.022001746138205,0.0540546607760761
"GSE44076","CRC","GSM1077832",0.934343940099021,0.0317100927961776,0.0102951813831758,0.0236507857216259
"GSE44076","CRC","GSM1077833",0.922402552931318,0.0203323924777815,0.0211998988988782,0.0360651556920221
"GSE44076","CRC","GSM1077834",0.900699647390806,0.0612197588342793,0.019381980763913,0.0186986130110021
"GSE44076","CRC","GSM1077835",0.952727885948913,0.00881738099658151,0.010707764032399,0.0277469690221066
"GSE44076","CRC","GSM1077836",0.940084539988558,0.0230890083314049,0.010186578361635,0.0266398733184018
"GSE44076","CRC","GSM1077837",0.90796833444202,0.0479195971086129,0.0200769521115866,0.0240351163377806
"GSE44076","CRC","GSM1077838",0.92675221396648,0.0447929964954514,0.0115567069007743,0.0168980826372948
"GSE44076","CRC","GSM1077839",0.899958440378796,0.0514355006738923,0.016724430195029,0.0318816287522824
"GSE44076","CRC","GSM1077840",0.91305170558006,0.0468613703273564,0.0131200417259029,0.0269668823666804
"GSE44076","CRC","GSM1077841",0.883175381697868,0.0772029037935308,0.0180849081736649,0.0215368063349363
"GSE44076","CRC","GSM1077842",0.933443876318869,0.0295748898626282,0.0132599614061681,0.0237212724123349
"GSE44076","CRC","GSM1077843",0.958322258948642,0.00694629973987385,0.0117719835640751,0.0229594577474086
"GSE41258","CRC","GSM1012286",0.71105394857197,0.0101363018725435,0.0433927360274445,0.235417013528042
"GSE41258","CRC","GSM1012297",0.710001819057579,0.0344366382335941,0.0511563901147234,0.204405152594103
"GSE41258","CRC","GSM1012303",0.690750912962422,0.0302083491514211,0.0530970978485013,0.225943640037656
"GSE41258","CRC","GSM1012304",0.594177399389935,0.015086593538737,0.0625935421139036,0.328142464957424
"GSE41258","CRC","GSM1012305",0.631836323247247,0.0251310220099669,0.081813495036105,0.261219159706681
"GSE41258","CRC","GSM1012306",0.632252706390254,0.0145233479214684,0.0573140846618585,0.295909861026419
"GSE41258","CRC","GSM1012307",0.636856337719446,0.0221209716247336,0.102970953310526,0.238051737345295
"GSE41258","CRC","GSM1012308",0.701671644977484,0.0134053704103138,0.0481783062466888,0.236744678365513
"GSE41258","CRC","GSM1012310",0.620410636995235,0.0402608974293902,0.0753987809926479,0.263929684582727
"GSE41258","CRC","GSM1012312",0.624864683121586,0.013759839430489,0.0418170415072736,0.319558435940651
"GSE41258","CRC","GSM1012314",0.660764536235883,0.0586372821453855,0.0659862533711688,0.214611928247563
"GSE41258","CRC","GSM1012315",0.656426182160171,0.00785981577543199,0.053071718051057,0.28264228401334
"GSE41258","CRC","GSM1012316",0.693924620026111,0.032698169151274,0.0850575878603448,0.18831962296227
"GSE41258","CRC","GSM1012317",0.656089254385815,0.0507912395611479,0.0472797661566075,0.24583973989643
"GSE41258","CRC","GSM1012318",0.608067888627328,0.0179878565924734,0.0831004124806101,0.290843842299589
"GSE41258","CRC","GSM1012319",0.743396337172917,0.015268213565493,0.0351839771674443,0.206151472094145
"GSE41258","CRC","GSM1012320",0.701912071775541,0.0310091562515486,0.0574076118140182,0.209671160158892
"GSE41258","CRC","GSM1012322",0.709170279599796,0.0304411215300886,0.05507250723066,0.205316091639456
"GSE41258","CRC","GSM1012324",0.700660379079756,0.0257936492292935,0.0513550577545129,0.222190913936438
"GSE41258","CRC","GSM1012325",0.552891908587082,0.0201422535395551,0.05380565064296,0.373160187230403
"GSE41258","CRC","GSM1012326",0.667896936422479,0.0325025237915415,0.056821575298305,0.242778964487675
"GSE41258","CRC","GSM1012327",0.642017268495323,0.0100444511316296,0.0663684147370447,0.281569865636003
"GSE41258","CRC","GSM1012328",0.677201828456194,0.0286913469563254,0.054540360811137,0.239566463776343
"GSE41258","CRC","GSM1012330",0.599326410868654,0.0102251964834323,0.052283659064048,0.338164733583866
"GSE41258","CRC","GSM1012331",0.690385294598913,0.0217181595176624,0.0603080315295759,0.227588514353849
"GSE41258","CRC","GSM1012333",0.638404845130001,0.014620892451797,0.064214575797601,0.282759686620601
"GSE41258","CRC","GSM1012334",0.660871454313516,0.0483291863507698,0.0651555733970205,0.225643785938693
"GSE41258","CRC","GSM1012335",0.59861893143956,0.0120663207437884,0.0822429935519206,0.30707175426473
"GSE41258","CRC","GSM1012336",0.681861104814677,0.0352991551499744,0.0471371990608245,0.235702540974524
"GSE41258","CRC","GSM1012337",0.664776485943764,0.0160514173420975,0.0510649534775093,0.268107143236629
"GSE41258","CRC","GSM1012338",0.716043148763023,0.0171936512879774,0.0340576012735398,0.23270559867546
"GSE41258","CRC","GSM1012339",0.765687183659756,0.0185883762022271,0.0365047236827531,0.179219716455264
"GSE41258","CRC","GSM1012340",0.599641417248051,0.0113619681046505,0.0570704150289801,0.331926199618318
"GSE41258","CRC","GSM1012341",0.725208377263472,0.0300860467030291,0.0405700264578953,0.204135549575603
"GSE41258","CRC","GSM1012342",0.613196589743392,0.0177590491305568,0.0955256951766829,0.273518665949368
"GSE41258","CRC","GSM1012344",0.596459174946596,0.0441335102382967,0.078892235508748,0.280515079306359
"GSE41258","CRC","GSM1012345",0.650691251761678,0.0147747513855238,0.065220683837527,0.269313313015271
"GSE41258","CRC","GSM1012346",0.581540068786633,0.0426881081886328,0.0731744597625988,0.302597363262135
"GSE41258","CRC","GSM1012347",0.547591950092563,0.0264920842442183,0.0833087449616153,0.342607220701603
"GSE41258","CRC","GSM1012350",0.711125657206089,0.0178347057961508,0.0406420967392292,0.230397540258531
"GSE41258","CRC","GSM1012351",0.0968745436931472,0.00942886411518918,0.0581519268233231,0.835544665368341
"GSE41258","CRC","GSM1012352",0.680876029202978,0.024870571201399,0.0548054379183286,0.239447961677294
"GSE41258","CRC","GSM1012354",0.707731774303258,0.0289750583273449,0.068708524272598,0.194584643096799
"GSE41258","CRC","GSM1012355",0.647781604853617,0.0146271530549042,0.055979745880565,0.281611496210914
"GSE41258","CRC","GSM1012356",0.6430022670049,0.0464254024916177,0.0515591878805632,0.259013142622919
"GSE41258","CRC","GSM1012357",0.645836024647469,0.0169911678486594,0.0596966020138471,0.277476205490024
"GSE41258","CRC","GSM1012358",0.671064268033145,0.0175125312590842,0.0722537496680294,0.239169451039741
"GSE41258","CRC","GSM1012359",0.654057668290413,0.0233405525308713,0.0655710425745769,0.257030736604139
"GSE41258","CRC","GSM1012361",0.646645925996844,0.0345522110382556,0.0960866746643757,0.222715188300524
"GSE41258","CRC","GSM1012363",0.698228414345702,0.0196018341200524,0.0498130053766035,0.232356746157642
"GSE41258","CRC","GSM1012364",0.628837976026597,0.0512730922859888,0.0806488928990883,0.239240038788326
"GSE41258","CRC","GSM1012366",0.649478343559075,0.054295895989321,0.0742356594553207,0.221990100996283
"GSE41258","CRC","GSM1012367",0.655384383433288,0.0269104977502719,0.043593112442007,0.274112006374433
"GSE41258","CRC","GSM1012368",0.657552067530899,0.0327762450672509,0.0477948675719122,0.261876819829938
"GSE41258","CRC","GSM1012369",0.545851068881023,0.0380953235098179,0.0882648331323072,0.327788774476852
"GSE41258","CRC","GSM1012370",0.686571507716637,0.0261409388987848,0.0391136441053486,0.248173909279229
"GSE41258","CRC","GSM1012371",0.685304494133939,0.0256695463948496,0.0515759165211085,0.237450042950103
"GSE41258","CRC","GSM1012373",0.724006860390889,0.0213653360037908,0.042611268892271,0.212016534713049
"GSE41258","CRC","GSM1012374",0.567112025388924,0.0312024949996764,0.0570947345944191,0.344590745016981
"GSE41258","CRC","GSM1012375",0.685731195929612,0.0396036547188317,0.0458974852871179,0.228767664064438
"GSE41258","CRC","GSM1012376",0.679936468054317,0.019134774542593,0.0459754889152376,0.254953268487852
"GSE41258","CRC","GSM1012379",0.677876167941251,0.0395777352285444,0.0542257631278869,0.228320333702318
"GSE41258","CRC","GSM1012380",0.664611179562418,0.0129378548621494,0.0608553554561325,0.2615956101193
"GSE41258","CRC","GSM1012381",0.699428858033545,0.0288798814693064,0.0599354622425182,0.211755798254631
"GSE41258","CRC","GSM1012384",0.680157883847092,0.0249237229336163,0.0478591560515067,0.247059237167785
"GSE41258","CRC","GSM1012385",0.693994927079281,0.0282446029111125,0.0320135707174773,0.245746899292129
"GSE41258","CRC","GSM1012386",0.711925305698009,0.0153970686449793,0.0412177484308099,0.231459877226202
"GSE41258","CRC","GSM1012387",0.681852659247996,0.0211387146826597,0.0598964099627361,0.237112216106608
"GSE41258","CRC","GSM1012389",0.650186108402381,0.0220445648211655,0.0565418512912558,0.271227475485197
"GSE41258","CRC","GSM1012391",0.720460431128016,0.0256971409354682,0.0398659422835204,0.213976485652996
"GSE41258","CRC","GSM1012392",0.73100365035554,0.0290614614054585,0.05620845764047,0.183726430598532
"GSE41258","CRC","GSM1012393",0.670210710529411,0.0246213699196623,0.0472081173992023,0.257959802151724
"GSE41258","CRC","GSM1012395",0.628933797124409,0.024768410153018,0.069789647646935,0.276508145075638
"GSE41258","CRC","GSM1012396",0.683491100221114,0.0183447750076505,0.0312532749933435,0.266910849777892
"GSE41258","CRC","GSM1012397",0.714922209871698,0.0227646385494237,0.0337849771417192,0.228528174437159
"GSE41258","CRC","GSM1012398",0.755919176540109,0.0218392943193698,0.0404549673828461,0.181786561757675
"GSE41258","CRC","GSM1012399",0.608064758042764,0.0296595267114172,0.0881505083602989,0.27412520688552
"GSE41258","CRC","GSM1012400",0.713703004896012,0.018574518421187,0.0468395144317921,0.220882962251009
"GSE41258","CRC","GSM1012401",0.77661890205913,0.00752483050473148,0.0274703321106327,0.188385935325505
"GSE41258","CRC","GSM1012405",0.765607949077679,0.0102576967824763,0.0230544668779482,0.201079887261896
"GSE41258","CRC","GSM1012407",0.735062915468873,0.0258329745842822,0.03727147406181,0.201832635885035
"GSE41258","CRC","GSM1012408",0.734306447424555,0.02476278215533,0.0467048959564146,0.194225874463701
"GSE41258","CRC","GSM1012409",0.75424676982179,0.0192567318213369,0.0394788767767543,0.187017621580119
"GSE41258","CRC","GSM1012410",0.764861320122612,0.0118126557751896,0.0373217236822844,0.186004300419914
"GSE41258","CRC","GSM1012411",0.699248574817013,0.0274059429955019,0.0382391267126085,0.235106355474877
"GSE41258","CRC","GSM1012412",0.660912003583267,0.0366785318512735,0.0514376792000949,0.250971785365364
"GSE41258","CRC","GSM1012413",0.710648824826795,0.0162111176533051,0.0411605793458022,0.231979478174098
"GSE41258","CRC","GSM1012414",0.641026897831719,0.062175770387727,0.0689569179459163,0.227840413834638
"GSE41258","CRC","GSM1012416",0.677415971677352,0.0494822491897129,0.0524997181635458,0.220602060969389
"GSE41258","CRC","GSM1012419",0.708841284791829,0.00632774419317831,0.0395401407780312,0.245290830236961
"GSE41258","CRC","GSM1012421",0.729640034491591,0.0306520179865589,0.0561406598163113,0.183567287705539
"GSE41258","CRC","GSM1012423",0.699599505289886,0.0210852775101111,0.041287758365371,0.238027458834632
"GSE41258","CRC","GSM1012424",0.694011561590927,0.0382804438013131,0.0656829450261608,0.202025049581599
"GSE41258","CRC","GSM1012426",0.668313945672774,0.0307844921736807,0.0568905587803183,0.244011003373227
"GSE41258","CRC","GSM1012427",0.687459164631206,0.0244049264382638,0.033808368661563,0.254327540268967
"GSE41258","CRC","GSM1012428",0.763225106633568,0.0110945049962903,0.0251939383522375,0.200486450017905
"GSE41258","CRC","GSM1012429",0.625986522303553,0.0169225712225803,0.0421285646832029,0.314962341790664
"GSE41258","CRC","GSM1012432",0.712381022094672,0.0212090942583876,0.039546217672932,0.226863665974009
"GSE41258","CRC","GSM1012434",0.619236683272436,0.0380345687455735,0.100182484212144,0.242546263769847
"GSE41258","CRC","GSM1012437",0.748279789517115,0.0197095659785091,0.0306029051693272,0.201407739335049
"GSE41258","CRC","GSM1012439",0.660134662320418,0.0513093968854558,0.0520675995114561,0.236488341282671
"GSE41258","CRC","GSM1012440",0.574460289457687,0.0268512484508842,0.0597029549425447,0.338985507148884
"GSE41258","CRC","GSM1012441",0.665177170052492,0.0334607059660176,0.0713278835051942,0.230034240476296
"GSE41258","CRC","GSM1012442",0.672866098208878,0.0310705172295933,0.0654651664546546,0.230598218106874
"GSE41258","CRC","GSM1012445",0.733608337774374,0.0158672775656121,0.0460347089549549,0.20448967570506
"GSE41258","CRC","GSM1012446",0.677276523176285,0.0227982254613549,0.0464021901299311,0.253523061232429
"GSE41258","CRC","GSM1012447",0.684040214942673,0.0551440908312023,0.0644811855307354,0.19633450869539
"GSE41258","CRC","GSM1012451",0.691301612002196,0.0228201461583415,0.0427191680180388,0.243159073821423
"GSE41258","CRC","GSM1012455",0.652662491645304,0.0329858172035199,0.0558760208250445,0.258475670326132
"GSE41258","CRC","GSM1012456",0.655133770494998,0.0341173702413808,0.0653036692614621,0.245445190002159
"GSE41258","CRC","GSM1012459",0.568704778749611,0.0145612952489895,0.104188111396535,0.312545814604864
"GSE41258","CRC","GSM1012461",0.624669186581621,0.035049391769011,0.0608371762966586,0.279444245352709
"GSE41258","CRC","GSM1012462",0.65395285330513,0.0268888731343066,0.069854853697327,0.249303419863236
"GSE41258","CRC","GSM1012463",0.533033351677658,0.029422311884343,0.0776749398661366,0.359869396571862
"GSE41258","CRC","GSM1012465",0.637383627649124,0.0136652527318218,0.0722209603517518,0.276730159267302
"GSE41258","CRC","GSM1012466",0.652299187297167,0.012029522845376,0.0712162454685057,0.264455044388952
"GSE41258","CRC","GSM1012467",0.691117776357582,0.0187305962310104,0.0477249899443368,0.24242663746707
"GSE41258","CRC","GSM1012468",0.716010263841132,0.0197133966762178,0.0405097014221871,0.223766638060463
"GSE41258","CRC","GSM1012469",0.689016653864263,0.0286717818183217,0.0382395355487149,0.2440720287687
"GSE41258","CRC","GSM1012471",0.652298212745306,0.0301976977449694,0.0498463620883808,0.267657727421344
"GSE41258","CRC","GSM1012474",0.678937332085325,0.0330935225558842,0.0484408288160988,0.239528316542692
"GSE41258","CRC","GSM1012478",0.636619015210034,0.0213702538580893,0.0439756329516702,0.298035097980206
"GSE41258","CRC","GSM1012479",0.63509620326218,0.0223657084936683,0.0440010770725669,0.298537011171585
"GSE41258","CRC","GSM1012483",0.600739916494981,0.0118819482520075,0.0814494823352988,0.305928652917713
"GSE41258","CRC","GSM1012486",0.736966611478501,0.0117225061320016,0.0411415553882016,0.210169327001296
"GSE41258","CRC","GSM1012487",0.617772593684373,0.0102995704484751,0.0699032443869292,0.302024591480223
"GSE41258","CRC","GSM1012488",0.345933754453034,0.033122859010194,0.0415023470445703,0.579441039492201
"GSE41258","CRC","GSM1012490",0.64221536361527,0.040518245489015,0.0628392130769056,0.254427177818809
"GSE41258","CRC","GSM1012492",0.598610462115015,0.0521869982260192,0.101144007510822,0.248058532148143
"GSE41258","CRC","GSM1012495",0.583631941270979,0.0359745925112076,0.114268073100602,0.266125393117212
"GSE41258","CRC","GSM1012498",0.6611990337961,0.0113352167963367,0.0519874247416684,0.275478324665895
"GSE41258","CRC","GSM1012499",0.704745337689658,0.0198651081181884,0.0470162543685369,0.228373299823617
"GSE41258","CRC","GSM1012500",0.696584561502182,0.0354178448507903,0.0473065372767149,0.220691056370313
"GSE41258","CRC","GSM1012502",0.559106005646579,0.0564293911612116,0.0865141393041225,0.297950463888087
"GSE41258","CRC","GSM1012507",0.61939956453865,0.0361079767346205,0.09793689248025,0.246555566246479
"GSE41258","CRC","GSM1012509",0.681395502636952,0.0212738069630933,0.0579545574698038,0.239376132930151
"GSE41258","CRC","GSM1012510",0.667493424626108,0.0183911753733489,0.0474514106848776,0.266663989315666
"GSE41258","CRC","GSM1012511",0.65139032156579,0.0262219212017271,0.043907010280773,0.27848074695171
"GSE41258","CRC","GSM1012513",0.611758122738057,0.0267253646014388,0.0731519727280442,0.28836453993246
"GSE41258","CRC","GSM1012525",0.698183688782078,0.0206690697058364,0.0386457064782328,0.242501535033853
"GSE41258","CRC","GSM1012526",0.683784578300709,0.0320824598051986,0.0561438698848832,0.227989092009209
"GSE41258","CRC","GSM1012527",0.71541732600519,0.01983189171757,0.023619952891643,0.241130829385597
"GSE41258","CRC","GSM1012528",0.659329159936486,0.0460534515324556,0.0579807200940597,0.236636668436999
"GSE41258","CRC","GSM1012529",0.683412625928237,0.0250515906874971,0.032910813232635,0.258624970151631
"GSE41258","CRC","GSM1012530",0.661923300284387,0.0134985986112257,0.0593957927288266,0.265182308375561
"GSE41258","CRC","GSM1012531",0.641614726441046,0.0409467402399584,0.0732314184759623,0.244207114843033
"GSE41258","CRC","GSM1012532",0.738845593912723,0.00876992612111433,0.0219008349645516,0.230483645001611
"GSE41258","CRC","GSM1012533",0.697563572514293,0.0125979081082816,0.0298041186823867,0.260034400695039
"GSE41258","CRC","GSM1012534",0.668936688754667,0.0108335572582396,0.0654827905762825,0.25474696341081
"GSE41258","CRC","GSM1012535",0.739295501991257,0.0165649173316733,0.0360160790094481,0.208123501667622
"GSE41258","CRC","GSM1012536",0.561642610922433,0.0306294000271571,0.104824717298364,0.302903271752045
"GSE41258","CRC","GSM1012537",0.627468783404748,0.0122085261802516,0.0679410048838689,0.292381685531131
"GSE41258","CRC","GSM1012538",0.780434462180149,0.0119144528801831,0.0344280400965167,0.173223044843152
"GSE41258","CRC","GSM1012539",0.742133849678634,0.0358363400547631,0.0331622815705008,0.188867528696102
"GSE41258","CRC","GSM1012540",0.621804616641219,0.0177324987851838,0.0882289870273314,0.272233897546265
"GSE41258","CRC","GSM1012541",0.766176527158342,0.00819448687322704,0.0280253021267073,0.197603683841723
"GSE41258","CRC","GSM1012542",0.738070080602327,0.0288749231284819,0.0377075084814273,0.195347487787764
"GSE41258","CRC","GSM1012543",0.689292669166218,0.0484486096687531,0.0732461914537912,0.189012529711238
"GSE41258","CRC","GSM1012544",0.680055110234934,0.0211931450610289,0.0403571541543105,0.258394590549727
"GSE41258","CRC","GSM1012546",0.687561724816019,0.0311004668531646,0.0588907450693738,0.222447063261443
"GSE41258","CRC","GSM1012547",0.639901639318801,0.0262671608624941,0.0649937885644801,0.268837411254225
"GSE41258","CRC","GSM1012548",0.659071679802154,0.0127072076769649,0.0649725881411642,0.263248524379717
"GSE41258","CRC","GSM1012549",0.7422990443564,0.020188963485296,0.042271126726223,0.195240865432081
"GSE41258","CRC","GSM1012550",0.655818063192117,0.0104256590530803,0.0602961690612567,0.273460108693546
"GSE41258","CRC","GSM1012553",0.72369781394227,0.0185710821677445,0.0406374340001558,0.21709366988983
"GSE41258","CRC","GSM1012554",0.646150963935209,0.0182779457623115,0.0666822887473836,0.268888801555096
"GSE41258","CRC","GSM1012558",0.668301998815368,0.0211862759813455,0.0711347681457096,0.239376957057577
"GSE41258","CRC","GSM1012562",0.673185792432152,0.0420859033871366,0.069037014937694,0.215691289243018
"GSE41258","CRC","GSM1012563",0.583329768454635,0.0244440671167582,0.107819240043208,0.284406924385399
"GSE41258","CRC","GSM1012564",0.698684655885487,0.0220989740697017,0.0443293738712297,0.234886996173582
"GSE41258","CRC","GSM1012565",0.686477113547577,0.0219227861321537,0.0580407440094561,0.233559356310813
"GSE41258","CRC","GSM1012567",0.66264967531782,0.0364719869467775,0.0619494520762255,0.238928885659177
"GSE41258","CRC","GSM1012568",0.631237630935307,0.0144446521984896,0.0521078776925077,0.302209839173696
"GSE41258","CRC","GSM1012569",0.584527990125281,0.0453489624571254,0.0769594232564955,0.293163624161098
"GSE41258","CRC","GSM1012570",0.653981553680564,0.0531202425425742,0.0723059263138066,0.220592277463055
"GSE41258","CRC","GSM1012571",0.65614350964028,0.0385201091680178,0.0743479908224048,0.230988390369297
"GSE41258","CRC","GSM1012572",0.652353613088669,0.0128310391004252,0.036834705235754,0.297980642575152
"GSE41258","CRC","GSM1012573",0.668642439847877,0.0110424012071597,0.0552280734361227,0.26508708550884
"GSE41258","CRC","GSM1012574",0.678175900865065,0.0160148689615957,0.0426450837938908,0.263164146379449
"GSE41258","CRC","GSM1012575",0.602346709952276,0.0142197325346499,0.0605760134076354,0.322857544105438
"GSE41258","CRC","GSM1012576",0.739358581389873,0.0222026716624549,0.0326348297319379,0.205803917215734
"GSE41258","CRC","GSM1012577",0.739050189799319,0.0202132137494237,0.0549159999473299,0.185820596503927
"GSE41258","CRC","GSM1012578",0.705328049977724,0.0204955551708564,0.068434789143206,0.205741605708214
"GSE41258","CRC","GSM1012579",0.6999039369959,0.0160250768202708,0.0351231744138637,0.248947811769966
"GSE41258","CRC","GSM1012580",0.741498426792096,0.015371387389422,0.0458570001470987,0.197273185671383
"GSE41258","CRC","GSM1012581",0.624671224323461,0.0158756407893714,0.087150166544584,0.272302968342584
"GSE41258","CRC","GSM1012583",0.642160261508076,0.0332053625572483,0.0553573800955197,0.269276995839155
"GSE41258","CRC","GSM1012584",0.702658285360792,0.0168656222337309,0.0440848283858325,0.236391264019644
"GSE41258","CRC","GSM1012585",0.667579488916449,0.0103549413321269,0.0576665945365016,0.264398975214922
"GSE41258","CRC","GSM1012586",0.755498417090458,0.0105453708026335,0.026477398156131,0.207478813950777
"GSE41258","CRC","GSM1012587",0.749994755116894,0.0246545457289059,0.0368836487090612,0.188467050445139
"GSE41258","CRC","GSM1012588",0.649688177928668,0.0168547114172922,0.098540301834324,0.234916808819716
"GSE41258","CRC","GSM1012589",0.638906697211565,0.0201365327536985,0.060015097135565,0.280941672899171
"GSE41258","CRC","GSM1012590",0.619536980008709,0.0160350672088143,0.0754372269881437,0.288990725794333
"GSE41258","CRC","GSM1012591",0.68535660577564,0.0380788932790535,0.0708164000421871,0.205748100903119
"GSE41258","CRC","GSM1012592",0.614941362468104,0.0139639406454804,0.091317416598618,0.279777280287797
"GSE41258","CRC","GSM1012593",0.629104103998144,0.0456625366637366,0.0836643515440302,0.241569007794089
"GSE41258","CRC","GSM1012594",0.664882573552645,0.0149866744334737,0.0547377315752912,0.26539302043859
"GSE41258","CRC","GSM1012595",0.706763295947933,0.0182281566509387,0.0339175928272878,0.24109095457384
"GSE41258","CRC","GSM1012596",0.713565210817763,0.0311070831460059,0.0428556527393077,0.212472053296924
"GSE41258","CRC","GSM1012597",0.691556791663344,0.036526819568786,0.0442986024443753,0.227617786323495
"GSE41258","CRC","GSM1012600",0.679935813203109,0.0276476347883715,0.0598009135826094,0.23261563842591
"GSE41258","CRC","GSM1012602",0.706317073504586,0.0304290974187003,0.0549762088129145,0.208277620263799
"GSE41258","CRC","GSM1012603",0.617964946259015,0.0145702410102078,0.0539666854750582,0.313498127255719
"GSE41258","CRC","GSM1012604",0.591573879519107,0.0458402321433724,0.105617566529045,0.256968321808476
"GSE41258","CRC","GSM1012605",0.745604599179976,0.0265798762161276,0.0423345591396361,0.18548096546426
"GSE41258","CRC","GSM1012606",0.639358144234167,0.00975277349292236,0.064249212831084,0.286639869441827
"GSE41258","CRC","GSM1012611",0.744750712898539,0.0316634281445587,0.0330612325721366,0.190524626384766
"GSE41258","CRC","GSM1012612",0.601208867134887,0.0102368155170412,0.0717918358280576,0.316762481520014
"GSE41258","CRC","GSM1012615",0.648164844863,0.0169173616980148,0.0379211459249972,0.296996647513988
"GSE41258","CRC","GSM1012616",0.648294335838571,0.0242787536539754,0.0782321101988564,0.249194800308598
"GSE41258","CRC","GSM1012617",0.664275610137935,0.0366844864901457,0.0405859097279622,0.258453993643957
"GSE41258","CRC","GSM1012618",0.726307226065286,0.0249069920660494,0.0448990955632894,0.203886686305375
"GSE41258","CRC","GSM1012619",0.68150052031444,0.02528582238841,0.056808676562984,0.236404980734166
"GSE41258","CRC","GSM1012620",0.699207675682093,0.0298491436321611,0.0586580591202865,0.21228512156546
"GSE41258","CRC","GSM1012621",0.667143148492967,0.0106639700975368,0.0679637066493518,0.254229174760145
"GSE41258","CRC","GSM1012622",0.652942213363873,0.030112333188596,0.0595575428925958,0.257387910554935
"GSE41258","CRC","GSM1012624",0.678663233618945,0.0348362751966247,0.0676181556881987,0.218882335496232
"GSE41258","CRC","GSM1012625",0.676025583963237,0.0127284685342722,0.0415630171713941,0.269682930331097
"GSE41258","CRC","GSM1012627",0.659050821335932,0.0196120325331627,0.0527976146974025,0.268539531433502
"GSE41258","CRC","GSM1012628",0.574358990430917,0.0132929910163943,0.0856820054266464,0.326666013126042
"GSE41258","CRC","GSM1012629",0.652834794626311,0.0413040616863787,0.0427806676738495,0.263080476013461
"GSE41258","CRC","GSM1012630",0.613951164231441,0.0134106473822801,0.0651285246798501,0.307509663706429
"GSE41258","CRC","GSM1012631",0.663080190429615,0.015056724086521,0.0473525285808094,0.274510556903054
"GSE41258","CRC","GSM1012634",0.646008533680858,0.033172772678979,0.0696457886031025,0.251172905037061
"GSE41258","CRC","GSM1012635",0.641046942090352,0.0345552774085113,0.0382822248741878,0.286115555626949
"GSE41258","CRC","GSM1012636",0.596496035475141,0.0195575614199534,0.0669107633247005,0.317035639780205
"GSE41258","CRC","GSM1012639",0.685365229666916,0.0228643327426195,0.0649208134379238,0.226849624152541
"GSE41258","CRC","GSM1012640",0.685102151750974,0.0121073918581825,0.0624630072191507,0.240327449171693
"GSE41258","CRC","GSM1012643",0.703759925083603,0.0121902061485683,0.0381880801264679,0.245861788641361
"GSE41258","CRC","GSM1012645",0.676668116458271,0.027837141046416,0.048575218849889,0.246919523645425
"GSE41258","CRC","GSM1012646",0.466396075505284,0.0190935235455698,0.0849071479212781,0.429603253027868
"GSE41258","CRC","GSM1012648",0.64899331345634,0.0125323624553735,0.0595550371861962,0.27891928690209
"GSE41258","CRC","GSM1012651",0.69699014913886,0.0290225856698834,0.0442237007085924,0.229763564482664
"GSE41258","CRC","GSM1012653",0.640587451640324,0.011920109228801,0.0601094996145321,0.287382939516343
"GSE23878","CRC","GSM588828",0.869704685228058,0.00757993194568285,0.0238608103870343,0.0988545724392249
"GSE23878","CRC","GSM588829",0.880091693736253,0.0108070087553385,0.0185357906353583,0.0905655068730502
"GSE23878","CRC","GSM588830",0.879467060649796,0.0147590197858018,0.0276896053097528,0.0780843142546493
"GSE23878","CRC","GSM588831",0.904798813361046,0.00623145422503997,0.0187264515980308,0.0702432808158834
"GSE23878","CRC","GSM588832",0.901724382143737,0.0051287399501501,0.0169281427508922,0.0762187351552203
"GSE23878","CRC","GSM588833",0.825573045424974,0.00700315197449869,0.0177229064003949,0.149700896200132
"GSE23878","CRC","GSM588834",0.812316713526181,0.0317352402937933,0.0487962189267272,0.107151827253299
"GSE23878","CRC","GSM588835",0.878102596801019,0.0112548056262512,0.0215565926259435,0.0890860049467862
"GSE23878","CRC","GSM588836",0.843378160299399,0.0272219996521848,0.0348402058393345,0.0945596342090816
"GSE23878","CRC","GSM588837",0.864327539622788,0.00970346336871898,0.0253362935057414,0.100632703502752
"GSE23878","CRC","GSM588838",0.841909268315784,0.0132533364975929,0.0327834133184494,0.112053981868174
"GSE23878","CRC","GSM588839",0.865606870674582,0.0148347959246315,0.0247018493002686,0.0948564841005178
"GSE23878","CRC","GSM588840",0.883570774085548,0.0114736564184002,0.0192305090474346,0.0857250604486169
"GSE23878","CRC","GSM588841",0.864795699812876,0.0122402875049301,0.0166107220552438,0.10635329062695
"GSE23878","CRC","GSM588842",0.880247004317465,0.0187099428129666,0.0175301449121503,0.0835129079574182
"GSE23878","CRC","GSM588843",0.886833275504002,0.0066658713119164,0.0150008577242622,0.0914999954598195
"GSE23878","CRC","GSM588844",0.870720427017249,0.0145101076930497,0.0219803655737544,0.0927890997159466
"GSE23878","CRC","GSM588845",0.861757053815416,0.0180819413351436,0.0234232565144485,0.0967377483349921
"GSE23878","CRC","GSM588846",0.804210546441155,0.039821412025354,0.0502384017404497,0.105729639793042
"GSE23878","CRC","GSM588847",0.701064212694297,0.0554752017313856,0.0608705281242666,0.182590057450051
"GSE23878","CRC","GSM588848",0.902291876581192,0.0139224515313723,0.0232324279390615,0.0605532439483745
"GSE23878","CRC","GSM588849",0.858341964246696,0.0063684248756805,0.0171662022024521,0.118123408675171
"GSE23878","CRC","GSM588850",0.886511017479902,0.0211387089522251,0.0204886271321119,0.0718616464357614
"GSE23878","CRC","GSM588851",0.810106147571723,0.0399444967164788,0.0350042960212555,0.114945059690542
"GSE23878","CRC","GSM588852",0.717464242721385,0.0333216853527561,0.0440311171734008,0.205182954752458
"GSE23878","CRC","GSM588853",0.862631628727603,0.00898222789205973,0.0260884143249322,0.102297729055405
"GSE23878","CRC","GSM588854",0.828332231425354,0.0233614266220509,0.0208545011471431,0.127451840805452
"GSE23878","CRC","GSM588855",0.780931707946485,0.0493567345327478,0.0323401336506283,0.137371423870138
"GSE23878","CRC","GSM588856",0.822408714957464,0.0389004549601619,0.0339507739997673,0.104740056082607
"GSE23878","CRC","GSM588857",0.871102842186422,0.0137440295063479,0.0350978531605716,0.0800552751466587
"GSE23878","CRC","GSM588858",0.849562073646111,0.0102590499145778,0.039759899753274,0.100418976686037
"GSE23878","CRC","GSM588859",0.854675524243617,0.0283619256058218,0.0244340944709394,0.0925284556796214
"GSE23878","CRC","GSM588860",0.835045444360855,0.0104555981778681,0.0468772080785612,0.107621749382715
"GSE23878","CRC","GSM588861",0.890815440309691,0.00732285421571369,0.0179239484066681,0.0839377570679273
"GSE23878","CRC","GSM588862",0.842472557274547,0.0209160467730776,0.03150705545063,0.105104340501746
"GSE23878","CRC","GSM588863",0.798939096040858,0.012126849506094,0.040180359252309,0.148753695200739
"GSE23878","CRC","GSM588864",0.831943840824418,0.00736897661838376,0.0213258786511753,0.139361303906022
"GSE23878","CRC","GSM588865",0.80559870732339,0.0160887611602538,0.0404962910675545,0.137816240448802
"GSE23878","CRC","GSM588866",0.758582137991539,0.00742509964496204,0.0293715349276993,0.2046212274358
"GSE23878","CRC","GSM588867",0.874023162272497,0.00700186091992454,0.025122889788097,0.093852087019481
"GSE23878","CRC","GSM588868",0.696525320841388,0.0160956151484066,0.0384349528583245,0.248944111151881
"GSE23878","CRC","GSM588869",0.745125828215545,0.0114211634767977,0.0364287366291712,0.207024271678486
"GSE23878","CRC","GSM588870",0.821014147797654,0.00849232410595151,0.0329652961516776,0.137528231944717
"GSE23878","CRC","GSM588871",0.659512723781546,0.0128601818370025,0.0377157647699162,0.289911329611535
"GSE23878","CRC","GSM588872",0.795034743931601,0.00916119078691464,0.0443775447497365,0.151426520531748
"GSE23878","CRC","GSM588873",0.787640130332186,0.00784877458562486,0.0246199409177478,0.179891154164441
"GSE23878","CRC","GSM588874",0.754386966692967,0.00906189421217446,0.0358928258857771,0.200658313209082
"GSE23878","CRC","GSM588875",0.763767289723339,0.0179809230037182,0.0374608918747344,0.180790895398208
"GSE23878","CRC","GSM588876",0.803893513124798,0.0102241582837254,0.0438114799066242,0.142070848684852
"GSE23878","CRC","GSM588877",0.777723129636919,0.0077401303979242,0.0388778463218735,0.175658893643283
"GSE23878","CRC","GSM588878",0.766842868916387,0.0100057159812291,0.0314562172227407,0.191695197879644
"GSE23878","CRC","GSM588879",0.782702201844507,0.0153178121067068,0.0528647769522917,0.149115209096495
"GSE23878","CRC","GSM588880",0.732021140319034,0.0166746608369792,0.0426354730444606,0.208668725799527
"GSE23878","CRC","GSM588881",0.786064281274174,0.0256951995953724,0.0498519274438527,0.138388591686601
"GSE23878","CRC","GSM588882",0.814269133733164,0.0114628150573445,0.0410057079285299,0.133262343280961
"GSE23878","CRC","GSM588883",0.818489876311878,0.0188880664172492,0.0395382695935879,0.123083787677285
"GSE23878","CRC","GSM588884",0.829195213990406,0.01632040373797,0.0390582671915451,0.115426115080078
"GSE23878","CRC","GSM588885",0.80398095787872,0.010772451251,0.0444725031822618,0.140774087688018
"GSE23878","CRC","GSM588886",0.776713436641456,0.00894460565662758,0.0368848045149472,0.17745715318697
"GSE75214","IBD","GSM1426090",0.675310720853759,0.0134291566425656,0.107482061301054,0.203778061202621
"GSE75214","IBD","GSM1426091",0.759433717888033,0.0107770819980638,0.0857678782102493,0.144021321903654
"GSE75214","IBD","GSM1426092",0.769758130986946,0.00771059237141322,0.0773692112414272,0.145162065400214
"GSE75214","IBD","GSM1426093",0.704563864265596,0.0208420942892487,0.101799086301189,0.172794955143966
"GSE75214","IBD","GSM1426094",0.237559039835502,0.100044184496802,0.294715709420962,0.367681066246734
"GSE75214","IBD","GSM1426095",0.396115858725208,0.0908231303418546,0.167593447859188,0.345467563073749
"GSE75214","IBD","GSM1426096",0.65401418051308,0.0143531323644569,0.0878993333998804,0.243733353722582
"GSE75214","IBD","GSM1426097",0.552049484567083,0.0166208804694148,0.0977488976400887,0.333580737323414
"GSE75214","IBD","GSM1426098",0.603878558784712,0.013869109847452,0.139172593534738,0.243079737833098
"GSE75214","IBD","GSM1426099",0.66100400435266,0.0110604247874559,0.0730242568066995,0.254911314053184
"GSE75214","IBD","GSM1426100",0.413574587306095,0.0298266878038272,0.0972828185370288,0.459315906353049
"GSE75214","IBD","GSM1426101",0.537954722004982,0.0193848472006983,0.150840570991769,0.291819859802551
"GSE75214","IBD","GSM1426102",0.699040295041352,0.00881441603436726,0.0726428248946327,0.219502464029648
"GSE75214","IBD","GSM1426103",0.658477048334201,0.0160478752768679,0.078099206694529,0.247375869694402
"GSE75214","IBD","GSM1426104",0.610000577833298,0.0237599828970125,0.0784103760207508,0.287829063248938
"GSE75214","IBD","GSM1426105",0.484405126149439,0.0237322511893159,0.103810212495015,0.38805241016623
"GSE75214","IBD","GSM1426106",0.767874739298582,0.0125170920375308,0.0669497789542703,0.152658389709617
"GSE75214","IBD","GSM1426107",0.619109726245768,0.0150193832671611,0.082702075026623,0.283168815460448
"GSE75214","IBD","GSM1426108",0.712732951247307,0.0113986872520695,0.0861391039318826,0.189729257568741
"GSE75214","IBD","GSM1426109",0.673105012310779,0.0195957720420815,0.0962468240659916,0.211052391581148
"GSE75214","IBD","GSM1426110",0.780510365783397,0.0096869981084186,0.0665285116809789,0.143274124427205
"GSE75214","IBD","GSM1426111",0.694316253510384,0.011415967093271,0.0951502556420166,0.199117523754328
"GSE75214","IBD","GSM1426112",0.696814845552092,0.0118972423719562,0.0973248161526171,0.193963095923335
"GSE75214","IBD","GSM1426113",0.650423463941948,0.0124735054016377,0.0816484592563518,0.255454571400062
"GSE75214","IBD","GSM1426114",0.502683575143854,0.0238543261382165,0.115015036053918,0.358447062664011
"GSE75214","IBD","GSM1426115",0.542718160670062,0.0231906981104733,0.0962513811394367,0.337839760080028
"GSE75214","IBD","GSM1426116",0.572946492692642,0.0206390184572473,0.101271439551951,0.30514304929816
"GSE75214","IBD","GSM1426117",0.728468827125222,0.0117166722632866,0.0758045119556137,0.184009988655877
"GSE75214","IBD","GSM1426118",0.569957596528122,0.0115386695073025,0.0867923640739359,0.33171136989064
"GSE75214","IBD","GSM1426119",0.60614784367397,0.0244564675725738,0.0974671203889391,0.271928568364517
"GSE75214","IBD","GSM1426120",0.648864190243315,0.0138472997506706,0.0789280291106625,0.258360480895351
"GSE75214","IBD","GSM1426121",0.64911286008419,0.0164537522686194,0.130808288403425,0.203625099243765
"GSE75214","IBD","GSM1426122",0.696028193737116,0.0117142042631767,0.0990348810879881,0.193222720911719
"GSE75214","IBD","GSM1426123",0.651024622823764,0.0204130465623941,0.128825613501932,0.19973671711191
"GSE75214","IBD","GSM1426124",0.624967359635014,0.0187593694056038,0.0900707446248152,0.266202526334567
"GSE75214","IBD","GSM1426125",0.638126364647648,0.0353261066489084,0.133409745579004,0.19313778312444
"GSE75214","IBD","GSM1426126",0.370178747660733,0.0589059614527535,0.232512153277384,0.338403137609129
"GSE75214","IBD","GSM1426127",0.669967372231972,0.0140927085861625,0.110826729317326,0.20511318986454
"GSE75214","IBD","GSM1426128",0.588238357062266,0.0414310476968867,0.128324070896747,0.2420065243441
"GSE75214","IBD","GSM1426129",0.608962357603748,0.0224587073885458,0.171187746865289,0.197391188142417
"GSE75214","IBD","GSM1426130",0.757489738072943,0.0133099809786295,0.0855378347377662,0.143662446210662
"GSE75214","IBD","GSM1426131",0.433633347641098,0.0218537736261846,0.141209181392806,0.403303697339911
"GSE75214","IBD","GSM1426132",0.416402532394782,0.0603050000279692,0.172667708562434,0.350624759014815
"GSE75214","IBD","GSM1426133",0.694357265826428,0.0157577444351033,0.103004148852336,0.186880840886133
"GSE75214","IBD","GSM1426134",0.685194553329911,0.010438034994557,0.0774362785670941,0.226931133108438
"GSE75214","IBD","GSM1426135",0.701981914952308,0.0114660425338441,0.0847482645657569,0.201803777948091
"GSE75214","IBD","GSM1426136",0.716025276683515,0.0177242513890721,0.106294226463984,0.159956245463428
"GSE75214","IBD","GSM1426137",0.695157725428426,0.0133321908669005,0.10004191807797,0.191468165626704
"GSE75214","IBD","GSM1426138",0.585864381288288,0.0640572781410721,0.109394444558728,0.240683896011912
"GSE75214","IBD","GSM1426139",0.480346562725556,0.0244106516520267,0.173722512974888,0.32152027264753
"GSE75214","IBD","GSM1426140",0.568993047600745,0.0240120242336693,0.120285056012094,0.286709872153492
"GSE75214","IBD","GSM1426141",0.717813872973006,0.0106834534438843,0.106365016719976,0.165137656863134
"GSE75214","IBD","GSM1426142",0.433850255518674,0.0758707442073907,0.136121117280435,0.354157882993499
"GSE75214","IBD","GSM1426143",0.759109587230573,0.00875012370590677,0.0892663676559718,0.142873921407549
"GSE75214","IBD","GSM1426144",0.677343836520278,0.0101509818913261,0.0858999114459924,0.226605270142404
"GSE75214","IBD","GSM1426145",0.658422262276828,0.0177057043754189,0.10650306099515,0.217368972352603
"GSE75214","IBD","GSM1426146",0.554336186759101,0.0223377167280701,0.183677285195946,0.239648811316883
"GSE75214","IBD","GSM1426147",0.688107188075547,0.0178899368977108,0.108846094215375,0.185156780811368
"GSE75214","IBD","GSM1426148",0.740445346500899,0.0176861495721084,0.0905656037641009,0.151302900162892
"GSE75214","IBD","GSM1426149",0.702970224534817,0.0293718920160999,0.109497721648762,0.158160161800322
"GSE75214","IBD","GSM1426150",0.55569605553345,0.017569110416092,0.0964509877212045,0.330283846329254
"GSE75214","IBD","GSM1426151",0.692053776483528,0.017485579298187,0.108252050175452,0.182208594042833
"GSE75214","IBD","GSM1426152",0.548163283990285,0.0370772252883289,0.102830473508669,0.311929017212717
"GSE75214","IBD","GSM1426153",0.638697271875306,0.0191491270266249,0.116029845812845,0.226123755285224
"GSE75214","IBD","GSM1426154",0.609821725888299,0.0131372798665711,0.0985206607570979,0.278520333488032
"GSE75214","IBD","GSM1426155",0.767964697895322,0.00971624872883192,0.0677461209119196,0.154572932463927
"GSE75214","IBD","GSM1426156",0.751116485354708,0.0178966953300953,0.0831550123858356,0.147831806929361
"GSE75214","IBD","GSM1426157",0.740194673146968,0.0237210933642203,0.111606445584466,0.124477787904346
"GSE75214","IBD","GSM1426158",0.141918449990911,0.0989494902051719,0.341764985730462,0.417367074073455
"GSE75214","IBD","GSM1426159",0.574011124092493,0.0185460842116632,0.105303008441895,0.302139783253949
"GSE75214","IBD","GSM1426160",0.503591982308036,0.0346387139099152,0.14470498138753,0.317064322394518
"GSE75214","IBD","GSM1426161",0.687865292638376,0.016056451057981,0.114393203589388,0.181685052714255
"GSE75214","IBD","GSM1426162",0.551062840179007,0.0307875214535256,0.155322127389362,0.262827510978105
"GSE75214","IBD","GSM1426163",0.62570873490606,0.0573874273833535,0.123399968646178,0.193503869064409
"GSE75214","IBD","GSM1426164",0.72345213978046,0.0128032400275147,0.0672028924848742,0.196541727707152
"GSE75214","IBD","GSM1426165",0.771298924193988,0.0080244078537839,0.0864210572039836,0.134255610748244
"GSE75214","IBD","GSM1426166",0.755529172469384,0.00500981788413897,0.0768135635517306,0.162647446094746
"GSE75214","IBD","GSM1426167",0.734824526068219,0.020952820309297,0.077844201987095,0.166378451635388
"GSE75214","IBD","GSM1426168",0.749072673781054,0.0122505496317196,0.0788210649181743,0.159855711669052
"GSE75214","IBD","GSM1426169",0.800099479250163,0.00513635180074329,0.0501580036606958,0.144606165288398
"GSE75214","IBD","GSM1426170",0.729635744674888,0.0131047941257814,0.0922984661641818,0.164960995035149
"GSE75214","IBD","GSM1426171",0.808121719105444,0.0054543208455402,0.0622203067671934,0.124203653281822
"GSE75214","IBD","GSM1426172",0.789638589614153,0.00804395483435672,0.0638235507677365,0.138493904783754
"GSE75214","IBD","GSM1426173",0.797708880176771,0.00612163196870618,0.0578717182548707,0.138297769599652
"GSE75214","IBD","GSM1426174",0.745220126148459,0.00975011674372711,0.0545029354615095,0.190526821646304
"GSE75214","IBD","GSM1426175",0.779515336584735,0.00723179863786354,0.0645369956751216,0.14871586910228
"GSE75214","IBD","GSM1426176",0.775860167452401,0.0108872332982049,0.06206862314334,0.151183976106054
"GSE75214","IBD","GSM1426177",0.745803464269061,0.00929619657429814,0.0693239580988229,0.175576381057818
"GSE75214","IBD","GSM1426178",0.75419391480042,0.00939893667510888,0.0792105353235512,0.15719661320092
"GSE75214","IBD","GSM1426179",0.752385293296913,0.00725225216940262,0.0623419557457476,0.178020498787936
"GSE75214","IBD","GSM1426180",0.736651272386406,0.0113017242559304,0.0713317319402837,0.18071527141738
"GSE75214","IBD","GSM1426181",0.787805060170841,0.00944575541196004,0.0671289225352173,0.135620261881982
"GSE75214","IBD","GSM1426182",0.788581119440611,0.0108438866298303,0.0681042671887519,0.132470726740807
"GSE75214","IBD","GSM1426183",0.787839074233002,0.00800052679687423,0.0627615522913573,0.141398846678766
"GSE75214","IBD","GSM1426184",0.80450214211563,0.00527847164925011,0.0448094331838203,0.145409953051299
"GSE75214","IBD","GSM1426185",0.765397276273063,0.00687258992603854,0.0618724459102429,0.165857687890656
"GSE75214","IBD","GSM1426186",0.694693675617799,0.0230137674754507,0.106212471961743,0.176080084945007
"GSE87473","IBD","GSM2332079",0.774827231610542,0.00478764387815353,0.0543916987559489,0.165993425755356
"GSE87473","IBD","GSM2332080",0.691775999861809,0.00776134903367503,0.0631493374932264,0.23731331361129
"GSE87473","IBD","GSM2332081",0.764038903104741,0.00294582292820604,0.107239958310638,0.125775315656415
"GSE87473","IBD","GSM2332082",0.676941833441461,0.00876542961487827,0.0464471757528835,0.267845561190777
"GSE87473","IBD","GSM2332083",0.615497755306094,0.0195409816608026,0.0824895460298415,0.282471717003262
"GSE87473","IBD","GSM2332084",0.723542944708115,0.0109784639779988,0.0574863071947331,0.207992284119154
"GSE87473","IBD","GSM2332085",0.76795697004203,0.0127803918587531,0.0624087886801725,0.156853849419044
"GSE87473","IBD","GSM2332086",0.664379777638458,0.0170235208353743,0.0855641687972568,0.233032532728911
"GSE87473","IBD","GSM2332087",0.45107311287369,0.0500541511355273,0.190391755639816,0.308480980350967
"GSE87473","IBD","GSM2332088",0.680154228656848,0.0141242171171447,0.0816325699572154,0.224088984268792
"GSE87473","IBD","GSM2332089",0.784600693381805,0.00912669085033283,0.0496080037945156,0.156664611973347
"GSE87473","IBD","GSM2332090",0.736016979060009,0.0170509393957871,0.0823802102755301,0.164551871268673
"GSE87473","IBD","GSM2332091",0.751334565772539,0.011755360051544,0.0740390611465742,0.162871013029343
"GSE87473","IBD","GSM2332092",0.806899366356619,0.00425842914702875,0.0530119362550104,0.135830268241342
"GSE87473","IBD","GSM2332093",0.767988490458881,0.00878636963887186,0.0466084709063536,0.176616668995894
"GSE87473","IBD","GSM2332094",0.742694019669744,0.00799124376392005,0.0571850939141842,0.192129642652152
"GSE87473","IBD","GSM2332095",0.78987575489148,0.00739984117246189,0.0404510391193352,0.162273364816723
"GSE87473","IBD","GSM2332096",0.587810451144427,0.0193821793607332,0.0873181677237174,0.305489201771122
"GSE87473","IBD","GSM2332097",0.673164049129339,0.00784917838800623,0.0469278084208307,0.272058964061824
"GSE87473","IBD","GSM2332098",0.772322129326892,0.00887015757335264,0.0647533262567935,0.154054386842962
"GSE87473","IBD","GSM2332099",0.812275800754851,0.00581820204151576,0.0455953770704121,0.136310620133221
"GSE87473","IBD","GSM2332100",0.761045887214939,0.00748535346091254,0.0509434710674701,0.180525288256678
"GSE87473","IBD","GSM2332101",0.805256189393136,0.00928512265820023,0.035554767370255,0.149903920578409
"GSE87473","IBD","GSM2332102",0.81882839198446,0.0101263608305932,0.0621514195125848,0.108893827672362
"GSE87473","IBD","GSM2332103",0.787210523693414,0.00890112964790308,0.0598260549283149,0.144062291730368
"GSE87473","IBD","GSM2332104",0.803228594521546,0.010597370598621,0.0723969713608844,0.113777063518948
"GSE87473","IBD","GSM2332105",0.781021973077012,0.00747022116537883,0.0711218995332582,0.140385906224351
"GSE87473","IBD","GSM2332106",0.732359148447594,0.00986607552844892,0.0857188594333213,0.172055916590636
"GSE87473","IBD","GSM2332107",0.785216633090195,0.00882793318418122,0.0637561999331641,0.14219923379246
"GSE87473","IBD","GSM2332108",0.781824450856174,0.00969400139929383,0.0424301316357471,0.166051416108785
"GSE87473","IBD","GSM2332109",0.793410649953601,0.00842634220263052,0.0632188839380646,0.134944123905704
"GSE87473","IBD","GSM2332110",0.819354507922349,0.00819486906645387,0.0469221577631956,0.125528465248002
"GSE87473","IBD","GSM2332111",0.744055824404752,0.00736180947620645,0.0730695784926194,0.175512787626422
"GSE87473","IBD","GSM2332112",0.796535184356374,0.00839280985652935,0.0561828258040175,0.138889179983079
"GSE87473","IBD","GSM2332113",0.820812924535679,0.00627466813326779,0.0402115621426953,0.132700845188357
"GSE87473","IBD","GSM2332114",0.825661218922301,0.00892483345000676,0.0358529478960655,0.129560999731627
"GSE87473","IBD","GSM2332115",0.802257774223445,0.00890337425625628,0.0760748213276238,0.112764030192675
"GSE87473","IBD","GSM2332116",0.804666200421164,0.00704941173363698,0.0441670883468007,0.144117299498399
"GSE87473","IBD","GSM2332117",0.800601321766208,0.00786488643409649,0.0467474274492395,0.144786364350456
"GSE87473","IBD","GSM2332118",0.858119030245171,0.00625795262125069,0.0354749042309826,0.100148112902596
"GSE87473","IBD","GSM2332119",0.629052960426979,0.0127684335064938,0.0561304627220595,0.302048143344467
"GSE87473","IBD","GSM2332120",0.676016470813616,0.0193762802152694,0.0790968868465991,0.225510362124516
"GSE87473","IBD","GSM2332121",0.721165671002927,0.0112912119857889,0.0770246572022,0.190518459809084
"GSE87473","IBD","GSM2332122",0.664202274780426,0.0128236220507761,0.0927000634790223,0.230274039689776
"GSE87473","IBD","GSM2332123",0.656600489652796,0.0124974459170019,0.0653024246105545,0.265599639819647
"GSE87473","IBD","GSM2332124",0.697991675152597,0.0147358134253251,0.0778521159877578,0.20942039543432
"GSE87473","IBD","GSM2332125",0.75798079004072,0.00825599301481405,0.0576994080514046,0.176063808893061
"GSE87473","IBD","GSM2332126",0.709944571860073,0.0118918588418669,0.0717254718814994,0.206438097416561
"GSE87473","IBD","GSM2332127",0.818062450901805,0.00879683143315794,0.0589718358770563,0.114168881787981
"GSE87473","IBD","GSM2332128",0.437935025606356,0.0152456464629775,0.0753008275150556,0.471518500415611
"GSE87473","IBD","GSM2332129",0.770399153706546,0.0101716052833093,0.0656077510552275,0.153821489954917
"GSE87473","IBD","GSM2332130",0.618547966984073,0.019535258373288,0.0701692785870542,0.291747496055585
"GSE87473","IBD","GSM2332131",0.722255132910199,0.0109477771973852,0.0569110389096873,0.209886050982729
"GSE87473","IBD","GSM2332132",0.78204066957689,0.00916919014886234,0.0620861564747858,0.146703983799462
"GSE87473","IBD","GSM2332133",0.624542719469653,0.0192351162804014,0.0804840567646516,0.275738107485294
"GSE87473","IBD","GSM2332134",0.713995757640769,0.0114368151757834,0.071689854387496,0.202877572795952
"GSE87473","IBD","GSM2332135",0.564306017237727,0.0143631833456317,0.0890826369672427,0.332248162449399
"GSE87473","IBD","GSM2332136",0.779114571799829,0.0107200743115752,0.0545657548593362,0.15559959902926
"GSE87473","IBD","GSM2332137",0.711822631880976,0.0168575581294777,0.0712409645969855,0.20007884539256
"GSE87473","IBD","GSM2332138",0.694576235440107,0.0160966512145104,0.0660782678117955,0.223248845533587
"GSE87473","IBD","GSM2332139",0.714939602715316,0.0104487627927129,0.0693822454707374,0.205229389021234
"GSE87473","IBD","GSM2332140",0.66174428399416,0.0103721630059658,0.0435905755728487,0.284292977427026
"GSE87473","IBD","GSM2332141",0.582538337630615,0.0153498883113959,0.0690655012471354,0.333046272810853
"GSE87473","IBD","GSM2332142",0.58542556738819,0.0195603847551565,0.0915334845065785,0.303480563350075
"GSE87473","IBD","GSM2332143",0.66645235037979,0.0173187059144373,0.0738009160144347,0.242428027691338
"GSE87473","IBD","GSM2332144",0.0681358584848431,0.0264799967888378,0.123641767539966,0.781742377186353
"GSE87473","IBD","GSM2332145",0.595812068431739,0.0282183629167869,0.101158476551202,0.274811092100273
"GSE87473","IBD","GSM2332146",0.824108086910926,0.0107040466217353,0.0375207825256433,0.127667083941696
"GSE87473","IBD","GSM2332147",0.677471290242481,0.0140381264665856,0.0662396489621692,0.242250934328765
"GSE87473","IBD","GSM2332148",0.658691503433581,0.0159285137944243,0.0899899282025965,0.235390054569399
"GSE87473","IBD","GSM2332149",0.825493264347945,0.00964176551662155,0.051139847094783,0.113725123040651
"GSE87473","IBD","GSM2332150",0.746722597093393,0.0171519412041998,0.0685112485212726,0.167614213181135
"GSE87473","IBD","GSM2332151",0.804737740793339,0.0139620176882199,0.0625884256086677,0.118711815909774
"GSE87473","IBD","GSM2332152",0.3826444578317,0.0310370631971714,0.10277096788349,0.483547511087639
"GSE87473","IBD","GSM2332153",0.703033715068995,0.0169010983831975,0.0876352949076033,0.192429891640204
"GSE87473","IBD","GSM2332154",0.673422498207037,0.015592540618409,0.0711449632075841,0.23983999796697
"GSE87473","IBD","GSM2332155",0.652380178016867,0.0182544538855882,0.0790921746695214,0.250273193428023
"GSE87473","IBD","GSM2332156",0.663961840003278,0.0173773340931691,0.0736799845919119,0.244980841311641
"GSE87473","IBD","GSM2332157",0.599990833648086,0.0172987911648413,0.0785806756416404,0.304129699545433
"GSE87473","IBD","GSM2332158",0.474271430542841,0.0250612228889223,0.131191225460734,0.369476121107503
"GSE87473","IBD","GSM2332159",0.540994072088958,0.0154439382140932,0.0762894596531956,0.367272530043753
"GSE87473","IBD","GSM2332160",0.730010527917094,0.0119988901001889,0.0757036660329098,0.182286915949807
"GSE87473","IBD","GSM2332161",0.488534539276019,0.0181216230669479,0.119968383578998,0.373375454078035
"GSE87473","IBD","GSM2332162",0.56824186848372,0.0187194541963892,0.085611532086099,0.327427145233791
"GSE87473","IBD","GSM2332163",0.541377428631237,0.0202827867931565,0.121443216246643,0.316896568328964
"GSE87473","IBD","GSM2332164",0.486222287513567,0.0143645397747526,0.153086054057562,0.346327118654119
"GSE87473","IBD","GSM2332165",0.525700265842922,0.0164323286441652,0.0755077245359424,0.38235968097697
"GSE87473","IBD","GSM2332166",0.742987883786006,0.0107728584083763,0.0572293597574798,0.189009898048138
"GSE87473","IBD","GSM2332167",0.626345452083811,0.0131277223946473,0.0836892116566682,0.276837613864873
"GSE87473","IBD","GSM2332168",0.682683170352567,0.00993954427725458,0.0970013120324566,0.210375973337722
"GSE87473","IBD","GSM2332169",0.737136749260733,0.011490439859953,0.0711501711459474,0.180222639733366
"GSE87473","IBD","GSM2332170",0.711581990540694,0.0145916594270059,0.0867144505138435,0.187111899518457
"GSE87473","IBD","GSM2332171",0.531553152694553,0.024706332088192,0.157470849892559,0.286269665324696
"GSE87473","IBD","GSM2332172",0.772064731389512,0.00999063931242499,0.074752809226045,0.143191820072018
"GSE87473","IBD","GSM2332173",0.806187354845404,0.00975057491922169,0.054567785319685,0.129494284915689
"GSE87473","IBD","GSM2332174",0.566641157952695,0.0217156384888223,0.118131337200032,0.29351186635845
"GSE87473","IBD","GSM2332175",0.733930090386852,0.00749692923921662,0.0551838084936055,0.203389171880325
"GSE87473","IBD","GSM2332176",0.718261113664186,0.0107594466951341,0.0771724814955877,0.193806958145092
"GSE87473","IBD","GSM2332177",0.777452169384519,0.00934620636932085,0.0544171828917126,0.158784441354447
"GSE87473","IBD","GSM2332178",0.574671234682794,0.0149850105719726,0.143961764181922,0.266381990563311
"GSE87473","IBD","GSM2332179",0.594824542434756,0.0173458117154123,0.0781807400465861,0.309648905803245
"GSE87473","IBD","GSM2332180",0.788761149353326,0.010471247304959,0.0616873788027889,0.139080224538926
"GSE87473","IBD","GSM2332181",0.666632396392419,0.0114339897190881,0.0523020819038275,0.269631531984666
"GSE87473","IBD","GSM2332182",0.606831413160329,0.0158762668636039,0.0784270304611756,0.298865289514891
"GSE87473","IBD","GSM2332183",0.627357095817831,0.0143246149124451,0.0943371790467569,0.263981110222967
"GSE87473","IBD","GSM2332184",0.722118384116252,0.0104819012509493,0.05940578867869,0.207993925954108
"GSE87473","IBD","GSM2332185",0.659657361237058,0.0156694104902503,0.0808133929700509,0.24385983530264
"GSE87473","IBD","GSM2332186",0.712491734448371,0.0207160360212558,0.0783068290522623,0.188485400478111
"GSE87473","IBD","GSM2332187",0.651578913730381,0.0132790461693878,0.0857614890257868,0.249380551074444
"GSE87473","IBD","GSM2332188",0.744882679624906,0.012388229193515,0.0790863179330283,0.16364277324855
"GSE87473","IBD","GSM2332189",0.682242313753054,0.010869218181656,0.0844421307103089,0.222446337354981
"GSE87473","IBD","GSM2332190",0.761207041827272,0.0156336816129511,0.0664883028316654,0.156670973728112
"GSE87473","IBD","GSM2332191",0.669555766838406,0.0125199630615622,0.0777803475101574,0.240143922589875
"GSE87473","IBD","GSM2332192",0.726523060985589,0.0123766041748294,0.0664771294868605,0.194623205352722
"GSE87473","IBD","GSM2332193",0.638436192884935,0.0109234829673881,0.0587235986645655,0.291916725483112
"GSE87473","IBD","GSM2332194",0.641731009783895,0.0229678656435083,0.110910040915918,0.224391083656678
"GSE87473","IBD","GSM2332195",0.547141501308062,0.0158143228136481,0.083965464129765,0.353078711748525
"GSE87473","IBD","GSM2332196",0.718691989973845,0.011449216328952,0.0754099878611952,0.194448805836008
"GSE87473","IBD","GSM2332197",0.774026484783949,0.011669422031464,0.066636008395433,0.147668084789153
"GSE87473","IBD","GSM2332198",0.564927359801709,0.0153991064298928,0.0744551953268422,0.345218338441556
"GSE87473","IBD","GSM2332199",0.708648981436061,0.00918403914028245,0.0461085294640089,0.236058449959647
"GSE87473","IBD","GSM2332200",0.634019164419136,0.0129106060391929,0.0666792956268946,0.286390933914777
"GSE87473","IBD","GSM2332201",0.392805557030733,0.0306499427891306,0.10889604594562,0.467648454234516
"GSE87473","IBD","GSM2332202",0.551139070544467,0.0152968031998787,0.141844024808992,0.291720101446662
"GSE87473","IBD","GSM2332203",0.704575134527652,0.0163867212506178,0.0685408991400347,0.210497245081695
"GSE87473","IBD","GSM2332204",0.616831907578158,0.0138822504951952,0.074380475836993,0.294905366089654
"GSE87473","IBD","GSM2332205",0.666010816279078,0.0150123038351915,0.0988234588489676,0.220153421036763
"GSE179285","IBD","GSM5413223",0.494591225658694,0.0266700293443943,0.198182883939062,0.280555861057849
"GSE179285","IBD","GSM5413224",1.23462987459344e-05,0.0576172412137987,0.41310135431581,0.529269058171645
"GSE179285","IBD","GSM5413225",3.23946881770918e-05,0.0382578173325634,0.342725744209712,0.618984043769548
"GSE179285","IBD","GSM5413226",0.387524392762652,0.0788808386633553,0.323268476163953,0.21032629241004
"GSE179285","IBD","GSM5413227",0.439056746174063,0.0228278221189804,0.231450923453408,0.306664508253549
"GSE179285","IBD","GSM5413228",0.227178746848248,0.0319671106471217,0.296709014416218,0.444145128088412
"GSE179285","IBD","GSM5413229",0.387405044931242,0.0435759655906177,0.228937384539105,0.340081604939035
"GSE179285","IBD","GSM5413230",0.362169684141213,0.0415019707518961,0.287134892105207,0.309193453001684
"GSE179285","IBD","GSM5413231",7.93324271960218e-09,0.0340122252988817,0.491147485789527,0.474840280978348
"GSE179285","IBD","GSM5413232",0.413085383426222,0.019435161587107,0.212592921190086,0.354886533796584
"GSE179285","IBD","GSM5413233",0.180556799201654,0.0710239444953789,0.466129304190134,0.282289952112833
"GSE179285","IBD","GSM5413234",0.49146184212795,0.0205987789091743,0.219955853622632,0.267983525340244
"GSE179285","IBD","GSM5413235",0.506166156991705,0.0208404092041609,0.238002096536357,0.234991337267777
"GSE179285","IBD","GSM5413236",7.64026097988499e-08,0.0483951210797168,0.422443496090235,0.529161306427438
"GSE179285","IBD","GSM5413237",0.47622993377268,0.0219366794785772,0.243057133176972,0.25877625357177
"GSE179285","IBD","GSM5413238",0.359131651797904,0.028597988633771,0.229190873767503,0.383079485800822
"GSE179285","IBD","GSM5413239",0.4902538739185,0.017694780592171,0.238075690174731,0.253975655314598
"GSE179285","IBD","GSM5413240",0.495247138931451,0.025222726812319,0.217840632234813,0.261689502021416
"GSE179285","IBD","GSM5413241",0.349594097145304,0.0275228902747963,0.270855043800642,0.352027968779257
"GSE179285","IBD","GSM5413242",0.392966033358118,0.0246182096344183,0.265447088193501,0.316968668813963
"GSE179285","IBD","GSM5413243",0.512306251542985,0.0168198195134178,0.220881018989606,0.249992909953991
"GSE179285","IBD","GSM5413244",0.34894269004577,0.0330377777866049,0.307352594969564,0.310666937198061
"GSE179285","IBD","GSM5413245",0.337503275300824,0.0294721052301169,0.229843430305808,0.403181189163251
"GSE179285","IBD","GSM5413246",0.460592028706733,0.0216111077444535,0.205157065068743,0.312639798480071
"GSE179285","IBD","GSM5413247",0.206008791147948,0.0327892893268004,0.284807707348385,0.476394212176867
"GSE179285","IBD","GSM5413248",0.49254156268831,0.0269213132153436,0.192550890635712,0.287986233460635
"GSE179285","IBD","GSM5413249",0.517083042466474,0.0133768035100668,0.187249981441548,0.282290172581911
"GSE179285","IBD","GSM5413250",0.273402703255667,0.0673538702103912,0.336839134383936,0.322404292150006
"GSE179285","IBD","GSM5413251",0.20494652684044,0.0158220177724902,0.373993916999137,0.405237538387933
"GSE179285","IBD","GSM5413252",0.594504658691497,0.0161132983948884,0.17629723174729,0.213084811166324
"GSE179285","IBD","GSM5413253",0.525705532683928,0.0203356482690554,0.221053647004982,0.232905172042035
"GSE179285","IBD","GSM5413254",0.267745746245857,0.0487002614412596,0.283487688350581,0.400066303962302
"GSE179285","IBD","GSM5413255",0.249605810389983,0.0258959157821533,0.308202659913521,0.416295613914343
"GSE179285","IBD","GSM5413256",0.397469337608228,0.0145758741169353,0.200748119400968,0.387206668873869
"GSE179285","IBD","GSM5413257",0.314466818470952,0.0153008993133787,0.380888206275735,0.289344075939934
"GSE179285","IBD","GSM5413258",0.402800416894548,0.0157210092926593,0.216424971893588,0.365053601919205
"GSE179285","IBD","GSM5413259",0.164706260616178,0.0451232371357317,0.32468043905485,0.46549006319324
"GSE179285","IBD","GSM5413260",0.518759994481527,0.0174419838667151,0.197820819150488,0.26597720250127
"GSE179285","IBD","GSM5413261",0.471289724042904,0.0237530968034292,0.227331962993549,0.277625216160117
"GSE179285","IBD","GSM5413262",0.0876458850178762,0.0371694265462473,0.409700974196491,0.465483714239386
"GSE179285","IBD","GSM5413263",0.260481004533997,0.0263267095797562,0.217249871870451,0.495942414015795
"GSE179285","IBD","GSM5413264",0.348637483481225,0.0270116128177125,0.279912252619829,0.344438651081234
"GSE179285","IBD","GSM5413265",0.379504153092876,0.0252511182454402,0.244971942892262,0.350272785769422
"GSE179285","IBD","GSM5413266",0.634753137262746,0.0113163148811029,0.138115601696363,0.215814946159788
"GSE179285","IBD","GSM5413267",0.466016890691674,0.0344332439086984,0.267806727334664,0.231743138064964
"GSE179285","IBD","GSM5413268",0.619724919381037,0.0173089209016822,0.155208426528013,0.207757733189268
"GSE179285","IBD","GSM5413269",3.56944595042324e-08,0.0246560995908013,0.291604604817239,0.6837392598975
"GSE179285","IBD","GSM5413271",0.611125674735003,0.0172460783737056,0.167022745807012,0.204605501084279
"GSE179285","IBD","GSM5413272",0.487009066304394,0.019421098832611,0.205013069276773,0.288556765586222
"GSE179285","IBD","GSM5413274",0.486658190307861,0.0166097780373275,0.17841532676812,0.318316704886692
"GSE179285","IBD","GSM5413275",0.631748890970589,0.0111590091404775,0.165095806702195,0.191996293186739
"GSE179285","IBD","GSM5413276",0.534094583917596,0.0158918942329215,0.201008082499078,0.249005439350404
"GSE179285","IBD","GSM5413277",0.538139624213581,0.0167554473045346,0.212590909080819,0.232514019401065
"GSE16879","IBD","GSM364633",0.88929024070277,0.00374657373180151,0.028057512266994,0.0789056732984344
"GSE16879","IBD","GSM364634",0.807332357114516,0.0110233179790305,0.0419657917518949,0.139678533154559
"GSE16879","IBD","GSM364635",0.88828760654832,0.00259617187181497,0.0295016150474088,0.079614606532456
"GSE16879","IBD","GSM364636",0.86820915178439,0.00259302385227654,0.0275774879431471,0.101620336420187
"GSE16879","IBD","GSM364637",0.821150431384521,0.00402366036944077,0.0398655203740309,0.134960387872007
"GSE16879","IBD","GSM364638",0.82242330699225,0.0064276119435336,0.0415129186909654,0.129636162373251
"GSE16879","IBD","GSM364639",0.824248690442819,0.0112424357272433,0.038355630049668,0.12615324378027
"GSE16879","IBD","GSM364640",0.793649657692888,0.00608658909223047,0.0387941141988052,0.161469639016077
"GSE16879","IBD","GSM364641",0.765267323177824,0.00786771363196077,0.0280300375727035,0.198834925617512
"GSE16879","IBD","GSM364642",0.820687971220916,0.00514299868481252,0.0430151277288811,0.131153902365391
"GSE16879","IBD","GSM364643",0.762432770504505,0.00637042429475956,0.0304648115969976,0.200731993603738
"GSE16879","IBD","GSM364644",0.778996270471886,0.00708038528568146,0.0306168920696763,0.183306452172756
"GSE16879","IBD","GSM364645",0.850547020595851,0.00407758980549595,0.0293254450441778,0.116049944554475
"GSE16879","IBD","GSM364646",0.524537188250294,0.0140915084120481,0.0502213978953281,0.41114990544233
"GSE16879","IBD","GSM364647",0.874483563588644,0.00527815217084198,0.0237562777195789,0.0964820065209347
"GSE16879","IBD","GSM364648",0.885372862107573,0.00389315696246662,0.0207972040366412,0.0899367768933187
"GSE16879","IBD","GSM364649",0.553831603986279,0.0137211936501511,0.0487077499151468,0.383739452448423
"GSE16879","IBD","GSM364650",0.708963656918768,0.012101083632485,0.0363219694103585,0.242613290038388
"GSE16879","IBD","GSM364651",0.516594636599532,0.0380333668584228,0.0745859960102951,0.370786000531751
"GSE16879","IBD","GSM364652",0.668897143519048,0.00875180964533472,0.0434958712736062,0.278855175562011
"GSE16879","IBD","GSM364653",0.74967174071465,0.0145300930233081,0.0365155506980871,0.199282615563954
"GSE16879","IBD","GSM364654",0.800618166418983,0.00862378132818699,0.0395355895870971,0.151222462665733
"GSE16879","IBD","GSM364655",0.824181593250556,0.0046755005887582,0.0313675576148262,0.13977534854586
"GSE16879","IBD","GSM364656",0.785037353310774,0.0101701384856384,0.0304300780639357,0.174362430139652
"GSE16879","IBD","GSM423010",0.829484600129729,0.00384860791489287,0.0316884976692301,0.134978294286148
"GSE16879","IBD","GSM423012",0.804195428432939,0.0164527029504568,0.0331218735231054,0.146229995093499
"GSE16879","IBD","GSM423013",0.848381849343545,0.00285386497683886,0.0229387065980406,0.125825579081576
"GSE16879","IBD","GSM423015",0.871712585815221,0.00206370737924666,0.0334351676490525,0.0927885391564792
"GSE16879","IBD","GSM423017",0.839843814254862,0.0128677220661097,0.0364060919301688,0.110882371748859
"GSE16879","IBD","GSM423019",0.84731661436706,0.00261207541528645,0.0273473386941164,0.122723971523538
"GSE16879","IBD","GSM423021",0.852547427335089,0.0027581378014717,0.0305617119524826,0.114132722910957
"GSE16879","IBD","GSM423023",0.868774541999034,0.00318319464683795,0.0311514252690421,0.0968908380850855
"GSE16879","IBD","GSM423025",0.886445854847382,0.00170883566563495,0.0265495716079942,0.085295737878989
"GSE16879","IBD","GSM423027",0.845532634366999,0.00701951678610965,0.0360214443797163,0.111426404467175
"GSE16879","IBD","GSM423029",0.825613512883508,0.00511758666576831,0.0466940290998728,0.122574871350851
"GSE16879","IBD","GSM423031",0.853621188957262,0.0045722363542224,0.0255277379706233,0.116278836717892
"GSE16879","IBD","GSM423033",0.774210798809426,0.0082643422040733,0.031958378143903,0.185566480842598
"GSE16879","IBD","GSM423035",0.557489528313191,0.0308576897286402,0.0623498452478691,0.3493029367103
"GSE16879","IBD","GSM423037",0.642359799800441,0.0136520441565038,0.071895247213811,0.272092908829245
"GSE16879","IBD","GSM423039",0.738500969594067,0.00466388777235443,0.0303975447193944,0.226437597914184
"GSE16879","IBD","GSM423041",0.798732741734832,0.0141022351159773,0.0329120264521116,0.154252996697079
"GSE16879","IBD","GSM423043",0.671131596161126,0.00645617072161353,0.0404214903979112,0.281990742719349
"GSE16879","IBD","GSM423045",0.761438105070111,0.0106619433614142,0.0355717584972932,0.192328193071181
"GSE4302","Asthma","GSM98141",0.78120603530279,0.00394470410238342,0.0262332920526714,0.188615968542155
"GSE4302","Asthma","GSM98144",0.767520195755298,0.00382163756056729,0.030452431078509,0.198205735605626
"GSE4302","Asthma","GSM98145",0.797386369564379,0.00332608412499618,0.0237736457145077,0.175513900596117
"GSE4302","Asthma","GSM98148",0.790027748775955,0.003349667331166,0.0311441680249311,0.175478415867948
"GSE4302","Asthma","GSM98149",0.796269747725303,0.00317118802057849,0.0217881940766593,0.17877087017746
"GSE4302","Asthma","GSM98152",0.789642666282757,0.00365564644480824,0.0297199960524613,0.176981691219973
"GSE4302","Asthma","GSM98153",0.778494268629227,0.00384128191365965,0.0271237791685641,0.190540670288549
"GSE4302","Asthma","GSM98155",0.77632550523386,0.00380161295271112,0.0269732112747914,0.192899670538637
"GSE4302","Asthma","GSM98158",0.76987323350473,0.00426737266255958,0.0301332230948725,0.195726170737838
"GSE4302","Asthma","GSM98159",0.810760239633512,0.0036201355383522,0.0250793957265917,0.160540229101544
"GSE4302","Asthma","GSM98161",0.79174948382842,0.00377179369189288,0.0247665380520432,0.179712184427644
"GSE4302","Asthma","GSM98163",0.817465966923357,0.00321667248557039,0.0242283629917617,0.155088997599311
"GSE4302","Asthma","GSM98166",0.801767255774456,0.00333024078724005,0.02741272523107,0.167489778207234
"GSE4302","Asthma","GSM98167",0.811018308147496,0.0033976470798144,0.0258701729230534,0.159713871849636
"GSE4302","Asthma","GSM98169",0.793942787114406,0.00379955674669381,0.0282023411629003,0.174055314976
"GSE4302","Asthma","GSM98171",0.775175106283966,0.004186567564664,0.0264806064212256,0.194157719730144
"GSE4302","Asthma","GSM98174",0.80569551320558,0.00336079565354692,0.0273198772078633,0.16362381393301
"GSE4302","Asthma","GSM98175",0.782922790710657,0.00360223496907468,0.0263336345430375,0.187141339777231
"GSE4302","Asthma","GSM98177",0.805743499547645,0.00369220398080344,0.0252978288674436,0.165266467604108
"GSE4302","Asthma","GSM98180",0.772727344204522,0.00481583274417612,0.0297344578032467,0.192722365248055
"GSE4302","Asthma","GSM98182",0.787829230014338,0.00443599960159615,0.0283176381065827,0.179417132277483
"GSE4302","Asthma","GSM98184",0.784813544198008,0.00445943312959074,0.0268913035717924,0.183835719100608
"GSE4302","Asthma","GSM98186",0.798340369163403,0.00374776853375706,0.0261062500890529,0.171805612213787
"GSE4302","Asthma","GSM98187",0.777264305512706,0.00396663974557572,0.0285534036071021,0.190215651134616
"GSE4302","Asthma","GSM98190",0.784638843922667,0.00353871507195614,0.0263202408895977,0.185502200115779
"GSE4302","Asthma","GSM98192",0.804229814119219,0.00382464403312644,0.0290101523735493,0.162935389474105
"GSE4302","Asthma","GSM98193",0.792101207901845,0.00391677399610233,0.0292848137895848,0.174697204312468
"GSE4302","Asthma","GSM98195",0.782440183635165,0.00394291483060641,0.0258844033335865,0.187732498200642
"GSE4302","Asthma","GSM98197",0.791442822408741,0.00406397676349944,0.0312727755016243,0.173220425326135
"GSE4302","Asthma","GSM98200",0.77858307568521,0.00494250189172908,0.0283407019183801,0.18813372050468
"GSE4302","Asthma","GSM98201",0.820275787920501,0.0042638678445147,0.0276772036258286,0.147783140609156
"GSE4302","Asthma","GSM98204",0.753523493845298,0.0040600794663282,0.0305221017867955,0.211894324901579
"GSE4302","Asthma","GSM98206",0.777472441102621,0.00411606247130356,0.0290303354389796,0.189381160987096
"GSE4302","Asthma","GSM98207",0.755195274163584,0.00343615788721792,0.0283723566290285,0.212996211320169
"GSE4302","Asthma","GSM98208",0.756168628176488,0.00375197528534301,0.029764455785297,0.210314940752872
"GSE4302","Asthma","GSM98209",0.775309017863821,0.0043548324465349,0.0308612972012236,0.189474852488421
"GSE4302","Asthma","GSM98210",0.800791568282415,0.00367128685688402,0.0272162029285447,0.168320941932156
"GSE4302","Asthma","GSM98211",0.725088556757851,0.00419115345092677,0.0271570864997558,0.243563203291467
"GSE4302","Asthma","GSM98212",0.74887407788687,0.00385978293583958,0.0269068477970389,0.220359291380252
"GSE4302","Asthma","GSM98213",0.739891493185947,0.00404705553885687,0.0287972957807656,0.227264155494431
"GSE4302","Asthma","GSM98214",0.734839865625703,0.00487111655370176,0.0298890542044282,0.230399963616167
"GSE4302","Asthma","GSM98215",0.819643306832687,0.00379549449330277,0.0271215076555258,0.149439691018484
"GSE4302","Asthma","GSM98216",0.825935373578509,0.00321180173712388,0.0245685791652236,0.146284245519144
"GSE4302","Asthma","GSM98217",0.783856848280687,0.00437271194450822,0.0264439704367672,0.185326469338038
"GSE4302","Asthma","GSM98218",0.758139811562023,0.00414219733722674,0.0262902012402288,0.211427789860522
"GSE4302","Asthma","GSM98219",0.781410946622804,0.00377777508414259,0.0289306347255503,0.185880643567503
"GSE4302","Asthma","GSM98220",0.776194140212895,0.00391578017344963,0.0252639795229132,0.194626100090742
"GSE4302","Asthma","GSM98221",0.76877166804258,0.00379312778069658,0.0265023902035805,0.200932813973143
"GSE4302","Asthma","GSM98222",0.791310084619089,0.00384592172070535,0.0278868150146337,0.176957178645572
"GSE4302","Asthma","GSM98223",0.779612776887166,0.0039729431501383,0.02768169217718,0.188732587785515
"GSE4302","Asthma","GSM98224",0.772565621406005,0.0040810275882044,0.0302964934355364,0.193056857570254
"GSE4302","Asthma","GSM98225",0.771210201731798,0.00394143346241126,0.0290100474094121,0.195838317396379
"GSE4302","Asthma","GSM98226",0.801580145979261,0.00342034477553461,0.0248873456758422,0.170112163569362
"GSE4302","Asthma","GSM98227",0.786982430676951,0.00379312588498474,0.0282113199417303,0.181013123496334
"GSE4302","Asthma","GSM98228",0.818147874188093,0.003553254581481,0.025280389972476,0.15301848125795
"GSE4302","Asthma","GSM98229",0.779257837011468,0.00386869171931884,0.0303614958608755,0.186511975408337
"GSE4302","Asthma","GSM98230",0.779525835554049,0.00355171656869943,0.0290272780503971,0.187895169826855
"GSE4302","Asthma","GSM98234",0.764211352308254,0.00402132906589079,0.0289302965461435,0.202837022079711
"GSE4302","Asthma","GSM98235",0.763981662415887,0.00423517728120775,0.0296372275272495,0.202145932775656
"GSE4302","Asthma","GSM98236",0.77360360019324,0.00380022655560659,0.0323599781322443,0.190236195118909
"GSE4302","Asthma","GSM98239",0.819084825499645,0.00352392593990181,0.0255558152428307,0.151835433317622
"GSE4302","Asthma","GSM98240",0.777805255887036,0.00430645958185438,0.0327622809753012,0.185126003555809
"GSE4302","Asthma","GSM98241",0.81042013928018,0.00365816819931748,0.0247706404565129,0.16115105206399
"GSE4302","Asthma","GSM98242",0.784119440502498,0.00396086665075245,0.0272244249490893,0.18469526789766
"GSE4302","Asthma","GSM98243",0.809219332735733,0.00353949296513465,0.0241203035070601,0.163120870792073
"GSE4302","Asthma","GSM98244",0.795026397655214,0.00340659653588845,0.0244294466437829,0.177137559165115
"GSE4302","Asthma","GSM98245",0.793072408199839,0.00350120811502803,0.0232905632242143,0.180135820460918
"GSE4302","Asthma","GSM98251",0.792777777988443,0.00399879867322296,0.0279838943127786,0.175239529025556
"GSE4302","Asthma","GSM98254",0.799838173617232,0.00385652722057853,0.0274659395907158,0.168839359571473
"GSE4302","Asthma","GSM98258",0.792831054034415,0.00359778216752143,0.0268830247181182,0.176688139079946
"GSE43696","Asthma","GSM1068458",0.924120253059136,0.000493871725437204,0.0018149271127624,0.0735709481026646
"GSE43696","Asthma","GSM1068459",0.714741431449619,0.000487712463596235,8.05941509333803e-07,0.284770050145275
"GSE43696","Asthma","GSM1068460",0.951311024272721,0.000583093014487652,0.00393613341775137,0.0441697492950397
"GSE43696","Asthma","GSM1068461",0.936686759561742,0.000427700082400136,0.00454304885408162,0.0583424915017758
"GSE43696","Asthma","GSM1068462",0.939734556347856,0.0004980013790513,0.00230577966531782,0.057461662607775
"GSE43696","Asthma","GSM1068463",0.951993841491116,0.000535478127448556,0.00180342530394397,0.0456672550774919
"GSE43696","Asthma","GSM1068464",0.949550947745429,0.000564105909319339,0.00260002753522675,0.0472849188100249
"GSE43696","Asthma","GSM1068465",0.957750634944169,0.000401934891805911,0.00396924887406969,0.0378781812899553
"GSE43696","Asthma","GSM1068466",0.943730106288204,0.000526178514907413,0.00317498120132476,0.0525687339955636
"GSE43696","Asthma","GSM1068467",0.954309703366785,0.000541726715625004,0.00256460493752832,0.0425839649800616
"GSE43696","Asthma","GSM1068468",0.943627232966227,0.000466822559960728,0.00261645623804135,0.0532894882357705
"GSE43696","Asthma","GSM1068469",0.943771813987913,0.000570064106644939,0.00461127193676663,0.0510468499686754
"GSE43696","Asthma","GSM1068470",0.954414824558405,0.000534124078275021,0.00401242903656694,0.0410386223267528
"GSE43696","Asthma","GSM1068471",0.946126132631789,0.000552337677433213,0.00314436389891559,0.0501771657918627
"GSE43696","Asthma","GSM1068472",0.949756782768091,0.000685401536573756,0.00345218362671605,0.0461056320686197
"GSE43696","Asthma","GSM1068473",0.948544624048641,0.000666828290688062,0.00404525975779617,0.0467432879028749
"GSE43696","Asthma","GSM1068474",0.942065350920658,0.000589562616211058,0.00282717378279764,0.0545179126803335
"GSE43696","Asthma","GSM1068475",0.921910686465793,0.000744585608279439,0.0029498096369134,0.074394918289014
"GSE43696","Asthma","GSM1068476",0.930295583897852,0.000548091952408247,0.0021308789052179,0.0670254452445216
"GSE43696","Asthma","GSM1068477",0.949223286659493,0.000855594765978292,0.00346484633544982,0.0464562722390785
"GSE43696","Asthma","GSM1068478",0.949985253045242,0.000517620387995659,0.00366454892132425,0.0458325776454376
"GSE43696","Asthma","GSM1068479",0.926987728592358,0.00055847810330126,0.00454069686834689,0.0679130964359941
"GSE43696","Asthma","GSM1068480",0.947038658474885,0.00055028722714261,0.00265617692671526,0.0497548773712576
"GSE43696","Asthma","GSM1068481",0.947909407910899,0.00055398066239938,0.00228747210459607,0.0492491393221056
"GSE43696","Asthma","GSM1068482",0.958782683797695,0.000565165516727996,0.00688893098982598,0.0337632196957506
"GSE43696","Asthma","GSM1068483",0.940993767289877,0.000574488603451267,0.00460153735024631,0.0538302067564249
"GSE43696","Asthma","GSM1068484",0.944586253256497,0.000727758643448379,0.00430706642511652,0.0503789216749378
"GSE43696","Asthma","GSM1068485",0.936539647324197,0.000532016961512308,6.47683744446102e-07,0.062927688030546
"GSE43696","Asthma","GSM1068486",0.946513281506224,0.000492142777637643,0.00378080631534573,0.0492137694007923
"GSE43696","Asthma","GSM1068487",0.94762306594128,0.000810939434161889,0.00370820309272752,0.0478577915318302
"GSE43696","Asthma","GSM1068488",0.943877164055414,0.000362036208702905,0.00413914529919897,0.0516216544366845
"GSE43696","Asthma","GSM1068489",0.935715517221761,0.000602883391610309,0.00389953863974385,0.0597820607468844
"GSE43696","Asthma","GSM1068490",0.94648066686956,0.000790727097616544,0.00382388832565888,0.0489047177071643
"GSE43696","Asthma","GSM1068491",0.935430417420444,0.000604029113142012,0.00139873532042487,0.0625668181459888
"GSE43696","Asthma","GSM1068492",0.942243429502242,0.00034754675670766,0.00106136076724151,0.0563476629738093
"GSE43696","Asthma","GSM1068493",0.953120617359361,0.000638334705760431,0.00318376713438296,0.0430572808004956
"GSE43696","Asthma","GSM1068494",0.957008932485654,0.000421937354731749,0.00400366555437897,0.0385654646052354
"GSE43696","Asthma","GSM1068495",0.963882867648339,0.000521662580650063,0.00380531074812852,0.0317901590228822
"GSE43696","Asthma","GSM1068496",0.948640139203675,0.000447474865766492,0.00340745937681205,0.0475049265537465
"GSE43696","Asthma","GSM1068497",0.948346017874437,0.000650467915210433,0.00444218809527195,0.0465613261150803
"GSE43696","Asthma","GSM1068498",0.968090319124662,0.000507528844867437,0.00350991044656557,0.0278922415839052
"GSE43696","Asthma","GSM1068499",0.95894814516038,0.000769909890127097,0.00365678540015318,0.0366251595493401
"GSE43696","Asthma","GSM1068500",0.940207020349927,0.000858382254293175,0.00386290881434151,0.0550716885814383
"GSE43696","Asthma","GSM1068501",0.953787766318462,0.000422524566758702,0.00460887475983957,0.0411808343549396
"GSE43696","Asthma","GSM1068502",0.934875221281424,0.000363615995712759,0.000867924605244991,0.0638932381176187
"GSE43696","Asthma","GSM1068503",0.95026803420908,0.000436180652090494,0.00368600767457226,0.0456097774642577
"GSE43696","Asthma","GSM1068504",0.947445520092368,0.000353313942362519,0.00330622788772027,0.0488949380775489
"GSE43696","Asthma","GSM1068505",0.939219127577025,0.00149074148600817,0.00398715388783861,0.0553029770491279
"GSE43696","Asthma","GSM1068506",0.947071323074274,0.000369336867409736,0.00514073768822175,0.0474186023700949
"GSE43696","Asthma","GSM1068507",0.948815081971982,0.000578490344412147,0.0039025940550008,0.0467038336286054
"GSE43696","Asthma","GSM1068508",0.957943001600527,0.000404056297564874,0.00342978859920876,0.0382231535026997
"GSE43696","Asthma","GSM1068509",0.947418170923261,0.000628772761043754,0.00347890467349412,0.048474151642201
"GSE43696","Asthma","GSM1068510",0.955275705082437,0.000461711545077904,0.00366038359572242,0.040602199776763
"GSE43696","Asthma","GSM1068511",0.938957829090027,0.000627213211102953,0.0043483867680932,0.0560665709307764
"GSE43696","Asthma","GSM1068512",0.939491131062702,0.000321151038481591,0.00232949537661288,0.0578582225222036
"GSE43696","Asthma","GSM1068513",0.944817256712688,0.000557365514419899,0.0041631543915107,0.0504622233813811
"GSE43696","Asthma","GSM1068514",0.947617386638316,0.00027576511636605,0.00373432904819345,0.0483725191971245
"GSE43696","Asthma","GSM1068515",0.932703248179263,0.000371100461642904,0.00370782851883645,0.0632178228402573
"GSE43696","Asthma","GSM1068516",0.956275246891731,0.00032285889749274,0.0037768808094375,0.0396250134013385
"GSE43696","Asthma","GSM1068517",0.961890966760438,0.000549928138663272,0.00382070655536166,0.0337383985455376
"GSE43696","Asthma","GSM1068518",0.941266878872233,0.000337234938022973,0.00332502941528745,0.0550708567744565
"GSE43696","Asthma","GSM1068519",0.954928972768933,0.000718684296595911,0.00288806304621,0.0414642798882615
"GSE43696","Asthma","GSM1068520",0.959663027379487,0.000427391741695858,0.00389249367679261,0.0360170872020242
"GSE43696","Asthma","GSM1068521",0.96067572323837,0.00072416624813955,0.00294147870271724,0.0356586318107735
"GSE43696","Asthma","GSM1068522",0.933947376258933,0.000998270613797346,0.0045745113052066,0.0604798418220629
"GSE43696","Asthma","GSM1068523",0.951677733478568,0.000708349724681601,0.00416722704288821,0.0434466897538623
"GSE43696","Asthma","GSM1068524",0.954689229295259,0.000479405949840786,0.00416953137498801,0.0406618333799119
"GSE43696","Asthma","GSM1068525",0.948942215343128,0.000510908306197887,0.00399204383496622,0.0465548325157074
"GSE43696","Asthma","GSM1068526",0.947862521186261,0.00113854536122049,0.00432594341516819,0.0466729900373499
"GSE43696","Asthma","GSM1068527",0.948893026824407,0.00100139938395472,0.00437941174200401,0.0457261620496338
"GSE43696","Asthma","GSM1068528",0.936448531241503,0.000918755549036629,0.00372103661994226,0.0589116765895185
"GSE43696","Asthma","GSM1068529",0.94886433022066,0.000427664035026468,0.00207790653364634,0.0486300992106668
"GSE43696","Asthma","GSM1068530",0.946800890154161,0.000794792789710789,0.0040079112415998,0.0483964058145282
"GSE43696","Asthma","GSM1068531",0.930977539092476,0.00059986886787472,0.00459783306327665,0.0638247589763728
"GSE43696","Asthma","GSM1068532",0.953136604043347,0.000505102816143888,0.00438054005367474,0.0419777530868343
"GSE43696","Asthma","GSM1068533",0.883934907992138,0.000512984858885481,0.00139535416820337,0.114156752980773
"GSE43696","Asthma","GSM1068534",0.947303805137969,0.000536282810809466,0.00414755205239685,0.0480123599988249
"GSE43696","Asthma","GSM1068535",0.929744748808512,0.000574904510488886,0.00353739726744909,0.0661429494135495
"GSE43696","Asthma","GSM1068536",0.955735244613201,0.000822373667383317,0.00466032598281136,0.0387820557366045
"GSE43696","Asthma","GSM1068537",0.94296114356369,0.00104117106096777,0.00340935257013473,0.0525883328052075
"GSE43696","Asthma","GSM1068538",0.956186381405867,0.000574672771009903,0.00283654430534154,0.0404024015177815
"GSE43696","Asthma","GSM1068539",0.958386148801804,0.000429948887465514,0.003291765810447,0.0378921365002834
"GSE43696","Asthma","GSM1068540",0.950474714585066,0.000482729249726579,0.00360748843792285,0.0454350677272844
"GSE43696","Asthma","GSM1068541",0.95549562404867,0.000373765740287941,0.00386133735160257,0.0402692728594392
"GSE43696","Asthma","GSM1068542",0.950776887964044,0.000472441197719285,0.00365939796265025,0.0450912728755863
"GSE43696","Asthma","GSM1068543",0.93875606555342,0.000463959802574668,0.00363680303219173,0.0571431716118138
"GSE43696","Asthma","GSM1068544",0.958084032169465,0.000896990331079572,0.00302299916903911,0.0379959783304167
"GSE43696","Asthma","GSM1068545",0.948371275855553,0.000621860443147198,0.00343663983793278,0.0475702238633672
"GSE43696","Asthma","GSM1068546",0.950053404545845,0.000778403455840263,0.00167532474339592,0.0474928672549186
"GSE43696","Asthma","GSM1068547",0.957032402171902,0.000598992602338294,0.0030955162070427,0.0392730890187175
"GSE43696","Asthma","GSM1068548",0.938595846941966,0.000659751590941062,0.00442582574302508,0.0563185757240684
"GSE43696","Asthma","GSM1068549",0.936968288169766,0.0003141482109591,0.00142501843987418,0.061292545179401
"GSE43696","Asthma","GSM1068550",0.947620950226511,0.000755852639764091,0.00355826569347196,0.0480649314402527
"GSE43696","Asthma","GSM1068551",0.950834065998775,0.00111566072507041,0.00426581901059182,0.0437844542655627
"GSE43696","Asthma","GSM1068552",0.945494924356097,0.000940613383944891,0.00389590995839844,0.0496685523015591
"GSE43696","Asthma","GSM1068553",0.94975071606623,0.000855688209099882,0.00426413324041545,0.045129462484255
"GSE43696","Asthma","GSM1068554",0.954079000863374,0.000680097644524486,0.00402312584541239,0.0412177756466893
"GSE43696","Asthma","GSM1068555",0.957107905875829,0.000379675420369836,0.00417345304233447,0.0383389656614669
"GSE43696","Asthma","GSM1068556",0.853303170424194,0.000660839943589323,0.00239392238331903,0.143642067248897
"GSE43696","Asthma","GSM1068557",0.94071026151729,0.000523860877437433,0.00328568889614882,0.0554801887091233
"GSE43696","Asthma","GSM1068558",0.942418927614403,0.000626972169962894,0.0111258156306669,0.0458282845849672
"GSE43696","Asthma","GSM1068559",0.946840061925398,0.000751959999561292,0.00280651027370524,0.049601467801335
"GSE43696","Asthma","GSM1068560",0.946031305253026,0.000952346263626099,0.00347857124207715,0.0495377772412708
"GSE43696","Asthma","GSM1068561",0.953296054647953,0.000704839877752539,0.00607861874766456,0.0399204867266298
"GSE43696","Asthma","GSM1068562",0.946969931569042,0.000683392275971233,0.0122762829762531,0.040070393178734
"GSE43696","Asthma","GSM1068563",0.932294893110519,0.000451718734761056,0.00301445461694524,0.0642389335377743
"GSE43696","Asthma","GSM1068564",0.93051648034386,0.000728508364634165,0.00393711827881011,0.0648178930126955
"GSE43696","Asthma","GSM1068565",0.949585491329746,0.000533095045900039,0.0037896089220103,0.0460918047023437
"GSE67472","Asthma","GSM1647628",0.852468629344585,0.00334641396189955,0.0215006001500894,0.122684356543426
"GSE67472","Asthma","GSM1647629",0.888041034992547,0.00309033627642396,0.018942884558125,0.0899257441729035
"GSE67472","Asthma","GSM1647630",0.869827660152269,0.00301552475677725,0.0224105970863589,0.104746218004595
"GSE67472","Asthma","GSM1647631",0.867871920870523,0.00360786891870497,0.0188576793329106,0.109662530877862
"GSE67472","Asthma","GSM1647632",0.893885859553668,0.00275370408345686,0.015713382405367,0.0876470539575085
"GSE67472","Asthma","GSM1647633",0.837197381288566,0.00389084814890368,0.0180498139178962,0.140861956644634
"GSE67472","Asthma","GSM1647634",0.872327694068215,0.00366543850625389,0.0199236741189134,0.104083193306618
"GSE67472","Asthma","GSM1647635",0.861727743380757,0.00360368662144158,0.0184056264775894,0.116262943520212
"GSE67472","Asthma","GSM1647636",0.857823147003355,0.00322627214002712,0.017471006485822,0.121479574370796
"GSE67472","Asthma","GSM1647637",0.866549471225286,0.00496115569042896,0.0228861947813188,0.105603178302966
"GSE67472","Asthma","GSM1647638",0.854807078226445,0.00382674358346732,0.0204994738687652,0.120866704321322
"GSE67472","Asthma","GSM1647639",0.856447525923516,0.00351999074573858,0.0180808520266565,0.121951631304089
"GSE67472","Asthma","GSM1647640",0.843485215161631,0.00459813964169086,0.0211475341511509,0.130769111045527
"GSE67472","Asthma","GSM1647641",0.874015365691542,0.00342056808570018,0.0196398443215531,0.102924221901204
"GSE67472","Asthma","GSM1647642",0.868181135095782,0.00322500865053586,0.0194972985850097,0.109096557668673
"GSE67472","Asthma","GSM1647643",0.857099839716133,0.00369048564454071,0.0181892298297602,0.121020444809567
"GSE67472","Asthma","GSM1647644",0.867008085826933,0.00337970799261297,0.0198397143137019,0.109772491866752
"GSE67472","Asthma","GSM1647645",0.874579183630743,0.00333153750921544,0.0183075490580328,0.103781729802009
"GSE67472","Asthma","GSM1647646",0.869165950657171,0.00330423562404607,0.0177615333345753,0.109768280384208
"GSE67472","Asthma","GSM1647647",0.849784450185294,0.00400395454587963,0.0232820585986619,0.122929536670165
"GSE67472","Asthma","GSM1647648",0.877270716772034,0.0028188455842277,0.0156941390519039,0.104216298591835
"GSE67472","Asthma","GSM1647649",0.876538781436387,0.00291626426813938,0.0215036126125104,0.0990413416829631
"GSE67472","Asthma","GSM1647650",0.874877264659763,0.00275743539091873,0.0143575743688604,0.108007725580458
"GSE67472","Asthma","GSM1647651",0.863912394837071,0.00298122354484172,0.0193454639181401,0.113760917699947
"GSE67472","Asthma","GSM1647652",0.874689589786066,0.00338456494646867,0.0185967722624376,0.103329073005028
"GSE67472","Asthma","GSM1647653",0.859581137129259,0.00354500739686742,0.0198448154692067,0.117029040004667
"GSE67472","Asthma","GSM1647654",0.855671154957806,0.00369834798977858,0.0212296590135013,0.119400838038914
"GSE67472","Asthma","GSM1647655",0.855701560433438,0.00397295661612976,0.022312456667541,0.118013026282891
"GSE67472","Asthma","GSM1647656",0.885777701521015,0.00340008067487962,0.0176600627410151,0.0931621550630907
"GSE67472","Asthma","GSM1647657",0.871303601164022,0.00317707464162258,0.0173936156600704,0.108125708534285
"GSE67472","Asthma","GSM1647658",0.88319605461356,0.0030704176243593,0.0163886718285557,0.0973448559335244
"GSE67472","Asthma","GSM1647659",0.881172653004911,0.00285606618848655,0.0185937305625794,0.0973775502440231
"GSE67472","Asthma","GSM1647660",0.870257066277962,0.00296734399045575,0.0175319659252661,0.109243623806316
"GSE67472","Asthma","GSM1647661",0.865253780790878,0.00388374666478212,0.0197918108727214,0.111070661671618
"GSE67472","Asthma","GSM1647662",0.871801827938629,0.00329665629808453,0.0203591937096905,0.104542322053596
"GSE67472","Asthma","GSM1647663",0.863147938882524,0.00377239972263304,0.0192408930417238,0.113838768353119
"GSE67472","Asthma","GSM1647664",0.887268648292784,0.00269564712804041,0.019250420725662,0.0907852838535138
"GSE67472","Asthma","GSM1647665",0.86721957704248,0.00307106043792275,0.0188569337915522,0.110852428728045
"GSE67472","Asthma","GSM1647666",0.876419984687786,0.00343166947034958,0.0182577502159135,0.101890595625951
"GSE67472","Asthma","GSM1647667",0.873575534457494,0.00333682585524952,0.0176218326891054,0.105465806998151
"GSE67472","Asthma","GSM1647668",0.856981926153717,0.00466168246716738,0.0220435625816211,0.116312828797494
"GSE67472","Asthma","GSM1647669",0.864050027433168,0.00371382804027439,0.0208364329210252,0.111399711605533
"GSE67472","Asthma","GSM1647670",0.87418999067241,0.00348717857783874,0.0188216013830525,0.103501229366698
"GSE67472","Asthma","GSM1647671",0.87815834723656,0.00393763410507348,0.0190041011369002,0.0988999175214665
"GSE67472","Asthma","GSM1647672",0.882373596469823,0.00352885770843362,0.0210617799680715,0.0930357658536722
"GSE67472","Asthma","GSM1647673",0.870630653071668,0.00387113623247153,0.0191671981730687,0.106331012522791
"GSE67472","Asthma","GSM1647674",0.874500224983397,0.00319332012297933,0.0179298129103105,0.104376641983313
"GSE67472","Asthma","GSM1647675",0.861069094863607,0.00292835694997136,0.0191074967720344,0.116895051414388
"GSE67472","Asthma","GSM1647676",0.860922001726875,0.0032737645033851,0.0217531563385282,0.114051077431212
"GSE67472","Asthma","GSM1647677",0.854210124106036,0.0035360682069023,0.0182328715400041,0.124020936147058
"GSE67472","Asthma","GSM1647678",0.870918825921846,0.0031166870197616,0.020238449171881,0.105726037886512
"GSE67472","Asthma","GSM1647679",0.879911867725276,0.00308211866071288,0.0160331617154803,0.100972851898531
"GSE67472","Asthma","GSM1647680",0.879831957635246,0.00264618415374959,0.0170740336846579,0.100447824526346
"GSE67472","Asthma","GSM1647681",0.881164203073319,0.00304650772896895,0.0187325810613089,0.0970567081364029
"GSE67472","Asthma","GSM1647682",0.866593414397122,0.00289398321119177,0.0210321736255129,0.109480428766173
"GSE67472","Asthma","GSM1647683",0.87585254836741,0.00339832020785331,0.0194388854584468,0.10131024596629
"GSE67472","Asthma","GSM1647684",0.873961446255254,0.00287359644186296,0.0160131167927177,0.107151840510166
"GSE67472","Asthma","GSM1647685",0.863018770356843,0.00415445586987311,0.0242266075135422,0.108600166259742
"GSE67472","Asthma","GSM1647686",0.87842563856079,0.00315727543334501,0.0181740500401478,0.100243035965717
"GSE67472","Asthma","GSM1647687",0.859297570938782,0.00309158288277641,0.0247019668795917,0.11290887929885
"GSE67472","Asthma","GSM1647688",0.878181245274587,0.0031942148595408,0.0202151287349582,0.0984094111309136
"GSE67472","Asthma","GSM1647689",0.855199450979649,0.00404767200492001,0.0209691162554687,0.119783760759962
"GSE67472","Asthma","GSM1647690",0.867399962318802,0.00375169577411201,0.0177896801828041,0.111058661724281
"GSE67472","Asthma","GSM1647691",0.852488876798154,0.00431445646488342,0.0231013272284972,0.120095339508465
"GSE67472","Asthma","GSM1647692",0.864738962564741,0.00439236086135421,0.0181060907255607,0.112762585848344
"GSE67472","Asthma","GSM1647693",0.868297385981939,0.0031445424968039,0.020772923519808,0.107785148001449
"GSE67472","Asthma","GSM1647694",0.872865427167714,0.00330521261363895,0.0199506569936585,0.103878703224989
"GSE67472","Asthma","GSM1647695",0.876003769445569,0.00354465091408474,0.0169853632355185,0.103466216404828
"GSE67472","Asthma","GSM1647696",0.86528147851515,0.00377668636995892,0.0184109681536228,0.112530866961268
"GSE67472","Asthma","GSM1647697",0.842654294361393,0.00417004827422446,0.0190017460719362,0.134173911292446
"GSE67472","Asthma","GSM1647698",0.860028371494931,0.00349075004855691,0.0187166906326578,0.117764187823854
"GSE67472","Asthma","GSM1647699",0.864501375276067,0.00407238373814874,0.0200650157699227,0.111361225215862
"GSE67472","Asthma","GSM1647700",0.87787944116234,0.00317520862054974,0.0181284487837877,0.100816901433322
"GSE67472","Asthma","GSM1647701",0.892360628756364,0.00291752195403042,0.0187923378906936,0.0859295113989121
"GSE67472","Asthma","GSM1647702",0.84982201450189,0.00346442518042443,0.0222997271996813,0.124413833118005
"GSE67472","Asthma","GSM1647703",0.849765690737313,0.00350246273876887,0.0186206207171807,0.128111225806738
"GSE67472","Asthma","GSM1647704",0.877405098013553,0.00517412255816326,0.0201586895254296,0.097262089902854
"GSE67472","Asthma","GSM1647705",0.855154680799175,0.00433291817887528,0.0180622817649734,0.122450119256976
"GSE67472","Asthma","GSM1647706",0.864478740469201,0.00333819479230827,0.018715995704272,0.113467069034219
"GSE67472","Asthma","GSM1647707",0.875691906255421,0.00289871877943515,0.0161392520279763,0.105270122937168
"GSE67472","Asthma","GSM1647708",0.874511482436565,0.00303922324714738,0.0185998040995328,0.103849490216755
"GSE67472","Asthma","GSM1647709",0.830732967662574,0.00334471744906163,0.016712170292132,0.149210144596232
"GSE67472","Asthma","GSM1647710",0.861832219463844,0.00297837330803701,0.016886643452413,0.118302763775706
"GSE67472","Asthma","GSM1647711",0.867914381366506,0.0040223621817558,0.0194515127948744,0.108611743656864
"GSE67472","Asthma","GSM1647712",0.880881053371209,0.00325600482144385,0.0206571816936893,0.0952057601136574
"GSE67472","Asthma","GSM1647713",0.891459959858902,0.00364734100470846,0.0201238003008437,0.0847688988355461
"GSE67472","Asthma","GSM1647714",0.852003742818324,0.00379915357418233,0.01914782161945,0.125049281988044
"GSE67472","Asthma","GSM1647715",0.864981518499598,0.00335434978672515,0.0195302989626127,0.112133832751064
"GSE67472","Asthma","GSM1647716",0.870131041614161,0.00470956654003902,0.0213733688879476,0.103786022957852
"GSE67472","Asthma","GSM1647717",0.863651626882331,0.0033036784083718,0.0198140584694932,0.113230636239804
"GSE67472","Asthma","GSM1647718",0.876475880932402,0.00311423414963789,0.0168654069876264,0.103544477930334
"GSE67472","Asthma","GSM1647719",0.841000563640502,0.00408592298752025,0.0216695003290315,0.133244013042946
"GSE67472","Asthma","GSM1647720",0.854485221587728,0.00336754060329175,0.0202384163489431,0.121908821460037
"GSE67472","Asthma","GSM1647721",0.896231839579184,0.00265830588333473,0.0182038997091601,0.0829059548283213
"GSE67472","Asthma","GSM1647722",0.879014784355203,0.0037276167890766,0.0214180216365512,0.0958395772191692
"GSE67472","Asthma","GSM1647723",0.863004047610072,0.00318930933692007,0.019791110026636,0.114015533026372
"GSE67472","Asthma","GSM1647724",0.881567227642484,0.00358251834550553,0.0183252855119614,0.0965249685000492
"GSE67472","Asthma","GSM1647725",0.868779680164809,0.00345771094538012,0.0206858055716173,0.107076803318193
"GSE67472","Asthma","GSM1647726",0.84851155682769,0.00333340790680171,0.0145604238869481,0.13359461137856
"GSE67472","Asthma","GSM1647727",0.863263016908916,0.00324970327366543,0.0199333142762069,0.113553965541212
"GSE67472","Asthma","GSM1647728",0.883827943726922,0.00267781395335428,0.0200691068540733,0.0934251354656505
"GSE67472","Asthma","GSM1647729",0.86766207467383,0.00425941847906689,0.0216954168871064,0.106383089959997
"GSE67472","Asthma","GSM1647730",0.862133222906251,0.00329286558772913,0.0177739722374758,0.116799939268544
"GSE67472","Asthma","GSM1647731",0.875195283088062,0.00393231072778573,0.0176144330988976,0.103257973085255
"GSE67472","Asthma","GSM1647732",0.88451264052497,0.00311487620921195,0.0190863464873707,0.0932861367784478
"GSE27342","STAD","GSM675890",0.52346300085845,0.0335257615676087,0.106142022351066,0.336869215222876
"GSE27342","STAD","GSM675891",0.663785468376578,0.0722048640463513,0.0721203143941044,0.191889353182967
"GSE27342","STAD","GSM675892",0.763374170071361,0.0189634140942002,0.0558047918780539,0.161857623956385
"GSE27342","STAD","GSM675893",0.737540373018543,0.0302951726388296,0.0359962900700211,0.196168164272606
"GSE27342","STAD","GSM675894",0.664922850096817,0.0238103433431797,0.0725494525629364,0.238717353997068
"GSE27342","STAD","GSM675895",0.764508600687284,0.0375201510018404,0.0361466904458546,0.161824557865021
"GSE27342","STAD","GSM675896",0.668818802440528,0.0170170466943034,0.0532870092755722,0.260877141589596
"GSE27342","STAD","GSM675897",0.560091962725871,0.108635094550846,0.0934451468322552,0.237827795891028
"GSE27342","STAD","GSM675898",0.728915373143554,0.0176453690826268,0.0747451993840353,0.178694058389784
"GSE27342","STAD","GSM675899",0.748037973827054,0.0150550339204034,0.0555495182331374,0.181357474019406
"GSE27342","STAD","GSM675900",0.524635109395403,0.0964301542382429,0.111533725877389,0.267401010488965
"GSE27342","STAD","GSM675901",0.471712682043095,0.137880520453635,0.0728616440208092,0.317545153482461
"GSE27342","STAD","GSM675902",0.671368145869782,0.0343814936717576,0.104273582451191,0.189976778007269
"GSE27342","STAD","GSM675903",0.486043665613692,0.14684987997272,0.0944487751416142,0.272657679271973
"GSE27342","STAD","GSM675904",0.643318361385815,0.0173960750865335,0.0806571932891751,0.258628370238477
"GSE27342","STAD","GSM675905",0.639477713770232,0.1190619058822,0.0608379812081063,0.180622399139462
"GSE27342","STAD","GSM675906",0.78011831534386,0.019065818853646,0.0613305738768409,0.139485291925653
"GSE27342","STAD","GSM675907",0.714264780991517,0.0522680816513238,0.0592829220112889,0.17418421534587
"GSE27342","STAD","GSM675908",0.723799594473105,0.00957847815680386,0.0711978400861567,0.195424087283935
"GSE27342","STAD","GSM675909",0.696437349369425,0.0607014752888331,0.0514765934642406,0.191384581877501
"GSE27342","STAD","GSM675910",0.790106532247405,0.0132231185918516,0.0490942935885054,0.147576055572238
"GSE27342","STAD","GSM675911",0.557943553590049,0.068113983695295,0.0627544806936962,0.31118798202096
"GSE27342","STAD","GSM675912",0.739029182427144,0.0115751276868667,0.0377476460080299,0.211648043877959
"GSE27342","STAD","GSM675913",0.689033635123014,0.0533433550011701,0.064697118881526,0.19292589099429
"GSE27342","STAD","GSM675914",0.61398131558161,0.0570558964807893,0.0585950706651835,0.270367717272417
"GSE27342","STAD","GSM675915",0.613781325565377,0.0202563945040852,0.0816547286505779,0.28430755127996
"GSE27342","STAD","GSM675916",0.459754309292191,0.0771379219575855,0.0619643215401486,0.401143447210075
"GSE27342","STAD","GSM675917",0.477163820841582,0.213031684197861,0.152762027286968,0.157042467673588
"GSE27342","STAD","GSM675918",0.722696229644105,0.0142731520102973,0.061228854407687,0.201801763937911
"GSE27342","STAD","GSM675919",0.474617873642376,0.0344061265325572,0.046754760996357,0.444221238828709
"GSE27342","STAD","GSM675920",0.751920900541699,0.0162537915390817,0.0340650593959231,0.197760248523296
"GSE27342","STAD","GSM675921",0.56350757397239,0.0190710863021603,0.0433110146556354,0.374110325069814
"GSE27342","STAD","GSM675922",0.35832321738764,0.0766375103231389,0.0990190684758142,0.466020203813407
"GSE27342","STAD","GSM675923",0.583296995566524,0.019123889812625,0.0617613635229646,0.335817751097887
"GSE27342","STAD","GSM675924",0.608493379105625,0.0301727930504513,0.0705862585449264,0.290747569298997
"GSE27342","STAD","GSM675925",0.669431125239481,0.0205420013701292,0.0686179006538274,0.241408972736563
"GSE27342","STAD","GSM675926",0.58460657433711,0.0478338523345698,0.0743410211912033,0.293218552137117
"GSE27342","STAD","GSM675927",0.602769270235818,0.0341227365287223,0.100357021428099,0.262750971807361
"GSE27342","STAD","GSM675928",0.341668782137944,0.126108174090127,0.0916717298754957,0.440551313896433
"GSE27342","STAD","GSM675929",0.608970408788717,0.0171110062160505,0.0566132375231497,0.317305347472083
"GSE27342","STAD","GSM675930",0.551699615673795,0.0573587476938406,0.0814909257310856,0.309450710901278
"GSE27342","STAD","GSM675931",0.524986317706319,0.0813208225507718,0.156423567205492,0.237269292537416
"GSE27342","STAD","GSM675932",0.72279077528294,0.0243282878778146,0.0875871044959573,0.165293832343289
"GSE27342","STAD","GSM675933",0.493546695709616,0.141824233090164,0.0993264047104269,0.265302666489794
"GSE27342","STAD","GSM675934",0.699797843061941,0.0146664935744467,0.0675907737861144,0.217944889577498
"GSE27342","STAD","GSM675935",0.489793447460375,0.157904316657703,0.0728910274265611,0.279411208455361
"GSE27342","STAD","GSM675936",0.815822188840033,0.0124206211846783,0.055944439226296,0.115812750748993
"GSE27342","STAD","GSM675937",0.436502131599747,0.19477136033766,0.104301780918154,0.264424727144439
"GSE27342","STAD","GSM675938",0.754641724369917,0.0186800249489328,0.0600889788584806,0.166589271822669
"GSE27342","STAD","GSM675939",0.713307230434188,0.0482225100601768,0.0593198738544067,0.179150385651228
"GSE27342","STAD","GSM675940",0.402052851423336,0.108801129567299,0.0768188705302144,0.41232714847915
"GSE27342","STAD","GSM675941",0.735861681290357,0.0254935514913396,0.045422666887788,0.193222100330515
"GSE27342","STAD","GSM675942",0.592937789725475,0.0277965789365585,0.0475522570179348,0.331713374320032
"GSE27342","STAD","GSM675943",0.503515233875269,0.080771785276299,0.171603482516177,0.244109498332256
"GSE27342","STAD","GSM675944",0.592884558505946,0.0464151028348174,0.0625043701012797,0.298195968557957
"GSE27342","STAD","GSM675945",0.473470317196533,0.131518353877353,0.116058884777094,0.27895244414902
"GSE27342","STAD","GSM675946",0.689970716187258,0.0144488974787578,0.064505569994603,0.231074816339381
"GSE27342","STAD","GSM675947",0.704784706839115,0.0128762569456087,0.051244582847054,0.231094453368222
"GSE27342","STAD","GSM675948",0.729020593165795,0.0145728296351487,0.0428105494573874,0.213596027741669
"GSE27342","STAD","GSM675949",0.739312949155652,0.0555898221158574,0.0412472150681054,0.163850013660385
"GSE27342","STAD","GSM675950",0.725595783947106,0.0293837022805323,0.0955727352044161,0.149447778567945
"GSE27342","STAD","GSM675951",0.798261597245965,0.0266168626511461,0.0462275871431013,0.128893952959788
"GSE27342","STAD","GSM675952",0.713054491891746,0.0164782510579556,0.0582606286601417,0.212206628390156
"GSE27342","STAD","GSM675953",0.642498347003501,0.0336217324923521,0.0439343466875249,0.279945573816622
"GSE27342","STAD","GSM675954",0.652217645643558,0.0123415370779326,0.0547850090754869,0.280655808203022
"GSE27342","STAD","GSM675955",0.433154589627752,0.200917239380985,0.103460195476828,0.262467975514435
"GSE27342","STAD","GSM675956",0.73621716766115,0.0176509867719297,0.0775365087302693,0.168595336836651
"GSE27342","STAD","GSM675957",0.440742040664987,0.143696144909388,0.118541509394573,0.297020305031052
"GSE27342","STAD","GSM675958",0.76857594435514,0.0158969992700048,0.0489954826720057,0.16653157370285
"GSE27342","STAD","GSM675959",0.603680637885949,0.0230581863728581,0.117265169621058,0.255996006120135
"GSE27342","STAD","GSM675960",0.6939050471289,0.0221266911228562,0.066132695479948,0.217835566268296
"GSE27342","STAD","GSM675961",0.689770100572351,0.0144418918573718,0.100634445441729,0.195153562128548
"GSE27342","STAD","GSM675962",0.6858302871394,0.0400702179060187,0.0490974633455994,0.225002031608982
"GSE27342","STAD","GSM675963",0.726136905789066,0.0827957945463366,0.0354236145299022,0.155643685134695
"GSE27342","STAD","GSM675964",0.687285563788003,0.0308973953875127,0.107492845491987,0.174324195332498
"GSE27342","STAD","GSM675965",0.77752174132224,0.030168847229533,0.0424419030107225,0.149867508437504
"GSE27342","STAD","GSM675966",0.760583137033614,0.00472749586901227,0.0709126140758032,0.163776753021571
"GSE27342","STAD","GSM675967",0.775839245947288,0.0865007653942443,0.0435547783770901,0.0941052102813775
"GSE27342","STAD","GSM675968",0.615121643958667,0.019199658072227,0.0742616129335427,0.291417085035564
"GSE27342","STAD","GSM675969",0.706451981028523,0.0217657463315366,0.0684125878672842,0.203369684772656
"GSE27342","STAD","GSM675970",0.680332562565963,0.029679287471826,0.109351511985548,0.180636637976663
"GSE27342","STAD","GSM675971",0.55757458019458,0.135995652624639,0.0894840437755598,0.216945723405221
"GSE27342","STAD","GSM675972",0.676697660864585,0.0314019692902006,0.117160462139303,0.174739907705911
"GSE27342","STAD","GSM675973",0.596917699940531,0.0521425837316258,0.0939234470236951,0.257016269304148
"GSE27342","STAD","GSM675974",0.722287276634222,0.0175651376405734,0.0735814055366416,0.186566180188563
"GSE27342","STAD","GSM675975",0.778104690070653,0.018412842479625,0.0480731170611589,0.155409350388564
"GSE27342","STAD","GSM675976",0.689736933406014,0.0250365505951084,0.0877320775739613,0.197494438424916
"GSE27342","STAD","GSM675977",0.687684783293059,0.0232271230603852,0.0608519464761832,0.228236147170373
"GSE27342","STAD","GSM675978",0.75542230303593,0.0122771839838664,0.0552572285744697,0.177043284405734
"GSE27342","STAD","GSM675979",0.749947215268263,0.045576691457947,0.057890651020228,0.146585442253562
"GSE27342","STAD","GSM675980",0.726228201117603,0.0229332106381112,0.0796766297045259,0.17116195853976
"GSE27342","STAD","GSM675981",0.648805671962503,0.059127105986101,0.0871343742739868,0.204932847777409
"GSE27342","STAD","GSM675982",0.676571725969068,0.0438473685821668,0.105197746956728,0.174383158492038
"GSE27342","STAD","GSM675983",0.594836669933847,0.0409904187848174,0.144928540734854,0.219244370546481
"GSE27342","STAD","GSM675984",0.649669236087237,0.0491892347068725,0.0699161355044954,0.231225393701395
"GSE27342","STAD","GSM675985",0.575580504222663,0.0881910183542234,0.0856612643922512,0.250567213030863
"GSE27342","STAD","GSM675986",0.565182554206983,0.0580292995582025,0.0629453085255783,0.313842837709236
"GSE27342","STAD","GSM675987",0.669216600305805,0.0131191861493704,0.0874719886538712,0.230192224890954
"GSE27342","STAD","GSM675988",0.806588767035529,0.0147467793963659,0.0479321880873115,0.130732265480794
"GSE27342","STAD","GSM675989",0.699327756401304,0.0169549217909263,0.0672997743101771,0.216417547497592
"GSE27342","STAD","GSM675990",0.705400755339479,0.0140862352769661,0.0676616378394179,0.212851371544137
"GSE27342","STAD","GSM675991",0.744631798058675,0.0427198500246571,0.0713260195688495,0.141322332347818
"GSE27342","STAD","GSM675992",0.68876161267663,0.0125312307312096,0.0602722961141531,0.238434860478007
"GSE27342","STAD","GSM675993",0.747218766042788,0.0241014395365919,0.0559415083542888,0.172738286066331
"GSE27342","STAD","GSM675994",0.73742492990704,0.0164728497156258,0.0718063498040916,0.174295870573242
"GSE27342","STAD","GSM675995",0.656838548751877,0.0668642266719745,0.0535507006489695,0.222746523927179
"GSE27342","STAD","GSM675996",0.700888401551964,0.0176714866204747,0.0700806650953748,0.211359446732187
"GSE27342","STAD","GSM675997",0.614150981778942,0.0755522752443869,0.0772793991436103,0.23301734383306
"GSE27342","STAD","GSM675998",0.615247498779921,0.0292543451809112,0.0798973067741825,0.275600849264985
"GSE27342","STAD","GSM675999",0.690527044048087,0.0592802673574745,0.0499197201304593,0.20027296846398
"GSE27342","STAD","GSM676000",0.758936738227268,0.0140317437539633,0.0641575261028962,0.162873991915872
"GSE27342","STAD","GSM676001",0.483032479797042,0.102466215676863,0.125187601739452,0.289313702786643
"GSE27342","STAD","GSM676002",0.587899448546167,0.0424934409809899,0.119738823891307,0.249868286581536
"GSE27342","STAD","GSM676003",0.439028401790172,0.12577886993104,0.0823761308884846,0.352816597390303
"GSE27342","STAD","GSM676004",0.6640958725226,0.0206144475813999,0.0889384992510272,0.226351180644973
"GSE27342","STAD","GSM676005",0.338590064222248,0.134219621699721,0.0799596697826429,0.447230644295387
"GSE27342","STAD","GSM676006",0.614202852187726,0.0218622403100587,0.0678048510277637,0.296130056474452
"GSE27342","STAD","GSM676007",0.717683948011715,0.0187019866388223,0.0707013155240432,0.19291274982542
"GSE27342","STAD","GSM676008",0.675127842496743,0.0176289592227477,0.0689225238806844,0.238320674399824
"GSE27342","STAD","GSM676009",0.727940518826267,0.0517198011156293,0.048435630880776,0.171904049177328
"GSE27342","STAD","GSM676010",0.605740183314574,0.00960424554094324,0.0534976010036642,0.331157970140818
"GSE27342","STAD","GSM676011",0.79403336138395,0.0230295488092883,0.0344722412779976,0.148464848528765
"GSE27342","STAD","GSM676012",0.594349340601365,0.0146857224689183,0.0766095345897952,0.314355402339922
"GSE27342","STAD","GSM676013",0.469577217093593,0.205794061222268,0.0761269988675385,0.2485017228166
"GSE27342","STAD","GSM676014",0.638944803511485,0.0181901961887007,0.0546925810943484,0.288172419205466
"GSE27342","STAD","GSM676015",0.753235749546231,0.0115288556211806,0.063316118310237,0.171919276522352
"GSE27342","STAD","GSM676016",0.581402847432328,0.109699671802072,0.0852159872165876,0.223681493549012
"GSE27342","STAD","GSM676017",0.71595889081376,0.0565007613903491,0.0527437730387771,0.174796574757114
"GSE27342","STAD","GSM676018",0.65631805940278,0.00990646988258356,0.11260926316304,0.221166207551596
"GSE27342","STAD","GSM676019",0.73273329462354,0.0172304457823424,0.0727903898593842,0.177245869734734
"GSE27342","STAD","GSM676020",0.739275682700854,0.0524837197726103,0.0758727420943211,0.132367855432215
"GSE27342","STAD","GSM676021",0.680706406237102,0.0221902469177883,0.0600859382071672,0.237017408637943
"GSE27342","STAD","GSM676022",0.676639150125902,0.123220844573467,0.0518092686449701,0.148330736655661
"GSE27342","STAD","GSM676023",0.781479829706793,0.056316411193305,0.0539575278587329,0.108246231241169
"GSE27342","STAD","GSM676024",0.656082951374279,0.0248497114769393,0.0858387022296315,0.23322863491915
"GSE27342","STAD","GSM676025",0.819679157661373,0.00784830011349071,0.0505366125244141,0.121935929700722
"GSE27342","STAD","GSM676026",0.630368589731821,0.0695664499650783,0.0684847106306664,0.231580249672434
"GSE27342","STAD","GSM676027",0.560269314078639,0.0611048980256441,0.0672617128862,0.311364075009517
"GSE27342","STAD","GSM676028",0.717836624216929,0.02585558354257,0.0888536888164667,0.167454103424034
"GSE27342","STAD","GSM676029",0.545626466648236,0.151611292013579,0.0921146713391229,0.210647569999062
"GSE27342","STAD","GSM676030",0.725078878261531,0.0226530736472879,0.105804789156328,0.146463258934854
"GSE27342","STAD","GSM676031",0.555434557897526,0.127372258768649,0.108906100356611,0.208287082977214
"GSE27342","STAD","GSM676032",0.71764556640449,0.045492137450204,0.0803134475745272,0.156548848570778
"GSE27342","STAD","GSM676033",0.747379950186815,0.0406250662995108,0.0634535894493456,0.148541394064329
"GSE27342","STAD","GSM676034",0.628403479174159,0.012181208816224,0.0906126143795829,0.268802697630034
"GSE27342","STAD","GSM676035",0.713712995059887,0.020014587137315,0.0426270690000756,0.223645348802723
"GSE27342","STAD","GSM676036",0.768979438477295,0.00895400311354874,0.0526823140264182,0.169384244382738
"GSE27342","STAD","GSM676037",0.694163965760157,0.0407021417532082,0.0419785347175472,0.223155357769088
"GSE27342","STAD","GSM676038",0.573448997118537,0.0158992527152407,0.0662587197001858,0.344393030466036
"GSE27342","STAD","GSM676039",0.741352058676317,0.00859673595162489,0.0980193137211647,0.152031891650894
"GSE27342","STAD","GSM676040",0.806221605721894,0.0518693326129223,0.0507313448012664,0.0911777168639176
"GSE27342","STAD","GSM676041",0.593521580086104,0.0826029912918427,0.0707037062835496,0.253171722338503
"GSE27342","STAD","GSM676042",0.700239829382805,0.0209096010560723,0.0670099600512473,0.211840609509875
"GSE27342","STAD","GSM676043",0.680771743744517,0.162175700583211,0.0211851888146704,0.135867366857601
"GSE27342","STAD","GSM676044",0.770403398769416,0.0169987939808726,0.0589293030674295,0.153668504182282
"GSE27342","STAD","GSM676045",0.487528513221642,0.122591506779641,0.064508543985215,0.325371436013502
"GSE27342","STAD","GSM676046",0.593701008708351,0.0164427900796575,0.0548259122968062,0.335030288915185
"GSE27342","STAD","GSM676047",0.710594805559522,0.0177016862691306,0.037928783988054,0.233774724183293
"GSE27342","STAD","GSM676048",0.490362721093161,0.0381060464284404,0.114817008739582,0.356714223738816
"GSE27342","STAD","GSM676049",0.620841619791194,0.084643352912229,0.0792604348368384,0.215254592459738
"GSE63089","STAD","GSM1540871",0.672438752569688,0.0604250354827679,0.105786922899002,0.161349289048542
"GSE63089","STAD","GSM1540872",0.746861373002449,0.0296753405831167,0.0656760828824207,0.157787203532014
"GSE63089","STAD","GSM1540873",0.771031301716514,0.0329166746276554,0.0615923137428567,0.134459709912974
"GSE63089","STAD","GSM1540874",0.596538333693366,0.0876123006981355,0.135469552012405,0.180379813596093
"GSE63089","STAD","GSM1540875",0.765602419439468,0.0133335926562982,0.0749299214345172,0.146134066469716
"GSE63089","STAD","GSM1540876",0.547594983636094,0.110428843360277,0.100774917164008,0.241201255839621
"GSE63089","STAD","GSM1540877",0.576290333871473,0.114805633545901,0.104919800296596,0.203984232286031
"GSE63089","STAD","GSM1540878",0.660337898468211,0.0983310353095568,0.0876391302321326,0.1536919359901
"GSE63089","STAD","GSM1540879",0.730706901347385,0.047177298728537,0.0838287314025734,0.138287068521505
"GSE63089","STAD","GSM1540880",0.72866795680496,0.05061086789746,0.0727711927265276,0.147949982571053
"GSE63089","STAD","GSM1540881",0.494684209317209,0.192756921955465,0.189976662373958,0.122582206353368
"GSE63089","STAD","GSM1540882",0.501580576116361,0.0825143750730387,0.225153991928225,0.190751056882376
"GSE63089","STAD","GSM1540883",0.529860587372844,0.152973827890916,0.122339488321456,0.194826096414784
"GSE63089","STAD","GSM1540884",0.512543512738365,0.176388578874606,0.0959533231279073,0.215114585259122
"GSE63089","STAD","GSM1540885",0.45131748031779,0.206639492041225,0.138398696660564,0.203644330980421
"GSE63089","STAD","GSM1540886",0.779357694901629,0.0261408368676925,0.0557787688318199,0.138722699398859
"GSE63089","STAD","GSM1540887",0.489027422644648,0.0838801069599473,0.23110280743424,0.195989662961164
"GSE63089","STAD","GSM1540888",0.538878124283086,0.140368888124425,0.121410414058632,0.199342573533857
"GSE63089","STAD","GSM1540889",0.749992735642417,0.0587089237827848,0.0696281792744711,0.121670161300327
"GSE63089","STAD","GSM1540890",0.805531227530565,0.0260626602762149,0.0595198096302018,0.108886302563018
"GSE63089","STAD","GSM1540891",0.704457855559861,0.0306319288082106,0.0697595156400261,0.195150699991902
"GSE63089","STAD","GSM1540892",0.476134772609197,0.19337657719176,0.137850544226839,0.192638105972204
"GSE63089","STAD","GSM1540893",0.537223304347897,0.158286502332915,0.0977524630824922,0.206737730236695
"GSE63089","STAD","GSM1540894",0.744657966518886,0.0224120082701866,0.0722338479445069,0.160696177266421
"GSE63089","STAD","GSM1540895",0.740975935194374,0.0871440857867378,0.0524123475699804,0.119467631448908
"GSE63089","STAD","GSM1540896",0.791498492735665,0.0301740541109242,0.0596899530961598,0.118637500057251
"GSE63089","STAD","GSM1540897",0.741581407674417,0.0222938682310652,0.0974433720541567,0.138681352040361
"GSE63089","STAD","GSM1540898",0.616904689418806,0.151896680663259,0.0877084756079771,0.143490154309958
"GSE63089","STAD","GSM1540899",0.679570892607227,0.0546936384916606,0.0969603353181102,0.168775133583003
"GSE63089","STAD","GSM1540900",0.737315791799974,0.0226210044268876,0.0742264950821905,0.165836708690948
"GSE63089","STAD","GSM1540901",0.774693580246735,0.0471708174086691,0.0678580636296544,0.110277538714941
"GSE63089","STAD","GSM1540902",0.729221530304535,0.0495191647679666,0.0724773143813446,0.148781990546154
"GSE63089","STAD","GSM1540903",0.761511952889439,0.0171563679060145,0.0689308313672163,0.15240084783733
"GSE63089","STAD","GSM1540904",0.75772432349642,0.0396273981713557,0.0916829939547496,0.110965284377475
"GSE63089","STAD","GSM1540905",0.778536256626153,0.0234057710450453,0.0672400303169306,0.130817942011871
"GSE63089","STAD","GSM1540906",0.691576073047817,0.0599278986666441,0.0759722389910676,0.172523789294472
"GSE63089","STAD","GSM1540907",0.665158587712567,0.0617925944681844,0.101998956986666,0.171049860832582
"GSE63089","STAD","GSM1540908",0.733719767967804,0.0517885045278411,0.0634961683209173,0.150995559183437
"GSE63089","STAD","GSM1540909",0.505901623416021,0.105380152407219,0.140539968179361,0.248178255997399
"GSE63089","STAD","GSM1540910",0.757300221751087,0.0515962853890921,0.0764170413768071,0.114686451483013
"GSE63089","STAD","GSM1540911",0.82893927997352,0.022861330348332,0.0464740320441873,0.10172535763396
"GSE63089","STAD","GSM1540912",0.724196985252171,0.0531047330699002,0.0796273241766952,0.143070957501233
"GSE63089","STAD","GSM1540913",0.803352247201057,0.0519358172831269,0.0632521297821158,0.0814598057337003
"GSE63089","STAD","GSM1540914",0.743971082209653,0.0412185983811799,0.0930908444288866,0.121719474980281
"GSE63089","STAD","GSM1540915",0.766216300796495,0.0201731520835723,0.071227837499244,0.142382709620688
"GSE63089","STAD","GSM1540916",0.742641641404335,0.017634090022263,0.0906548576923041,0.149069410881098
"GSE63089","STAD","GSM1540917",0.718781474846686,0.0185537842428386,0.0925237620561148,0.17014097885436
"GSE63089","STAD","GSM1540918",0.698738863632817,0.0146682627436499,0.0839890643758634,0.202603809247669
"GSE63089","STAD","GSM1540919",0.746018205636402,0.01613585902397,0.0951593900055136,0.142686545334115
"GSE63089","STAD","GSM1540920",0.576261724298379,0.0764321138487677,0.15363923172917,0.193666930123683
"GSE63089","STAD","GSM1540921",0.712277100187429,0.0279482679274954,0.122554160932377,0.137220470952699
"GSE63089","STAD","GSM1540922",0.707818444730618,0.0159710189460146,0.0974758770007075,0.17873465932266
"GSE63089","STAD","GSM1540923",0.742046298840445,0.0212306239661587,0.0895373926212546,0.147185684572142
"GSE63089","STAD","GSM1540924",0.761398564046866,0.0108807408486305,0.0761793921628919,0.151541302941611
"GSE63089","STAD","GSM1540925",0.802149958487674,0.0116418040719592,0.0625805544863631,0.123627682954003
"GSE63089","STAD","GSM1540926",0.693477165541499,0.0156261864205638,0.105794305551522,0.185102342486415
"GSE63089","STAD","GSM1540927",0.730737507313463,0.0231902506178935,0.108809678809728,0.137262563258915
"GSE63089","STAD","GSM1540928",0.728393048920211,0.0146528667158649,0.0924711479518343,0.16448293641209
"GSE63089","STAD","GSM1540929",0.805953811261874,0.012422910639943,0.0788705152738157,0.102752762824367
"GSE63089","STAD","GSM1540930",0.772554783191271,0.0176025582808806,0.0796633767937893,0.130179281734059
"GSE63089","STAD","GSM1540931",0.676050101991464,0.0262725259348185,0.0669567171938035,0.230720654879914
"GSE63089","STAD","GSM1540932",0.645774930377471,0.0433940798359353,0.0917512053141279,0.219079784472466
"GSE63089","STAD","GSM1540933",0.735722874681343,0.0139956778435779,0.0889494038631711,0.161332043611908
"GSE63089","STAD","GSM1540934",0.737461245969435,0.0246188561440255,0.117454920082338,0.120464977804201
"GSE63089","STAD","GSM1540935",0.758519210140616,0.0145352375594932,0.0800505150372277,0.146895037262664
"GSE63089","STAD","GSM1540936",0.705693767628115,0.0121210375553563,0.0710917073332287,0.2110934874833
"GSE63089","STAD","GSM1540937",0.775626951929321,0.0165446846436532,0.0806431026638563,0.127185260763169
"GSE63089","STAD","GSM1540938",0.788912550985465,0.0144892038014515,0.0739106758609527,0.122687569352131
"GSE63089","STAD","GSM1540939",0.720652840950989,0.0397210065901383,0.0739764656849238,0.165649686773948
"GSE63089","STAD","GSM1540940",0.702494414170864,0.0300236514102235,0.140012020447599,0.127469913971313
"GSE63089","STAD","GSM1540941",0.695505332047655,0.0148545369465111,0.11952660657883,0.170113524427004
"GSE63089","STAD","GSM1540942",0.707087155740999,0.0302982959535043,0.141504920946246,0.121109627359251
"GSE63089","STAD","GSM1540943",0.723362404117155,0.0357402655464836,0.104609557961457,0.136287772374904
"GSE63089","STAD","GSM1540944",0.75208699364211,0.0254612577470116,0.0988697102750683,0.12358203833581
"GSE63089","STAD","GSM1540945",0.803176084679009,0.0124608065671746,0.0619319105229727,0.122431198230844
"GSE63089","STAD","GSM1540946",0.781368620710357,0.0203480880498353,0.0874220945451454,0.110861196694662
"GSE63089","STAD","GSM1540947",0.73949108584915,0.0137876455102185,0.082186289030073,0.164534979610558
"GSE63089","STAD","GSM1540948",0.745959706219636,0.0143009072616315,0.0806001008562681,0.159139285662464
"GSE63089","STAD","GSM1540949",0.733452913158059,0.0118311583037776,0.0752529896820643,0.179462938856099
"GSE63089","STAD","GSM1540950",0.757104981554861,0.0177153224238882,0.090142890697979,0.135036805323272
"GSE63089","STAD","GSM1540951",0.745607522911841,0.0162337021974057,0.0866569815990965,0.151501793291656
"GSE63089","STAD","GSM1540952",0.679482893801137,0.024532753209571,0.103601656148265,0.192382696841027
"GSE63089","STAD","GSM1540953",0.783234882630441,0.0128871454027843,0.0806684882295441,0.12320948373723
"GSE63089","STAD","GSM1540954",0.696368609820619,0.0217017938240019,0.123045371814043,0.158884224541337
"GSE63089","STAD","GSM1540955",0.720734843985582,0.00895524045814834,0.0611915252466782,0.209118390309591
"GSE63089","STAD","GSM1540956",0.713080466509522,0.0124390066520848,0.0756127290184449,0.198867797819949
"GSE63089","STAD","GSM1540957",0.73339743058662,0.0159433286298278,0.0748645685417729,0.175794672241779
"GSE63089","STAD","GSM1540958",0.711169729594283,0.0524466052121976,0.0981499886008756,0.138233676592643
"GSE63089","STAD","GSM1540959",0.692716424411598,0.0136337457767408,0.100590794081087,0.193059035730574
"GSE63089","STAD","GSM1540960",0.792724675726211,0.00957383168136348,0.0712157400439789,0.126485752548447
"GSE13911","STAD","GSM350411",0.825319283530571,0.0141754568023581,0.0313724455591027,0.129132814107968
"GSE13911","STAD","GSM350412",0.834463968935074,0.00740496250411848,0.061764494246823,0.0963665743139844
"GSE13911","STAD","GSM350413",0.770536970192027,0.0332285416468225,0.0457719619520492,0.150462526209101
"GSE13911","STAD","GSM350414",0.775141967381695,0.00915827998398331,0.0672994610640377,0.148400291570283
"GSE13911","STAD","GSM350415",0.813036542584101,0.011488521642934,0.048740120709543,0.126734815063422
"GSE13911","STAD","GSM350416",0.703188977568481,0.031819919254845,0.0665527727020866,0.198438330474587
"GSE13911","STAD","GSM350417",0.845278890269343,0.00711272554277061,0.0513277984223766,0.0962805857655101
"GSE13911","STAD","GSM350418",0.819079561220063,0.0207089977929034,0.0277347977714958,0.132476643215538
"GSE13911","STAD","GSM350419",0.763621408487192,0.00668336725676752,0.0664751115944348,0.163220112661606
"GSE13911","STAD","GSM350420",0.812663200638167,0.00719482407478001,0.037436008155506,0.142705967131547
"GSE13911","STAD","GSM350421",0.743433651858997,0.00947676238927764,0.0605366252431678,0.186552960508557
"GSE13911","STAD","GSM350422",0.648861596835435,0.0234715108538176,0.0630266487270353,0.264640243583713
"GSE13911","STAD","GSM350423",0.818220195053784,0.00894364018881649,0.0524482705561326,0.120387894201267
"GSE13911","STAD","GSM350424",0.792642521202732,0.00477143521992274,0.0631962625067468,0.139389781070599
"GSE13911","STAD","GSM350425",0.557877975306886,0.0296541172656459,0.0856386520553171,0.326829255372151
"GSE13911","STAD","GSM350426",0.82107524823606,0.00658018877008543,0.0389358068570985,0.133408756136756
"GSE13911","STAD","GSM350427",0.697115148350228,0.0179251076363994,0.0811926538912248,0.203767090122147
"GSE13911","STAD","GSM350428",0.817720980549848,0.0088506195041423,0.0439845033641056,0.129443896581904
"GSE13911","STAD","GSM350429",0.839296834233432,0.0149546409382041,0.0671765021373473,0.0785720226910166
"GSE13911","STAD","GSM350430",0.778830013925669,0.0132610828745447,0.0758097599673741,0.132099143232412
"GSE13911","STAD","GSM350431",0.840089691997069,0.00970739555059155,0.0567069781831858,0.0934959342691539
"GSE13911","STAD","GSM350432",0.888783336804812,0.016684515403059,0.0312785997007132,0.063253548091416
"GSE13911","STAD","GSM350433",0.825471994930721,0.00900045511456352,0.0487323687400746,0.116795181214641
"GSE13911","STAD","GSM350434",0.758948958642368,0.0235695349611469,0.0537509915170971,0.163730514879388
"GSE13911","STAD","GSM350435",0.766006479718651,0.00742958459123054,0.0656179623809611,0.160945973309158
"GSE13911","STAD","GSM350436",0.852592738946741,0.0143044945148548,0.0215053085300983,0.111597458008306
"GSE13911","STAD","GSM350437",0.758429902354176,0.0110375231297032,0.0514466220895914,0.17908595242653
"GSE13911","STAD","GSM350438",0.798677038998316,0.00884347349998433,0.0428169066117592,0.14966258088994
"GSE13911","STAD","GSM350439",0.824545069784139,0.00912301703346243,0.0478538098074892,0.11847810337491
"GSE13911","STAD","GSM350440",0.78931924144333,0.0157345013910854,0.0763420414226445,0.11860421574294
"GSE13911","STAD","GSM350441",0.789131935591802,0.00854277605291743,0.0392880406509338,0.163037247704347
"GSE13911","STAD","GSM350442",0.725669701084077,0.0185927941314292,0.0451424580426846,0.210595046741809
"GSE13911","STAD","GSM350443",0.777265681304129,0.0107913470395221,0.0541545910335049,0.157788380622844
"GSE13911","STAD","GSM350444",0.72418642268617,0.00997417592055069,0.0611384207380436,0.204700980655236
"GSE13911","STAD","GSM350445",0.834082686257013,0.00795476787301306,0.0378973352455627,0.120065210624411
"GSE13911","STAD","GSM350446",0.73976685020059,0.00864431321558702,0.064638500928092,0.186950335655731
"GSE13911","STAD","GSM350447",0.813618590837582,0.0115409363438378,0.0235586448521882,0.151281827966392
"GSE13911","STAD","GSM350448",0.818014784850098,0.0086213568192301,0.0473338178471713,0.126030040483501
"GSE13911","STAD","GSM350449",0.8902715293401,0.0140595913668541,0.0315936453374705,0.0640752339555753
"GSE13911","STAD","GSM350450",0.861745017164847,0.00694715127040437,0.0402325515006334,0.091075280064115
"GSE13911","STAD","GSM350451",0.800154510856432,0.0114876976564607,0.040437471687821,0.147920319799287
"GSE13911","STAD","GSM350452",0.69181299773022,0.0109519260395201,0.0680985638974833,0.229136512332777
"GSE13911","STAD","GSM350453",0.874549047118382,0.00320482075632582,0.0166071838975911,0.105638948227701
"GSE13911","STAD","GSM350454",0.801888447570254,0.00928159234469821,0.0438786476038152,0.144951312481233
"GSE13911","STAD","GSM350455",0.6685593071008,0.0296758745205353,0.0359604510485922,0.265804367330072
"GSE13911","STAD","GSM350456",0.808349123399756,0.00594425683650506,0.0706650739543143,0.115041545809425
"GSE13911","STAD","GSM350457",0.815278440014634,0.00860285884651865,0.0346821882730022,0.141436512865845
"GSE13911","STAD","GSM350458",0.716044597555921,0.0124109354541168,0.0535076712713036,0.218036795718659
"GSE13911","STAD","GSM350459",0.825321506043116,0.00900135286347296,0.0400854248773634,0.125591716216048
"GSE13911","STAD","GSM350460",0.805117557303113,0.00871743470708996,0.0549765862046693,0.131188421785127
"GSE13911","STAD","GSM350461",0.787868446933509,0.0212698239464995,0.0505127832902552,0.140348945829736
"GSE13911","STAD","GSM350462",0.805899429188606,0.00859219855043006,0.0531370682853603,0.132371303975604
"GSE13911","STAD","GSM350463",0.818050237271378,0.041928131175277,0.0426463723736847,0.0973752591796606
"GSE13911","STAD","GSM350464",0.771800919342567,0.0104544510280213,0.0549181562874639,0.162826473341948
"GSE13911","STAD","GSM350465",0.810377908599749,0.017810929767453,0.0354374869861726,0.136373674646625
"GSE13911","STAD","GSM350466",0.751129124551539,0.0142554779149812,0.0329084808982585,0.201706916635221
"GSE13911","STAD","GSM350467",0.777064586040355,0.00926653341707917,0.0581502483953398,0.155518632147226
"GSE13911","STAD","GSM350468",0.289387514499772,0.016956046011432,0.0568532355058057,0.636803203982991
"GSE13911","STAD","GSM350469",0.348247502423412,0.0174288745500605,0.0517566883502614,0.582566934676266
"GSE13911","STAD","GSM350470",0.841084067952161,0.032587046514475,0.0384229324070143,0.0879059531263502
"GSE13911","STAD","GSM350471",0.782947310964849,0.0131495850503359,0.0376435061990211,0.166259597785793
"GSE13911","STAD","GSM350472",0.710265104681786,0.00763712434667137,0.0486367996375301,0.233460971334013
"GSE13911","STAD","GSM350473",0.836339663515957,0.016591888332764,0.0303620913344423,0.116706356816836
"GSE13911","STAD","GSM350474",0.671909030457539,0.030212138362305,0.0367165680607335,0.261162263119422
"GSE13911","STAD","GSM350475",0.829911898270431,0.00750286656852363,0.0465891858326892,0.115996049328357
"GSE13911","STAD","GSM350476",0.536599440753067,0.0117302993633322,0.0248656899457677,0.426804569937833
"GSE13911","STAD","GSM350477",0.793109980607917,0.00885950921728495,0.0537528604008933,0.144277649773904
"GSE13911","STAD","GSM350478",0.815878421170542,0.0167827303927114,0.0445633131854031,0.122775535251343
"GSE13911","STAD","GSM350479",0.842846568079717,0.00675554989546126,0.0545005114527492,0.0958973705720729
"GSE15471","PAAD","GSM388076",0.445934445203633,0.015597256446763,0.184940195755352,0.353528102594253
"GSE15471","PAAD","GSM388078",0.872477604559325,0.0052647225681838,0.0420878279232979,0.0801698449491937
"GSE15471","PAAD","GSM388080",0.885251405837327,0.00425157033396041,0.0392586450377269,0.0712383787909858
"GSE15471","PAAD","GSM388082",0.88082563419885,0.00412178041412662,0.0417306378833664,0.0733219475036569
"GSE15471","PAAD","GSM388083",3.82360435046634e-08,0.00752557570099356,0.087056137602665,0.905418248460298
"GSE15471","PAAD","GSM388084",0.877326014541067,0.00526364296515341,0.0472580769916862,0.0701522655020933
"GSE15471","PAAD","GSM388085",0.428083457295785,0.0715573658053447,0.099179896858295,0.401179280040575
"GSE15471","PAAD","GSM388086",0.76482584339836,0.0134968060070235,0.0627910037665207,0.158886346828096
"GSE15471","PAAD","GSM388087",0.750016736445372,0.00501168126617409,0.0345364552150772,0.210435127073377
"GSE15471","PAAD","GSM388088",0.669039931979411,0.00849542140627404,0.0428300510151905,0.279634595599124
"GSE15471","PAAD","GSM388089",0.783100565008334,0.010131892318045,0.0483361149625888,0.158431427711032
"GSE15471","PAAD","GSM388090",0.856815787910158,0.00600789779886672,0.0552381876311973,0.0819381266597779
"GSE15471","PAAD","GSM388091",0.509974362777254,0.0511218272044517,0.132396009580796,0.306507800437498
"GSE15471","PAAD","GSM388092",0.878967722263306,0.00867967111157274,0.0350788441424334,0.077273762482688
"GSE15471","PAAD","GSM388093",0.855003786824903,0.0146064434405495,0.0463710225804645,0.0840187471540831
"GSE15471","PAAD","GSM388094",0.883061122418443,0.00484548024378828,0.0369905033282075,0.075102894009561
"GSE15471","PAAD","GSM388095",0.862857999810488,0.00940285992129303,0.0487316483100043,0.079007491958215
"GSE15471","PAAD","GSM388096",0.751042413899223,0.0545420181179327,0.0689179487532992,0.125497619229545
"GSE15471","PAAD","GSM388097",0.542722160660039,0.0773065381444856,0.150968693795777,0.229002607399698
"GSE15471","PAAD","GSM388098",0.882782934456045,0.00466404110219364,0.043888702166354,0.0686643222754074
"GSE15471","PAAD","GSM388099",0.823217313843225,0.0372879972717067,0.0446630302442758,0.0948316586407919
"GSE15471","PAAD","GSM388100",0.882390152164858,0.00597947838672665,0.0409995537782776,0.0706308156701375
"GSE15471","PAAD","GSM388101",0.872777532516708,0.00437854260923986,0.0452701313974781,0.0775737934765743
"GSE15471","PAAD","GSM388102",0.875302690793703,0.00674741597742388,0.041082620651986,0.0768672725768876
"GSE15471","PAAD","GSM388103",0.878890928171772,0.00638739974101532,0.0376461921130943,0.0770754799741188
"GSE15471","PAAD","GSM388104",0.000411482492479777,0.0278007327843782,0.0979385552813224,0.87384922944182
"GSE15471","PAAD","GSM388105",0.697611513239222,0.0707341093813373,0.0477476903585035,0.183906687020937
"GSE15471","PAAD","GSM388106",0.752756400364816,0.00466051143991239,0.0351407577885491,0.207442330406723
"GSE15471","PAAD","GSM388107",0.706160490430596,0.00631385628254892,0.039664576784402,0.247861076502453
"GSE15471","PAAD","GSM388108",0.875422512810066,0.00595050234353094,0.0443328389613368,0.0742941458850668
"GSE15471","PAAD","GSM388109",0.875396154167748,0.00612180487134005,0.0419890992174993,0.0764929417434123
"GSE15471","PAAD","GSM388110",0.871165294573484,0.00532230237234711,0.0525156619278811,0.0709967411262881
"GSE15471","PAAD","GSM388111",0.833142815089267,0.00790154764398294,0.0620438359980996,0.0969118012686509
"GSE15471","PAAD","GSM388112",0.872818886412325,0.00548198905999013,0.048486528298222,0.0732125962294626
"GSE15471","PAAD","GSM388113",0.86938201478506,0.0099760705166386,0.0435357840566455,0.0771061306416555
"GSE15471","PAAD","GSM388114",1.75582274848323e-09,0.00661057375834152,0.0343206466075788,0.959068777878257
"GSE15471","PAAD","GSM388115",0.50402843403999,0.0697746607964776,0.0912921826415137,0.334904722522018
"GSE15471","PAAD","GSM388117",0.759465102214377,0.0625826527209335,0.0486441984661215,0.129308046598568
"GSE15471","PAAD","GSM388119",0.740993395360647,0.0486450336961558,0.0439122261850778,0.16644934475812
"GSE15471","PAAD","GSM388121",0.784187695929507,0.066272718686979,0.0506498124266311,0.0988897729568834
"GSE15471","PAAD","GSM388122",0.455875775329551,0.0916985432255758,0.111141789095017,0.341283892349856
"GSE15471","PAAD","GSM388123",0.770655027685267,0.0410056452170346,0.0701605223553689,0.11817880474233
"GSE15471","PAAD","GSM388124",0.180530781412873,0.0220164038578092,0.083233605300057,0.714219209429261
"GSE15471","PAAD","GSM388125",0.469725890377183,0.0640453506617234,0.109565680154176,0.356663078806918
"GSE15471","PAAD","GSM388126",0.679011925302764,0.0401927703948325,0.0490144331147671,0.231780871187636
"GSE15471","PAAD","GSM388127",0.743898118063422,0.048706558309902,0.055999039009534,0.151396284617142
"GSE15471","PAAD","GSM388128",0.471917740163916,0.0860769382184747,0.138804046970861,0.303201274646748
"GSE15471","PAAD","GSM388129",0.805179215023692,0.0564537439464572,0.0470649231456745,0.0913021178841765
"GSE15471","PAAD","GSM388130",0.451409739512438,0.042448654587758,0.1223619188109,0.383779687088904
"GSE15471","PAAD","GSM388131",0.630788371827815,0.0584526214440551,0.057840914063725,0.252918092664405
"GSE15471","PAAD","GSM388132",0.77880013549782,0.0390757774861552,0.0500433944335818,0.132080692582443
"GSE15471","PAAD","GSM388133",0.720660341821463,0.0760569719694609,0.0573128883979136,0.145969797811162
"GSE15471","PAAD","GSM388134",0.730726644157988,0.040936398704551,0.0495372790865937,0.178799678050867
"GSE15471","PAAD","GSM388135",0.716738897955707,0.0538972982053599,0.0701530978179785,0.159210706020955
"GSE15471","PAAD","GSM388136",0.593211160072318,0.072002079274044,0.0711362314525895,0.263650529201048
"GSE15471","PAAD","GSM388137",0.758803244119281,0.037263030445993,0.0367910159862276,0.167142709448499
"GSE15471","PAAD","GSM388138",0.827455163587467,0.0551339741952567,0.0354744342225315,0.0819364279947443
"GSE15471","PAAD","GSM388139",0.739560689492469,0.0413862185153904,0.0568941423847026,0.162158949607438
"GSE15471","PAAD","GSM388140",0.800813655042719,0.0298237939786949,0.0490594222375024,0.120303128741083
"GSE15471","PAAD","GSM388141",0.452126185940492,0.0642454678259785,0.0745566670139345,0.409071679219595
"GSE15471","PAAD","GSM388142",0.781119196368546,0.0518341750885513,0.0508027985861066,0.116243829956796
"GSE15471","PAAD","GSM388143",0.721413307691296,0.0473406563590787,0.0520518506627278,0.179194185286897
"GSE15471","PAAD","GSM388144",0.779170374116551,0.0784472985324702,0.047217188202716,0.0951651391482624
"GSE15471","PAAD","GSM388145",0.786861929757126,0.0312497752722562,0.0590391703595123,0.122849124611106
"GSE15471","PAAD","GSM388146",0.7712322900891,0.0634252864343123,0.0503432515310107,0.114999171945577
"GSE15471","PAAD","GSM388147",0.680004578864553,0.0411140149891639,0.0629408870057915,0.215940519140491
"GSE15471","PAAD","GSM388148",0.813183854811337,0.0294465989956235,0.0571050450977235,0.100264501095316
"GSE15471","PAAD","GSM388149",0.574392618443704,0.0911723128702939,0.0696873845124784,0.264747684173524
"GSE15471","PAAD","GSM388150",0.715511912380513,0.0714885194210887,0.0676232366330275,0.145376331565371
"GSE15471","PAAD","GSM388151",0.250211243684887,0.0767810043403124,0.072911301949462,0.600096450025339
"GSE15471","PAAD","GSM388152",0.526131697453481,0.0957773282944952,0.0660445363556541,0.312046437896369
"GSE15471","PAAD","GSM388153",0.592855294052489,0.0451407468077045,0.0650364555549772,0.296967503584829
"GSE28735","PAAD","GSM711904",0.699540450364712,0.0566198637940577,0.0946763962796837,0.149163289561547
"GSE28735","PAAD","GSM711905",0.837772463551735,0.00724960787782839,0.0451670079845775,0.109810920585859
"GSE28735","PAAD","GSM711906",0.641979170827666,0.114495856113607,0.0854670442467021,0.158057928812024
"GSE28735","PAAD","GSM711907",0.675300755735062,0.0791551130685044,0.0908627803576572,0.154681350838777
"GSE28735","PAAD","GSM711908",0.713825393403847,0.11398915099077,0.0525551215694476,0.119630334035936
"GSE28735","PAAD","GSM711909",0.434139761428532,0.151291809707367,0.179009213201836,0.235559215662266
"GSE28735","PAAD","GSM711910",0.573425136725462,0.0659033293408054,0.215330779767987,0.145340754165746
"GSE28735","PAAD","GSM711911",0.454090188241857,0.10770911184226,0.133124529202233,0.30507617071365
"GSE28735","PAAD","GSM711912",0.696093946933283,0.138338328761759,0.0495724453452509,0.115995278959707
"GSE28735","PAAD","GSM711913",0.597112562374918,0.0333129485940885,0.126455747869703,0.24311874116129
"GSE28735","PAAD","GSM711914",0.669020380121561,0.146866497084996,0.042764707154608,0.141348415638835
"GSE28735","PAAD","GSM711915",0.539657393634596,0.061790049861892,0.231488314732773,0.167064241770738
"GSE28735","PAAD","GSM711916",0.567413468066189,0.243698785915969,0.0760006186736439,0.112887127344198
"GSE28735","PAAD","GSM711917",0.796730548479225,0.0316248298739411,0.0588788480301218,0.112765773616712
"GSE28735","PAAD","GSM711918",0.716948818143398,0.106080275803984,0.0409339329228631,0.136036973129755
"GSE28735","PAAD","GSM711919",0.488186122707774,0.268690659602785,0.117617875529013,0.125505342160427
"GSE28735","PAAD","GSM711920",0.546046416194807,0.0968703880160257,0.0678021563248446,0.289281039464323
"GSE28735","PAAD","GSM711921",0.53629854434673,0.0341025737823702,0.213931633149775,0.215667248721124
"GSE28735","PAAD","GSM711922",0.709549632479515,0.0921708745892022,0.0589793854260288,0.139300107505254
"GSE28735","PAAD","GSM711923",0.593828208178197,0.150932364163791,0.0812535746764295,0.173985852981582
"GSE28735","PAAD","GSM711924",0.587366263813929,0.105102301599335,0.0662199999219709,0.241311434664766
"GSE28735","PAAD","GSM711925",0.812930403724653,0.011426969267712,0.0539943244865171,0.121648302521118
"GSE28735","PAAD","GSM711926",0.753567838469354,0.0503252459996882,0.0639503679506573,0.132156547580301
"GSE28735","PAAD","GSM711927",0.246115696408122,0.21088030864209,0.153729908758832,0.389274086190956
"GSE28735","PAAD","GSM711928",0.593324338451722,0.151357012855634,0.0610294366701163,0.194289212022528
"GSE28735","PAAD","GSM711929",0.831197544366376,0.0122621018110253,0.0455261162833835,0.111014237539215
"GSE28735","PAAD","GSM711930",0.680285525543754,0.186269825709353,0.043129163270567,0.0903154854763255
"GSE28735","PAAD","GSM711931",0.755806725867337,0.0403931661287013,0.0475610437983107,0.156239064205651
"GSE28735","PAAD","GSM711932",0.745817623988987,0.0609319257048202,0.0430339681706715,0.150216482135521
"GSE28735","PAAD","GSM711933",0.627405956584308,0.114246004178924,0.0694896531748742,0.188858386061894
"GSE28735","PAAD","GSM711934",0.547740707469022,0.144405174057471,0.0673824107768393,0.240471707696667
"GSE28735","PAAD","GSM711935",0.824968796023835,0.00812190845246404,0.051552478790362,0.115356816733339
"GSE28735","PAAD","GSM711936",0.751570801676649,0.0462664325229858,0.0532363962951293,0.148926369505236
"GSE28735","PAAD","GSM711937",0.760425659000959,0.0285093778401523,0.0549426406831202,0.156122322475769
"GSE28735","PAAD","GSM711938",0.818945925991405,0.0237105531926496,0.0458032419610557,0.11154027885489
"GSE28735","PAAD","GSM711939",0.808711479739348,0.0221498780823475,0.0504645154956197,0.118674126682685
"GSE28735","PAAD","GSM711940",0.565610436489664,0.202679536800764,0.0840840428563286,0.147625983853244
"GSE28735","PAAD","GSM711941",0.627025377690992,0.149485544051653,0.0559461777759672,0.167542900481388
"GSE28735","PAAD","GSM711942",0.59549117491007,0.134507876342013,0.0616847061169224,0.208316242630995
"GSE28735","PAAD","GSM711943",0.635057680079012,0.118706254185229,0.0759895946538593,0.170246471081899
"GSE28735","PAAD","GSM711944",0.515641128727447,0.0916828395981698,0.11344426536321,0.279231766311173
"GSE28735","PAAD","GSM711945",0.621791952635507,0.138785656060382,0.093406398599626,0.146015992704485
"GSE28735","PAAD","GSM711946",0.591154728912028,0.156859594004146,0.0605534129541762,0.19143226412965
"GSE28735","PAAD","GSM711947",0.704350816296371,0.0541865386242079,0.118859367517448,0.122603277561974
"GSE28735","PAAD","GSM711948",0.598581446204107,0.14195544113334,0.0612230618972812,0.198240050765272
"GSE28735","PAAD","GSM711949",0.825821618610944,0.00909306076320445,0.0562016805392657,0.108883640086586
"GSE28735","PAAD","GSM711950",0.672799269789321,0.0937919954890885,0.0691633533363115,0.164245381385279
"GSE28735","PAAD","GSM711951",0.755884797531837,0.0623163217417157,0.0573798809655151,0.124418999760933
"GSE28735","PAAD","GSM711952",0.746436082653613,0.0551219495652165,0.0553339372898743,0.143108030491296
"GSE28735","PAAD","GSM711953",0.829355509673309,0.0101816808416176,0.0516105571337451,0.108852252351328
"GSE28735","PAAD","GSM711954",0.655664951617384,0.110269742901326,0.0676551457416572,0.166410159739632
"GSE28735","PAAD","GSM711955",0.494491442061849,0.17056714447718,0.0955250410138991,0.239416372447072
"GSE28735","PAAD","GSM711956",0.639118902682116,0.124582948386351,0.0546222900050751,0.181675858926457
"GSE28735","PAAD","GSM711957",0.685471685700951,0.00668902692423981,0.0520336103175073,0.255805677057302
"GSE28735","PAAD","GSM711958",0.567312657115866,0.176564179287948,0.0714329695884822,0.184690194007703
"GSE28735","PAAD","GSM711959",0.793526928816374,0.0172614323596531,0.0605459570036123,0.128665681820361
"GSE28735","PAAD","GSM711960",0.497176264898099,0.179938350827612,0.0904818615041649,0.232403522770124
"GSE28735","PAAD","GSM711961",0.810050665267367,0.0155610322390867,0.0599939464381027,0.114394356055444
"GSE28735","PAAD","GSM711962",0.614388371346522,0.131303570095191,0.0764294111732576,0.177878647385029
"GSE28735","PAAD","GSM711963",0.837850990610185,0.00844578834199208,0.0450309629608007,0.108672258087023
"GSE28735","PAAD","GSM711964",0.597757518274544,0.17407124703535,0.0562216384530557,0.171949596237051
"GSE28735","PAAD","GSM711965",0.556592388356415,0.138215307750006,0.0910307046881272,0.214161599205452
"GSE28735","PAAD","GSM711966",0.551554503023118,0.228080979260019,0.074570768621691,0.145793749095172
"GSE28735","PAAD","GSM711967",0.708885772175547,0.0966317756640818,0.0607095729719759,0.133772879188395
"GSE28735","PAAD","GSM711968",0.70139316196536,0.115623906426627,0.0548424654535606,0.128140466154452
"GSE28735","PAAD","GSM711969",0.775396039696132,0.0325191274919018,0.0561153196389166,0.13596951317305
"GSE28735","PAAD","GSM711970",0.672953538717946,0.075891473609978,0.0563844376819053,0.194770549990171
"GSE28735","PAAD","GSM711971",0.433664621754516,0.208818154376015,0.108601963641043,0.248915260228426
"GSE28735","PAAD","GSM711972",0.653694724140132,0.166655719222678,0.061901010270046,0.117748546367144
"GSE28735","PAAD","GSM711973",0.646576208536029,0.102961614423755,0.085888712982263,0.164573464057953
"GSE28735","PAAD","GSM711974",0.580185950371014,0.173444464845575,0.0891434984459447,0.157226086337466
"GSE28735","PAAD","GSM711975",0.799611179406546,0.0308856671086321,0.0517278262450995,0.117775327239722
"GSE28735","PAAD","GSM711976",0.661792897273529,0.139501659663671,0.0549706520605023,0.143734791002298
"GSE28735","PAAD","GSM711977",0.629112706287213,0.0462986565898412,0.096378347182139,0.228210289940807
"GSE28735","PAAD","GSM711978",0.711672168265546,0.0855808906699203,0.0661903746481714,0.136556566416362
"GSE28735","PAAD","GSM711979",0.702424218028522,0.0904319701291195,0.0608506298147707,0.146293182027588
"GSE28735","PAAD","GSM711980",0.631115936817411,0.130750855310785,0.0713605594262146,0.16677264844559
"GSE28735","PAAD","GSM711981",0.664967767691915,0.0793036222247787,0.0786912770648054,0.177037333018501
"GSE28735","PAAD","GSM711982",0.539046604303802,0.240227105411883,0.0685086525907638,0.152217637693551
"GSE28735","PAAD","GSM711983",0.508286998995393,0.215998713441588,0.0983569987765163,0.177357288786502
"GSE28735","PAAD","GSM711984",0.773005122870001,0.0243430532749704,0.0591143956642648,0.143537428190764
"GSE28735","PAAD","GSM711985",0.81666337579071,0.015799776689855,0.0556372580970743,0.111899589422361
"GSE28735","PAAD","GSM711986",0.669264676229433,0.115660106416789,0.0652347790192708,0.149840438334507
"GSE28735","PAAD","GSM711987",0.843356540875027,0.00850161570748405,0.041023410144992,0.107118433272497
"GSE28735","PAAD","GSM711988",0.63588139173593,0.119200537627039,0.0734253200194809,0.17149275061755
"GSE28735","PAAD","GSM711989",0.780800260040808,0.0369820661939353,0.0590975699900888,0.123120103775168
"GSE28735","PAAD","GSM711990",0.451775072659613,0.188611809850207,0.123274883861651,0.23633823362853
"GSE28735","PAAD","GSM711991",0.599532694683222,0.117050151394988,0.116440514856371,0.166976639065419
"GSE28735","PAAD","GSM711992",0.70772434081947,0.0991385051148668,0.0649345047432485,0.128202649322415
"GSE28735","PAAD","GSM711993",0.753122285372976,0.0571843492597801,0.05665554600238,0.133037819364864
"GSE62452","PAAD","GSM1527105",0.688712966764412,0.0540828059023376,0.102141180461236,0.155063046872015
"GSE62452","PAAD","GSM1527106",0.836623309576888,0.00690977605675848,0.0488492326496158,0.107617681716738
"GSE62452","PAAD","GSM1527111",0.570473916478104,0.0627415960715238,0.218374727498184,0.148409759952188
"GSE62452","PAAD","GSM1527112",0.446821258966644,0.103479599306022,0.14032278917734,0.309376352549994
"GSE62452","PAAD","GSM1527113",0.686063618427128,0.13597890514459,0.0561183609570978,0.121839115471184
"GSE62452","PAAD","GSM1527114",0.589930362278144,0.0321456229363653,0.134475151931195,0.243448862854295
"GSE62452","PAAD","GSM1527115",0.65898477805571,0.146437714966086,0.0481500671545783,0.146427439823625
"GSE62452","PAAD","GSM1527116",0.541904511497266,0.0571502212644357,0.231967013335362,0.168978253902936
"GSE62452","PAAD","GSM1527117",0.558514697967479,0.243096725688513,0.0820645394467487,0.11632403689726
"GSE62452","PAAD","GSM1527118",0.796163884476524,0.029408139695604,0.0628629212917129,0.111565054536159
"GSE62452","PAAD","GSM1527119",0.708182232577182,0.105338137476706,0.0462070629018113,0.1402725670443
"GSE62452","PAAD","GSM1527120",0.478555703888504,0.267067075264706,0.125197399956535,0.129179820890254
"GSE62452","PAAD","GSM1527121",0.537774358776204,0.0943760834759851,0.0761627174671252,0.291686840280686
"GSE62452","PAAD","GSM1527122",0.532601429457228,0.0327204588681668,0.217614021709279,0.217064089965326
"GSE62452","PAAD","GSM1527123",0.69756305672533,0.0906729190383054,0.0663249201759914,0.145439104060373
"GSE62452","PAAD","GSM1527124",0.591483194460442,0.145843325486496,0.0874487575705359,0.175224722482525
"GSE62452","PAAD","GSM1527125",0.574331424544347,0.102704281740334,0.0732298962710415,0.249734397444278
"GSE62452","PAAD","GSM1527126",0.812607718020744,0.0107192475467191,0.0573616897612638,0.119311344671273
"GSE62452","PAAD","GSM1527127",0.749446339287786,0.047973509362831,0.0692283629081905,0.133351788441193
"GSE62452","PAAD","GSM1527128",0.252429404948547,0.207782669783795,0.159652148647736,0.380135776619922
"GSE62452","PAAD","GSM1527129",0.585716656430615,0.148621015384128,0.0676636330603607,0.197998695124897
"GSE62452","PAAD","GSM1527130",0.831582361111337,0.011523190396074,0.0494913088663799,0.107403139626209
"GSE62452","PAAD","GSM1527131",0.671096409921263,0.183999198218403,0.0489080977305685,0.0959962941297656
"GSE62452","PAAD","GSM1527132",0.752617537329154,0.0387398841378475,0.0525251616549084,0.15611741687809
"GSE62452","PAAD","GSM1527133",0.734526366302067,0.0600026549864723,0.0488761756681273,0.156594803043333
"GSE62452","PAAD","GSM1527134",0.61999616167499,0.110917371715053,0.0760398331415823,0.193046633468374
"GSE62452","PAAD","GSM1527135",0.54085870578122,0.142677898100478,0.0742714281416248,0.242191967976677
"GSE62452","PAAD","GSM1527136",0.823982353863386,0.00778323211279837,0.0548239386396656,0.11341047538415
"GSE62452","PAAD","GSM1527137",0.75239364154258,0.0429908007101964,0.0575424511934006,0.147073106553823
"GSE62452","PAAD","GSM1527138",0.76073918053215,0.0267182242164275,0.0587265869303357,0.153816008321087
"GSE62452","PAAD","GSM1527141",0.557052200144383,0.201817539777551,0.0894663321000825,0.151663927977984
"GSE62452","PAAD","GSM1527142",0.619459586795738,0.146929768881152,0.0630902595481257,0.170520384774984
"GSE62452","PAAD","GSM1527143",0.583753258336513,0.132783054449209,0.0684009781340345,0.215062709080244
"GSE62452","PAAD","GSM1527144",0.634089533618566,0.114548054554909,0.0812282155004193,0.170134196326106
"GSE62452","PAAD","GSM1527145",0.508155938615753,0.0910715685076176,0.120048247415823,0.280724245460806
"GSE62452","PAAD","GSM1527146",0.622217373370776,0.132668413579953,0.0984338589824244,0.146680354066846
"GSE62452","PAAD","GSM1527147",0.591725784486856,0.14987510087229,0.067398438853903,0.191000675786951
"GSE62452","PAAD","GSM1527148",0.7102603051272,0.04963454218722,0.119913156359772,0.120191996325808
"GSE62452","PAAD","GSM1527149",0.591460072035291,0.140140718364574,0.0681740113899083,0.200225198210227
"GSE62452","PAAD","GSM1527150",0.823428831413627,0.00876807294007105,0.0589571452223326,0.108845950423969
"GSE62452","PAAD","GSM1527151",0.662813552844722,0.0909983091267514,0.0760119712317954,0.170176166796731
"GSE62452","PAAD","GSM1527152",0.754228526067747,0.0583321389103789,0.0621369437756562,0.125302391246218
"GSE62452","PAAD","GSM1527153",0.734042850664099,0.0536206193927721,0.0615716467707963,0.150764883172333
"GSE62452","PAAD","GSM1527154",0.825710783561087,0.00972506618747537,0.0551939985994826,0.109370151651955
"GSE62452","PAAD","GSM1527155",0.647378857594902,0.108220906952629,0.0731910918864665,0.171209143566002
"GSE62452","PAAD","GSM1527156",0.488326585843233,0.167538951880886,0.104036755913975,0.240097706361906
"GSE62452","PAAD","GSM1527157",0.627114982839826,0.122536556049836,0.0615529569378009,0.188795504172537
"GSE62452","PAAD","GSM1527158",0.67410451620692,0.00663233714445212,0.0584603365878827,0.260802810060745
"GSE62452","PAAD","GSM1527159",0.559018624813633,0.17412331061302,0.0786705456965619,0.188187518876785
"GSE62452","PAAD","GSM1527160",0.790767871853745,0.0160002663746015,0.0645245486284736,0.12870731314318
"GSE62452","PAAD","GSM1527161",0.489945027696772,0.17678761950538,0.0984356665377881,0.23483168626006
"GSE62452","PAAD","GSM1527162",0.809243218188789,0.0144963070459842,0.0639117319650598,0.112348742800167
"GSE62452","PAAD","GSM1527163",0.604512261901199,0.128918019348359,0.0832885498658875,0.183281168884554
"GSE62452","PAAD","GSM1527164",0.83492127128146,0.00807928428602155,0.0482707362533838,0.108728708179135
"GSE62452","PAAD","GSM1527165",0.587669496151633,0.173011386644373,0.0623524141012972,0.176966703102697
"GSE62452","PAAD","GSM1527166",0.552892206292274,0.133555125184716,0.0979259373623596,0.215626731160651
"GSE62452","PAAD","GSM1527167",0.53940301659598,0.228716667765866,0.0812155902232182,0.150664725414936
"GSE62452","PAAD","GSM1527168",0.699618580100812,0.0943669468559117,0.0667086683237416,0.139305804719534
"GSE62452","PAAD","GSM1527169",0.689312938808002,0.113247286226385,0.0618857823366345,0.135553992628979
"GSE62452","PAAD","GSM1527170",0.775637482794591,0.0298352146579734,0.05949782493009,0.135029477617345
"GSE62452","PAAD","GSM1527171",0.664851080282437,0.0730703195611966,0.0622913803429727,0.199787219813394
"GSE62452","PAAD","GSM1527172",0.428506807765052,0.204849629094119,0.116543425270165,0.250100137870664
"GSE62452","PAAD","GSM1527173",0.638708066857445,0.16727506080737,0.0692495451334222,0.124767327201763
"GSE62452","PAAD","GSM1527174",0.634930392807498,0.100948047366775,0.0935842604374202,0.170537299388307
"GSE62452","PAAD","GSM1527175",0.571368112042798,0.171838257140058,0.0958596949936258,0.160933935823518
"GSE62452","PAAD","GSM1527176",0.796869539034875,0.0292690364269767,0.0563740933910991,0.11748733114705
"GSE62452","PAAD","GSM1527177",0.651418586936739,0.136469104824607,0.0617161483520643,0.15039615988659
"GSE62452","PAAD","GSM1527178",0.623360058714177,0.0440655834995494,0.10285794154726,0.229716416239014
"GSE62452","PAAD","GSM1527179",0.70639677158858,0.0816249921379884,0.0719282891765205,0.140049947096912
"GSE62452","PAAD","GSM1527180",0.695867083145856,0.0881964297300902,0.0666991383916657,0.149237348732388
"GSE62452","PAAD","GSM1527181",0.621987726821814,0.127959405259705,0.0783813617266813,0.1716715061918
"GSE62452","PAAD","GSM1527182",0.659134968831024,0.0766732426428593,0.0843675936829555,0.179824194843161
"GSE62452","PAAD","GSM1527183",0.52193283865433,0.243909257056739,0.0765508924154576,0.157607011873473
"GSE62452","PAAD","GSM1527184",0.498904062756021,0.213975600715392,0.106799832310043,0.180320504218545
"GSE62452","PAAD","GSM1527185",0.772098664725369,0.0225599814879246,0.0635729371846313,0.141768416602075
"GSE62452","PAAD","GSM1527186",0.815636369861181,0.0149782139178285,0.0588818918537397,0.11050352436725
"GSE62452","PAAD","GSM1527187",0.652401793759071,0.114686561388148,0.0733267516398006,0.159584893212981
"GSE62452","PAAD","GSM1527188",0.839357737332508,0.00828205483390663,0.0445885796756367,0.107771628157949
"GSE62452","PAAD","GSM1527189",0.621183357437268,0.118109894429941,0.0809322254512956,0.179774522681495
"GSE62452","PAAD","GSM1527190",0.77880903889197,0.0343774697565684,0.0635797473549108,0.123233743996551
"GSE62452","PAAD","GSM1527191",0.448957822994842,0.184914352572583,0.129349880785024,0.236777943647551
"GSE62452","PAAD","GSM1527192",0.605243897999124,0.111147491601499,0.119223584504083,0.164385025895294
"GSE62452","PAAD","GSM1527193",0.704142979834716,0.0953219367495158,0.0703460588372504,0.130189024578518
"GSE62452","PAAD","GSM1527194",0.750620605851262,0.0550075496751568,0.0613765822690855,0.132995262204495
"GSE57957","HCC","GSM1398646",0.652499851114,0.00560355390333666,0.107593051189446,0.234303543793218
"GSE57957","HCC","GSM1398647",0.696701344144649,0.00545987119061434,0.135896782724338,0.161942001940399
"GSE57957","HCC","GSM1398648",0.74389387200431,0.00445846649725962,0.0502922115747022,0.201355449923728
"GSE57957","HCC","GSM1398649",0.567207957926816,0.0251913752880393,0.140376802497405,0.267223864287739
"GSE57957","HCC","GSM1398650",0.730873761120112,0.00709136628319164,0.0658304485206384,0.196204424076057
"GSE57957","HCC","GSM1398651",0.723827837928799,0.00860914036969042,0.102734211245654,0.164828810455857
"GSE57957","HCC","GSM1398652",0.735656874562524,0.00388815890835898,0.0514823708490097,0.208972595680107
"GSE57957","HCC","GSM1398653",0.736612231797892,0.00502546212760788,0.0760083863688027,0.182353919705697
"GSE57957","HCC","GSM1398654",0.787358875909768,0.0118420460672043,0.0801372213072586,0.120661856715769
"GSE57957","HCC","GSM1398655",0.676046272347574,0.00613976259728848,0.0904372124414636,0.227376752613674
"GSE57957","HCC","GSM1398656",0.741139578072984,0.0132030608068875,0.0406301217547198,0.205027239365408
"GSE57957","HCC","GSM1398657",0.549990981628226,0.147940356582852,0.12298873873267,0.179079923056252
"GSE57957","HCC","GSM1398658",0.745735191025149,0.00388089688472788,0.044478283824937,0.205905628265186
"GSE57957","HCC","GSM1398659",0.740205541159155,0.003715281178632,0.136728744523347,0.119350433138866
"GSE57957","HCC","GSM1398660",0.747395030295643,0.00527191047631477,0.049992993383186,0.197340065844856
"GSE57957","HCC","GSM1398661",0.720482692839501,0.0133305465960097,0.0817004467379146,0.184486313826575
"GSE57957","HCC","GSM1398662",0.738545616328688,0.00395989549981773,0.0496659444161971,0.207828543755297
"GSE57957","HCC","GSM1398663",0.774590517149145,0.00530566575965393,0.04699159319421,0.173112223896991
"GSE57957","HCC","GSM1398664",0.713735369964907,0.0065607127807701,0.0668082863605746,0.212895630893748
"GSE57957","HCC","GSM1398665",0.675884458418183,0.0163605211673154,0.131641910066053,0.176113110348449
"GSE57957","HCC","GSM1398666",0.711201674382755,0.00442060294855842,0.0724923397458882,0.211885382922798
"GSE57957","HCC","GSM1398667",0.677036638001188,0.00989391029218847,0.144970512529404,0.168098939177219
"GSE57957","HCC","GSM1398668",0.757817825524619,0.0044528917361958,0.0374450510889107,0.200284231650275
"GSE57957","HCC","GSM1398669",0.724544277637583,0.00507450146297878,0.0630399531358638,0.207341267763574
"GSE57957","HCC","GSM1398670",0.747066031070833,0.00406838050007383,0.0519456576739192,0.196919930755174
"GSE57957","HCC","GSM1398671",0.572721438344722,0.039113433049832,0.16576293435164,0.222402194253806
"GSE57957","HCC","GSM1398672",0.766661648478718,0.00478071164562165,0.0434090249720199,0.185148614903641
"GSE57957","HCC","GSM1398673",0.675898686809169,0.00387705525219798,0.176720036507728,0.143504221430905
"GSE57957","HCC","GSM1398674",0.713878043820734,0.00686603756358495,0.067112809198537,0.212143109417144
"GSE57957","HCC","GSM1398675",0.641550753950895,0.00670588587802391,0.195086887689494,0.156656472481587
"GSE57957","HCC","GSM1398676",0.758425820868575,0.00460415039228388,0.0602940800020758,0.176675948737065
"GSE57957","HCC","GSM1398677",0.67566159260986,0.00486179097282341,0.181282923802291,0.138193692615025
"GSE57957","HCC","GSM1398678",0.710845345378659,0.00619744518884581,0.0714033326572405,0.211553876775254
"GSE57957","HCC","GSM1398679",0.725884533866502,0.00689455604219374,0.124959775589611,0.142261134501694
"GSE57957","HCC","GSM1398680",0.71536464087279,0.00571189278537472,0.0652821089177179,0.213641357424117
"GSE57957","HCC","GSM1398681",0.745004331211067,0.0135601515085664,0.0742313501258517,0.167204167154515
"GSE57957","HCC","GSM1398682",0.719593841202876,0.0084004861433533,0.0773241293370726,0.194681543316698
"GSE57957","HCC","GSM1398683",0.788923749363957,0.00436345081047909,0.057344032004343,0.149368767821221
"GSE57957","HCC","GSM1398684",0.710262331099398,0.0055788539036753,0.0708748630927236,0.213283951904203
"GSE57957","HCC","GSM1398685",0.53846611506083,0.00423286009999846,0.246136771059381,0.211164253779791
"GSE57957","HCC","GSM1398686",0.712674784075289,0.00564842904635697,0.0736547150557982,0.208022071822556
"GSE57957","HCC","GSM1398687",0.642403697550308,0.0035703788852512,0.190974437853942,0.163051485710498
"GSE57957","HCC","GSM1398688",0.731402960518106,0.00419444579637143,0.0549716223177216,0.209430971367801
"GSE57957","HCC","GSM1398689",0.614285820580163,0.0152931288881951,0.202209274968965,0.168211775562676
"GSE57957","HCC","GSM1398690",0.675645422440353,0.00942040268388963,0.105123551405743,0.209810623470014
"GSE57957","HCC","GSM1398691",0.727866620334242,0.00782120144803045,0.108989651582109,0.155322526635618
"GSE57957","HCC","GSM1398693",0.67100575137155,0.00973802460886616,0.106489315351049,0.212766908668535
"GSE57957","HCC","GSM1398694",0.0903425492639861,0.0923321172490743,0.551124000149194,0.266201333337746
"GSE57957","HCC","GSM1398695",0.617409650012021,0.0230317105346649,0.169557353114411,0.190001286338903
"GSE57957","HCC","GSM1398696",0.851609219171115,0.00914455668208874,0.0482356053488133,0.0910106187979831
"GSE57957","HCC","GSM1398697",0.689442004585982,0.013479774575243,0.091186350733721,0.205891870105054
"GSE57957","HCC","GSM1398698",0.83493982198617,0.0112590614381892,0.0368268566667279,0.116974259908913
"GSE57957","HCC","GSM1398699",0.687123260098256,0.00598459289548534,0.0713602390532751,0.235531907952984
"GSE57957","HCC","GSM1398700",0.728299810195787,0.0176795541080252,0.0873157042655989,0.166704931430589
"GSE57957","HCC","GSM1398701",0.723224434351989,0.0082406722584678,0.0788333296538771,0.189701563735666
"GSE57957","HCC","GSM1398702",0.749205694078203,0.00482502731101849,0.0876751265427519,0.158294152068027
"GSE57957","HCC","GSM1398703",0.761768004065468,0.0029720175786381,0.0466697330085399,0.188590245347354
"GSE57957","HCC","GSM1398704",0.7957607149866,0.0029529504035471,0.053702441648627,0.147583892961225
"GSE57957","HCC","GSM1398706",0.703910055541859,0.00675595508206548,0.0663788064141926,0.222955182961883
"GSE57957","HCC","GSM1398707",0.752937175365913,0.0172089636701259,0.0607465940839117,0.169107266880049
"GSE57957","HCC","GSM1398709",0.748353748647033,0.00446330823044993,0.0529573998011639,0.194225543321353
"GSE57957","HCC","GSM1398710",0.742476815350166,0.00301543087336677,0.108657289026707,0.14585046474976
"GSE57957","HCC","GSM1398711",0.677531183365894,0.00679122797443773,0.0805191863358893,0.235158402323778
"GSE57957","HCC","GSM1398712",0.598517627820392,0.00720540040513209,0.225071240395875,0.169205731378601
"GSE57957","HCC","GSM1398713",0.731925383151161,0.00411732357687204,0.0701958771912476,0.193761416080719
"GSE57957","HCC","GSM1398714",0.626917146985808,0.00567902948293699,0.20597545307943,0.161428370451826
"GSE57957","HCC","GSM1398715",0.643717813034164,0.00617146044868821,0.121470847236183,0.228639879280966
"GSE57957","HCC","GSM1398716",0.769013213219471,0.00262556343184924,0.0811472236198641,0.147213999728816
"GSE57957","HCC","GSM1398717",0.729422214005851,0.00365551076101746,0.0673133890020348,0.199608886231096
"GSE57957","HCC","GSM1398718",0.726648422109476,0.0299718840039415,0.0978269235802173,0.145552770306365
"GSE57957","HCC","GSM1398719",0.737972095472761,0.00393858586588986,0.0616646258379196,0.19642469282343
"GSE57957","HCC","GSM1398720",0.677170895177579,0.00541545234484599,0.188664482960626,0.128749169516948
"GSE57957","HCC","GSM1398721",0.721232987181275,0.00660611275658686,0.0671388193714682,0.20502208069067
"GSE57957","HCC","GSM1398722",0.793190922325237,0.00530091298272406,0.0337621072950041,0.167746057397035
"GSE62232","HCC","GSM1523329",0.855785944836643,0.00407346107530415,0.0423127240529305,0.0978278700351219
"GSE62232","HCC","GSM1523330",0.870372915737569,0.00254052295942619,0.0316151913413423,0.0954713699616623
"GSE62232","HCC","GSM1523331",0.857107792360416,0.00287929880267603,0.0320207129981435,0.107992195838764
"GSE62232","HCC","GSM1523334",0.849384607358455,0.00309998704397036,0.0326440210522574,0.114871384545318
"GSE62232","HCC","GSM1523336",0.846648706953196,0.00365785906097447,0.0446967838906695,0.10499665009516
"GSE62232","HCC","GSM1523339",0.864186189598179,0.0112590427510708,0.0550409896701492,0.0695137779806016
"GSE62232","HCC","GSM1523340",0.79445056186895,0.0329844516137174,0.0758073814616133,0.0967576050557197
"GSE62232","HCC","GSM1523341",0.861894413490423,0.00284101601714068,0.0423777744306198,0.0928867960618164
"GSE62232","HCC","GSM1523342",0.903527924424481,0.00350884356280176,0.0338023271876703,0.0591609048250468
"GSE62232","HCC","GSM1523343",0.875971660794339,0.00448174588898978,0.0341420206460123,0.0854045726706585
"GSE62232","HCC","GSM1523344",0.852851925509782,0.00880199769348399,0.0375616258501857,0.100784450946548
"GSE62232","HCC","GSM1523345",0.868219533326712,0.00480819104391846,0.034574479104233,0.0923977965251369
"GSE62232","HCC","GSM1523346",0.771045724215026,0.00539861875491181,0.0385447599754102,0.185010897054652
"GSE62232","HCC","GSM1523347",0.892360344941032,0.00234421171737333,0.0275920254752517,0.0777034178663435
"GSE62232","HCC","GSM1523348",0.846717439010197,0.00919686261629337,0.0439413339526398,0.100144364420869
"GSE62232","HCC","GSM1523349",0.890119790773957,0.00173597126548575,0.0357219557710066,0.0724222821895502
"GSE62232","HCC","GSM1523350",0.877491110068766,0.00346924872396014,0.0235390366296338,0.0955006045776398
"GSE62232","HCC","GSM1523351",0.84514690900981,0.00401475649897017,0.0463505740135554,0.104487760477664
"GSE62232","HCC","GSM1523352",0.90154062843902,0.00256211627128418,0.0146364347356277,0.0812608205540679
"GSE62232","HCC","GSM1523353",0.892228212454306,0.00177697173211427,0.0385870824035523,0.0674077334100269
"GSE62232","HCC","GSM1523354",0.800188062927489,0.0146252912306703,0.0442817997033952,0.140904846138445
"GSE62232","HCC","GSM1523355",0.730129439594493,0.0133721519658773,0.0454263834453264,0.211072024994304
"GSE62232","HCC","GSM1523356",0.898009539591574,0.00161589567162673,0.0237923926030715,0.0765821721337277
"GSE62232","HCC","GSM1523357",0.855896346224166,0.0026328496241757,0.0552013449789501,0.0862694591727085
"GSE62232","HCC","GSM1523358",0.866919988090536,0.0135258847061887,0.0334758315536786,0.0860782956495966
"GSE62232","HCC","GSM1523359",0.876437622836072,0.00486403027337698,0.0273197501798306,0.0913785967107201
"GSE62232","HCC","GSM1523360",0.855595000078765,0.00348709176585129,0.0386145113383907,0.102303396816993
"GSE62232","HCC","GSM1523361",0.859206066775537,0.00134615544330557,0.0227505102448898,0.116697267536267
"GSE62232","HCC","GSM1523362",0.843685424837886,0.0145333909294473,0.0526454020696973,0.0891357821629693
"GSE62232","HCC","GSM1523363",0.910700245086873,0.00139443884988385,0.0160668682601647,0.0718384478030785
"GSE62232","HCC","GSM1523364",0.905492494398889,0.00103309839106885,0.0288565498259751,0.0646178573840667
"GSE62232","HCC","GSM1523365",0.905354121005093,0.00227622204028797,0.0335134733285278,0.0588561836260913
"GSE62232","HCC","GSM1523366",0.897050599607183,0.00156297720164864,0.0195661983228009,0.0818202248683677
"GSE62232","HCC","GSM1523367",0.886607389423228,0.0070873226799309,0.0293668894438617,0.0769383984529794
"GSE62232","HCC","GSM1523368",0.890643415801908,0.00717866743799521,0.0236417672587437,0.0785361495013532
"GSE62232","HCC","GSM1523369",0.87040171308595,0.000652709858540786,0.0278990434666648,0.101046533588844
"GSE62232","HCC","GSM1523370",0.829202190002414,0.00102175377805885,0.0178279898307048,0.151948066388823
"GSE62232","HCC","GSM1523371",0.795243107832266,0.0189787874349959,0.0533393521170402,0.132438752615698
"GSE62232","HCC","GSM1523372",0.898217520502011,0.00185974568594335,0.030928284152498,0.0689944496595473
"GSE62232","HCC","GSM1523373",0.829959661480374,0.00117943002384684,0.0389320970569051,0.129928811438874
"GSE62232","HCC","GSM1523374",0.839529440351817,0.0072422983595217,0.0461958059405577,0.107032455348104
"GSE62232","HCC","GSM1523375",0.875700528665248,0.00237367551573374,0.0369995960414378,0.0849261997775807
"GSE62232","HCC","GSM1523376",0.837444367661563,0.0110483287510421,0.0561027115872472,0.0954045920001477
"GSE62232","HCC","GSM1523377",0.781321811439938,0.0207243294769906,0.0692560471888101,0.128697811894261
"GSE62232","HCC","GSM1523378",0.8120249605693,0.0105256538491394,0.0428431826837996,0.134606202897761
"GSE62232","HCC","GSM1523379",0.82272855734894,0.0120955722486378,0.0570665568656467,0.108109313536776
"GSE62232","HCC","GSM1523380",0.849752397536851,0.00424534159120571,0.0342085114300952,0.111793749441849
"GSE62232","HCC","GSM1523381",0.802272312823481,0.00858484851237898,0.0738191883534831,0.115323650310657
"GSE62232","HCC","GSM1523382",0.860165153472959,0.00635284694404801,0.040461236017695,0.0930207635652984
"GSE62232","HCC","GSM1523383",0.802270783469152,0.00298292149903768,0.0690324979965992,0.125713797035211
"GSE62232","HCC","GSM1523384",0.841138449885234,0.00300670693554841,0.055258967007278,0.10059587617194
"GSE62232","HCC","GSM1523385",0.887703699564506,0.00215683516263995,0.038871237858763,0.0712682274140904
"GSE62232","HCC","GSM1523386",0.758162057576644,0.00504070085938624,0.117871857631196,0.118925383932774
"GSE62232","HCC","GSM1523387",0.836428290094442,0.00380165104617643,0.0501747246607273,0.109595334198654
"GSE62232","HCC","GSM1523388",0.847726170891402,0.00161281355965624,0.0397682214779236,0.110892794071018
"GSE62232","HCC","GSM1523389",0.698942928720749,0.00694891542991405,0.12452689568959,0.169581260159747
"GSE62232","HCC","GSM1523390",0.863416582307946,0.0030180105455671,0.0513255412636455,0.0822398658828409
"GSE62232","HCC","GSM1523391",0.311827636564308,0.0269609144060997,0.0975551137740679,0.563656335255525
"GSE62232","HCC","GSM1523392",0.727240004142036,0.00420163476837297,0.0432853392748003,0.225273021814791
"GSE62232","HCC","GSM1523393",0.800535607959829,0.00202051287573567,0.0610745202234481,0.136369358940987
"GSE62232","HCC","GSM1523394",0.852486143469505,0.00289207627278191,0.0432883139570802,0.101333466300633
"GSE62232","HCC","GSM1523395",0.893371519352101,0.0014813111213655,0.0290171638589092,0.0761300056676245
"GSE62232","HCC","GSM1523396",0.894031860228346,0.000833097279997273,0.0303911563619635,0.0747438861296935
"GSE62232","HCC","GSM1523397",0.864052214225395,0.00206406116027793,0.0403572991997214,0.0935264254146061
"GSE62232","HCC","GSM1523398",0.841359959454286,0.00612198926524981,0.0374875165526225,0.115030534727842
"GSE62232","HCC","GSM1523399",0.875968071092721,0.00113470393719318,0.0251368760836425,0.0977603488864438
"GSE62232","HCC","GSM1523400",0.848268303122542,0.00208856464595826,0.0482946797558732,0.101348452475627
"GSE62232","HCC","GSM1523401",0.855302245594688,0.00612652012297882,0.0332861484896733,0.10528508579266
"GSE62232","HCC","GSM1523402",0.84151478549407,0.00256998998527796,0.0481750385649717,0.10774018595568
"GSE62232","HCC","GSM1523403",0.903090990736089,0.00152593359927257,0.040734775327942,0.0546483003366964
"GSE62232","HCC","GSM1523404",0.883845616669592,0.00353133553339759,0.0277584083809549,0.084864639416055
"GSE62232","HCC","GSM1523405",0.820763412770218,0.00903921114815999,0.0533222240544024,0.116875152027219
"GSE62232","HCC","GSM1523406",0.797058883859269,0.0117583680475629,0.0575553139339166,0.133627434159251
"GSE62232","HCC","GSM1523407",0.908544592392037,0.00103038290520755,0.0243267649725905,0.0660982597301651
"GSE62232","HCC","GSM1523408",0.890444964729658,0.00108123797439305,0.029037906552586,0.0794358907433632
"GSE62232","HCC","GSM1523409",0.880038604267755,0.00241698235128255,0.0248692502654014,0.0926751631155612
"GSE62232","HCC","GSM1523410",0.853145600298127,0.00480305253195218,0.0536566107487284,0.0883947364211919
"GSE62232","HCC","GSM1523411",0.879878668589987,0.00226355610023015,0.0268275769669942,0.0910301983427884
"GSE62232","HCC","GSM1523412",0.905743033514443,0.00256773572804169,0.0229927450760787,0.068696485681437
"GSE62232","HCC","GSM1523413",0.887923885396761,0.00343195853577158,0.0268575439999261,0.0817866120675409
"GSE62232","HCC","GSM1523414",0.813182169944128,0.00345965204539545,0.0924008705719415,0.0909573074385351
"GSE62232","HCC","GSM1523415",0.816494252245594,0.00796370622302046,0.0440470261195767,0.131495015411808
"GSE62232","HCC","GSM1523416",0.889530811506424,0.0036612413397479,0.0367990032646457,0.0700089438891822
"GSE62232","HCC","GSM1523417",0.86695498083113,0.00318836770342978,0.047823368209422,0.0820332832560185
"GSE62232","HCC","GSM1523418",0.912225922302087,0.00158795824871387,0.0252594821359957,0.060926637313203
"GSE62232","HCC","GSM1523419",0.870607168799134,0.00102062234101269,0.0273514027867584,0.101020806073094
"GSE23400","ESCC","GSM573846",0.590549274447347,0.0062778145484379,0.103156930615268,0.300015980388947
"GSE23400","ESCC","GSM573847",0.591760049627402,0.00668284314801971,0.110465478351935,0.291091628872644
"GSE23400","ESCC","GSM573848",0.437332930811175,0.0256845033693201,0.187408193755326,0.349574372064179
"GSE23400","ESCC","GSM573849",0.527478649773331,0.0114041532772518,0.173285585728874,0.287831611220544
"GSE23400","ESCC","GSM573850",0.55134161035667,0.011550051773871,0.132608509545934,0.304499828323525
"GSE23400","ESCC","GSM573851",0.589410204603392,0.0129105612905661,0.220559533744511,0.177119700361531
"GSE23400","ESCC","GSM573852",0.684966582188058,0.00543721261103861,0.0988806292309743,0.210715575969929
"GSE23400","ESCC","GSM573853",0.571011266675272,0.00532258527785215,0.093067729444724,0.330598418602151
"GSE23400","ESCC","GSM573854",0.536290578488948,0.00965114647292092,0.136064296062194,0.317993978975937
"GSE23400","ESCC","GSM573855",0.499833139128038,0.00548105189332798,0.122339773722213,0.37234603525642
"GSE23400","ESCC","GSM573856",0.539665389076399,0.00486344044913059,0.10474223608297,0.3507289343915
"GSE23400","ESCC","GSM573857",0.492980831598595,0.00714656109252775,0.126472092840715,0.373400514468162
"GSE23400","ESCC","GSM573858",0.504521337850007,0.00823656349523868,0.154061634492682,0.333180464162072
"GSE23400","ESCC","GSM573859",0.54723433820668,0.0104862132503111,0.147941284095711,0.294338164447297
"GSE23400","ESCC","GSM573860",0.503324512747069,0.0043595223702767,0.117923108868001,0.374392856014654
"GSE23400","ESCC","GSM573861",0.444998771664673,0.00392755025890971,0.132887072907569,0.418186605168849
"GSE23400","ESCC","GSM573862",0.559028511379304,0.00421290159687603,0.105627784481508,0.331130802542312
"GSE23400","ESCC","GSM573863",0.639387721352873,0.0150980060637179,0.146392679501773,0.199121593081636
"GSE23400","ESCC","GSM573864",0.618647240660649,0.00526875914416206,0.103863948614013,0.272220051581175
"GSE23400","ESCC","GSM573865",0.618427835802939,0.0183492036994487,0.101769231761673,0.26145372873594
"GSE23400","ESCC","GSM573866",0.55956093531805,0.012537876074319,0.1704016071157,0.25749958149193
"GSE23400","ESCC","GSM573867",0.593008660117349,0.016490258254308,0.107533725295396,0.282967356332947
"GSE23400","ESCC","GSM573868",0.49410682332077,0.00522522348926649,0.140191217988699,0.360476735201264
"GSE23400","ESCC","GSM573869",0.584457372333568,0.00517313206950709,0.109000588177133,0.301368907419793
"GSE23400","ESCC","GSM573870",0.490050007918334,0.00615511304647213,0.132128625162726,0.371666253872467
"GSE23400","ESCC","GSM573871",0.595765527102608,0.0107675926085954,0.178000842479423,0.215466037809374
"GSE23400","ESCC","GSM573872",0.570395014647462,0.00770886474473064,0.112733312095096,0.309162808512711
"GSE23400","ESCC","GSM573873",0.537413264643863,0.0118906083330573,0.151703865873462,0.298992261149618
"GSE23400","ESCC","GSM573874",0.495136499394997,0.0112057826562452,0.14037601313063,0.353281704818128
"GSE23400","ESCC","GSM573875",0.525350176247452,0.00551996808234868,0.117915337103206,0.351214518566993
"GSE23400","ESCC","GSM573876",0.601752672480143,0.0129764816142925,0.150815465708873,0.234455380196692
"GSE23400","ESCC","GSM573877",0.522345347561995,0.00787647167250951,0.125889483332846,0.343888697432649
"GSE23400","ESCC","GSM573878",0.497356613633319,0.00592985852059906,0.137501618303543,0.359211909542539
"GSE23400","ESCC","GSM573879",0.511919047164428,0.00600632120759915,0.128212531313638,0.353862100314335
"GSE23400","ESCC","GSM573880",0.608679923301916,0.00601954773050272,0.0927459719041771,0.292554557063404
"GSE23400","ESCC","GSM573881",0.544735693503346,0.00746739288809505,0.114657073086538,0.333139840522021
"GSE23400","ESCC","GSM573882",0.574292971393198,0.0114372241481897,0.11436737903474,0.299902425423872
"GSE23400","ESCC","GSM573883",0.492804152873819,0.00592053172126113,0.121657458915172,0.379617856489749
"GSE23400","ESCC","GSM573884",0.531105169242536,0.00409388879851084,0.102790022103094,0.36201091985586
"GSE23400","ESCC","GSM573885",0.545177496302734,0.00561663926997344,0.13265082179415,0.316555042633143
"GSE23400","ESCC","GSM573886",0.516017232784473,0.00497643880081432,0.12341728992831,0.355589038486403
"GSE23400","ESCC","GSM573887",0.650274011914958,0.0063413915986586,0.104596924302234,0.238787672184149
"GSE23400","ESCC","GSM573888",0.64308145964651,0.00635053509541339,0.106235657033611,0.244332348224466
"GSE23400","ESCC","GSM573889",0.723236565331214,0.0104690756308667,0.0746531410557208,0.191641217982198
"GSE23400","ESCC","GSM573890",0.604478904398196,0.0118187806227519,0.170116952574458,0.213585362404594
"GSE23400","ESCC","GSM573891",0.653841341372413,0.0151316570235307,0.139751893761489,0.191275107842567
"GSE23400","ESCC","GSM573892",0.571571348215802,0.0167166654610818,0.158911202997126,0.25280078332599
"GSE23400","ESCC","GSM573893",0.603750956423341,0.014531312363528,0.1043857183307,0.277332012882431
"GSE23400","ESCC","GSM573894",0.527558743932086,0.0036144961056399,0.121766279559505,0.347060480402769
"GSE23400","ESCC","GSM573895",0.517381870276701,0.00612917395899549,0.12899493977529,0.347494015989013
"GSE23400","ESCC","GSM573896",0.533788287517091,0.0081473051036738,0.109172150815262,0.348892256563973
"GSE23400","ESCC","GSM573897",0.52830311541739,0.00472146965759943,0.119419400238509,0.347556014686502
"GSE23400","ESCC","GSM573898",0.526377385939849,0.00579597955926928,0.12427574071407,0.343550893786812
"GSE23400","ESCC","GSM573899",0.675221605533712,0.0314559281861021,0.0928973460940829,0.200425120186103
"GSE23400","ESCC","GSM573900",0.62829373275592,0.0190107185418362,0.132265980365791,0.220429568336453
"GSE23400","ESCC","GSM573901",0.661906886888975,0.0406978034765054,0.101362444994966,0.196032864639554
"GSE23400","ESCC","GSM573902",0.66410884607405,0.0360544100556396,0.0812099683727474,0.218626775497563
"GSE23400","ESCC","GSM573903",0.701585068469478,0.0258508409095024,0.0989682366559501,0.17359585396507
"GSE23400","ESCC","GSM573904",0.601814257600836,0.0275519232816709,0.158995203783369,0.211638615334125
"GSE23400","ESCC","GSM573905",0.58080661588023,0.0308747591059206,0.154412407758902,0.233906217254947
"GSE23400","ESCC","GSM573906",0.781067932630788,0.00944660144061018,0.0499431021147625,0.159542363813839
"GSE23400","ESCC","GSM573907",0.639730672430429,0.0178330164966632,0.0983862830494133,0.244050028023494
"GSE23400","ESCC","GSM573908",0.647685699083061,0.0322038594888736,0.0726412892034168,0.247469152224649
"GSE23400","ESCC","GSM573909",0.69330243967941,0.0229063495858283,0.122262065669766,0.161529145064997
"GSE23400","ESCC","GSM573910",0.688407272145043,0.0330356122972297,0.0968321703225952,0.181724945235132
"GSE23400","ESCC","GSM573911",0.693024540836269,0.0131590036558548,0.108037924479465,0.185778531028412
"GSE23400","ESCC","GSM573912",0.654442609251515,0.0157762338755109,0.0896290274583984,0.240152129414576
"GSE23400","ESCC","GSM573913",0.661494036023236,0.0290572661037175,0.0963910984065833,0.213057599466463
"GSE23400","ESCC","GSM573914",0.740538811399698,0.0178811070601947,0.065986203709166,0.175593877830941
"GSE23400","ESCC","GSM573915",0.632598881700157,0.0113957404988486,0.0878327272200279,0.268172650580967
"GSE23400","ESCC","GSM573916",0.665821739267223,0.0317828795934218,0.100039144706093,0.202356236433262
"GSE23400","ESCC","GSM573917",0.762251348253648,0.0223364125288184,0.0722457387579966,0.143166500459537
"GSE23400","ESCC","GSM573918",0.699434666232381,0.0226457715099173,0.0746854627489274,0.203234099508775
"GSE23400","ESCC","GSM573919",0.764742860208278,0.0214784247953313,0.0582990337732637,0.155479681223127
"GSE23400","ESCC","GSM573920",0.574487888194092,0.0303224475585537,0.108965254721853,0.286224409525501
"GSE23400","ESCC","GSM573921",0.762820359385764,0.00967894440543289,0.0591091870421597,0.168391509166644
"GSE23400","ESCC","GSM573922",0.692816824794591,0.0245914322784174,0.0754509916194521,0.207140751307539
"GSE23400","ESCC","GSM573923",0.687887759625877,0.018966787925257,0.0846867885741774,0.208458663874689
"GSE23400","ESCC","GSM573924",0.626751567473413,0.0302066263845773,0.102558215344372,0.240483590797638
"GSE23400","ESCC","GSM573925",0.587067644564842,0.0240657867937871,0.177285386343089,0.211581182298282
"GSE23400","ESCC","GSM573926",0.562927173456869,0.0269868710356229,0.175883664670446,0.234202290837062
"GSE23400","ESCC","GSM573927",0.65368977681822,0.0453426050355892,0.0829513383612373,0.218016279784954
"GSE23400","ESCC","GSM573928",0.6279182610346,0.0262668752529385,0.0759805268390266,0.269834336873435
"GSE23400","ESCC","GSM573929",0.725105956051055,0.0194909522875414,0.072525885927228,0.182877205734175
"GSE23400","ESCC","GSM573930",0.634955968103559,0.0252263148968352,0.0991566183591813,0.240661098640425
"GSE23400","ESCC","GSM573931",0.625470190906485,0.034563878936616,0.0829436674207374,0.257022262736162
"GSE23400","ESCC","GSM573932",0.745766727998058,0.0226551829492434,0.0631608867728692,0.16841720227983
"GSE23400","ESCC","GSM573933",0.767854666666387,0.0168756895583603,0.0399316217008746,0.175338022074378
"GSE23400","ESCC","GSM573934",0.705304491835933,0.0213749422765488,0.0859819843524074,0.187338581535111
"GSE23400","ESCC","GSM573935",0.600678865965358,0.0247621036917753,0.106680430603815,0.267878599739052
"GSE23400","ESCC","GSM573936",0.734813332533301,0.0242621510182344,0.0614139945615522,0.179510521886912
"GSE23400","ESCC","GSM573937",0.700357524651608,0.0264030613571621,0.0717515685798155,0.201487845411414
"GSE23400","ESCC","GSM573938",0.635980500171095,0.0171146983720685,0.106285166782824,0.240619634674012
"GSE23400","ESCC","GSM573939",0.697465262143097,0.0196674085960175,0.0678832189089034,0.214984110351982
"GSE23400","ESCC","GSM573940",0.703278130555837,0.0335317251806794,0.0753023358219393,0.187887808441544
"GSE23400","ESCC","GSM573941",0.704461229047263,0.0279873646567202,0.110529614999715,0.157021791296301
"GSE23400","ESCC","GSM573942",0.717556566576759,0.0100649820177589,0.0772870768706748,0.195091374534807
"GSE23400","ESCC","GSM573943",0.745693769535666,0.0176028556084973,0.062298809602384,0.174404565253452
"GSE23400","ESCC","GSM573944",0.595065284769615,0.00809171313677063,0.103823250268072,0.293019751825542
"GSE23400","ESCC","GSM573945",0.679262147514963,0.0149121526503779,0.0745859312183781,0.231239768616281
"GSE23400","ESCC","GSM573946",0.604416950496561,0.043215906126751,0.15228276424545,0.200084379131238
"GSE23400","ESCC","GSM573947",0.724903547651296,0.0122996365094024,0.0798073634726599,0.182989452366642
"GSE23400","ESCC","GSM573948",0.654133729215822,0.0364356154182167,0.098745509452658,0.210685145913304
"GSE23400","ESCC","GSM573949",0.617466677771962,0.0356462550380682,0.0896815250889187,0.257205542101051
"GSE23400","ESCC","GSM573950",0.719338807161817,0.0142115944585305,0.0771515073273992,0.189298091052254
"GSE23400","ESCC","GSM573951",0.642823051031523,0.0155469601732984,0.132477220308753,0.209152768486426
"GSE20347","ESCC","GSM509787",0.495649720521255,0.00442060613011218,0.0894051544372311,0.410524518911401
"GSE20347","ESCC","GSM509788",0.509665909815877,0.00298753657036466,0.0806446013684534,0.406701952245305
"GSE20347","ESCC","GSM509789",0.524937288452313,0.00766065503798245,0.0829029989588391,0.384499057550866
"GSE20347","ESCC","GSM509790",0.505332118090997,0.00429545773913874,0.0803388757158732,0.410033548453991
"GSE20347","ESCC","GSM509791",0.518877393071776,0.00332982930471974,0.0788622512058651,0.398930526417639
"GSE20347","ESCC","GSM509792",0.501528893874429,0.0108354990323076,0.0983885774113864,0.389247029681877
"GSE20347","ESCC","GSM509793",0.548719864126348,0.00805906021164544,0.0797850692195086,0.363436006442498
"GSE20347","ESCC","GSM509794",0.520998404819139,0.00515664850609007,0.0778392903614579,0.396005656313313
"GSE20347","ESCC","GSM509795",0.514750309495962,0.0153287071617033,0.0861798787625018,0.383741104579833
"GSE20347","ESCC","GSM509796",0.5211520788286,0.00464621755105644,0.0864143224148369,0.387787381205506
"GSE20347","ESCC","GSM509797",0.602781177136679,0.00403815527584628,0.0728386676026608,0.320341999984814
"GSE20347","ESCC","GSM509798",0.563262416384714,0.00192192872707264,0.0653494237655137,0.3694662311227
"GSE20347","ESCC","GSM509799",0.448243031801634,0.0081178417337168,0.0974870558325572,0.446152070632092
"GSE20347","ESCC","GSM509800",0.546820929567556,0.00734528327613099,0.0790398255726815,0.366793961583632
"GSE20347","ESCC","GSM509801",0.532245115188009,0.00422949212409388,0.0775740469907221,0.385951345697175
"GSE20347","ESCC","GSM509802",0.469980884267079,0.00545931286284272,0.0825148891350572,0.442044913735021
"GSE20347","ESCC","GSM509803",0.525110779779075,0.00380563590951448,0.0764656452996568,0.394617939011753
"GSE20347","ESCC","GSM509804",0.752680289786125,0.0308196140846296,0.0382324030052994,0.178267693123946
"GSE20347","ESCC","GSM509805",0.738574888259097,0.0195853336683146,0.0418835808797781,0.19995619719281
"GSE20347","ESCC","GSM509806",0.692717858747567,0.00833492791678752,0.0571554952278089,0.241791718107836
"GSE20347","ESCC","GSM509807",0.647715843464664,0.00539052437885995,0.0707799341611596,0.276113697995317
"GSE20347","ESCC","GSM509808",0.662786482558898,0.00317504768658562,0.0543121094762061,0.27972636027831
"GSE20347","ESCC","GSM509809",0.684130769190889,0.0242863154836279,0.0494038965994728,0.24217901872601
"GSE20347","ESCC","GSM509810",0.705573984086195,0.0330934641221339,0.042556902568924,0.218775649222747
"GSE20347","ESCC","GSM509811",0.724169904469223,0.0293451776315191,0.0388614883337135,0.207623429565545
"GSE20347","ESCC","GSM509812",0.724734818262196,0.022490983943401,0.0540345425271754,0.198739655267228
"GSE20347","ESCC","GSM509813",0.757843661025993,0.0154404704831923,0.0376989281517241,0.18901694033909
"GSE20347","ESCC","GSM509814",0.733409975138587,0.0192164811474646,0.0492636579655023,0.198109885748446
"GSE20347","ESCC","GSM509815",0.592204653754823,0.013146739113632,0.062924754925595,0.33172385220595
"GSE20347","ESCC","GSM509816",0.699679475688606,0.0214880456432136,0.042020815246796,0.236811663421384
"GSE20347","ESCC","GSM509817",0.704627466511166,0.0366397007218346,0.0328311891238019,0.225901643643198
"GSE20347","ESCC","GSM509818",0.668030029017156,0.0198727315205011,0.0701047537588822,0.241992485703461
"GSE20347","ESCC","GSM509819",0.677692532378238,0.0189810322348211,0.0307866407850661,0.272539794601875
"GSE20347","ESCC","GSM509820",0.736684117597908,0.0290517368571351,0.0376062468178368,0.196657898727121
"GSE76925","COPD","GSM2040792",0.0941431310521435,0.033533677259832,0.731411478662816,0.140911713025209
"GSE76925","COPD","GSM2040793",5.12773130184227e-08,0.0103647759471881,0.906823563649063,0.0828116091264363
"GSE76925","COPD","GSM2040794",3.95249733597227e-08,0.00943432522999168,0.962176632233809,0.0283890030112257
"GSE76925","COPD","GSM2040795",0.157140479440882,0.0149447000292518,0.585386743733131,0.242528076796736
"GSE76925","COPD","GSM2040796",0.220545784714848,0.0133970027470209,0.569967301097498,0.196089911440633
"GSE76925","COPD","GSM2040797",0.0915433367934587,0.00618137410708677,0.61294704081077,0.289328248288684
"GSE76925","COPD","GSM2040798",0.0936286655404128,0.0050951940930193,0.877378384141077,0.023897756225491
"GSE76925","COPD","GSM2040799",9.65554902031719e-08,0.00708905328526903,0.961698854307571,0.03121199585167
"GSE76925","COPD","GSM2040800",1.90111565624949e-08,0.0267078318354052,0.946277755413897,0.0270143937395408
"GSE76925","COPD","GSM2040801",0.0769449697550885,0.0148093560743407,0.840660441917362,0.0675852322532086
"GSE76925","COPD","GSM2040802",0.0945173194241544,0.00669158749601843,0.608905053017805,0.289886040062023
"GSE76925","COPD","GSM2040803",1.6221409384913e-06,0.0140383053972412,0.639046700279201,0.346913372182619
"GSE76925","COPD","GSM2040804",0.245716892892261,0.00864586258121459,0.632627338544451,0.113009905982074
"GSE76925","COPD","GSM2040805",0.0114237029006414,0.0897554239236618,0.731645119079925,0.167175754095771
"GSE76925","COPD","GSM2040806",1.23624280487555e-08,0.037725541251045,0.827693454521776,0.134580991864751
"GSE76925","COPD","GSM2040807",0.189032746365387,0.0205400930920962,0.63340896777158,0.157018192770937
"GSE76925","COPD","GSM2040808",0.337560393084272,0.0108487949200246,0.411800982134456,0.239789829861247
"GSE76925","COPD","GSM2040809",0.331475459428175,0.0489461708191205,0.374094815369364,0.245483554383341
"GSE76925","COPD","GSM2040810",0.00881441487702267,0.0174656236171639,0.764881148911691,0.208838812594123
"GSE76925","COPD","GSM2040811",0.140570224938629,0.0249075174295415,0.632382712138122,0.202139545493707
"GSE76925","COPD","GSM2040812",0.0726949466859255,0.0755891580944214,0.619475988342334,0.232239906877319
"GSE76925","COPD","GSM2040813",0.185207210906494,0.0336646521427894,0.56829586161965,0.212832275331066
"GSE76925","COPD","GSM2040814",0.0768499443142372,0.0212817906720531,0.628455054194222,0.273413210819488
"GSE76925","COPD","GSM2040815",0.153617456980924,0.0263393267881449,0.629113935702308,0.190929280528623
"GSE76925","COPD","GSM2040816",1.73458758039811e-05,0.0192368284219925,0.773732538149418,0.207013287552785
"GSE76925","COPD","GSM2040817",2.00467483409143e-08,0.0190710446641288,0.941032801740016,0.0398961335491064
"GSE76925","COPD","GSM2040818",2.36183351179983e-07,0.0195039521749954,0.688968781916717,0.291527029724936
"GSE76925","COPD","GSM2040819",3.88432173020901e-08,0.0111784989241184,0.809289183809857,0.179532278422807
"GSE76925","COPD","GSM2040820",1.63966873013937e-08,0.0198581211367602,0.668996619855431,0.311145242611121
"GSE76925","COPD","GSM2040821",1.37846011093433e-06,0.0113033908461558,0.658845439076448,0.329849791617285
"GSE76925","COPD","GSM2040822",0.09066837761899,0.0134568829740558,0.64674592134513,0.249128818061824
"GSE76925","COPD","GSM2040823",0.0987425357334378,0.0324091535099049,0.661130588749336,0.207717722007322
"GSE76925","COPD","GSM2040824",0.422082484691514,0.0222941256529139,0.388010365252536,0.167613024403036
"GSE76925","COPD","GSM2040825",0.0440801977557949,0.0506966728714603,0.649905320457698,0.255317808915047
"GSE76925","COPD","GSM2040826",0.260879126143886,0.0182168485891822,0.391383669379693,0.329520355887239
"GSE76925","COPD","GSM2040827",0.323247441432014,0.228214414238113,0.260066990636043,0.18847115369383
"GSE76925","COPD","GSM2040828",0.138165055179845,0.0351599317646176,0.559931600863694,0.266743412191843
"GSE76925","COPD","GSM2040829",0.297945279870066,0.0875415158057041,0.345123800091054,0.269389404233176
"GSE76925","COPD","GSM2040830",8.23030038400235e-06,0.0279924352033264,0.796028505369609,0.17597082912668
"GSE76925","COPD","GSM2040831",0.0530739338883989,0.00811362908183955,0.662145266453806,0.276667170575956
"GSE76925","COPD","GSM2040832",0.226839082544683,0.0124781993213556,0.579318956704036,0.181363761429925
"GSE76925","COPD","GSM2040833",3.75137622403762e-09,0.0109523538014123,0.794711199991158,0.194336442456053
"GSE76925","COPD","GSM2040834",6.85805037594768e-07,0.033392096285707,0.771773505414112,0.194833712495144
"GSE76925","COPD","GSM2040835",0.0605295408268865,0.158666624106872,0.610119430061585,0.170684405004657
"GSE76925","COPD","GSM2040836",4.09040384867825e-07,0.0496739520256936,0.721687861210814,0.228637777723107
"GSE76925","COPD","GSM2040837",0.0579807508787866,0.0222090250669489,0.700064637492191,0.219745586562074
"GSE76925","COPD","GSM2040838",0.0367673658919266,0.016417471511112,0.754859698524005,0.191955464072956
"GSE76925","COPD","GSM2040839",0.0789636981601784,0.0275479165757673,0.644434558710271,0.249053826553783
"GSE76925","COPD","GSM2040840",0.123727288141145,0.0265599812030249,0.640827501100574,0.208885229555256
"GSE76925","COPD","GSM2040841",2.93612031156248e-08,0.0115236440814707,0.78311087705937,0.205365449497956
"GSE76925","COPD","GSM2040842",0.130957118289921,0.00996681492818328,0.455998878070299,0.403077188711596
"GSE76925","COPD","GSM2040843",0.000186524403662336,0.0640608742665619,0.663679810901278,0.272072790428498
"GSE76925","COPD","GSM2040844",0.116325547952694,0.017885306947756,0.555284420707815,0.310504724391735
"GSE76925","COPD","GSM2040845",0.205510987536221,0.0273371114964416,0.572898868458923,0.194253032508415
"GSE76925","COPD","GSM2040846",0.254495217573853,0.0440474474067516,0.502288740823984,0.199168594195411
"GSE76925","COPD","GSM2040847",0.0412020716705894,0.0127507314640845,0.573641838908717,0.372405357956609
"GSE76925","COPD","GSM2040848",5.04319174662471e-08,0.0115025994304952,0.960153621912645,0.0283437282249421
"GSE76925","COPD","GSM2040849",0.0587850679686627,0.0325716207853149,0.532074964725108,0.376568346520915
"GSE76925","COPD","GSM2040850",0.0598939303472161,0.0100278224780405,0.615427193512163,0.314651053662581
"GSE76925","COPD","GSM2040851",3.66041851708826e-07,0.0096850646664035,0.627233557161779,0.363081012129966
"GSE76925","COPD","GSM2040852",0.330468347167589,0.00838917276341527,0.51626598940057,0.144876490668425
"GSE76925","COPD","GSM2040853",1.65511632948459e-08,0.105139284344768,0.811639498859714,0.0832212002443551
"GSE76925","COPD","GSM2040854",2.07035135877321e-07,0.0136542646717995,0.654314403590276,0.332031124702789
"GSE76925","COPD","GSM2040855",0.0110296066162537,0.0156666332809233,0.635456840429343,0.33784691967348
"GSE76925","COPD","GSM2040856",0.0531670227522073,0.0135305538600986,0.629428507295544,0.30387391609215
"GSE76925","COPD","GSM2040857",3.34576137130464e-09,0.014844726940971,0.93962972838461,0.0455255413286578
"GSE76925","COPD","GSM2040858",7.19178468262476e-10,0.00348741085812714,0.65615644400515,0.340356144417544
"GSE76925","COPD","GSM2040859",1.89709218890373e-06,0.0219599999455861,0.863315176670407,0.114722926291819
"GSE76925","COPD","GSM2040860",2.01189062918964e-08,0.0133578279389043,0.89015644056786,0.0964857113743297
"GSE76925","COPD","GSM2040861",2.19151090180958e-09,0.0759052414872283,0.841550283671968,0.0825444726492933
"GSE76925","COPD","GSM2040862",2.55305946161685e-06,0.0121900211473657,0.706546219979125,0.281261205814048
"GSE76925","COPD","GSM2040863",0.0356591822280702,0.0155370254226349,0.729405195830357,0.219398596518938
"GSE76925","COPD","GSM2040864",6.42630384270189e-09,0.0162844131602577,0.675959533254334,0.307756047159104
"GSE76925","COPD","GSM2040865",0.0108352035887668,0.021458965674415,0.699869979263351,0.267835851473467
"GSE76925","COPD","GSM2040866",6.12177271394983e-08,0.0448188009114653,0.723232047687904,0.231949090182904
"GSE76925","COPD","GSM2040867",0.0528514037547874,0.0299890598863965,0.754493433440201,0.162666102918615
"GSE76925","COPD","GSM2040868",6.05341188246125e-06,0.0171556456587045,0.685195955739673,0.29764234518974
"GSE76925","COPD","GSM2040869",4.57141269337968e-08,0.0409558819545437,0.866108187959626,0.0929358843717031
"GSE76925","COPD","GSM2040870",0.0585047898767097,0.0356324196878264,0.733080783412241,0.172782007023223
"GSE76925","COPD","GSM2040871",3.09551141101922e-06,0.0102693304983515,0.679886976455924,0.309840597534314
"GSE76925","COPD","GSM2040872",0.30194752506057,0.0158298441073957,0.365357705271352,0.316864925560682
"GSE76925","COPD","GSM2040873",0.0732754427952511,0.0120682457031614,0.697125151822605,0.217531159678982
"GSE76925","COPD","GSM2040874",0.238364322015056,0.0282658755605879,0.573366977674603,0.160002824749753
"GSE76925","COPD","GSM2040875",7.0626546051909e-06,0.0158735715268007,0.78700613975547,0.197113226063125
"GSE76925","COPD","GSM2040876",7.59814669328623e-07,0.0200416171224864,0.755705438920973,0.224252184141871
"GSE76925","COPD","GSM2040877",4.50512542232447e-07,0.0370769950481793,0.820560434773846,0.142362119665433
"GSE76925","COPD","GSM2040878",0.116021231534683,0.0322206400091744,0.598704044705777,0.253054083750366
"GSE76925","COPD","GSM2040879",4.64256892116445e-08,0.00600658145810889,0.836940724181911,0.157052647934291
"GSE76925","COPD","GSM2040880",2.2657827044832e-05,0.0539616452362875,0.626018333052546,0.319997363884122
"GSE76925","COPD","GSM2040881",5.91360465470389e-10,0.0106138435793914,0.933236129580128,0.0561500262491197
"GSE76925","COPD","GSM2040882",3.78539323199857e-07,0.0165510886658909,0.75959876819495,0.223849764599836
"GSE76925","COPD","GSM2040883",1.21960715938247e-07,0.018555113336629,0.948429216841184,0.0330155478614713
"GSE76925","COPD","GSM2040884",4.65365974522837e-08,0.0217087918063351,0.796990658917228,0.18130050273984
"GSE76925","COPD","GSM2040885",0.0727925369773138,0.0131517190552815,0.60913245842639,0.304923285541015
"GSE76925","COPD","GSM2040886",1.4572896091453e-08,0.0140027704188185,0.717350517892187,0.268646697116098
"GSE76925","COPD","GSM2040887",0.214602802316903,0.0349769843376394,0.530205760009144,0.220214453336314
"GSE76925","COPD","GSM2040888",0.0444808323993664,0.020932947196397,0.823090517187906,0.11149570321633
"GSE76925","COPD","GSM2040889",5.39577602472788e-10,0.0155712853868327,0.821084754223173,0.163343959850417
"GSE76925","COPD","GSM2040890",1.43754167840892e-05,0.038842981472074,0.867549930916012,0.0935927121951303
"GSE76925","COPD","GSM2040891",0.265908371536891,0.0155140557290044,0.454682507727059,0.263895065007045
"GSE76925","COPD","GSM2040892",3.85314134617628e-06,0.0906600368973079,0.606301853415421,0.303034256545925
"GSE76925","COPD","GSM2040893",0.0755793434609584,0.0120246064349332,0.651280486183628,0.26111556392048
"GSE76925","COPD","GSM2040894",8.84429913451627e-08,0.109650950799865,0.719998805484451,0.170350155272693
"GSE76925","COPD","GSM2040895",0.0495313196750427,0.0891830548474211,0.685973612034497,0.175312013443039
"GSE76925","COPD","GSM2040896",9.65591004171528e-09,0.0123575994089721,0.593597214403717,0.394045176531401
"GSE76925","COPD","GSM2040897",0.103160442262782,0.0673452428446809,0.623650786655133,0.205843528237404
"GSE76925","COPD","GSM2040898",0.0967252213197896,0.0206830856799843,0.610755181653239,0.271836511346987
"GSE76925","COPD","GSM2040899",0.117982525392916,0.0326776990318512,0.619387440856136,0.229952334719097
"GSE76925","COPD","GSM2040900",0.0296424486346823,0.0415604142061467,0.616732284360691,0.31206485279848
"GSE76925","COPD","GSM2040901",0.142935510718888,0.0189413274604036,0.525658113265918,0.31246504855479
"GSE76925","COPD","GSM2040902",0.139407873582871,0.111868022301155,0.602983709604124,0.14574039451185
"GSE76925","COPD","GSM2040903",0.1497133767709,0.00922942464874938,0.640299348525641,0.200757850054709
"GSE76925","COPD","GSM2040904",4.91415509541752e-09,0.0158224645327381,0.887319315723318,0.096858214829789
"GSE76925","COPD","GSM2040905",0.199658308747617,0.0129708255344251,0.503057996376678,0.28431286934128
"GSE76925","COPD","GSM2040906",4.84321305151024e-07,0.0130238426056194,0.66674767230752,0.320228000765556
"GSE76925","COPD","GSM2040907",3.95830303469281e-10,0.0127981082868597,0.975791914262361,0.0114099770549489
"GSE76925","COPD","GSM2040908",0.183076258851636,0.0176280404352338,0.502805065376859,0.296490635336271
"GSE76925","COPD","GSM2040909",0.175618131080291,0.00951759677691627,0.541797025346831,0.273067246795962
"GSE76925","COPD","GSM2040910",0.110993141488776,0.012054903380064,0.561803900787567,0.315148054343593
"GSE76925","COPD","GSM2040911",0.115657489394275,0.00934043231599134,0.380858125807448,0.494143952482286
"GSE76925","COPD","GSM2040912",0.254140295618283,0.020002857391421,0.530179920849351,0.195676926140945
"GSE76925","COPD","GSM2040913",0.247447613028724,0.0360504447454137,0.45591419011249,0.260587752113373
"GSE76925","COPD","GSM2040914",0.107758600049764,0.0161339803061688,0.574923910304843,0.301183509339224
"GSE76925","COPD","GSM2040915",4.88037636450186e-07,0.245297160893495,0.661498973457582,0.0932033776112869
"GSE76925","COPD","GSM2040916",5.3412270364584e-10,0.027227805979096,0.617537415244689,0.355234778242093
"GSE76925","COPD","GSM2040917",0.368226578125523,0.0158937382830574,0.444963065052879,0.170916618538541
"GSE76925","COPD","GSM2040918",2.69909761681596e-08,0.00605314675049345,0.894398042250729,0.0995487840078016
"GSE76925","COPD","GSM2040919",0.0677938640720493,0.0249499678970333,0.788492156080498,0.11876401195042
"GSE76925","COPD","GSM2040920",1.41908215057384e-08,0.0216976316409969,0.848211880550988,0.130090473617194
"GSE76925","COPD","GSM2040921",0.000108417919612804,0.0774936316833564,0.811179114734074,0.111218835662957
"GSE76925","COPD","GSM2040922",0.234809128580874,0.026502220960247,0.552593033904714,0.186095616554165
"GSE76925","COPD","GSM2040923",0.174666866596319,0.0131902089381635,0.732472078045064,0.0796708464204541
"GSE76925","COPD","GSM2040924",0.743580415119136,0.00990143071929566,0.0803238035312777,0.166194350630291
"GSE76925","COPD","GSM2040925",0.69003758170319,0.00829914747814234,0.0946964116830293,0.206966859135639
"GSE76925","COPD","GSM2040926",1.07967138168752e-06,0.0128213236989566,0.895533917509475,0.0916436791201864
"GSE76925","COPD","GSM2040927",1.22569249884018e-05,0.00549699884410792,0.809696193460939,0.184794550769964
"GSE76925","COPD","GSM2040928",2.13718754714361e-07,0.0103562150568751,0.743730314594291,0.245913256630079
"GSE76925","COPD","GSM2040929",0.315532815336506,0.0308132453842544,0.46078216331316,0.19287177596608
"GSE76925","COPD","GSM2040930",1.54903402503316e-09,0.0139886314680036,0.899003611340216,0.0870077556427462
"GSE76925","COPD","GSM2040931",1.21375141753038e-07,0.0158053963627204,0.675233719670881,0.308960762591256
"GSE76925","COPD","GSM2040932",0.416305602998617,0.0159270245237527,0.33517662084598,0.23259075163165
"GSE76925","COPD","GSM2040933",0.23220244533255,0.0112753178581121,0.569340822866625,0.187181413942712
"GSE76925","COPD","GSM2040934",9.44820434684797e-07,0.0109578506179013,0.668448314639101,0.320592889922563
"GSE76925","COPD","GSM2040935",0.0468854013469367,0.0497668900982065,0.656248855737663,0.247098852817194
"GSE76925","COPD","GSM2040936",0.000200639261971333,0.0581297058645883,0.856065413528036,0.0856042413454047
"GSE76925","COPD","GSM2040937",0.151665518005487,0.0454738433706634,0.495137767795466,0.307722870828384
"GSE76925","COPD","GSM2040938",7.96548967943834e-07,0.0259392878888551,0.762509440893885,0.211550474668291
"GSE76925","COPD","GSM2040939",9.13733536568558e-07,0.0175987236968725,0.740176360815556,0.242224001754035
"GSE76925","COPD","GSM2040940",1.93237726299278e-08,0.0396766471054605,0.916963397436768,0.0433599361339992
"GSE76925","COPD","GSM2040941",1.23043979472372e-08,0.0155522289218729,0.915376582520659,0.0690711762530701
"GSE76925","COPD","GSM2040942",1.77900014082317e-09,0.0109866372786573,0.954293212509781,0.0347201484325619
"GSE47460","COPD","GSM1149948",0.344564478644866,0.00618759405563118,0.427411088017859,0.221836839281644
"GSE47460","COPD","GSM1149951",0.114216213043524,0.0093379807484197,0.663804109353681,0.212641696854375
"GSE47460","COPD","GSM1149958",0.327650347436043,0.0279192260971225,0.408975721153687,0.235454705313148
"GSE47460","COPD","GSM1149962",0.139324632894139,0.00750259602676575,0.582440163816315,0.270732607262779
"GSE47460","COPD","GSM1149963",0.494472517316511,0.00858098886348643,0.322743023421196,0.174203470398807
"GSE47460","COPD","GSM1149966",0.235289853225862,0.0179782037591053,0.651067986160386,0.0956639568546474
"GSE47460","COPD","GSM1149971",0.0239198388178051,0.0104335863063153,0.626435442363813,0.339211132512067
"GSE47460","COPD","GSM1149975",0.197393645522645,0.0154177603261839,0.5508303768147,0.236358217336471
"GSE47460","COPD","GSM1149981",0.196538702595114,0.00970831218299886,0.648781956719651,0.144971028502236
"GSE47460","COPD","GSM1149987",0.228787462710191,0.00981341455392272,0.495328646966638,0.266070475769249
"GSE47460","COPD","GSM1149988",1.51176660752028e-07,0.00438263332525468,0.549963948075886,0.445653267422199
"GSE47460","COPD","GSM1149992",0.244274205976189,0.0105627868540912,0.578615233426975,0.166547773742745
"GSE47460","COPD","GSM1149998",4.01116221635258e-08,0.00725047983936628,0.861809847454473,0.130939632594539
"GSE47460","COPD","GSM1150001",0.140041404610914,0.00880182610288006,0.569710912641664,0.281445856644542
"GSE47460","COPD","GSM1150012",0.0370758349566783,0.00657668834466673,0.808353956108826,0.147993520589829
"GSE47460","COPD","GSM1150014",0.276286865448416,0.0106137493808639,0.468432952395603,0.244666432775117
"GSE47460","COPD","GSM1150017",0.311931131294792,0.0136796481956162,0.437099614444069,0.237289606065523
"GSE47460","COPD","GSM1150030",5.3257154763238e-09,0.0100928331810142,0.725634164320915,0.264272997172356
"GSE47460","COPD","GSM1150031",0.219808919439197,0.00950253012917078,0.592298002113562,0.178390548318071
"GSE47460","COPD","GSM1150032",0.241643240429115,0.00876243448156546,0.473856874622329,0.27573745046699
"GSE47460","COPD","GSM1150037",0.285416481822534,0.0116014457962915,0.572107430950786,0.130874641430389
"GSE47460","COPD","GSM1150040",0.352459547417135,0.00667415762461898,0.459902222900372,0.180964072057874
"GSE47460","COPD","GSM1150041",0.115635900509432,0.0102300432708476,0.615071876274293,0.259062179945427
"GSE47460","COPD","GSM1150053",1.18576557500149e-05,0.00740201414333953,0.649987361043659,0.342598767157251
"GSE47460","COPD","GSM1150055",1.37352184592497e-05,0.0102700455996923,0.653657882120828,0.33605833706102
"GSE47460","COPD","GSM1150070",0.188826833848903,0.00629921328659583,0.644690777003346,0.160183175861155
"GSE47460","COPD","GSM1150075",0.125652796314291,0.00649411597582348,0.632645026329734,0.235208061380152
"GSE47460","COPD","GSM1150078",0.300486730032082,0.0123237511306804,0.521253794278146,0.165935724559091
"GSE47460","COPD","GSM1150080",0.0637802096401269,0.015521459429501,0.783024972370782,0.13767335855959
"GSE47460","COPD","GSM1150081",0.0401641876674556,0.00466370023900624,0.804323562976288,0.15084854911725
"GSE47460","COPD","GSM1150085",0.36517700873289,0.00719152211684687,0.504701272768509,0.122930196381755
"GSE47460","COPD","GSM1150090",0.145872498219399,0.0137935921524793,0.632281760171109,0.208052149457013
"GSE47460","COPD","GSM1150143",0.269930394528061,0.0119161599144969,0.537616139928223,0.180537305629219
"GSE47460","COPD","GSM1150144",0.340255975361921,0.00513390840962911,0.303037914119438,0.351572202109012
"GSE47460","COPD","GSM1150145",0.387138211049298,0.00768671731159669,0.350864610135161,0.254310461503944
"GSE47460","COPD","GSM1150146",0.217771352207582,0.00924355593785504,0.434988488045006,0.337996603809556
"GSE47460","COPD","GSM1150147",0.280221926923245,0.014066202407841,0.543203461623136,0.162508409045778
"GSE47460","COPD","GSM1150148",0.18329174503255,0.0117340357781261,0.65409053720075,0.150883681988574
"GSE47460","COPD","GSM1150149",0.377856363098499,0.0104523400405482,0.428362952122135,0.183328344738818
"GSE47460","COPD","GSM1150150",0.0214758788723019,0.0130125020842078,0.894993813470135,0.0705178055733557
"GSE47460","COPD","GSM1150151",0.228604157993184,0.0111783483251058,0.482522079426008,0.277695414255702
"GSE47460","COPD","GSM1150152",0.231669669331336,0.0105590853168489,0.494716874192299,0.263054371159516
"GSE47460","COPD","GSM1150153",0.168323127799704,0.0112053391660042,0.588089980588789,0.232381552445502
"GSE47460","COPD","GSM1150154",8.37227331076695e-08,4.51120799620567e-07,0.289287892717004,0.710711572439463
"GSE47460","COPD","GSM1150156",0.119511974393818,0.0109924538249468,0.59214608544259,0.277349486338646
"GSE47460","COPD","GSM1150157",0.263944256981932,0.0123382601597348,0.450135791380169,0.273581691478165
"GSE47460","COPD","GSM1150158",0.452070900159794,0.0127049052069489,0.385556080970961,0.149668113662297
"GSE47460","COPD","GSM1150159",0.297466584624788,0.0144573237526941,0.437852390236044,0.250223701386474
"GSE47460","COPD","GSM1150160",0.0753164012729573,0.00920411209642733,0.677627680011995,0.23785180661862
"GSE47460","COPD","GSM1150161",7.90030547004147e-07,0.0109952408062398,0.775400917862959,0.213603051300254
"GSE47460","COPD","GSM1150162",0.226921161855309,0.00852763638562259,0.431334670869059,0.33321653089001
"GSE47460","COPD","GSM1150164",0.300105429320025,0.013427543955795,0.525947527872415,0.160519498851765
"GSE47460","COPD","GSM1150165",0.135871797520506,0.00902405780446872,0.63303748135646,0.222066663318565
"GSE47460","COPD","GSM1150166",0.276229613164337,0.024576026250782,0.512669342213792,0.186525018371089
"GSE47460","COPD","GSM1150167",0.0779286423579958,0.0148600593063714,0.807202407718817,0.100008890616816
"GSE47460","COPD","GSM1150168",0.13866078818444,0.00940385146523146,0.601619417592008,0.250315942758321
"GSE47460","COPD","GSM1150170",0.319552499395502,0.0101872149709868,0.390368449578456,0.279891836055056
"GSE47460","COPD","GSM1150171",0.128590399290674,0.0135516855954775,0.698013239080445,0.159844676033404
"GSE47460","COPD","GSM1150174",0.0100665301063138,0.0148573767879021,0.734266311809863,0.240809781295921
"GSE47460","COPD","GSM1150175",0.424746753595555,0.00747509485394185,0.396598061605679,0.171180089944824
"GSE47460","COPD","GSM1150176",2.68586934149524e-06,0.00832732624509335,0.951573213134358,0.0400967747512068
"GSE47460","COPD","GSM1150178",0.251755083933544,0.0157225370413417,0.482419271546504,0.25010310747861
"GSE47460","COPD","GSM1150182",0.207782651392793,0.0165875424611707,0.55163640778848,0.223993398357556
"GSE47460","COPD","GSM1150184",0.125136647938669,0.00812105443946455,0.62681094982791,0.239931347793956
"GSE47460","COPD","GSM1150185",0.335217502483304,0.013985471629997,0.497597388101271,0.153199637785428
"GSE47460","COPD","GSM1150186",0.321222845134999,0.0113423268432306,0.520352399721476,0.147082428300294
"GSE47460","COPD","GSM1150187",0.0549868130250106,0.043324637155907,0.314971436756991,0.586717113062091
"GSE47460","COPD","GSM1150188",0.289801462730753,0.0172945767719303,0.450530784087397,0.242373176409919
"GSE47460","COPD","GSM1150189",0.251981240987665,0.0142511579359411,0.550393957801618,0.183373643274776
"GSE47460","COPD","GSM1150190",0.408052493512358,0.0121055010645396,0.390348099737466,0.189493905685636
"GSE47460","COPD","GSM1150192",0.379627640235939,0.0118760113513962,0.398077545529346,0.210418802883319
"GSE47460","COPD","GSM1150193",0.241292155335705,0.0132184998735342,0.539116351719259,0.206372993071502
"GSE47460","COPD","GSM1150199",0.103554018070636,0.033050890023536,0.734030845075112,0.129364246830716
"GSE47460","COPD","GSM1150200",0.269432721167752,0.0162965835883668,0.600042278191471,0.11422841705241
"GSE47460","COPD","GSM1150201",0.203456094189219,0.0125416073627277,0.628778624769582,0.155223673678472
"GSE47460","COPD","GSM1150203",0.0252195299808574,0.016046900135244,0.526295581641126,0.432437988242773
"GSE47460","COPD","GSM1150204",0.135490284575466,0.023076735995343,0.594051121897431,0.247381857531761
"GSE47460","COPD","GSM1150206",0.237219300956728,0.0126975100818549,0.533928725554483,0.216154463406934
"GSE47460","COPD","GSM1150210",0.199988362452038,0.00505740283613961,0.556333217977947,0.238621016733876
"GSE47460","COPD","GSM1150211",0.238986096982023,0.0235219374467618,0.575698324051609,0.161793641519606
"GSE47460","COPD","GSM1150212",6.6890525070601e-06,0.0101804454207057,0.98019512062294,0.00961774490384665
"GSE47460","COPD","GSM1150213",0.000386270810677015,0.00711668097297893,0.716523506320523,0.275973541895821
"GSE47460","COPD","GSM1150214",0.318789496440497,0.0631805264079398,0.551384809306104,0.0666451678454589
"GSE47460","COPD","GSM1150215",4.10746958875945e-07,0.00866487042743005,0.764593441116302,0.226741277709309
"GSE47460","COPD","GSM1150220",0.124019384920956,0.0287119508732257,0.744480839325261,0.102787824880557
"GSE47460","COPD","GSM1150223",0.0632641970329055,0.0125486512112434,0.635524794734654,0.288662357021197
"GSE47460","COPD","GSM1150224",0.301459598641999,0.0193051060692157,0.483378923132356,0.195856372156429
"GSE47460","COPD","GSM1150225",0.074427376529598,0.012694094254226,0.672690967012381,0.240187562203795
"GSE47460","COPD","GSM1150226",0.241143754810982,0.00952482373427913,0.583840392684273,0.165491028770465
"GSE47460","COPD","GSM1150228",0.239800056594985,0.0111233824138675,0.533206841743182,0.215869719247966
"GSE47460","COPD","GSM1150234",0.188736175498504,0.00841153286139972,0.517701257104756,0.285151034535341
"GSE47460","COPD","GSM1150235",0.220117358817854,0.0141208871299654,0.558783298314843,0.206978455737337
"GSE47460","COPD","GSM1150236",2.11636939147382e-07,0.00905413182837685,0.79957761409598,0.191368042438704
"GSE47460","COPD","GSM1150237",0.00858612573531762,0.0140286289156474,0.74119109400671,0.236194151342325
"GSE47460","COPD","GSM1150238",0.209762956931904,0.0444080494056757,0.573547407915475,0.172281585746945
"GSE47460","COPD","GSM1150239",0.0402189227921947,0.0116674381885517,0.541972395111508,0.406141243907746
"GSE47460","COPD","GSM1150240",0.175254969888145,0.00672496198503617,0.546117380554738,0.271902687572081
"GSE47460","COPD","GSM1150242",0.303420151787757,0.0171738136784844,0.433902623098362,0.245503411435397
"GSE47460","COPD","GSM1150243",0.284839720421114,0.0128131138234664,0.599021827354154,0.103325338401266
"GSE47460","COPD","GSM1150246",0.105406449580958,0.0253896348788988,0.717680894456157,0.151523021083987
"GSE47460","COPD","GSM1150248",0.177207244121125,0.0147492600410648,0.585405323188954,0.222638172648856
"GSE47460","COPD","GSM1150249",0.442608807895362,0.0131168637262823,0.414413300606498,0.129861027771858
"GSE47460","COPD","GSM1150250",0.169516721561663,0.0100930230407553,0.658771771567398,0.161618483830184
"GSE47460","COPD","GSM1150251",0.458568045758725,0.0110706268236036,0.293838133498719,0.236523193918952
"GSE47460","COPD","GSM1150253",0.154170221911222,0.0179402297329044,0.706717429880743,0.12117211847513
"GSE47460","COPD","GSM1150254",0.0967627191387729,0.00981429427098767,0.588302501493929,0.305120485096311
"GSE47460","COPD","GSM1150255",3.32598174606896e-07,0.0197857875564227,0.861167822758137,0.119046057087265
"GSE47460","COPD","GSM1150258",0.120504744453605,0.0134645181229369,0.54528523372035,0.320745503703108
"GSE47460","COPD","GSM1150261",0.170048640230283,0.0111637580906785,0.526937165187706,0.291850436491333
"GSE47460","COPD","GSM1150262",0.113314810711847,0.0373935783823202,0.656203798913074,0.19308781199276
"GSE47460","COPD","GSM1150263",0.0150139760771322,0.0152859711988467,0.682073719643864,0.287626333080157
"GSE47460","COPD","GSM1150265",0.276410161958857,0.0130447771353713,0.532535692933656,0.178009367972117
"GSE47460","COPD","GSM1150266",0.281600497806089,0.0197050948617576,0.570686701991462,0.128007705340691
"GSE47460","COPD","GSM1150268",0.123768058380509,0.0130908769166811,0.666498584758469,0.196642479944341
"GSE47460","COPD","GSM1150269",0.112244487157371,0.0130556979848883,0.687200067064397,0.187499747793344
"GSE47460","COPD","GSM1150272",0.152639010901739,0.0126478101799749,0.681227242196261,0.153485936722024
"GSE47460","COPD","GSM1150274",8.20282298564303e-07,0.00819598627281908,0.723691572906562,0.26811162053832
"GSE47460","COPD","GSM1150275",0.101575735931723,0.0120906730613681,0.73724079432517,0.149092796681738
"GSE47460","COPD","GSM1150276",0.138721330014221,0.0116160882563722,0.774965251935342,0.074697329794065
"GSE47460","COPD","GSM1150278",0.232446027712791,0.0165973324732119,0.584563246457969,0.166393393356028
"GSE47460","COPD","GSM1150279",0.32265058857876,0.0159476680630602,0.513352878872941,0.148048864485239
"GSE47460","COPD","GSM1150283",0.237625947215173,0.0116415727697908,0.446877252297724,0.303855227717313
"GSE47460","COPD","GSM1150284",0.259597083593575,0.0131990169035138,0.540248995196037,0.186954904306874
"GSE47460","COPD","GSM1150285",0.102124163870387,0.0151115947801432,0.66903138166672,0.213732859682749
"GSE47460","COPD","GSM1150288",0.502443572542911,0.00938032633753633,0.348238144951592,0.13993795616796
"GSE47460","COPD","GSM1150290",0.455186680086705,0.0151752547984071,0.356171466931549,0.173466598183339
"GSE47460","COPD","GSM1150291",0.270268962428939,0.00972530975746766,0.495451728245087,0.224553999568506
"GSE47460","COPD","GSM1150293",0.176352743970161,0.0128067248681136,0.646356486798889,0.164484044362837
"GSE47460","COPD","GSM1150294",0.178167096697458,0.0149343386796635,0.687246351685115,0.119652212937763
"GSE47460","COPD","GSM1150295",0.476326835469333,0.0124722441896091,0.37809153750438,0.133109382836678
"GSE47460","COPD","GSM1150296",0.089953936020666,0.01110612525972,0.567977704987479,0.330962233732135
"GSE47460","COPD","GSM1150297",9.60982317438857e-07,0.0087983585017582,0.762688333291887,0.228512347224037
"GSE47460","COPD","GSM1150298",0.505245778772432,0.0147337918106107,0.254659682280551,0.225360747136406
"GSE47460","COPD","GSM1150300",0.409396820640306,0.00811767814649359,0.366242794840637,0.216242706372563
"GSE47460","COPD","GSM1150301",0.324914527855985,0.0136769914681664,0.434366064628852,0.227042416046996
"GSE47460","COPD","GSM1150303",0.124113456152939,0.0139009585298934,0.661102455645684,0.200883129671484
"GSE47460","COPD","GSM1150304",0.233545590372354,0.0145010357139234,0.495262852541728,0.256690521371994
"GSE47460","COPD","GSM1150305",0.247554977742858,0.0253506070157441,0.62200913756111,0.105085277680288
"GSE47460","COPD","GSM1150307",0.35966699324286,0.0144823011854981,0.465512182266146,0.160338523305495
"GSE47460","COPD","GSM1150308",0.243775512052765,0.0121181283248951,0.56627862175816,0.17782773786418
"GSE47460","COPD","GSM1150309",1.4482527778589e-08,0.013568333052564,0.880192893167514,0.106238759297394
"GSE47460","COPD","GSM1150311",0.278397646327025,0.0117925154658648,0.534444266928546,0.175365571278563
"GSE47460","COPD","GSM1150312",1.05639968677253e-06,0.0139103586672483,0.880804955038886,0.105283629894178
"GSE47460","COPD","GSM1150315",0.0217314190850723,0.0198123244030429,0.747877977566551,0.210578278945334
"GSE47460","COPD","GSM1150316",0.228522182557029,0.0160761895013691,0.591053594492043,0.164348033449559
"GSE47460","COPD","GSM1150318",0.609806150216747,0.00961325142928333,0.225409058243258,0.155171540110712
"GSE47460","COPD","GSM1150321",0.0469454414175579,0.0163856319524779,0.832199413743319,0.104469512886645
"GSE47460","COPD","GSM1150331",0.196968360641339,0.0118261350464963,0.478599693793188,0.312605810518977
"GSE47460","COPD","GSM1150332",0.286897686289282,0.0135545551168111,0.473316721884022,0.226231036709885
"GSE47460","COPD","GSM1150334",0.0339969471128449,0.0106996347845271,0.706735262745436,0.248568155357192
"GSE47460","COPD","GSM1150336",0.116007487075157,0.0193123818126892,0.730850436671445,0.133829694440709
"GSE47460","COPD","GSM1150338",0.27015143282836,0.0109704459569593,0.479222570856794,0.239655550357886
"GSE47460","COPD","GSM1150339",4.45209169445626e-07,0.00938857119519936,0.808750899598601,0.18186008399703
"GSE47460","COPD","GSM1150341",0.151617902223854,0.0193269046466436,0.56520251707809,0.263852676051413
"GSE47460","COPD","GSM1150343",0.19178429364201,0.00637398902217477,0.522576359957234,0.279265357378581
"GSE47460","COPD","GSM1150344",0.113841724810409,0.0102699282221484,0.690280718623466,0.185607628343977
"GSE47460","COPD","GSM1150346",0.147911034974261,0.017062786437098,0.726522488344715,0.108503690243927
"GSE47460","COPD","GSM1150349",0.173525736134483,0.0162150945546829,0.60235953494301,0.207899634367824
"GSE47460","COPD","GSM1150351",0.433221780242516,0.0140234984023183,0.425278920373871,0.127475800981295
"GSE47460","COPD","GSM1150352",0.307268620354158,0.0137222914895246,0.452166896845328,0.226842191310989
"GSE47460","COPD","GSM1150353",0.0776400272665344,0.0291866345918588,0.64314200294333,0.250031335198276
"GSE47460","COPD","GSM1150357",0.211901376984968,0.0267292827145296,0.574638956328615,0.186730383971888
"GSE47460","COPD","GSM1150358",0.423926130329538,0.0189969285853269,0.383990459773711,0.173086481311424
"GSE47460","COPD","GSM1150359",3.04516807370487e-08,0.0100850102364535,0.827163836726835,0.162751122585031
"GSE47460","COPD","GSM1150362",0.287310080317995,0.0118657436304723,0.480778296266996,0.220045879784537
"GSE47460","COPD","GSM1150364",0.172118629797486,0.0126075344423222,0.620697531304812,0.19457630445538
"GSE47460","COPD","GSM1150369",0.404157557807534,0.0167987067216642,0.484367585395639,0.0946761500751626
"GSE47460","COPD","GSM1150373",0.126202250952432,0.017129592658116,0.721269576800873,0.135398579588579
"GSE47460","COPD","GSM1150376",0.301640804129879,0.0157275330464664,0.568983975378084,0.113647687445571
"GSE47460","COPD","GSM1150381",8.33797730380689e-07,0.0114431391238263,0.72328495863142,0.265271068447024
"GSE47460","COPD","GSM1150383",0.0268256072939021,0.0119434594111578,0.700932920285973,0.260298013008967
"GSE47460","COPD","GSM1150388",0.212021793399328,0.0133034089532237,0.651368806574337,0.123305991073111
"GSE47460","COPD","GSM1150389",0.0566110221631534,0.0291742286455868,0.737526006911231,0.176688742280029
"GSE47460","COPD","GSM1150393",0.197012841100478,0.0121157091463706,0.533314559052017,0.257556890701134
"GSE47460","COPD","GSM1150394",0.110694057989039,0.00721556942639315,0.573730262620474,0.308360109964093
"GSE47460","COPD","GSM1150396",0.107378316999329,0.0119057631073657,0.673529789413956,0.207186130479349
"GSE47460","COPD","GSM1150402",1.91115573134134e-07,0.00952095540874423,0.731924415614254,0.258554437861428
"GSE47460","COPD","GSM1150403",9.75833062012476e-10,0.00808786672217142,0.769098803543304,0.222813328758692
"GSE47460","COPD","GSM1150405",0.148456075093396,0.0122573375223549,0.733911072581649,0.1053755148026
"GSE47460","COPD","GSM1150406",0.376522961026983,0.0151489715165865,0.428622627544835,0.179705439911595
"GSE47460","COPD","GSM1150408",4.96258579465088e-07,0.0129200214008436,0.745651555393465,0.241427926947112
"GSE47460","COPD","GSM1150409",0.0660679464127505,0.0126549217016773,0.598856526130878,0.322420605754695
"GSE47460","COPD","GSM1150413",0.0570195284331496,0.0101750210862988,0.605027610738042,0.327777839742509
"GSE47460","COPD","GSM1150414",0.229600652842513,0.00734951706456775,0.427447739494038,0.335602090598882
"GSE47460","COPD","GSM1150417",0.223329137442197,0.0174836889482063,0.531010732810536,0.22817644079906
"GSE47460","COPD","GSM1150419",0.201667262092276,0.00959928559766661,0.479165626121879,0.309567826188178
"GSE47460","COPD","GSM1150423",0.223109001661759,0.0154784439232457,0.652794174268923,0.108618380146072
"GSE47460","COPD","GSM1150430",0.0332736400511456,0.0142071159963684,0.673403897411528,0.279115346540958
"GSE47460","COPD","GSM1150433",0.259042065255248,0.0270273232625632,0.454226451456091,0.259704160026098
"GSE47460","COPD","GSM1150434",0.261727425475145,0.00808253984403892,0.465157130702945,0.265032903977871
"GSE47460","COPD","GSM1150435",0.344036272318242,0.0120821421970697,0.443575617758167,0.200305967726521
"GSE47460","COPD","GSM1150437",3.05079370725917e-06,0.00979071215021996,0.663062673078419,0.327143563977654
"GSE47460","COPD","GSM1150438",0.656271744337368,0.00663403117307399,0.241509731238375,0.0955844932511825
"GSE47460","COPD","GSM1150443",0.422692077709469,0.0156190974497682,0.366609564860708,0.195079259980055
"GSE47460","COPD","GSM1150444",0.182369070972169,0.00654492552242208,0.48742626883589,0.323659734669518
"GSE47460","COPD","GSM1150447",0.369226224501802,0.0160506893995455,0.455028468318696,0.159694617779957
"GSE47460","COPD","GSM1150450",0.470437803906266,0.030603328274768,0.312081500721326,0.18687736709764
"GSE47460","COPD","GSM1150452",0.0898399348678037,0.0116916829649534,0.648859250970357,0.249609131196886
"GSE47460","COPD","GSM1150457",1.95703458773099e-06,0.00768106838900574,0.629239829431704,0.363077145144702
"GSE47460","COPD","GSM1150458",0.190456725350549,0.0090974553775266,0.558971874471746,0.241473944800178
"GSE47460","COPD","GSM1150459",0.343425930877171,0.0141879308679598,0.393427750254077,0.248958388000791
"GSE47460","COPD","GSM1150462",0.320947467729183,0.00941421551575314,0.371305118478172,0.298333198276891
"GSE47460","COPD","GSM1150463",0.159887663838997,0.0319931776861759,0.636661015849561,0.171458142625266
"GSE47460","COPD","GSM1150464",0.221091469402045,0.0172740065469981,0.616638327365947,0.14499619668501
"GSE47460","COPD","GSM1150465",0.275093687907995,0.00891413542916382,0.530697446540239,0.185294730122602
"GSE47460","COPD","GSM1150468",0.067342598184526,0.0120585283833319,0.733176463763395,0.187422409668748
"GSE47460","COPD","GSM1150473",0.0126040316248946,0.0104137519475409,0.654821696430316,0.322160519997248
"GSE47460","COPD","GSM1150476",0.0318564073789958,0.00783708389170329,0.75962994279807,0.20067656593123
"GSE47460","COPD","GSM1150478",4.05703780029272e-08,0.0146837625823619,0.9561876950715,0.0291285017757597
"GSE47460","COPD","GSM1150479",0.403464315545407,0.0127040648037695,0.415936059342505,0.167895560308319
"GSE47460","COPD","GSM1150486",0.388048641945735,0.0147859614817552,0.351675926374578,0.245489470197932
"GSE47460","COPD","GSM1150491",0.219994969333635,0.00648654761729926,0.47738135281202,0.296137130237046
"GSE47460","COPD","GSM1150492",0.203993372538012,0.00948704468514794,0.577189284304171,0.209330298472669
"GSE47460","COPD","GSM1150496",0.0593713899374247,0.0109371079037066,0.741058350872218,0.188633151286651
"GSE47460","COPD","GSM1150498",0.118025647590154,0.00894902060363326,0.680756824003772,0.192268507802441
"GSE47460","COPD","GSM1150499",1.3026360904598e-07,0.0116328974124825,0.824040783036843,0.164326189287065
"GSE47460","COPD","GSM1150501",0.0203456803195282,0.0107280348202507,0.633171806848789,0.335754478011432
"GSE47460","COPD","GSM1150502",0.251216104551944,0.0309234082833246,0.577685339164085,0.140175148000646
"GSE47460","COPD","GSM1150506",0.400279354339799,0.0158832049142607,0.456302871320844,0.127534569425097
"GSE47460","COPD","GSM1150507",0.122177587923195,0.0161748994819904,0.679845647858646,0.181801864736169
"GSE47460","COPD","GSM1150508",0.371419322315703,0.0173764731031704,0.398981580418769,0.212222624162358
"GSE47460","COPD","GSM1150509",0.130848307815413,0.01089130289811,0.431736887364378,0.426523501922099
"GSE47460","COPD","GSM1150512",0.504776401602094,0.00853776975684743,0.337650056792532,0.149035771848526
"GSE47460","COPD","GSM1150514",0.394693734422054,0.0166622251586672,0.417500326328587,0.171143714090692
"GSE47460","COPD","GSM1150515",0.0750962075124858,0.0121575341454525,0.724099844978205,0.188646413363857
"GSE47460","COPD","GSM1150516",0.358535833826995,0.0134854174532287,0.542802072718378,0.0851766760013987
"GSE47460","COPD","GSM1150517",0.293549386037416,0.00889552973168012,0.517082005870191,0.180473078360712
"GSE47460","COPD","GSM1150520",0.209717851802542,0.00957879925959592,0.5877152996499,0.192988049287962
"GSE47460","COPD","GSM1150523",0.253065150352273,0.0117119433352706,0.50516855539896,0.230054350913497
"GSE47460","COPD","GSM1150526",0.341602790279956,0.0111193840269297,0.424857373572383,0.222420452120731
"GSE47460","COPD","GSM1150527",3.31334700033701e-07,0.00939102957514118,0.807985423672864,0.182623215417295
"GSE47460","COPD","GSM1150531",0.0377793164281532,0.0104569608769878,0.728880274377451,0.222883448317408
"GSE47460","COPD","GSM1150537",0.414697987924607,0.0180396603869316,0.44928206822661,0.117980283461851
"GSE47460","COPD","GSM1150539",0.0557357258320591,0.0108877048365673,0.59392153580122,0.339455033530153
"GSE47460","COPD","GSM1150543",0.146558282544024,0.00943492925344484,0.545922449923862,0.29808433827867
"GSE47460","COPD","GSM1150544",0.0186470270400727,0.0144134374629128,0.770978322832764,0.195961212664251
"GSE33814","NAFLD","GSM836222",0.566497501692922,0.023887766614859,0.208193997427228,0.201420734264992
"GSE33814","NAFLD","GSM836223",0.741432866645559,0.00410475128174435,0.0754589945606736,0.179003387512023
"GSE33814","NAFLD","GSM836224",0.705004139036644,0.00751326826447907,0.115224335315612,0.172258257383264
"GSE33814","NAFLD","GSM836225",0.711144506898177,0.00461083266694868,0.0810919412179287,0.203152719216945
"GSE33814","NAFLD","GSM836226",0.583807647138031,0.0123397053818375,0.164787675548424,0.239064971931708
"GSE33814","NAFLD","GSM836227",0.746187789260906,0.00474838691804193,0.0691328786374507,0.179930945183602
"GSE33814","NAFLD","GSM836228",0.527128516310338,0.00866465688691079,0.305970262527299,0.158236564275453
"GSE33814","NAFLD","GSM836229",0.394387354309972,0.0313127951467176,0.395881388192053,0.178418462351258
"GSE33814","NAFLD","GSM836230",0.553273315960398,0.0105791576040839,0.305401257705621,0.130746268729897
"GSE33814","NAFLD","GSM836231",0.634433846381875,0.0145467603992245,0.149900667616233,0.201118725602667
"GSE33814","NAFLD","GSM836232",0.539603562056884,0.007692810332134,0.293085419117171,0.159618208493811
"GSE33814","NAFLD","GSM836233",0.693847087411525,0.0104820463986784,0.114702077750699,0.180968788439098
"GSE33814","NAFLD","GSM836234",0.346182054060957,0.0145041415361537,0.315678627658392,0.323635176744497
"GSE33814","NAFLD","GSM836235",0.708936672410211,0.00538823984067375,0.102265463928638,0.183409623820477
"GSE33814","NAFLD","GSM836236",0.622511525107452,0.0304993516266886,0.182439203344578,0.164549919921282
"GSE33814","NAFLD","GSM836237",0.727407578649653,0.00417065622811742,0.0763960401511205,0.192025724971109
"GSE33814","NAFLD","GSM836238",0.716077722075257,0.00475991089290166,0.0965388684203732,0.182623498611468
"GSE33814","NAFLD","GSM836239",0.729218350230901,0.00783395112315485,0.0986383489195988,0.164309349726345
"GSE33814","NAFLD","GSM836240",0.775435081632909,0.0168703231437962,0.0669664294962847,0.14072816572701
"GSE33814","NAFLD","GSM836241",0.786497681303453,0.00300447303870032,0.0516708827367211,0.158826962921126
"GSE33814","NAFLD","GSM836242",0.68642264863531,0.0100281538638076,0.118523503427254,0.185025694073627
"GSE33814","NAFLD","GSM836243",0.745878236257158,0.00505560684825543,0.0697880154325731,0.179278141462013
"GSE33814","NAFLD","GSM836244",0.652530477093555,0.00754307306083801,0.160870453495018,0.179055996350589
"GSE33814","NAFLD","GSM836245",0.660587115455532,0.011397620503115,0.133998354523996,0.194016909517357
"GSE33814","NAFLD","GSM836246",0.749714981977172,0.00496183771805879,0.0648707719565453,0.180452408348224
"GSE33814","NAFLD","GSM836247",0.730834713644044,0.00761115825961111,0.0809837745015752,0.18057035359477
"GSE33814","NAFLD","GSM836248",0.741512599381664,0.00624221102684464,0.0878035773083681,0.164441612283123
"GSE33814","NAFLD","GSM836249",0.725530820236681,0.00628875790535015,0.0707366543366219,0.197443767521347
"GSE33814","NAFLD","GSM836250",0.74172005776718,0.00533169877111098,0.0741188143483331,0.178829429113376
"GSE33814","NAFLD","GSM836251",0.726913007814318,0.00588958890139619,0.0663390128362736,0.200858390448012
"GSE33814","NAFLD","GSM836252",0.732235429173389,0.00696870459165889,0.0795907590061065,0.181205107228846
"GSE33814","NAFLD","GSM836253",0.781604726014389,0.00428277529859732,0.0605414628119518,0.153571035875062
"GSE33814","NAFLD","GSM836254",0.783375496833545,0.00530878173144498,0.0575041465718032,0.153811574863207
"GSE33814","NAFLD","GSM836255",0.758244233425276,0.00568641675330417,0.0793077808207711,0.156761569000649
"GSE33814","NAFLD","GSM836256",0.756430211229361,0.00420062712994812,0.0684565538460589,0.170912607794632
"GSE33814","NAFLD","GSM836257",0.696226304033821,0.0184372435685023,0.112468510050487,0.17286794234719
"GSE33814","NAFLD","GSM836258",0.750648313777189,0.00615462118205641,0.0657453358755283,0.177451729165226
"GSE33814","NAFLD","GSM836259",0.750401191328066,0.00495687393827781,0.0703066577639514,0.174335276969705
"GSE33814","NAFLD","GSM836260",0.780096930855212,0.00335325692387155,0.0478120690196239,0.168737743201292
"GSE33814","NAFLD","GSM836261",0.731600946548406,0.00800386625997822,0.0700544391018166,0.190340748089799
"GSE33814","NAFLD","GSM836262",0.766929577837278,0.00728031440931788,0.0608971861937571,0.164892921559647
"GSE33814","NAFLD","GSM836263",0.760309139445176,0.00405836895811722,0.0586815256875494,0.176950965909157
"GSE33814","NAFLD","GSM836264",0.752924350365669,0.00541162381743815,0.0611167369696963,0.180547288847196
"GSE33814","NAFLD","GSM836265",0.750002785933209,0.00671967740898102,0.063660791109614,0.179616745548196
"GSE66676","NAFLD","GSM1627740",0.8085622676564,0.000428660819332981,0.0560704678427264,0.134938603681541
"GSE66676","NAFLD","GSM1627741",0.579984876126692,0.00401442459444799,0.0446775880929199,0.37132311118594
"GSE66676","NAFLD","GSM1627742",0.797201278250526,0.00234189183092792,0.0176205674297945,0.182836262488751
"GSE66676","NAFLD","GSM1627743",0.710147186923893,0.0012991903235842,0.123920525437441,0.164633097315082
"GSE66676","NAFLD","GSM1627744",0.843952978235673,0.00141833415937011,0.0214879404513994,0.133140747153558
"GSE66676","NAFLD","GSM1627745",0.80548307564199,0.00169542566960602,0.0364126689599526,0.156408829728452
"GSE66676","NAFLD","GSM1627746",0.551344247816405,0.000845341373908512,0.0421607520676294,0.405649658742057
"GSE66676","NAFLD","GSM1627747",0.613188363238068,0.0114528286459383,0.0126880095987134,0.36267079851728
"GSE66676","NAFLD","GSM1627748",0.67287795428554,0.0138105858324046,0.0420270734797709,0.271284386402285
"GSE66676","NAFLD","GSM1627749",0.58295024505155,0.00831956133414864,0.042602340110001,0.3661278535043
"GSE66676","NAFLD","GSM1627750",0.761240039167245,0.0124514344076,0.0177477815594451,0.20856074486571
"GSE66676","NAFLD","GSM1627751",0.83375039670692,0.000678640028445953,0.050173864877017,0.115397098387617
"GSE66676","NAFLD","GSM1627752",0.502098461085143,0.0133417999459323,0.14036723192396,0.344192507044965
"GSE66676","NAFLD","GSM1627753",0.157268948635585,0.0192733636710624,0.0687260400061257,0.754731647687227
"GSE66676","NAFLD","GSM1627754",0.745420271606546,0.00738761503667127,0.0998095972322023,0.147382516124581
"GSE66676","NAFLD","GSM1627755",0.671326823373432,0.00293505245565268,0.0806102359453523,0.245127888225563
"GSE66676","NAFLD","GSM1627756",0.664316742447024,0.0142397004816016,0.071718101498452,0.249725455572923
"GSE66676","NAFLD","GSM1627757",0.713515859514767,0.00253945497204798,0.0864676156286692,0.197477069884515
"GSE66676","NAFLD","GSM1627758",0.757503210173717,2.86491229649564e-05,0.0804908884510518,0.161977252252266
"GSE66676","NAFLD","GSM1627759",0.266772644018883,0.0318502619534396,0.454508758259084,0.246868335768593
"GSE66676","NAFLD","GSM1627760",0.585294275633513,0.0125100700742331,0.0628261470199699,0.339369507272284
"GSE66676","NAFLD","GSM1627761",0.622395812214955,2.12855027810231e-05,0.121052824712254,0.25653007757001
"GSE66676","NAFLD","GSM1627762",0.737042269978036,0.00360867871993095,0.129515001221458,0.129834050080575
"GSE66676","NAFLD","GSM1627763",0.759058743622679,0.00109332559107764,0.0377031741379997,0.202144756648244
"GSE66676","NAFLD","GSM1627764",0.645328365969708,0.0124327664675232,0.171793232588786,0.170445634973983
"GSE66676","NAFLD","GSM1627765",0.478611127810842,0.00649111451544036,0.135375363204009,0.379522394469709
"GSE66676","NAFLD","GSM1627766",0.808934490808692,0.00287586956801369,0.120299255957981,0.0678903836653132
"GSE66676","NAFLD","GSM1627767",0.592957471494948,0.00531759839757415,0.163903588262496,0.237821341844982
"GSE66676","NAFLD","GSM1627768",0.556359001827127,0.0319406161893817,0.174141712333847,0.237558669649645
"GSE66676","NAFLD","GSM1627769",0.419054992604547,0.021059419371274,0.242977029821237,0.316908558202942
"GSE66676","NAFLD","GSM1627770",0.734021032845496,0.00594269333701102,0.135574565898455,0.124461707919038
"GSE66676","NAFLD","GSM1627771",0.528650176903522,0.0196890580697218,0.175278647723746,0.27638211730301
"GSE66676","NAFLD","GSM1627772",0.640659682593943,0.000957900160622777,0.0870410078324337,0.271341409413001
"GSE66676","NAFLD","GSM1627773",0.780892455910358,0.00256959488621497,0.0367026730033933,0.179835276200033
"GSE66676","NAFLD","GSM1627774",0.873925644694977,0.00335724675444781,0.0797156927548227,0.0430014157957527
"GSE66676","NAFLD","GSM1627775",0.702812895465586,0.00270100621905666,0.0320140684228069,0.26247202989255
"GSE66676","NAFLD","GSM1627776",0.744804510212308,2.6709936813247e-05,0.0598700887004964,0.195298691150382
"GSE66676","NAFLD","GSM1627777",0.685984618204974,0.0120897572073586,0.0274392707440699,0.274486353843597
"GSE66676","NAFLD","GSM1627778",0.820234088320734,0.00128102206973493,0.0267627228684448,0.151722166741087
"GSE66676","NAFLD","GSM1627779",0.554547450526927,0.00902768248853134,0.00808518114843544,0.428339685836106
"GSE66676","NAFLD","GSM1627780",0.748977692505084,0.0208960098736656,0.0612400683458463,0.168886229275404
"GSE66676","NAFLD","GSM1627781",0.400306304608216,0.00968101905250403,0.0179509494728146,0.572061726866465
"GSE66676","NAFLD","GSM1627782",0.668666617244299,0.0112555714263546,0.0592501863460582,0.260827624983288
"GSE66676","NAFLD","GSM1627783",0.812828352954,0.00383342138272644,0.142661631420007,0.0406765942432666
"GSE66676","NAFLD","GSM1627784",0.536819939057521,0.0044186324964583,0.0704629537181222,0.388298474727899
"GSE66676","NAFLD","GSM1627785",0.506728529074159,0.0128190736783569,0.133737528675344,0.34671486857214
"GSE66676","NAFLD","GSM1627786",0.69222202425742,0.00347780303495042,0.101558004167468,0.202742168540161
"GSE66676","NAFLD","GSM1627787",0.339996138870579,0.0161415043729011,0.0809328469630448,0.562929509793475
"GSE66676","NAFLD","GSM1627788",0.368049594502107,0.0381726402329491,0.258255894861623,0.33552187040332
"GSE66676","NAFLD","GSM1627789",0.867216010414623,0.00409644742011858,0.0578612088768818,0.0708263332883767
"GSE66676","NAFLD","GSM1627790",0.533636601692408,0.00100555572460743,0.0826724685998281,0.382685373983156
"GSE66676","NAFLD","GSM1627791",0.762390194114014,0.00814236580539874,0.0582313795774696,0.171236060503118
"GSE66676","NAFLD","GSM1627792",0.504064897662413,0.00316280081848749,0.119764873591584,0.373007427927516
"GSE66676","NAFLD","GSM1627793",0.490299154886688,0.0166578018911288,0.0582048103024101,0.434838232919774
"GSE66676","NAFLD","GSM1627794",0.758166800791777,0.00203845562851726,0.0789909662222244,0.160803777357481
"GSE66676","NAFLD","GSM1627795",0.659812800092232,0.00162431453722119,0.0757589264601531,0.262803958910394
"GSE66676","NAFLD","GSM1627796",0.566957977324016,0.00985463185823351,0.0893193149522531,0.333868075865497
"GSE66676","NAFLD","GSM1627797",0.9196717531979,0.000114146643606523,0.0383686573379705,0.0418454428205232
"GSE66676","NAFLD","GSM1627798",0.582141973587201,0.00631400793865077,0.0818510193640105,0.329692999110137
"GSE66676","NAFLD","GSM1627799",0.68260066299565,0.0350437863118644,0.0249476858141211,0.257407864878364
"GSE66676","NAFLD","GSM1627800",0.745254376229073,0.000412590073760593,0.0124626522842528,0.241870381412914
"GSE66676","NAFLD","GSM1627801",0.348748924113016,0.010444834767389,0.0330962652701,0.607709975849495
"GSE66676","NAFLD","GSM1627802",0.206359179249935,0.0201919996323515,0.104646335234843,0.66880248588287
"GSE66676","NAFLD","GSM1627803",0.658791381366675,0.00530328814626,0.066892152423474,0.269013178063591
"GSE66676","NAFLD","GSM1627804",0.693590657816504,0.000295568683161823,0.0376945079314233,0.26841926556891
