accession,disease_e,sample,epic_cancer,epic_caf,epic_endo,epic_immune,pos,disease_x,epi,fib,end,imm
GSE32863,LUAD,GSM813411,2.72374133919319e-07,0.0087076902485793,0.775631868026385,0.215660169350901,0,LUAD,0.0670196647230392,0.242962999237663,0.147218319579797,0.789627744268079
GSE32863,LUAD,GSM813412,0.775348438452609,0.0174381478988354,0.116483906878305,0.0907295067702507,1,LUAD,0.187808713285815,7.0911076839148e-18,0.0,0.333421384606792
GSE32863,LUAD,GSM813413,9.39093952976165e-09,0.0188568930733539,0.943100292833009,0.0380428047026976,2,LUAD,0.0467471533794157,0.215283638635897,0.218367257950023,0.77197102589812
GSE32863,LUAD,GSM813414,0.580941323925216,0.0364178600536927,0.246221532667649,0.136419283353442,3,LUAD,0.165772972312205,0.0,1.91553223318346e-21,0.715840082907733
GSE32863,LUAD,GSM813415,1.49743566392668e-05,0.0068027529462101,0.826576599603702,0.166605673093449,4,LUAD,0.0850540287418026,0.116104966480242,0.143033439671166,1.07259486820755
GSE32863,LUAD,GSM813416,0.684942751993492,0.0342733924422552,0.197948874663694,0.082834980900559,5,LUAD,0.242388385063303,9.7753225301207e-19,0.0344436369030814,0.169670553643817
GSE32863,LUAD,GSM813417,5.06026607252473e-09,0.0089303610733095,0.908925450460719,0.0821441834057051,6,LUAD,0.0705546558709942,0.275336436266853,0.216187941768193,0.908733780088353
GSE32863,LUAD,GSM813418,0.753828409726258,0.0388420217670476,0.105270174258354,0.10205939424834,7,LUAD,0.223537306532162,0.0972793807352507,0.0252212513807003,0.114127024231239
GSE32863,LUAD,GSM813419,0.137228004962904,0.0073937274260861,0.631479504909576,0.223898762701434,8,LUAD,0.0754198601861071,0.0879220976272195,0.116276880299112,0.937277570182902
GSE32863,LUAD,GSM813420,0.684122209363792,0.106156204434408,0.116358383595556,0.0933632026062443,9,LUAD,0.0,4.37536397257101e-19,0.0848970701769023,0.0931862075636953
GSE32863,LUAD,GSM813421,5.28507348877013e-08,0.0202617451505037,0.943184914491681,0.0365532875070803,10,LUAD,0.0537775954543453,0.264051184680608,0.201476716558688,0.893843575667045
GSE32863,LUAD,GSM813422,0.435151061745645,0.0249823696249906,0.306036293689828,0.233830274939537,11,LUAD,0.119956380527675,0.0198280277706403,1.21868568967176e-17,0.895079331080039
GSE32863,LUAD,GSM813423,0.107337571087655,0.0177394772380401,0.738886418812644,0.13603653286166,12,LUAD,0.108061105427656,0.157498172422845,0.184856267734534,0.815257976265742
GSE32863,LUAD,GSM813424,0.458299416105176,0.026287207876242,0.337211882588409,0.178201493430173,13,LUAD,0.240831080414095,0.0167374374362849,0.0158628313223186,0.842550973917785
GSE32863,LUAD,GSM813425,0.117061232250186,0.0380970508792446,0.676198524902078,0.168643191968491,14,LUAD,0.0681214130037949,0.193531364838147,0.166197669639815,0.975992359639241
GSE32863,LUAD,GSM813426,0.676692623342872,0.0324647940590933,0.129205336941481,0.161637245656554,15,LUAD,0.226079365727858,0.0,0.0084434751898416,0.816550252355149
GSE32863,LUAD,GSM813427,0.219313325259969,0.0041745004407778,0.624941817217616,0.151570357081637,16,LUAD,0.124178659484903,2.89173054247313e-17,0.117244600503083,1.03387915919353
GSE32863,LUAD,GSM813428,0.628379589808903,0.0311788084207727,0.187443194563528,0.152998407206796,17,LUAD,0.195994886939815,0.0163531753518423,0.0,0.668086329086056
GSE32863,LUAD,GSM813429,1.82466480246677e-06,0.0082928284027509,0.964420894464152,0.0272844524682948,18,LUAD,0.100664405596759,0.103381187353477,0.220615715340147,0.797324168990893
GSE32863,LUAD,GSM813430,0.620866155887122,0.0740486580358386,0.113204159498916,0.191881026578124,19,LUAD,0.20620036953935,4.05977287620585e-19,1.24101948877661e-19,0.713088471762124
GSE32863,LUAD,GSM813431,4.20380405901011e-08,0.0219591544716318,0.947666661822389,0.0303741416679384,20,LUAD,0.0569983651373805,0.162936867612457,0.244775248781945,0.782875199037781
GSE32863,LUAD,GSM813432,0.506669075447207,0.0123682110926082,0.366481608568725,0.11448110489146,21,LUAD,0.185466958722027,0.0754706470506044,0.075719341525809,0.475686542240665
GSE32863,LUAD,GSM813433,0.144245910694628,0.0074142685665825,0.663946657180302,0.184393163558487,22,LUAD,0.128449291473298,0.189998683743103,0.145799365059172,0.91955296629259
GSE32863,LUAD,GSM813434,0.51873036135471,0.014154883529056,0.230010520426477,0.237104234689757,23,LUAD,0.118240346616435,0.0,0.014413758823879,0.96378935879979
GSE32863,LUAD,GSM813435,6.84412812340993e-09,0.0558566853976864,0.820774372714189,0.123368935043997,24,LUAD,0.0738723108702671,0.213747780292661,0.150272009362071,0.941258706567895
GSE32863,LUAD,GSM813436,0.673835548100358,0.0539784893969842,0.13096998957403,0.141215972928628,25,LUAD,0.189912331958727,0.0,1.90975530756192e-18,0.533903109915106
GSE32863,LUAD,GSM813437,4.25877947464269e-08,0.0093051049770789,0.83863818245357,0.152056669981556,26,LUAD,0.0868504822681288,0.176362799534848,0.168133134735593,0.90704992266757
GSE32863,LUAD,GSM813438,0.445032499508336,0.0273154829036129,0.366828683800188,0.160823333787863,27,LUAD,0.270077256933395,0.0,0.0519874005510557,0.572086484634713
GSE32863,LUAD,GSM813439,1.3089490162392402e-09,0.0172951842265028,0.955446927749225,0.0272578867153233,28,LUAD,0.0720520401431094,0.173698069549846,0.209122712941933,0.800374359389389
GSE32863,LUAD,GSM813440,0.42858830432103,0.0219878026812392,0.413118667948874,0.136305225048856,29,LUAD,0.154973406044922,0.0,0.0,0.823485719757725
GSE32863,LUAD,GSM813441,1.03423584772438e-06,0.0141582714872181,0.897142161567805,0.0886985327091292,30,LUAD,0.0898484134977888,0.157904920924255,0.191188051114373,0.802771563686376
GSE32863,LUAD,GSM813442,0.646829891583281,0.028404704239862,0.208923185440189,0.115842218736668,31,LUAD,0.214527771531847,0.0712226688811636,0.0017045601111533,0.471202262094742
GSE32863,LUAD,GSM813443,4.73407145650431e-08,0.0104711592193156,0.822526314071481,0.167002479368489,32,LUAD,0.0459920373077464,0.184379923103739,0.133630394371486,1.09234906346647
GSE32863,LUAD,GSM813444,0.558778661391844,0.0908544191803347,0.264377871242928,0.0859890481848924,33,LUAD,0.230262294089141,0.0247964977065823,0.089538855584346,0.452608063969619
GSE32863,LUAD,GSM813445,0.291123019083131,0.0077653147957652,0.527599766744879,0.173511899376225,34,LUAD,0.134919630100258,0.0925451382853504,0.0958730719660558,0.93126471459695
GSE32863,LUAD,GSM813446,0.338715584024366,0.0346410109417174,0.475555639470828,0.151087765563088,35,LUAD,0.214361739587981,0.0003548024398305,0.0,0.731356303096148
GSE32863,LUAD,GSM813447,0.0503676965201376,0.0075515225287198,0.775971389584233,0.16610939136691,36,LUAD,0.0902767788922201,0.180630533199932,0.154723099219218,0.872051226541614
GSE32863,LUAD,GSM813448,0.591069530226271,0.0467955692312036,0.201781732183317,0.160353168359208,37,LUAD,0.182520407482399,1.2657189410400601e-17,4.33733722500221e-18,0.91202163028409
GSE32863,LUAD,GSM813449,0.308195211450112,0.0187552126395427,0.519568930396708,0.153480645513637,38,LUAD,0.0901860343472746,0.1520668251764,0.131685466263448,0.84756481321318
GSE32863,LUAD,GSM813450,0.665454137409144,0.119186034041359,0.137518207404256,0.0778416211452411,39,LUAD,0.205951071422427,0.0308522098171741,0.0653753281182102,0.337452082710533
GSE32863,LUAD,GSM813451,0.0760260277747181,0.0159999561662577,0.769910313450827,0.138063702608197,40,LUAD,0.132995225258163,0.198904503333366,0.163557025037675,0.830582828938408
GSE32863,LUAD,GSM813452,0.513716175311094,0.0958183788844589,0.279020672554331,0.111444773250116,41,LUAD,0.198749095350337,0.0,0.0462561149686651,0.664292085436875
GSE32863,LUAD,GSM813453,1.25561704453978e-06,0.0186542937427629,0.960568893201204,0.0207755574389885,42,LUAD,0.0352291535607191,0.241884715343315,0.242215720469818,0.827400658858322
GSE32863,LUAD,GSM813454,0.570181396585427,0.0785253595391344,0.193003355079911,0.158289888795527,43,LUAD,0.181945257823868,0.0231736583343248,0.0293963742551259,0.774293395332091
GSE32863,LUAD,GSM813455,0.395915160651608,0.0035069640618677,0.392087728794958,0.208490146491566,44,LUAD,0.13014432888205,0.0,0.0454634589887124,0.998576108987957
GSE32863,LUAD,GSM813456,0.634995514196906,0.0372327924255091,0.209374413721623,0.118397279655961,45,LUAD,0.195911903287535,3.09007477354812e-18,0.010790979674882,0.455287084902098
GSE32863,LUAD,GSM813457,0.416117628484926,0.0113879875551821,0.384484297288581,0.188010086671312,46,LUAD,0.157282907487975,0.0329493723644566,0.0640785616386604,1.01632135490846
GSE32863,LUAD,GSM813458,0.767585446069149,0.0122645025591299,0.108999843938917,0.111150207432804,47,LUAD,0.242490861018675,0.0,1.53206899646195e-18,0.444257783569554
GSE32863,LUAD,GSM813459,2.3394221043901503e-09,0.0108773236684037,0.949662627932432,0.0394600460597421,48,LUAD,0.0748167798298749,0.229441134280017,0.195820759805324,0.79915878497012
GSE32863,LUAD,GSM813460,0.654356938933569,0.0311259620839662,0.188919437136521,0.125597661845944,49,LUAD,0.152622727231164,0.0,0.0,0.747167732087197
GSE32863,LUAD,GSM813461,8.56742488131132e-08,0.0207395391895019,0.935103099029539,0.04415727610671,50,LUAD,0.0645806095559376,0.206474390913791,0.156811622481594,0.908615183589513
GSE32863,LUAD,GSM813462,0.567966608909647,0.105563249954726,0.221259222668783,0.105210918466844,51,LUAD,0.21098624505984,0.0535222800833274,0.120009258715135,0.496900510130935
GSE32863,LUAD,GSM813463,3.20889153607737e-08,0.0064900521689089,0.838891540524797,0.154618375217379,52,LUAD,0.0994688869068035,0.124292840158583,0.181710930480744,0.89707512921323
GSE32863,LUAD,GSM813464,0.75938103563695,0.0394671665729679,0.0991550689546494,0.101996728835433,53,LUAD,0.252058336252567,0.007001941082374,0.0390150755884051,0.304215347944009
GSE32863,LUAD,GSM813465,9.47931016732538e-07,0.0169605519920677,0.814061167504911,0.168977332572004,54,LUAD,0.0693349241398241,0.226884641820395,0.15946559673239,0.889567056777511
GSE32863,LUAD,GSM813466,0.625437395934525,0.0328701388255116,0.20208129805765,0.139611167182313,55,LUAD,0.162667844980394,0.0683587996183162,0.0286585024700126,0.366919323961967
GSE32863,LUAD,GSM813467,3.63631406316422e-08,0.0192749621595691,0.949531939862629,0.0311930616146609,56,LUAD,0.0593974995622681,0.256449322397177,0.249773827944691,0.798843538822152
GSE32863,LUAD,GSM813468,0.326749911273706,0.10887591443503,0.425156475329624,0.13921769896164,57,LUAD,0.2311761840091,0.0637770442390231,0.131047220608407,0.532173101676477
GSE32863,LUAD,GSM813469,7.928961296300091e-09,0.0106260592880523,0.932808316161119,0.0565656166218671,58,LUAD,0.067286933825732,0.213675939400198,0.181107671689378,0.768496042022563
GSE32863,LUAD,GSM813470,0.523240007180691,0.032290353426275,0.35992892030684,0.084540719086194,59,LUAD,0.20480859474856,0.0195228457160874,0.114197227925873,0.384849411246642
GSE32863,LUAD,GSM813471,4.94529091279e-08,0.0078888615447547,0.962742202291103,0.0293688867112335,60,LUAD,0.042698250440523,0.224122406168003,0.209263684570198,0.907773723261039
GSE32863,LUAD,GSM813472,0.560303631553002,0.0301463432940863,0.231278320255668,0.178271704897244,61,LUAD,0.172167934257157,0.0,0.0,0.768837444377101
GSE32863,LUAD,GSM813473,2.6458317007671e-05,0.0269791119902842,0.790330042894322,0.182664386798386,62,LUAD,0.0488306874886169,0.0805745031023582,0.149039527623694,1.13806763954438
GSE32863,LUAD,GSM813474,0.6482176457015,0.121454983373495,0.123607404196065,0.10671996672894,63,LUAD,0.186236323654939,0.0,0.0085449447667716,0.325608423235522
GSE32863,LUAD,GSM813475,1.59338622235448e-05,0.0237582981673517,0.882723971867429,0.0935017961029958,64,LUAD,0.0458054322376883,0.234989216560801,0.19527562987805,0.764662612814348
GSE32863,LUAD,GSM813476,0.555113718365856,0.0354301312965876,0.290672282310009,0.118783868027547,65,LUAD,0.204452486396339,0.127583898336905,0.0528853229954999,0.285752557940649
GSE32863,LUAD,GSM813477,0.0071929499718648,0.0104874818509385,0.81513997747004,0.167179590707157,66,LUAD,0.0150486258021996,0.206893964461075,0.0997946972815428,1.15890654343633
GSE32863,LUAD,GSM813478,0.501810227742122,0.11935792719898,0.272558920280825,0.106272924778073,67,LUAD,0.245552873545438,0.0279685878373527,0.0839558786076256,0.466365428731977
GSE32863,LUAD,GSM813479,0.181447273364335,0.0110467947094268,0.604813088028919,0.20269284389732,68,LUAD,0.0927859484272889,0.155523875738093,0.150263743938234,0.962657394486193
GSE32863,LUAD,GSM813480,0.677577070533319,0.0454321470131125,0.103746521261406,0.173244261192162,69,LUAD,0.237125263668129,0.0,8.492761627064981e-19,0.630402710102319
GSE32863,LUAD,GSM813481,1.80953624310663e-08,0.0091925517417967,0.961622865840184,0.0291845643226571,70,LUAD,0.0726106480627326,0.129362922095815,0.201174360353731,0.767369848681503
GSE32863,LUAD,GSM813482,0.51219597059474,0.0477052160227384,0.291321158414222,0.1487776549683,71,LUAD,0.139426374230667,9.95731747576868e-18,0.0070293111493646,0.524509651766861
GSE32863,LUAD,GSM813483,2.94506579746943e-08,0.0243694163197732,0.831901968775393,0.143728585454176,72,LUAD,0.0716338178643687,0.092742872698506,0.112901389729499,1.03313488119015
GSE32863,LUAD,GSM813484,0.590063533434334,0.112730303420578,0.159354797660272,0.137851365484816,73,LUAD,0.222041907950849,0.0,0.0473179425926276,0.647373701985581
GSE32863,LUAD,GSM813485,0.038472640067384,0.0051386558677166,0.698474286576601,0.257914417488299,74,LUAD,0.0606723614781187,0.0953915311969001,0.139158430313627,0.862933767012961
GSE32863,LUAD,GSM813486,0.572739967722434,0.15140218290444,0.196531956141097,0.0793258932320294,75,LUAD,0.170810040499786,0.119476098563031,0.11431080693377,0.157767928425064
GSE32863,LUAD,GSM813487,3.1866974765486e-08,0.0444988197226161,0.82233712055341,0.133164027856999,76,LUAD,0.133835003184949,0.139415346470218,0.161473914243323,0.885352438543357
GSE32863,LUAD,GSM813488,0.588690986870906,0.0218805989047033,0.29217052719361,0.0972578870307803,77,LUAD,0.195256199255106,0.0878560762679809,0.0880821531887234,0.581049429146914
GSE32863,LUAD,GSM813489,2.86283849340735e-09,0.0075386063346537,0.839989681751922,0.152471709050585,78,LUAD,0.0796256438123799,0.123729457776183,0.157230253285478,0.973902918198323
GSE32863,LUAD,GSM813490,0.663386464880081,0.0532513864814588,0.15216610515032,0.13119604348814,79,LUAD,0.188635283429397,0.0,0.0,0.504853223235219
GSE32863,LUAD,GSM813491,3.1433231023605104e-09,0.0085611277240683,0.843641289455128,0.147797579677481,80,LUAD,0.070392853743286,0.198041498741051,0.22362638868727,0.781632329920683
GSE32863,LUAD,GSM813492,0.724800321688968,0.0309359237471378,0.122839997953888,0.121423756610006,81,LUAD,0.185860676203942,0.0144300759743657,0.0,0.615384442159398
GSE32863,LUAD,GSM813493,1.30960538934521e-06,0.0087220311236624,0.936934140364127,0.0543425189068212,82,LUAD,0.0634851179306263,0.0945151130638231,0.197850248560699,0.86727462473741
GSE32863,LUAD,GSM813494,0.641390625287254,0.0349460699561956,0.164608225027177,0.159055079729373,83,LUAD,0.189607206086725,0.0,6.34475869319764e-19,0.804436650433704
GSE32863,LUAD,GSM813495,0.0002421834976248,0.0179629244170294,0.863150069245355,0.11864482283999,84,LUAD,0.0902446344131527,0.0087258548748975,0.124186272949164,0.903903816127658
GSE32863,LUAD,GSM813496,0.610359419589404,0.0543451481477964,0.163314610802936,0.171980821459863,85,LUAD,0.18398058629684,2.9231786973610006e-17,5.16400135399063e-21,0.653545667183099
GSE32863,LUAD,GSM813497,0.07005865788836,0.028505754052523,0.634796205691687,0.26663938236743,86,LUAD,0.0691969123801116,0.0051244464431033,0.0491566027184358,1.0202374941916
GSE32863,LUAD,GSM813498,0.711278686724621,0.0130442141994018,0.105138541670869,0.170538557405109,87,LUAD,0.0782691671844239,0.0,1.6046672540482499e-18,0.224444684574717
GSE32863,LUAD,GSM813499,3.08022722155929e-10,0.0046819026927595,0.924535069819833,0.0707830271793844,88,LUAD,0.0882212452973061,0.0624309199555931,0.127005186357061,0.815087715998105
GSE32863,LUAD,GSM813500,0.371833147827011,0.0710194170295585,0.336534462756285,0.220612972387145,89,LUAD,0.170811369236542,0.0667654890718734,1.75562344990824e-19,0.751232826562716
GSE32863,LUAD,GSM813501,0.0780229505308823,0.0102576934466966,0.736476424886985,0.175242931135436,90,LUAD,0.0636728244864121,0.0460813437116327,0.0971858827200603,0.906443067862272
GSE32863,LUAD,GSM813502,0.586277365820946,0.0878327759527778,0.171354929348265,0.154534928878011,91,LUAD,0.237482121431389,0.0,0.090430042599,0.64383123193072
GSE32863,LUAD,GSM813503,2.86851708090127e-06,0.0082574972182276,0.824746094702221,0.16699353956247,92,LUAD,0.0514825268073629,0.0349058418189897,0.074763449272294,1.006404081373
GSE32863,LUAD,GSM813504,0.660149665753745,0.0404447962764178,0.169881309245709,0.129524228724129,93,LUAD,0.259260497588377,0.0818362733917781,0.0748485297954856,0.304633298946153
GSE32863,LUAD,GSM813505,1.38035092444467e-06,0.0244159835734189,0.806903635151478,0.168679000924179,94,LUAD,0.0410924499380321,0.0179980900435012,0.122079618932345,0.882212608155652
GSE32863,LUAD,GSM813506,0.558487189566751,0.0649967649841878,0.251893555719907,0.124622489729155,95,LUAD,0.221528223861753,0.0307871115900388,0.0786668682421116,0.202046432944769
GSE32863,LUAD,GSM813508,8.72696600376307e-10,0.0069592407982783,0.899734025594264,0.0933067327347607,96,LUAD,0.0662861224502906,0.046503276725211,0.144650764968435,0.971442547037982
GSE32863,LUAD,GSM813509,0.543931296587325,0.0700107251659045,0.213809419338222,0.172248558908549,97,LUAD,0.241891865322489,0.0,0.0862888983739775,0.705333111402465
GSE32863,LUAD,GSM813510,5.94066912239506e-06,0.0059578045569568,0.845725600317794,0.148310654456127,98,LUAD,0.10813066705418,0.0970107364168109,0.157753573911477,0.918265588396385
GSE32863,LUAD,GSM813511,0.607962685820905,0.0161626683402066,0.199486717169325,0.176387928669563,99,LUAD,0.216923773217636,0.0703794468707646,0.0,0.701209049433614
GSE32863,LUAD,GSM813512,6.47846719246634e-09,0.0034436608483529,0.97228661160198,0.0242697210711997,100,LUAD,0.086650025923078,0.157119488554917,0.17596516389805,0.666540039688718
GSE32863,LUAD,GSM813513,0.666133539755711,0.0275952534235987,0.171863334153594,0.134407872667096,101,LUAD,0.231251463617986,0.0,9.13544998391096e-18,0.465516244356277
GSE32863,LUAD,GSM813514,1.18739455718445e-07,0.0048339805511547,0.969272303264645,0.0258935974447442,102,LUAD,0.0541055455155761,0.166176017038082,0.204412776377003,0.800906582712158
GSE32863,LUAD,GSM813515,0.682605447870426,0.012452124134256,0.145392419241214,0.159550008754104,103,LUAD,0.228561167945699,1.12862093506554e-18,2.3748067167723097e-18,0.366239446101146
GSE32863,LUAD,GSM813516,6.49622953389967e-08,0.012935955826062,0.951245884582299,0.0358180946293437,104,LUAD,0.0462662998899547,0.178269851095383,0.198555508982824,0.852686090540148
GSE32863,LUAD,GSM813517,0.374331894464144,0.0109439049039276,0.520211981250399,0.0945122193815303,105,LUAD,0.269449447617486,0.0172969042534287,0.124861185606402,0.461632941039638
GSE32863,LUAD,GSM813519,2.8378064511277403e-09,0.0084164144975031,0.794644808136147,0.196938774528543,106,LUAD,0.0343724174462417,0.143695998479778,0.104709246969489,0.927126704664424
GSE32863,LUAD,GSM813520,0.541455224474637,0.0793849973483397,0.183846708098012,0.195313070079011,107,LUAD,0.167577726926392,0.115095223856034,3.2703402386669198e-18,0.72428019610097
GSE32863,LUAD,GSM813521,0.071236022267636,0.0077660336534525,0.822551261544405,0.0984466825345062,108,LUAD,0.0515976798194564,0.170397552825986,0.193654425855222,0.581873293051621
GSE32863,LUAD,GSM813522,0.596098882945126,0.131722184904109,0.122590310329519,0.149588621821246,109,LUAD,0.254912192176948,8.42287061092524e-20,0.0,0.551564187998139
GSE32863,LUAD,GSM813523,6.16689355966804e-07,0.0197368431666591,0.948125179833808,0.0321373603101771,110,LUAD,0.0654704403782887,0.162952189922606,0.181525693596357,0.84013707483201
GSE32863,LUAD,GSM813524,0.490750857444816,0.0866605391381828,0.30373528202138,0.118853321395622,111,LUAD,0.207742211182249,0.0,0.004513965031565,0.646353087011389
GSE32863,LUAD,GSM813525,0.143872064622066,0.039374355850011,0.621704152853647,0.195049426674276,112,LUAD,0.0440371233697786,0.175638576050785,0.121124741631581,0.938171355639208
GSE32863,LUAD,GSM813526,0.71839980736237,0.0685899027698231,0.119187298317902,0.0938229915499051,113,LUAD,0.138872570398361,0.0584385260256247,0.0964275745479103,0.37572228948913
GSE19804,LUAD,GSM494556,0.778767676350962,0.0131007239002015,0.0682799111324752,0.139851688616361,0,LUAD,0.481680586377399,0.0161054560024398,0.121792017951549,0.248505875389394
GSE19804,LUAD,GSM494557,0.793370824892918,0.0137016781809851,0.0529439632970495,0.139983533629047,1,LUAD,0.403892444415678,0.0097922264143289,0.0062765047632976,0.574504907931
GSE19804,LUAD,GSM494558,0.173916089203153,0.0482370921268682,0.240673440761333,0.537173377908646,2,LUAD,0.181686839189398,0.166300006137768,0.201259416851615,0.849368381247792
GSE19804,LUAD,GSM494559,0.772118728752461,0.0094041351125128,0.0672386368436954,0.151238499291331,3,LUAD,0.385025755989031,0.0226241040549948,0.0642572990885302,0.465905694678963
GSE19804,LUAD,GSM494560,0.783805860705114,0.0202881053371304,0.0769771242862974,0.118928909671458,4,LUAD,0.378842947368398,8.92770770102317e-18,0.0853301694165194,0.572735856741467
GSE19804,LUAD,GSM494561,0.418316784100655,0.0165498387694708,0.118773535102017,0.446359842027857,5,LUAD,0.266507479778199,1.3871126730273e-22,0.178985254364146,1.10340270812919
GSE19804,LUAD,GSM494562,0.801325901171527,0.0241210252209094,0.0398219448493522,0.134731128758212,6,LUAD,0.435041638861669,1.94639117373111e-18,7.16703645039591e-20,0.588670927254672
GSE19804,LUAD,GSM494563,0.771668855366666,0.0348488420544778,0.0465338045415683,0.146948498037288,7,LUAD,0.404443473630436,0.0593220513100437,0.0974137596530061,0.262783633459735
GSE19804,LUAD,GSM494564,0.66529506601005,0.0266130618824214,0.0930277879378576,0.215064084169671,8,LUAD,0.368747806925684,0.0168304363661573,0.0751265953094127,0.913311879833137
GSE19804,LUAD,GSM494565,0.724751536802395,0.0312249453364734,0.0503922063045863,0.193631311556545,9,LUAD,0.384800061783985,0.0,0.0279594883570586,0.603528232112178
GSE19804,LUAD,GSM494566,0.590889153517333,0.0441921171012778,0.0754544627751019,0.289464266606287,10,LUAD,0.323714609569615,0.224018699373567,0.0986180986852071,0.843529166143261
GSE19804,LUAD,GSM494567,0.693059264843649,0.0235404025941669,0.0841990472567345,0.199201285305449,11,LUAD,0.377490083831671,0.0089142052322505,0.0650493071651687,0.921204488474583
GSE19804,LUAD,GSM494568,0.464693501851172,0.0217803043937935,0.148551134231625,0.36497505952341,12,LUAD,0.258207426392148,0.0341202285942945,0.170941236615878,1.08295375574474
GSE19804,LUAD,GSM494569,0.436328261678555,0.0087509915894455,0.189900884666179,0.36501986206582,13,LUAD,0.290779926124958,0.213206722692707,0.19949243332143,0.910441211960443
GSE19804,LUAD,GSM494570,0.639540255178184,0.0302988529472657,0.12059807363138,0.209562818243169,14,LUAD,0.294456947713797,0.0247139146418742,0.196747546897573,0.855783833299463
GSE19804,LUAD,GSM494571,0.706826908500646,0.0210238712312808,0.137850426993792,0.134298793274282,15,LUAD,0.35983020866004,7.03861957344854e-18,0.121994324116372,0.530332730717448
GSE19804,LUAD,GSM494572,0.851370570050428,0.0077535817185639,0.0484887143714686,0.0923871338595396,16,LUAD,0.46300029185843,6.64789331416041e-18,0.0884237473993916,0.420413166303192
GSE19804,LUAD,GSM494573,0.746873088252863,0.0177070575469775,0.0482908589593578,0.187128995240802,17,LUAD,0.337781238813157,3.72604752116692e-17,0.017913724378192,0.686069786137377
GSE19804,LUAD,GSM494574,0.683050889311055,0.0308811066456661,0.0483664220716194,0.237701581971659,18,LUAD,0.369184100090626,0.0,0.0,0.938551416681797
GSE19804,LUAD,GSM494575,0.842447806272828,0.015475514432071,0.0379958357878783,0.104080843507223,19,LUAD,0.393138289200727,5.57102547197776e-18,1.4255039379243e-18,0.600668903713166
GSE19804,LUAD,GSM494576,0.786065710097925,0.0167476972320901,0.0831299035139597,0.114056689156025,20,LUAD,0.371916218639439,0.0,9.33516765540972e-19,0.37871717182285
GSE19804,LUAD,GSM494577,0.78262450487478,0.0337131346464118,0.0622411638305909,0.121421196648217,21,LUAD,0.415579812526822,0.0062193937972779,0.0496517741017831,0.393453335617152
GSE19804,LUAD,GSM494578,0.751949816829065,0.0110686883580345,0.0758595539189948,0.161121940893906,22,LUAD,0.363288057908629,0.0313391590713508,0.0520554268366203,0.833647654238459
GSE19804,LUAD,GSM494579,0.587657764011765,0.0409580936990103,0.0670608028331229,0.304323339456102,23,LUAD,0.280287092345052,0.0900940885030729,0.119580307321128,0.932348595141585
GSE19804,LUAD,GSM494580,0.597047702498082,0.0198329305039466,0.0766225183324645,0.306496848665507,24,LUAD,0.339745887704232,0.0115597399832516,0.0458739097376967,1.086160964948
GSE19804,LUAD,GSM494581,0.785611586922936,0.0110123775779843,0.0750095789552474,0.128366456543832,25,LUAD,0.372940149623512,3.5379079107068904e-19,0.0854442809849251,0.759870514385641
GSE19804,LUAD,GSM494582,0.864530877267326,0.0091154111356505,0.0473835312444733,0.0789701803525502,26,LUAD,0.49876734615952,0.0,0.107339895953412,0.0703728322104683
GSE19804,LUAD,GSM494583,0.785834349467988,0.0328336625198079,0.042498888609174,0.13883309940303,27,LUAD,0.397943889905403,0.0026666054053604,1.2608809076095101e-17,0.618123888243202
GSE19804,LUAD,GSM494584,0.712130015524122,0.0211776630263671,0.0863315124901358,0.180360808959376,28,LUAD,0.352995721873363,1.64978655416951e-17,0.0729873228273784,0.711597849428465
GSE19804,LUAD,GSM494585,0.859377654779114,0.0081536291024805,0.0436999003338552,0.0887688157845499,29,LUAD,0.385764599132353,1.04097968446568e-17,1.70206860615191e-19,0.5630219927909
GSE19804,LUAD,GSM494586,0.806491868121192,0.0131690602977075,0.0370393627356483,0.143299708845453,30,LUAD,0.449524454833701,8.85216552400608e-18,0.0423086371164188,0.226233645473814
GSE19804,LUAD,GSM494587,0.773324617792448,0.0161634229579656,0.040368348387756,0.17014361086183,31,LUAD,0.390270752319732,0.0,1.9225826704231597e-18,0.866317964717372
GSE19804,LUAD,GSM494588,0.748448540519495,0.0212303256377454,0.087449902139338,0.142871231703422,32,LUAD,0.306236814214371,0.0753298888249882,0.102818220506985,0.963360464710202
GSE19804,LUAD,GSM494589,0.771845234852299,0.0413701358533447,0.0947872654482972,0.0919973638460595,33,LUAD,0.423081516601569,0.0611900663833591,0.101261096455443,0.266147335112392
GSE19804,LUAD,GSM494590,0.734848175552543,0.0432440351351916,0.0731181485846056,0.14878964072766,34,LUAD,0.314672156971144,0.0,0.0,0.882283731863217
GSE19804,LUAD,GSM494591,0.846127028864074,0.022324666216715,0.0617019604692707,0.0698463444499402,35,LUAD,0.43881198357945,2.91868727518037e-17,0.029727856652469,0.231989898031785
GSE19804,LUAD,GSM494592,0.759264518884817,0.0112464034704044,0.0569091831722049,0.172579894472574,36,LUAD,0.373010742116332,0.0750172375696956,0.0233385984834066,0.863428331028861
GSE19804,LUAD,GSM494593,0.805401123673847,0.016793973555864,0.0597067617090882,0.1180981410612,37,LUAD,0.386068444450253,2.8317050099206797e-18,0.0717539921027717,0.631995667728478
GSE19804,LUAD,GSM494594,0.660351426155745,0.0147252001528507,0.107584408301009,0.217338965390394,38,LUAD,0.368587166808307,0.0,0.0303363853037234,0.936715239005002
GSE19804,LUAD,GSM494595,0.806483983310924,0.0390136245574249,0.0585646455607393,0.0959377465709113,39,LUAD,0.416398664039641,0.0,0.0502702652585765,0.491000727305313
GSE19804,LUAD,GSM494596,0.806017250506217,0.0195686653596029,0.0684137475237631,0.106000336610417,40,LUAD,0.270590811687819,7.643834135125901e-18,1.53971369252916e-17,0.628241325951069
GSE19804,LUAD,GSM494597,0.425071146333081,0.0422106772963979,0.0791346210850436,0.453583555285477,41,LUAD,0.27577879942697,9.97601558160995e-18,0.0194444391416531,1.04000683374482
GSE19804,LUAD,GSM494598,0.705124269028925,0.0262125759609065,0.0479800479041513,0.220683107106018,42,LUAD,0.356702499379173,0.0,0.0812739493479761,0.801470409416572
GSE19804,LUAD,GSM494599,0.724781524229871,0.0204417348775113,0.0574840616282655,0.197292679264352,43,LUAD,0.407387431872219,0.168572858144962,0.0303285710253039,0.831410155188213
GSE19804,LUAD,GSM494600,0.770755044976333,0.0304209518677927,0.0757428638680535,0.123081139287821,44,LUAD,0.329839630874462,0.0141923778462002,0.0502598852404139,0.76838332197878
GSE19804,LUAD,GSM494601,0.746470521440321,0.0210365114332874,0.0624187982845057,0.170074168841886,45,LUAD,0.356378804248181,0.0193358890831473,0.0152731762329438,0.844476193833455
GSE19804,LUAD,GSM494602,0.809803094776041,0.0292559697006699,0.0564598633727431,0.104481072150546,46,LUAD,0.39196031913455,0.0642039505959233,9.93874592264635e-19,0.584441611627254
GSE19804,LUAD,GSM494603,0.536298129097744,0.0346458098459429,0.17976247221697,0.249293588839344,47,LUAD,0.300401189311068,0.0142095895649888,0.212691778326846,0.961907219174901
GSE19804,LUAD,GSM494604,0.564539041605887,0.0579551341959625,0.127008584179819,0.250497240018332,48,LUAD,0.176300389122886,0.295251857866893,0.184359895116499,1.01417849629797
GSE19804,LUAD,GSM494605,0.447345514976301,0.0161318493486085,0.161487716974877,0.375034918700213,49,LUAD,0.258620957933382,0.172258622352958,0.20233487187707,1.15949309479082
GSE19804,LUAD,GSM494606,0.777650712865375,0.008620568950036,0.062780061313133,0.150948656871456,50,LUAD,0.402213642975227,0.0668381682333786,0.0598742552271788,0.64192798610281
GSE19804,LUAD,GSM494607,0.414823336776198,0.0310669627907814,0.0775460384316792,0.476563662001341,51,LUAD,0.147313279793099,3.1352490896633704e-17,0.0,1.4616734503846
GSE19804,LUAD,GSM494608,0.771681464437595,0.0065711828562341,0.0528328563119868,0.168914496394184,52,LUAD,0.401552785594418,0.0333051148140028,0.0036904862341002,0.826757649585239
GSE19804,LUAD,GSM494609,0.701043579240551,0.0156924769466675,0.0610864612346085,0.222177482578173,53,LUAD,0.378981720880565,0.0864946789670545,0.0553133113588648,0.813642717289385
GSE19804,LUAD,GSM494610,0.588770212466306,0.0411199076552612,0.0636689702556681,0.306440909622765,54,LUAD,0.375199426146875,0.0,0.0289804402888734,1.06077953071933
GSE19804,LUAD,GSM494611,0.806569526833443,0.0291542895949332,0.0365752482396303,0.127700935331993,55,LUAD,0.407627660673056,0.0,0.0136346869108709,0.623506288671915
GSE19804,LUAD,GSM494612,0.868981214644651,0.0062989309721353,0.0393642620360694,0.0853555923471446,56,LUAD,0.414252353471711,2.28548771011553e-17,0.0,0.62495312151265
GSE19804,LUAD,GSM494613,0.863291279696781,0.0049444337477224,0.0416528340619108,0.0901114524935853,57,LUAD,0.41887583226811,0.0,0.0,0.515243201149273
GSE19804,LUAD,GSM494614,0.85524410765192,0.0160797644937843,0.0501937656658795,0.0784823621884161,58,LUAD,0.426150573051495,0.0,0.0177403489746655,0.214652095110932
GSE19804,LUAD,GSM494615,0.787972099134871,0.0193824103537893,0.0771428348680123,0.115502655643327,59,LUAD,0.387531588186374,0.085087926331649,0.107480999512525,0.467578703196577
GSE19804,LUAD,GSM494616,0.318255975312787,0.0112664178183818,0.265726190439091,0.40475141642974,60,LUAD,0.288451538878081,0.241699771368685,0.275185196649415,0.731903475139643
GSE19804,LUAD,GSM494617,0.475693612486356,0.0111725254842288,0.283713065628618,0.229420796400797,61,LUAD,0.276541629350381,0.250707740253598,0.274271315110833,0.852900495128284
GSE19804,LUAD,GSM494618,0.0367142799524044,0.0071971287162201,0.446679674869669,0.509408916461706,62,LUAD,0.281208934172614,0.295687070165603,0.279545822213969,0.659753088944508
GSE19804,LUAD,GSM494619,0.388295623761678,0.0064898661645614,0.227355234360014,0.377859275713746,63,LUAD,0.258050882265736,0.126767850820747,0.229166417396089,1.21015968436133
GSE19804,LUAD,GSM494620,0.436179795518172,0.0076303047703228,0.279116066108813,0.277073833602692,64,LUAD,0.286318953592442,0.171156400519421,0.281707867939753,1.01179236537034
GSE19804,LUAD,GSM494621,0.441058143178037,0.0111267921498543,0.283879470151994,0.263935594520115,65,LUAD,0.230765389523689,0.290357023620308,0.297574668290049,1.02120409823494
GSE19804,LUAD,GSM494622,0.59075766999133,0.0158931841072451,0.270022087013038,0.123327058888387,66,LUAD,0.298380606074936,0.157883956016563,0.388067907709994,0.55159799175941
GSE19804,LUAD,GSM494623,0.425975690050696,0.0075108921194632,0.217415317036863,0.349098100792978,67,LUAD,0.197408835814378,0.120235720229193,0.220491292426153,1.30659204317486
GSE19804,LUAD,GSM494624,0.408794117516348,0.0062376100807605,0.213476844689729,0.371491427713163,68,LUAD,0.278837553877711,0.133484194471546,0.263965180673617,0.938912024171062
GSE19804,LUAD,GSM494625,0.414601097095764,0.0078458068275843,0.283963638262494,0.293589457814158,69,LUAD,0.26770658154731,0.0986801809739407,0.294390972664087,1.04923010576112
GSE19804,LUAD,GSM494626,0.594293820340514,0.0127421042046099,0.226885638521736,0.16607843693314,70,LUAD,0.264140391112891,0.261783890603708,0.278414742183213,0.626172685829273
GSE19804,LUAD,GSM494627,0.430374402711413,0.0143430450785055,0.191489913636223,0.363792638573859,71,LUAD,0.283634152417466,0.176245285673006,0.236858685176101,0.97777270304886
GSE19804,LUAD,GSM494628,0.50866827055653,0.0154785668274222,0.223506420748189,0.25234674186786,72,LUAD,0.225352784965847,0.204442094233139,0.260150393826449,0.868110688025542
GSE19804,LUAD,GSM494629,0.305323794193454,0.0061123841657393,0.249606449950916,0.438957371689891,73,LUAD,0.336001938652411,0.147790551651167,0.233862963527256,0.898023342227664
GSE19804,LUAD,GSM494630,0.448833524871218,0.0067944325588493,0.274011045785749,0.270360996784184,74,LUAD,0.308163910462816,0.130515731533216,0.286754456811892,0.900847445145441
GSE19804,LUAD,GSM494631,0.699152773800863,0.0146687052052484,0.103182157546308,0.182996363447581,75,LUAD,0.401914439357767,1.75723758526497e-19,0.156911256969424,0.581381401663282
GSE19804,LUAD,GSM494632,0.465574967741997,0.0061038847018212,0.154508261626297,0.373812885929884,76,LUAD,0.352703968043673,0.0856124795066448,0.209496154450358,0.912312871372683
GSE19804,LUAD,GSM494633,0.638667180368708,0.0070909475477398,0.108204644675645,0.246037227407907,77,LUAD,0.322683437419354,0.156782515486351,0.15149195753068,0.913952613432289
GSE19804,LUAD,GSM494634,0.584921637970497,0.0111384994501173,0.171620649547407,0.232319213031978,78,LUAD,0.291867278583444,0.202909046219761,0.208624378793391,0.931057603542719
GSE19804,LUAD,GSM494635,0.601103503030001,0.018754460392182,0.222891458213401,0.157250578364416,79,LUAD,0.29369584445773,0.194458394024906,0.291556397807286,0.808073237309681
GSE19804,LUAD,GSM494636,0.527522190038064,0.0102688075093607,0.258875484495499,0.203333517957076,80,LUAD,0.303330603386142,0.231866634204468,0.282465993338055,0.819823938408947
GSE19804,LUAD,GSM494637,0.332392865390346,0.0102207559734549,0.275429366900589,0.38195701173561,81,LUAD,0.321086404661699,0.166205827560051,0.266385447254087,0.950515644702094
GSE19804,LUAD,GSM494638,0.495081668730874,0.0109914607159609,0.149919814018728,0.344007056534436,82,LUAD,0.289738663677311,0.0931096337744634,0.175459328734708,1.14718601051139
GSE19804,LUAD,GSM494639,0.561502132954056,0.0061398083521078,0.205380880316403,0.226977178377433,83,LUAD,0.295592634762531,0.211784063329241,0.24199286225025,0.987855737694768
GSE19804,LUAD,GSM494640,0.0674683142619893,0.0072723579286182,0.290511272346317,0.634748055463076,84,LUAD,0.310118658655981,0.121294038402119,0.240712989872937,1.09138725576762
GSE19804,LUAD,GSM494641,0.291983482809776,0.0049350183629038,0.2595737654904,0.443507733336921,85,LUAD,0.333716146565874,0.143644900576398,0.242283272227385,1.02539468819484
GSE19804,LUAD,GSM494642,0.216793921248379,0.0078125898398278,0.315138657157235,0.460254831754558,86,LUAD,0.285873508609788,0.228434391611674,0.294622272909724,0.966763535950571
GSE19804,LUAD,GSM494643,0.332270896149437,0.0060584358101762,0.2802276151996,0.381443052840787,87,LUAD,0.330113849217007,0.132652536895522,0.237579163109602,1.02030653035676
GSE19804,LUAD,GSM494644,0.625699856348263,0.0101237835778811,0.168936323262272,0.195240036811584,88,LUAD,0.302592986830158,0.208393246395276,0.261267661573734,0.990063447161238
GSE19804,LUAD,GSM494645,0.302755660937361,0.0074781751629309,0.264874039201445,0.424892124698263,89,LUAD,0.288585796172523,0.181026322494931,0.248643371094651,1.04019370735899
GSE19804,LUAD,GSM494646,0.240482119085535,0.0057530740276015,0.252533735294436,0.501231071592427,90,LUAD,0.297001812672474,0.172960949056989,0.276038042879379,0.931476449044925
GSE19804,LUAD,GSM494647,0.330791952945319,0.0063604454283927,0.214667759172,0.448179842454289,91,LUAD,0.284689973808961,0.151507616581456,0.24846727749397,1.13095355312009
GSE19804,LUAD,GSM494648,0.578778864148621,0.0080122359181753,0.215865904727915,0.197342995205289,92,LUAD,0.253235892565212,0.143037657320266,0.256289847444807,1.25844401144473
GSE19804,LUAD,GSM494649,0.416929859609618,0.0076003857716566,0.292334200814267,0.283135553804458,93,LUAD,0.268214975695534,0.211438981686899,0.304288766449116,0.980990040797204
GSE19804,LUAD,GSM494650,0.550954461606385,0.0162120492257965,0.185681181259419,0.2471523079084,94,LUAD,0.26189473204088,0.0685445178575543,0.158585325842199,0.99823539943789
GSE19804,LUAD,GSM494651,0.428778005025657,0.0109903945058335,0.362298794417338,0.197932806051171,95,LUAD,0.281753129474443,0.187421900579832,0.263581465965234,0.683358297213738
GSE19804,LUAD,GSM494652,0.331222198762633,0.0111215844339329,0.258443250549916,0.399212966253518,96,LUAD,0.273468194027853,0.240686654700394,0.267376376717538,0.949641423362648
GSE19804,LUAD,GSM494653,0.562905417986475,0.0121757398646739,0.234015877842991,0.19090296430586,97,LUAD,0.304491079041604,0.20468224471549,0.241068257365228,1.01720247637712
GSE19804,LUAD,GSM494654,0.483528422105032,0.0081347505890376,0.204237855888949,0.304098971416982,98,LUAD,0.293983707024177,3.34167763336025e-17,0.0248858985284994,1.0183450790763
GSE19804,LUAD,GSM494655,0.478789100166523,0.0073982433692101,0.212082886187493,0.301729770276774,99,LUAD,0.301624965976913,0.199471326254435,0.244496045162751,1.08807096965045
GSE19804,LUAD,GSM494656,0.567709821672626,0.0159606776573431,0.127383389000023,0.288946111670008,100,LUAD,0.295652411284311,0.0121922701250585,0.0768467250764055,1.30082605218579
GSE19804,LUAD,GSM494657,0.730777319230785,0.0062395693838028,0.064418721933053,0.198564389452359,101,LUAD,0.378823508344482,0.0,3.4785286394215496e-18,0.828225182550728
GSE19804,LUAD,GSM494658,0.572701067209786,0.029949006486556,0.13180050328218,0.265549423021478,102,LUAD,0.240551178188411,0.0314389578641181,0.15021278018801,1.18122308478583
GSE19804,LUAD,GSM494659,0.453733124670032,0.0120969967498077,0.249566503408545,0.284603375171615,103,LUAD,0.282472758646917,0.239558691281127,0.290265180971504,0.885569804166716
GSE19804,LUAD,GSM494660,0.618191839079533,0.0089938681846995,0.205959709329999,0.166854583405768,104,LUAD,0.27246636189205,0.224461980267184,0.293428850240301,0.665665045478054
GSE19804,LUAD,GSM494661,0.308499266791298,0.0075206839861574,0.277374310178523,0.406605739044022,105,LUAD,0.256656740610838,0.148983760483199,0.175530511698548,1.12493836393082
GSE19804,LUAD,GSM494662,0.322194490274498,0.0111391749040829,0.285533954099118,0.381132380722302,106,LUAD,0.297391482945084,0.160350265911523,0.269213489890055,1.06466859661594
GSE19804,LUAD,GSM494663,0.490998644571195,0.0109801204393056,0.313066505456564,0.184954729532935,107,LUAD,0.281958438975439,0.169605393955811,0.317745741465928,0.862480179529341
GSE19804,LUAD,GSM494664,0.404786702708599,0.0171165562838583,0.248816795203634,0.329279945803908,108,LUAD,0.226113472324379,0.221744934207766,0.280695302479445,0.964085801247726
GSE19804,LUAD,GSM494665,0.517052364127843,0.0173524415302001,0.140918539082188,0.324676655259769,109,LUAD,0.272972637026536,0.173773380108905,0.167961794595998,1.16018729396938
GSE19804,LUAD,GSM494666,0.282185520953769,0.0071505728574102,0.220552061596979,0.490111844591842,110,LUAD,0.24742829279358,0.231591327237586,0.262923589573,1.03596407494784
GSE19804,LUAD,GSM494667,0.266357365680806,0.005315187650712,0.24489435460165,0.483433092066832,111,LUAD,0.277343640901047,0.152314244338987,0.238641946575717,1.1007507715812
GSE19804,LUAD,GSM494668,0.562961608788989,0.0063065133258244,0.131688734502398,0.299043143382789,112,LUAD,0.298095656320607,0.153772267927641,0.164409377530887,1.3260126470493
GSE19804,LUAD,GSM494669,0.496866666205395,0.0081179001059423,0.207994897634529,0.287020536054134,113,LUAD,0.28186314759248,0.201946251706947,0.229213012886825,1.0763134855907
GSE19804,LUAD,GSM494670,0.503764051297051,0.0092583007347368,0.24763936028351,0.239338287684702,114,LUAD,0.217792944695744,0.110913454183729,0.266422338036564,1.2214081204623
GSE19804,LUAD,GSM494671,0.467527862407356,0.0084134541456082,0.136228732827562,0.387829950619473,115,LUAD,0.278834953959808,0.132394629010739,0.17753274471697,1.23464112172329
GSE19804,LUAD,GSM494672,0.61502483507507,0.0057103135849808,0.152858523520696,0.226406327819253,116,LUAD,0.330238938404939,0.0899140430312175,0.193345811005642,1.00994731891408
GSE19804,LUAD,GSM494673,0.575665118960944,0.0070675606160551,0.23973580839,0.177531512033001,117,LUAD,0.322823965696899,0.142882982410686,0.270067288538525,0.969230347846701
GSE19804,LUAD,GSM494674,0.359775269132186,0.0049691438349586,0.202316067096476,0.43293951993638,118,LUAD,0.291873057672977,0.143221894932968,0.266511418155356,0.945312369931331
GSE19804,LUAD,GSM494675,0.246420316996148,0.0185159527654802,0.0599291721444175,0.675134558093954,119,LUAD,1.21040895744725e-19,9.16438867384689e-18,1.76394706619758e-17,1.4210128505833
GSE10072,LUAD,GSM254625,0.458173765654463,0.0236163318838008,0.230071906782842,0.288137995678895,0,LUAD,0.138899354664848,0.163883888592151,0.164698425020869,0.345639697571519
GSE10072,LUAD,GSM254626,1.22011732583062e-06,0.0090040441460522,0.476289198562422,0.5147055371742,1,LUAD,0.0046883082732864,0.235747771635227,0.272554264536598,0.479695150318774
GSE10072,LUAD,GSM254627,0.72737072226562,0.011432163666083,0.0684388934023132,0.192758220665984,2,LUAD,0.0043925341847769,0.0,8.6057043504785e-18,0.343908171060041
GSE10072,LUAD,GSM254628,3.39649365456055e-06,0.0089220620192292,0.623191227278689,0.367883314208427,3,LUAD,0.0135953481526395,0.205167125574563,0.243292830274431,0.428734293366007
GSE10072,LUAD,GSM254631,0.65870587031863,0.0206766642974264,0.104983898027818,0.215633567356125,4,LUAD,0.216919216037806,0.0010519256913497,1.1474067940375899e-18,0.455395276726636
GSE10072,LUAD,GSM254632,0.309164883799977,0.0408276871195415,0.370422635747333,0.279584793333148,5,LUAD,0.0087078265269981,0.110365468988478,0.181100929713566,0.45694333232584
GSE10072,LUAD,GSM254633,0.668664446415892,0.0252272235527779,0.0829299797025895,0.22317835032874,6,LUAD,0.166724476917313,0.0,0.0064284399166476,0.344857412918751
GSE10072,LUAD,GSM254634,0.256082633234159,0.0142076343308814,0.348520729689485,0.381189002745475,7,LUAD,5.111847656156159e-18,0.0,0.0702975265829764,0.623279062804581
GSE10072,LUAD,GSM254635,0.234076282801954,0.0100569001544308,0.367769250813827,0.388097566229788,8,LUAD,0.0107360849211788,0.032496586083352,0.165637351947413,0.545511855152506
GSE10072,LUAD,GSM254636,0.66720155234039,0.0239393054517065,0.0719965090528094,0.236862633155094,9,LUAD,0.0900692578677669,0.0,0.0070039159679727,0.399679860297374
GSE10072,LUAD,GSM254637,0.614344480701729,0.0147517505366563,0.104116867044761,0.266786901716854,10,LUAD,0.17200840568293,0.0,0.0911189851369885,0.348948341191714
GSE10072,LUAD,GSM254638,0.378694576016083,0.007573871041545,0.256909589626613,0.356821963315759,11,LUAD,0.0254636156788335,8.77936662022755e-18,0.0705218064728181,0.612711688722831
GSE10072,LUAD,GSM254639,0.620233879610867,0.0337682223907535,0.115907322974138,0.230090575024242,12,LUAD,0.0441275574933014,1.07471914593071e-17,1.7656759365056e-18,0.355163765890483
GSE10072,LUAD,GSM254640,0.289567823260446,0.0100925716536073,0.368895952196674,0.331443652889273,13,LUAD,2.1308571858679e-20,0.146550741989794,0.185903290111649,0.523298046345688
GSE10072,LUAD,GSM254644,3.1583105339739305e-09,0.0071603252256903,0.389768129244788,0.603071542371212,14,LUAD,3.34586047965159e-06,0.132647310484013,0.240426051439676,0.499709337076897
GSE10072,LUAD,GSM254645,0.481561879665634,0.016339146677782,0.146452757037937,0.355646216618648,15,LUAD,0.0581791026579125,0.0,0.0570158051596463,0.549916332243236
GSE10072,LUAD,GSM254648,0.559608134314747,0.012476895788748,0.132244946064212,0.295670023832294,16,LUAD,0.107291288733664,0.139532376118719,0.046407063368815,0.391749380036427
GSE10072,LUAD,GSM254649,0.117341876610219,0.0103136846392627,0.551104799034463,0.321239639716055,17,LUAD,0.0,0.281013713068642,0.269600620282899,0.488804686792175
GSE10072,LUAD,GSM254650,0.54149830115888,0.0189959462216078,0.208901264516522,0.23060448810299,18,LUAD,0.140467330799922,0.0930832305403292,0.167073902346457,0.249955820350796
GSE10072,LUAD,GSM254651,0.293921963934201,0.0092708400304326,0.498100989365981,0.198706206669386,19,LUAD,0.0,0.113423902947554,0.150859245677902,0.538674243400486
GSE10072,LUAD,GSM254658,0.166367649039219,0.0079206684068556,0.625050052588934,0.200661629964991,20,LUAD,0.0130747736084634,0.13448672388112,0.249829751129141,0.423296063947007
GSE10072,LUAD,GSM254659,0.569857831784835,0.0225299139129085,0.136440805063999,0.271171449238258,21,LUAD,0.0916399763803473,0.0,0.0508472351280108,0.381624338371235
GSE10072,LUAD,GSM254666,0.576374052295466,0.0275760061357042,0.138996598920828,0.257053342648002,22,LUAD,0.0944344723358432,0.0110092631721164,0.132438869498286,0.435604831299881
GSE10072,LUAD,GSM254667,0.291708559708026,0.0090573980458974,0.2599988873164,0.439235154929677,23,LUAD,0.0,0.0175777540922906,0.115526617476654,0.747782617936478
GSE10072,LUAD,GSM254668,0.64151004456525,0.0216800300376837,0.112090550294087,0.224719375102979,24,LUAD,0.191013060935108,0.0560560305328009,0.133996923893235,0.281055349652257
GSE10072,LUAD,GSM254669,0.172266004309686,0.0099306080732438,0.521047981275134,0.296755406341935,25,LUAD,0.0001816512538092,0.174158934555272,0.241634373997092,0.512011113843336
GSE10072,LUAD,GSM254670,0.5098281564632,0.0266499702762382,0.147274397926467,0.316247475334095,26,LUAD,0.0674244364166899,0.0,0.043504322154131,0.536150705460062
GSE10072,LUAD,GSM254671,0.232951163884539,0.0111032548955051,0.463875819150034,0.292069762069922,27,LUAD,0.0374407063425266,0.123819293439685,0.20143557507289,0.465466320291832
GSE10072,LUAD,GSM254673,2.32152057412097e-07,0.0069863062614484,0.469977138231638,0.523036323354856,28,LUAD,0.0237413563909856,0.194902613043006,0.267603816122203,0.501406238585326
GSE10072,LUAD,GSM254674,0.647794631759424,0.0212675850382569,0.0892407188691438,0.241697064333176,29,LUAD,0.120107366048131,4.0470983129270395e-18,0.08010729245599,0.309842528173415
GSE10072,LUAD,GSM254675,0.727507674701135,0.0252233068310489,0.0719316517917071,0.175337366676109,30,LUAD,0.109138574626743,0.114609310060231,0.0490479207422457,0.188367778356191
GSE10072,LUAD,GSM254676,0.257847048202855,0.0082391209497695,0.314908913499536,0.419004917347839,31,LUAD,0.0275704505369159,0.0957093947838817,0.145962990953318,0.622698086154866
GSE10072,LUAD,GSM254678,0.682026673176926,0.0192584100444976,0.0587469383963151,0.239967978382261,32,LUAD,0.161093609832589,0.0,0.0,0.392981508253316
GSE10072,LUAD,GSM254679,0.128095467880793,0.0123683779806854,0.362599384295226,0.496936769843296,33,LUAD,0.0257544988605573,0.0430635609014857,0.128896560146063,0.503409035761209
GSE10072,LUAD,GSM254680,0.700125624157937,0.0203044996180594,0.0746943109509038,0.2048755652731,34,LUAD,0.113025108688276,0.0388733096887242,0.0052413894809803,0.394851222693655
GSE10072,LUAD,GSM254681,0.132654856967181,0.008952498830355,0.380434903910555,0.47795774029191,35,LUAD,0.0,0.234822403841591,0.208952674456021,0.518211604635652
GSE10072,LUAD,GSM254682,0.587331594679746,0.0405501431406925,0.0904645506860744,0.281653711493487,36,LUAD,0.0634136544271818,0.136618947101732,0.0409254755826274,0.473653428146532
GSE10072,LUAD,GSM254683,0.299998673161974,0.0081444539536979,0.320792080967165,0.371064791917163,37,LUAD,0.0116142288716326,0.145254521727969,0.184007416822265,0.545090774263632
GSE10072,LUAD,GSM254684,0.613632815248505,0.0237680892390693,0.11440666458431,0.248192430928116,38,LUAD,5.71618458078704e-19,0.0,0.0353101507573428,0.451458388620629
GSE10072,LUAD,GSM254685,0.0357054921806714,0.0072359082561803,0.342982722101782,0.614075877461366,39,LUAD,0.0,0.031064832746366,0.171093832898899,0.540238512792675
GSE10072,LUAD,GSM254689,0.221989599092406,0.0096672126775266,0.40902516511678,0.359318023113287,40,LUAD,9.24802917368665e-19,0.237679955247639,0.182435035307041,0.492154161598847
GSE10072,LUAD,GSM254690,0.575378066700503,0.0143010215664372,0.0795638645129388,0.330757047220122,41,LUAD,0.140404635605716,0.0,0.0,0.390952439692958
GSE10072,LUAD,GSM254691,0.0762414713003502,0.0078857428301816,0.367099292068872,0.548773493800596,42,LUAD,0.0024274208456291,0.0567463094528257,0.155658293207221,0.651503289939077
GSE10072,LUAD,GSM254692,0.710312596102146,0.0229505104584423,0.0738436371352511,0.192893256304161,43,LUAD,0.0595952448389332,0.201051614166107,0.0207495433574987,0.0345912550319205
GSE10072,LUAD,GSM254693,0.0850234130723754,0.0083359575390936,0.491759545005761,0.41488108438277,44,LUAD,2.90238745573169e-19,0.197265376568256,0.20368814468542,0.578510777500529
GSE10072,LUAD,GSM254694,0.616811237027668,0.0168522808736684,0.163289120073679,0.203047362024985,45,LUAD,0.127185230700008,0.0456650013605796,0.0842503055068023,0.319990780243407
GSE10072,LUAD,GSM254701,0.720862946263467,0.0122652162414576,0.112812154641366,0.15405968285371,46,LUAD,0.179599514344602,0.0595921820884078,0.0,0.190944358549065
GSE10072,LUAD,GSM254702,7.75709853597548e-09,0.0064384507309326,0.511268088549563,0.482293452962406,47,LUAD,0.030684849774436,0.196875276507027,0.261680591322748,0.494034492002387
GSE10072,LUAD,GSM254703,0.380975451287912,0.0178974959550453,0.317043943901302,0.28408310885574,48,LUAD,0.0560693594440782,0.138829343749456,0.174640387818262,0.378179164442752
GSE10072,LUAD,GSM254704,0.739061902897719,0.0102824935779957,0.0774375333754297,0.173218070148856,49,LUAD,0.118092622685955,0.0,4.82506392381825e-18,0.269468960337322
GSE10072,LUAD,GSM254705,0.555119018254494,0.0176516489577626,0.129449991432272,0.297779341355472,50,LUAD,0.0749932155668726,7.53705367169951e-18,0.0768629827955266,0.438451837897268
GSE10072,LUAD,GSM254706,0.181396032247783,0.0106829209091249,0.404439536646287,0.403481510196805,51,LUAD,0.0,0.10164785083341,0.182436857782197,0.586065381649385
GSE10072,LUAD,GSM254707,0.621964732223132,0.0350907765277604,0.0855065541019859,0.257437937147122,52,LUAD,0.110246928259567,0.238312792191814,0.0840425017319881,0.344934595294874
GSE10072,LUAD,GSM254708,0.200156837662985,0.0112529220692819,0.44699072175049,0.341599518517244,53,LUAD,0.0117736709204562,0.0804017986565832,0.156380453060851,0.607447863580987
GSE10072,LUAD,GSM254709,0.638168923071749,0.0276672016507981,0.130506040742856,0.203657834534597,54,LUAD,0.125197028018681,0.0821813872429815,0.0311418682934657,0.069030388532622
GSE10072,LUAD,GSM254710,0.292290037920604,0.0218466594836368,0.344781240420439,0.34108206217532,55,LUAD,0.0290153421841999,0.1314424845724,0.234879161267675,0.464961646187603
GSE10072,LUAD,GSM254714,0.615744422223929,0.0188310161988097,0.135167761096925,0.230256800480336,56,LUAD,0.1658772714572,0.0672514036643033,0.0858017040478314,0.227209762914218
GSE10072,LUAD,GSM254715,5.34000227801293e-08,0.0063162413815953,0.426777886449838,0.566905818768544,57,LUAD,1.09920876223511e-18,0.0658828366752597,0.228944127365798,0.511288235011437
GSE10072,LUAD,GSM254716,0.457134587847939,0.0337038278135098,0.207631189057004,0.301530395281546,58,LUAD,0.100883805720332,0.195971213948793,0.182576639363508,0.434893841290695
GSE10072,LUAD,GSM254717,1.86516475576365e-07,0.0147486002310752,0.777797536348765,0.207453676903684,59,LUAD,2.0569717548356802e-19,0.181614069380995,0.247624439558227,0.495926669342459
GSE10072,LUAD,GSM254718,0.677364374558762,0.0331737765361376,0.0969727355369256,0.192489113368175,60,LUAD,0.0597816277780523,0.121991398849826,0.0120831729410871,0.36395676329576
GSE10072,LUAD,GSM254719,0.0129049818808042,0.0074506610567504,0.50369103597845,0.475953321083996,61,LUAD,0.0388280704993091,0.171760717629808,0.252829940991078,0.420031236067297
GSE10072,LUAD,GSM254726,0.395317507354499,0.0247485360502014,0.211603260627316,0.368330695967983,62,LUAD,0.0729780683120536,0.180923476425339,0.0859537763744725,0.445853954717965
GSE10072,LUAD,GSM254727,0.0868082088954689,0.0129869220565545,0.563442686357076,0.336762182690901,63,LUAD,0.0286940495754338,0.20822152258161,0.26490191459131,0.398805840861086
GSE10072,LUAD,GSM254729,0.461384611805426,0.0185432216116813,0.157114315235511,0.362957851347382,64,LUAD,0.0529380250692869,0.0361039684023323,0.0938146533042906,0.513388665257032
GSE10072,LUAD,GSM254730,7.62593535361307e-08,0.0079119966502159,0.461068706156445,0.531019220933985,65,LUAD,6.694203383845391e-19,0.169448312376869,0.242660950165797,0.586569035441324
GSE44076,CRC,GSM1077648,0.916247477175768,0.019248339335029,0.0243354486319622,0.0401687348572404,0,CRC,0.455902343726932,1.5773785931391399e-18,0.0746755091506754,0.521729044370747
GSE44076,CRC,GSM1077649,0.941412246719252,0.0092629883311806,0.0199275353818623,0.0293972295677046,1,CRC,0.464867301900856,0.0225219937320471,0.0920006880721164,0.362134041356846
GSE44076,CRC,GSM1077650,0.900603899180245,0.0175636607829494,0.0408458322054975,0.040986607831308,2,CRC,0.438946800094747,0.0,0.121388756161186,0.486466837869498
GSE44076,CRC,GSM1077651,0.934264808252738,0.01230374120607,0.0210063909099918,0.0324250596312006,3,CRC,0.446908420841863,0.0304572869954804,0.0974125947595465,0.407150876565749
GSE44076,CRC,GSM1077652,0.934972886768212,0.0060032585990613,0.0200230933797887,0.039000761252938,4,CRC,0.468696508953536,0.0,0.0195914462969663,0.553037267218152
GSE44076,CRC,GSM1077653,0.888757775779187,0.0255436935898519,0.0352554960622157,0.0504430345687456,5,CRC,0.422581901686308,0.0307734061893738,0.120197646392631,0.547592209626471
GSE44076,CRC,GSM1077654,0.899895361635655,0.0373444314085544,0.0296475091263182,0.033112697829472,6,CRC,0.410216173767334,0.261342907456337,0.10189381267088,0.491611446458419
GSE44076,CRC,GSM1077655,0.940345648405272,0.0082691458512035,0.0206978702916509,0.0306873354518731,7,CRC,0.475182315465493,1.4293169613671e-18,0.0761142553531593,0.293652648412766
GSE44076,CRC,GSM1077656,0.936881934580179,0.0133601812195334,0.0194024995320549,0.0303553846682324,8,CRC,0.435723220169849,0.01134104658471,0.0759113042364059,0.362940441595394
GSE44076,CRC,GSM1077657,0.934906525688193,0.0083740829831373,0.0217747933628494,0.0349445979658201,9,CRC,0.476274520654601,0.0,0.0753447709263915,0.43622901956619
GSE44076,CRC,GSM1077658,0.935228824457732,0.0092555396615776,0.0270931553724787,0.0284224805082118,10,CRC,0.470071516858785,0.0748099122716802,0.158956376404907,0.35799378575455
GSE44076,CRC,GSM1077659,0.886561704942446,0.006672889019488,0.0256578872334282,0.0811075188046374,11,CRC,0.4450806379024,2.2761634630551397e-18,0.0082911490537238,0.657581152596335
GSE44076,CRC,GSM1077660,0.913140805059522,0.0119693292694729,0.0243216759301007,0.0505681897409039,12,CRC,0.447127313515627,0.0,0.0785006729579434,0.621800691222142
GSE44076,CRC,GSM1077661,0.937845428852998,0.009820586109792,0.0146458041450058,0.0376881808922043,13,CRC,0.481405002112198,0.0,0.0560663783714813,0.381954698765912
GSE44076,CRC,GSM1077662,0.913237302902668,0.0106095847516248,0.0189325486067011,0.0572205637390058,14,CRC,0.436751716855889,6.590033918002001e-19,0.0330744209063587,0.701584941219021
GSE44076,CRC,GSM1077663,0.925229433734982,0.0156853082880655,0.0236133380725437,0.0354719199044092,15,CRC,0.436940409042948,0.0638963056958236,0.0893922114276113,0.509581089121886
GSE44076,CRC,GSM1077664,0.937218512745023,0.0143283909467346,0.0170908572334842,0.031362239074758,16,CRC,0.468829437770435,0.0238213028888678,0.0686826610405854,0.437297292509042
GSE44076,CRC,GSM1077665,0.890711078838658,0.0340835284115809,0.0360038293493509,0.0392015634004101,17,CRC,0.378586162814234,0.190255473769522,0.118738935372025,0.545349419214955
GSE44076,CRC,GSM1077666,0.909664948665901,0.0177942928620102,0.0258095674827373,0.0467311909893514,18,CRC,0.446040207216192,0.0375476557123145,0.0821093255631883,0.587887659069485
GSE44076,CRC,GSM1077667,0.932768964534913,0.0114068495758844,0.0214299547193686,0.0343942311698343,19,CRC,0.440743899018516,0.00762461213871,0.0571392516961899,0.47471016358948
GSE44076,CRC,GSM1077668,0.922773320144824,0.013339326451814,0.0234178913122725,0.0404694620910894,20,CRC,0.462285389133494,0.0041563883387812,0.0673036760589387,0.483821323279388
GSE44076,CRC,GSM1077669,0.913165509482539,0.0186441622809824,0.0339509917742361,0.0342393364622421,21,CRC,0.430781270420781,0.241889979426879,0.104006161729323,0.356958426787426
GSE44076,CRC,GSM1077670,0.876128688654122,0.0536422028127982,0.0469862575822898,0.0232428509507899,22,CRC,0.268194672490066,0.463439321572309,0.180632561305908,0.36968538350744
GSE44076,CRC,GSM1077671,0.931288069672818,0.0128121410969417,0.026291881872595,0.0296079073576449,23,CRC,0.465297516637549,0.0,0.112838264461108,0.419446928770209
GSE44076,CRC,GSM1077672,0.924900022063512,0.0136140373996607,0.0240236986002775,0.0374622419365496,24,CRC,0.467532032357247,0.0,0.0669288825472144,0.513704103801792
GSE44076,CRC,GSM1077673,0.925380648997121,0.017169379695837,0.0240334969205304,0.0334164743865117,25,CRC,0.4420829257899,0.0975421085833861,0.0874790347233416,0.402839953664283
GSE44076,CRC,GSM1077674,0.895035020602729,0.0178597016932318,0.0360051809065104,0.0511000967975293,26,CRC,0.41666321524697,0.00469595025156,0.0729682959753724,0.803873230449603
GSE44076,CRC,GSM1077675,0.919921293740907,0.0178457548064827,0.0270854432038698,0.0351475082487405,27,CRC,0.436428070690164,0.0342548525754268,0.1011017739712,0.54483800143863
GSE44076,CRC,GSM1077676,0.941531615886757,0.0084421593369861,0.0217136284141431,0.0283125963621141,28,CRC,0.481820126460392,0.0004503860715279,0.103797992818658,0.354998770442202
GSE44076,CRC,GSM1077677,0.928741205036782,0.0168627596696386,0.0223056384716123,0.0320903968219675,29,CRC,0.454635883968566,0.0421368079452163,0.0877335506505162,0.459842070132366
GSE44076,CRC,GSM1077678,0.902843009210395,0.0212370013857077,0.0243494781811126,0.0515705112227844,30,CRC,0.371727721705933,0.272798005321592,0.0826957550634702,0.700359889478047
GSE44076,CRC,GSM1077679,0.922287849838,0.0100838257129843,0.0259163638619242,0.041711960587092,31,CRC,0.466561215300222,0.0,0.0761082714452116,0.53999359196787
GSE44076,CRC,GSM1077680,0.876897363306345,0.0173509531431075,0.0202619027942699,0.0854897807562774,32,CRC,0.409453675306571,1.314945518978e-18,0.0258188738507433,0.787695495699043
GSE44076,CRC,GSM1077681,0.930308411957062,0.0118004013485765,0.0241119501765129,0.0337792365178481,33,CRC,0.466274621822387,0.0,0.0815651634717735,0.330332112926272
GSE44076,CRC,GSM1077682,0.915850394116864,0.0108768741856942,0.0429883078850828,0.0302844238123594,34,CRC,0.471321925981978,0.0376837403833074,0.163304362692816,0.251397407644973
GSE44076,CRC,GSM1077683,0.921586756701128,0.0094871810449154,0.024741196554254,0.0441848656997023,35,CRC,0.454794787948464,2.6145805153125003e-18,0.082810636556364,0.572765524752548
GSE44076,CRC,GSM1077684,0.936718904230805,0.0107792124005855,0.0210441022528927,0.0314577811157169,36,CRC,0.459714769143263,6.12492205257618e-19,0.0329913133020247,0.394317813200603
GSE44076,CRC,GSM1077685,0.925192834954087,0.0196036668438866,0.0267001821854451,0.0285033160165818,37,CRC,0.425065792871605,0.307074330496444,0.0998168794001833,0.326120594627242
GSE44076,CRC,GSM1077686,0.929467999832127,0.0121138312849608,0.0190592289947637,0.0393589398881482,38,CRC,0.470862964862782,0.0486295879863829,0.0768024725216121,0.44116454601309
GSE44076,CRC,GSM1077687,0.897427972489812,0.017779845908368,0.044321038727746,0.0404711428740742,39,CRC,0.410294640361694,0.168436213336618,0.125009076633921,0.524807459660939
GSE44076,CRC,GSM1077688,0.919473468048058,0.0181991947760329,0.030870672270355,0.0314566649055536,40,CRC,0.441094923061911,0.149243805868658,0.109517516377039,0.314337841542836
GSE44076,CRC,GSM1077689,0.916127352474031,0.0146807311708958,0.0271784539417731,0.0420134624133,41,CRC,0.460517169936133,0.0,0.0747817027417422,0.535181238382009
GSE44076,CRC,GSM1077690,0.927758241278912,0.0119293494321196,0.0192334793746852,0.0410789299142831,42,CRC,0.474532700119761,1.38410356762161e-18,0.0424031443373518,0.471797285858436
GSE44076,CRC,GSM1077691,0.925146087734793,0.0152623564560282,0.0286969101280591,0.0308946456811195,43,CRC,0.464296524739573,0.0193812285449112,0.0934974937020732,0.351453864933833
GSE44076,CRC,GSM1077692,0.914251614882458,0.0189160443311198,0.0338024102208407,0.033029930565581,44,CRC,0.426629317414096,0.26315956069246,0.133569827034673,0.445194952597247
GSE44076,CRC,GSM1077693,0.924999640807428,0.015115023294943,0.0272148487503509,0.0326704871472785,45,CRC,0.439234219631298,0.116921357204541,0.0988531301897829,0.480013433883147
GSE44076,CRC,GSM1077694,0.859963113757633,0.0471233880842704,0.0651517846607079,0.0277617134973886,46,CRC,0.306424626383978,0.409194119192445,0.179472482086632,0.389668815221194
GSE44076,CRC,GSM1077695,0.934879021109053,0.013719353187429,0.0215172825157565,0.0298843431877615,47,CRC,0.466626393816109,4.1054804374657e-18,0.0662799079573924,0.500735392159811
GSE44076,CRC,GSM1077696,0.917413374985803,0.0151698590259989,0.021389952132644,0.0460268138555543,48,CRC,0.458178475254924,0.0289867523702936,0.0900807564521804,0.519277225225068
GSE44076,CRC,GSM1077697,0.916996414210992,0.0210334637121531,0.0273163576799033,0.034653764396952,49,CRC,0.441707998130501,0.213416963167794,0.118308294330765,0.438305234932756
GSE44076,CRC,GSM1077698,0.909798575345986,0.0200814842549798,0.0359194316996673,0.0342005086993671,50,CRC,0.438434138685859,0.18956433519654,0.132430619220671,0.365694215981881
GSE44076,CRC,GSM1077699,0.922624113889882,0.0137750324623764,0.019350293806096,0.0442505598416452,51,CRC,0.451746955230167,0.0,0.0671237206323197,0.605833567015734
GSE44076,CRC,GSM1077700,0.910178810059924,0.0151803271979887,0.0207086670112933,0.0539321957307939,52,CRC,0.44160078895725,0.0336424388021182,0.0574243638788729,0.582723050477448
GSE44076,CRC,GSM1077701,0.888364664452767,0.0139095891964871,0.0239361822987678,0.0737895640519779,53,CRC,0.411225727717429,0.0,0.0045119377379264,0.733823029588198
GSE44076,CRC,GSM1077702,0.911662674310556,0.0229731301363698,0.0332626912540873,0.0321015042989866,54,CRC,0.436189179448792,0.221121300214627,0.108366307310403,0.411082501140014
GSE44076,CRC,GSM1077703,0.92790295662181,0.0164829430784119,0.0295651451500416,0.0260489551497363,55,CRC,0.451373724278763,0.0588524299743805,0.113700055454433,0.298405610970978
GSE44076,CRC,GSM1077704,0.92635989785975,0.0177414170822254,0.025061904635581,0.030836780422444,56,CRC,0.444284795548006,0.190657572384676,0.0968694315783297,0.447179390737078
GSE44076,CRC,GSM1077705,0.922925835352057,0.0196209464324172,0.0257723407438851,0.0316808774716408,57,CRC,0.417158959136275,0.155355562902278,0.10547417284065,0.304517341909688
GSE44076,CRC,GSM1077706,0.90024509457611,0.030370079319341,0.0315830482715217,0.0378017778330277,58,CRC,0.359859124761476,0.373121456372008,0.138050328809085,0.475250895592777
GSE44076,CRC,GSM1077707,0.927209059555703,0.0130606556313248,0.0219536796158501,0.0377766051971215,59,CRC,0.470801378846334,0.0220760682430712,0.0839933352361061,0.468191266886812
GSE44076,CRC,GSM1077708,0.869842726137678,0.0484972389041436,0.0528890341882369,0.0287710007699413,60,CRC,1.69072581660754e-18,0.594347505906765,0.188810645874514,0.221203873057054
GSE44076,CRC,GSM1077709,0.933606407541856,0.01230025424247,0.018470717421604,0.0356226207940704,61,CRC,0.458803865532346,0.0,0.0515284051152016,0.547989730389394
GSE44076,CRC,GSM1077710,0.905604044278594,0.0163557868160945,0.0349125854904989,0.0431275834148122,62,CRC,0.431760323365473,0.156617102765233,0.116865656199753,0.51799548798167
GSE44076,CRC,GSM1077711,0.940846184003061,0.008723180825955,0.0162053016937169,0.0342253334772668,63,CRC,0.505775180396921,0.0,0.0528169507237172,0.416634183867353
GSE44076,CRC,GSM1077712,0.884165340489629,0.0458895168300751,0.0466580828405377,0.0232870598397582,64,CRC,0.239141631633349,0.462358899192564,0.158743288005148,0.436364249830895
GSE44076,CRC,GSM1077713,0.90870957056473,0.0223276994376201,0.0287736095982905,0.0401891203993596,65,CRC,0.434405157673146,0.167833068725315,0.0887931475372878,0.533940622434633
GSE44076,CRC,GSM1077714,0.882510477234673,0.0174738953965644,0.0248186757734841,0.0751969515952786,66,CRC,0.429876273465226,0.0,0.0434668425123728,0.776629441386499
GSE44076,CRC,GSM1077715,0.914823888264145,0.0179571333321892,0.0278604311551881,0.0393585472484778,67,CRC,0.453133458652915,7.370747792110661e-19,0.0900287155931144,0.447995549096243
GSE44076,CRC,GSM1077716,0.924874010947606,0.0070017263262931,0.02009011901779,0.0480341437083113,68,CRC,0.46009017179134,2.76179688434418e-18,0.0392998016616241,0.608964866840208
GSE44076,CRC,GSM1077717,0.870721619028582,0.0408148618645628,0.0385449954735954,0.0499185236332597,69,CRC,0.394280085634564,0.0564715511717459,0.140079497627284,0.577153115646889
GSE44076,CRC,GSM1077718,0.938270851816431,0.0060987602330949,0.0284526595242069,0.0271777284262674,70,CRC,0.460737630163058,2.94035443379817e-18,0.110241277228089,0.265354626463541
GSE44076,CRC,GSM1077719,0.938451104656383,0.0108495356423687,0.0203803842338824,0.0303189754673655,71,CRC,0.47029641949727,0.099495932924197,0.0561988694438675,0.3814684505823
GSE44076,CRC,GSM1077720,0.928139406634285,0.0127408544614132,0.0271468331292188,0.0319729057750826,72,CRC,0.459175700072081,0.0270070080018185,0.103782419775039,0.308677366353309
GSE44076,CRC,GSM1077721,0.921787502431952,0.0160918553210588,0.024977951274527,0.0371426909724622,73,CRC,0.444835095642228,0.0461808275358871,0.104117500566955,0.520492457979149
GSE44076,CRC,GSM1077722,0.904378456008165,0.0113976885042742,0.0247543253200906,0.0594695301674697,74,CRC,0.420031680226793,1.5194534446133598e-18,0.006782342550854,0.683557056479096
GSE44076,CRC,GSM1077723,0.896110749621746,0.042629249430485,0.032373119176731,0.028886881771038,75,CRC,0.376039502092573,0.427317254330118,0.112467939386442,0.403167400658378
GSE44076,CRC,GSM1077724,0.914350844777504,0.0160240744310576,0.0362754844176787,0.0333495963737602,76,CRC,0.421795030247547,0.0658372279490736,0.149242183652501,0.476475269779296
GSE44076,CRC,GSM1077725,0.863258074447705,0.009468017328833,0.0192583796325857,0.108015528590877,77,CRC,0.386634361495779,1.5185658259175699e-18,0.0003645722206877,0.845683672529602
GSE44076,CRC,GSM1077726,0.874183753110833,0.0349616753883498,0.0435112034010349,0.0473433680997823,78,CRC,0.358595339874713,0.264367713468435,0.120084416002944,0.54431583010159
GSE44076,CRC,GSM1077727,0.919017944905025,0.0144216643271028,0.0217020287821609,0.0448583619857113,79,CRC,0.461270676508193,0.0,0.0789317124884975,0.457093760871676
GSE44076,CRC,GSM1077728,0.930810350790559,0.0131628676345266,0.0262860467563979,0.0297407348185166,80,CRC,0.440833230413491,0.0452287576173416,0.095223353066565,0.410832298651608
GSE44076,CRC,GSM1077729,0.924753322195868,0.0145280681686535,0.0293613166945483,0.0313572929409304,81,CRC,0.433205966345124,0.0692901219314984,0.111488132592436,0.460938712599133
GSE44076,CRC,GSM1077730,0.890946439082632,0.0190390268649063,0.0304294559275704,0.0595850781248916,82,CRC,0.43032022229601,0.0218963365772451,0.0858688793894153,0.625723785700638
GSE44076,CRC,GSM1077731,0.90441145272071,0.0190216338747831,0.0378519974390295,0.0387149159654772,83,CRC,0.414981475936146,0.0765538242241114,0.117530020793066,0.490259830881155
GSE44076,CRC,GSM1077732,0.92330203085133,0.0135560713175167,0.0259195535320783,0.0372223442990747,84,CRC,0.424758685225351,0.0113342314799207,0.108098090364061,0.475604463582544
GSE44076,CRC,GSM1077733,0.937183580162217,0.0101625745810755,0.0211441075886869,0.0315097376680207,85,CRC,0.463873230248154,0.0251829760228773,0.0727053250348958,0.322638097695058
GSE44076,CRC,GSM1077734,0.92922751404858,0.011194339819816,0.0232407838167665,0.0363373623148378,86,CRC,0.453278712715063,0.0229426195029304,0.0892481872512728,0.471061383923702
GSE44076,CRC,GSM1077735,0.918664623626434,0.0129968762778125,0.0251000811053434,0.04323841899041,87,CRC,0.43131639980103,0.0102708678052514,0.0777221220555104,0.63314216236936
GSE44076,CRC,GSM1077736,0.948191484877187,0.0078991265767769,0.0164927597934549,0.0274166287525813,88,CRC,0.472922355827124,0.0,0.0758996459274693,0.368256964957708
GSE44076,CRC,GSM1077737,0.903053832816663,0.0250794940444418,0.0408928533060399,0.0309738198328558,89,CRC,0.374293056439855,0.340129129756881,0.146585128165881,0.332234122246467
GSE44076,CRC,GSM1077738,0.914399221769683,0.0137022272813517,0.0219767630453809,0.0499217879035849,90,CRC,0.447863883784411,0.0,0.0697747996323055,0.653366137926282
GSE44076,CRC,GSM1077739,0.940161917446016,0.0146299350588017,0.0180607936711201,0.027147353824062,91,CRC,0.466737318271663,0.0525854101427833,0.0579114264446869,0.297332732389636
GSE44076,CRC,GSM1077740,0.939192112107699,0.0068125817037483,0.0163146286369953,0.0376806775515573,92,CRC,0.469915268627333,0.0,0.0354175153297849,0.443508235873292
GSE44076,CRC,GSM1077741,0.94950174956858,0.0029529840100291,0.0179491115637948,0.0295961548575964,93,CRC,0.469233546993398,2.8335496013669497e-18,0.0,0.457316696195825
GSE44076,CRC,GSM1077742,0.893670299207662,0.0226130874696438,0.0385885936520148,0.0451280196706792,94,CRC,0.421291890041306,0.239786624085824,0.112347449289757,0.54348025759137
GSE44076,CRC,GSM1077743,0.908580884042601,0.0201169070003717,0.0365860571481289,0.0347161518088987,95,CRC,0.399133555305663,0.0978917342764756,0.0917363174912876,0.585253503496979
GSE44076,CRC,GSM1077744,0.914450440981798,0.0204927472364654,0.0206790548818826,0.0443777568998541,96,CRC,0.454227348188144,0.106494188304291,0.0738412277200104,0.512614240713725
GSE44076,CRC,GSM1077745,0.916760016512167,0.0170606682775257,0.0356024191430593,0.0305768960672474,97,CRC,0.439797500914002,0.186577037149826,0.144650981421158,0.297014501167368
GSE44076,CRC,GSM1077746,0.854983235773051,0.0968717031412552,0.0148289348316563,0.0333161262540375,98,CRC,0.391990120975794,0.174433826569391,0.0274017613997593,0.701266367983498
GSE44076,CRC,GSM1077747,0.953954996877988,0.0107598911899852,0.0102876736666548,0.0249974382653721,99,CRC,0.494889219204295,0.0353915577670911,0.0470178482292223,0.124126454028274
GSE44076,CRC,GSM1077748,0.946981793844325,0.0180403350459998,0.009843827108263,0.0251340440014116,100,CRC,0.449874371918908,0.0,0.0261596251232049,0.284924252059265
GSE44076,CRC,GSM1077749,0.956840337383359,0.0103531926483376,0.0115955710765525,0.0212108988917503,101,CRC,0.475963745796162,0.0466620884194861,0.0546075839515592,0.107744250912774
GSE44076,CRC,GSM1077750,0.950110462096885,0.0109148107904037,0.0122220419540371,0.0267526851586743,102,CRC,0.507008138821073,0.0811467454364366,0.0951507195268289,0.186666298669141
GSE44076,CRC,GSM1077751,0.908032977647201,0.0442877782669067,0.0136255776476921,0.0340536664381998,103,CRC,0.438023909545492,0.011296734497093,0.0356475254207924,0.563155422930301
GSE44076,CRC,GSM1077752,0.950344284130018,0.0137187208916405,0.0137690071654365,0.022167987812905,104,CRC,0.50075637758618,0.0537741876164908,0.0778649625992614,0.234429388426009
GSE44076,CRC,GSM1077753,0.931249785223677,0.0364745457102387,0.0115592592200305,0.0207164098460536,105,CRC,0.515239939927699,0.0,0.0704611016332349,0.258436621615187
GSE44076,CRC,GSM1077754,0.922523826586255,0.0379163241286302,0.020773209535184,0.018786639749931,106,CRC,0.446512241504575,0.0459840930379747,0.106956315043491,0.169019676132689
GSE44076,CRC,GSM1077755,0.912339941677814,0.0401835862079185,0.0223886698838762,0.0250878022303918,107,CRC,0.421336725009633,0.01492343761231,0.143867888184783,0.293653606146856
GSE44076,CRC,GSM1077756,0.924468256267416,0.0415627266425676,0.0147864837781442,0.0191825333118718,108,CRC,0.468721585899493,0.148647330400866,0.106398697351791,0.274577902222469
GSE44076,CRC,GSM1077757,0.967595337332932,0.0020271922028424,0.0075439230409285,0.0228335474232973,109,CRC,0.522023894666016,0.0016329002759538,5.83947701204807e-18,0.122486897897433
GSE44076,CRC,GSM1077758,0.926122546715946,0.0382739899367687,0.0133173556057433,0.0222861077415419,110,CRC,0.469415266589138,0.100709605101984,0.0681082144920595,0.231680050558367
GSE44076,CRC,GSM1077759,0.901037870118943,0.059331741555136,0.0184302749250474,0.0212001134008734,111,CRC,0.437111665498956,0.144641916530779,0.103574740194736,0.32931819246985
GSE44076,CRC,GSM1077760,0.949148042788061,0.0167901237551397,0.0090627136239631,0.0249991198328365,112,CRC,0.474322615849166,0.104024831323441,0.0630615555273783,0.238258709144053
GSE44076,CRC,GSM1077761,0.942542325684987,0.0231820423511387,0.0088347234840468,0.0254409084798278,113,CRC,0.46459879980008,0.0996836401928531,0.0653612049060802,0.211798218134181
GSE44076,CRC,GSM1077762,0.916542084834527,0.0492762154976777,0.0135349206573444,0.0206467790104512,114,CRC,0.472446203612934,0.0360701395088627,0.0651588740745177,0.211393259488888
GSE44076,CRC,GSM1077763,0.89903080868777,0.0657841379959346,0.0139034118463591,0.0212816414699366,115,CRC,0.424717133642205,0.0659138527483621,0.0922438761296054,0.452591959735865
GSE44076,CRC,GSM1077764,0.902276178350717,0.0384408017016978,0.0213200221496016,0.0379629977979833,116,CRC,0.468167345867028,0.0,0.0715142208673491,0.516771541020239
GSE44076,CRC,GSM1077765,0.956808418188441,0.0074579195647196,0.0105857440227929,0.0251479182240464,117,CRC,0.445512152341048,0.0392373623694414,0.0738241119296382,0.284260658035408
GSE44076,CRC,GSM1077766,0.944929498683004,0.0141323296042844,0.0153999083123146,0.0255382634003967,118,CRC,0.487602082935277,0.0,0.118603478025588,0.258698056343114
GSE44076,CRC,GSM1077767,0.952588641380287,0.011052472303837,0.0110933992506935,0.025265487065182,119,CRC,0.483844535729176,6.03287779944586e-20,0.0628687738309239,0.203286268319912
GSE44076,CRC,GSM1077768,0.934839440029216,0.0364782657703256,0.0116080210465355,0.0170742731539229,120,CRC,0.448698216954646,0.0534229803446289,0.070082620115292,0.17165686869568
GSE44076,CRC,GSM1077769,0.926503392930957,0.0278273498567638,0.0115461191110906,0.0341231381011883,121,CRC,0.432274889950808,0.012537461174237,0.106058632249885,0.420247721380303
GSE44076,CRC,GSM1077770,0.914481328961707,0.0512577677640651,0.0110899048295599,0.0231709984446686,122,CRC,0.445419672908523,0.0737834096845617,0.0459603386150454,0.225700207335164
GSE44076,CRC,GSM1077771,0.902599181860838,0.0509522288392991,0.0189301937084541,0.0275183955914087,123,CRC,0.445960881511565,0.0679315617968446,0.109635007716916,0.498385831693175
GSE44076,CRC,GSM1077772,0.954324851583819,0.0106223379480326,0.0108690220293786,0.0241837884387694,124,CRC,0.458613281219914,0.04608726152779,0.0917205234171548,0.16420300052861
GSE44076,CRC,GSM1077773,0.937632784189989,0.0235001365751958,0.0140674804436521,0.0247995987911632,125,CRC,0.465551462925529,0.0665484139634125,0.119221495824055,0.30929764735091
GSE44076,CRC,GSM1077774,0.944077646135182,0.0214461304156391,0.0109483434019266,0.0235278800472522,126,CRC,0.46445988760613,8.46878800664006e-18,0.0638069160427455,0.314894804121368
GSE44076,CRC,GSM1077775,0.958770699397593,0.0056839056887204,0.0123129655257361,0.0232324293879507,127,CRC,0.504148880283223,0.0391265826912324,0.0563927686425964,0.168025176023457
GSE44076,CRC,GSM1077776,0.944382490131428,0.0198629579916324,0.012712154989031,0.023042396887908,128,CRC,0.46492130265289,0.0651925214787936,0.109656994704644,0.297225283075659
GSE44076,CRC,GSM1077777,0.888884265211435,0.0608626369921078,0.0238871229902721,0.0263659748061847,129,CRC,0.370037485656765,0.206414640878351,0.113136435665237,0.387392697118496
GSE44076,CRC,GSM1077778,0.924506607731472,0.0405284823353281,0.0156597382553463,0.0193051716778538,130,CRC,0.461643526387934,0.0501221215616454,0.12318884207706,0.106828528690014
GSE44076,CRC,GSM1077779,0.956369299891097,0.0055626195976103,0.0083966432442698,0.0296714372670232,131,CRC,0.477334516548227,0.0,0.0061326956703642,0.204911180150349
GSE44076,CRC,GSM1077780,0.930053652133191,0.0382683143980621,0.0120874094062773,0.0195906240624695,132,CRC,0.453450800389309,0.092099914347564,0.0786559945406405,0.218252967340877
GSE44076,CRC,GSM1077781,0.93446263878789,0.0208217015091833,0.0163151679401875,0.0284004917627395,133,CRC,0.440547164567511,0.0118730102318051,0.130972250822288,0.330891479390033
GSE44076,CRC,GSM1077782,0.881974575351035,0.083974925051536,0.0183785640548221,0.0156719355426065,134,CRC,0.390268208731751,0.0985479506758329,0.132403409672085,0.272386165929966
GSE44076,CRC,GSM1077783,0.94363041789039,0.0213182142485557,0.0099223636483951,0.0251290042126587,135,CRC,0.4529511894103,0.0156613490218142,0.0069856030077019,0.424016785475408
GSE44076,CRC,GSM1077784,0.955168647211917,0.0107221269801213,0.010131559496836,0.0239776663111261,136,CRC,0.44367866499596,0.0426023501458565,0.109416660150416,0.197978421164605
GSE44076,CRC,GSM1077785,0.95804839097061,0.0066191590636007,0.0100568216191061,0.025275628346683,137,CRC,0.46618436533642,1.28891631102209e-17,0.0660582157513834,0.138916363657944
GSE44076,CRC,GSM1077786,0.933150461399755,0.029117943138138,0.011687536891739,0.0260440585703676,138,CRC,0.454765940748522,0.0645149144668006,0.138933059510931,0.143571376113035
GSE44076,CRC,GSM1077787,0.89338833492433,0.0421823244537569,0.0339511071668063,0.0304782334551067,139,CRC,0.432148729309581,0.008699724169183,0.1947505560904,0.456986976677097
GSE44076,CRC,GSM1077788,0.907642767681738,0.0542770333248358,0.0123149606058921,0.0257652383875341,140,CRC,0.448191563497211,0.0062987695991646,0.064689710977301,0.396087967365025
GSE44076,CRC,GSM1077789,0.787212521305775,0.14554884438913,0.024904054227278,0.0423345800778165,141,CRC,0.356319501447287,0.251881566423745,0.135577341780409,0.664498564818969
GSE44076,CRC,GSM1077790,0.870569874316073,0.0475094538346048,0.0224598961948185,0.0594607756545032,142,CRC,0.427083957949296,0.0,0.0588377693682118,0.713684621486711
GSE44076,CRC,GSM1077791,0.961129379823966,0.0058228777496949,0.0114710661606269,0.0215766762657124,143,CRC,0.450986041882071,0.0,0.0371681597241194,0.244299708159049
GSE44076,CRC,GSM1077792,0.935974639789417,0.0146760451442937,0.0153073682024403,0.034041946863849,144,CRC,0.46050072810308,2.4166678338072197e-18,0.0952991050325177,0.301001036201931
GSE44076,CRC,GSM1077793,0.949708616283216,0.0056454702583952,0.0116634565706633,0.0329824568877257,145,CRC,0.456904988813679,0.0,4.1124524711112e-19,0.173537906248814
GSE44076,CRC,GSM1077794,0.958315320485177,0.011180499908122,0.0096351662570321,0.0208690133496687,146,CRC,0.465096656471342,0.0285059999420194,0.0307539465505043,0.120157118023369
GSE44076,CRC,GSM1077795,0.916748095186136,0.0419782440799062,0.0196311362356036,0.0216425244983542,147,CRC,0.431222098331382,0.164222014803314,0.10079967322262,0.302433738678576
GSE44076,CRC,GSM1077796,0.896931152205489,0.045295342710179,0.0274462999181813,0.0303272051661509,148,CRC,0.413146759203368,0.0296550375442329,0.117260034957449,0.36431379060031
GSE44076,CRC,GSM1077797,0.925237743104265,0.0301752705978134,0.0151068968901342,0.0294800894077876,149,CRC,0.454203569022637,1.85868869526398e-18,0.116408180977548,0.183478847028733
GSE44076,CRC,GSM1077798,0.908026506131921,0.05657171874985,0.0155214852293101,0.0198802898889188,150,CRC,0.444620092378652,0.0676507171530796,0.145277639729894,0.236486076481272
GSE44076,CRC,GSM1077799,0.928433375049623,0.0403446069228476,0.0137922935379927,0.0174297244895372,151,CRC,0.469152405470419,0.0242347511211151,0.0913992067086737,0.192481861964042
GSE44076,CRC,GSM1077800,0.695925893642707,0.172942428871009,0.0498919752727093,0.0812397022135748,152,CRC,1.6715290756288898e-18,0.350034442204327,0.098098967614009,0.948362051218599
GSE44076,CRC,GSM1077801,0.927322919629165,0.0406356821587577,0.0107195384061292,0.0213218598059478,153,CRC,0.448527649375302,0.0308524594453302,0.0838694761885231,0.238410606235103
GSE44076,CRC,GSM1077802,0.960482986523743,0.0065242504104632,0.0108194509713741,0.0221733120944193,154,CRC,0.479337881381226,0.0113493948565351,0.0865822772127306,0.164662973000869
GSE44076,CRC,GSM1077803,0.941642285840487,0.0215374060472343,0.0132617713962401,0.0235585367160382,155,CRC,0.450100848906073,0.0966348343602117,0.0803241750203713,0.343871403332699
GSE44076,CRC,GSM1077804,0.875238081915873,0.0871231659788457,0.0231734475463511,0.0144653045589307,156,CRC,0.358500398301439,0.0876910318714895,0.177728744285949,0.216758139135258
GSE44076,CRC,GSM1077805,0.921276300195657,0.0444492667260953,0.0146042387017822,0.0196701943764654,157,CRC,0.459072708704246,0.0794004616118225,0.0755119678284574,0.240695342235781
GSE44076,CRC,GSM1077806,0.94796176020341,0.0128819285868769,0.0136992912913227,0.02545701991839,158,CRC,0.475573533794328,8.873603411231599e-19,0.110845620424973,0.217948326180289
GSE44076,CRC,GSM1077807,0.890576307456597,0.0597558555660527,0.0227411058647927,0.026926731112558,159,CRC,0.402865301138015,0.121413856975491,0.172023968178344,0.474204283113763
GSE44076,CRC,GSM1077808,0.870153291214304,0.0556460382876645,0.025447617409217,0.0487530530888148,160,CRC,0.384345837158145,0.0658300488398448,0.0942100834830772,0.647221348550776
GSE44076,CRC,GSM1077809,0.938093037824647,0.0102769687796847,0.0133543582978221,0.0382756350978465,161,CRC,0.511333813794849,0.0359577897101415,0.137359158200602,0.186137359295285
GSE44076,CRC,GSM1077810,0.932345297692508,0.0315300457920078,0.0150112560143431,0.0211134005011416,162,CRC,0.449475521545344,0.0466293228666669,0.0920158961138176,0.204703285999283
GSE44076,CRC,GSM1077811,0.921385925769038,0.0434233641199832,0.0130377079886243,0.0221530021223546,163,CRC,0.466199842490904,0.0400089060106599,0.0804265388199475,0.279860640353838
GSE44076,CRC,GSM1077812,0.935584367255633,0.0302254330196952,0.0128074643824019,0.0213827353422702,164,CRC,0.474652689584744,0.10200989036216,0.0783127370698736,0.16066457097079
GSE44076,CRC,GSM1077813,0.915843208536011,0.0437368461217437,0.0158129173199013,0.0246070280223444,165,CRC,0.432997155085444,0.0423130018703404,0.0844596785097912,0.411924835113606
GSE44076,CRC,GSM1077814,0.942387231205853,0.0028138124920405,0.0124664664737344,0.0423324898283721,166,CRC,0.523232663548494,0.0,0.0248601952582548,0.307762018852527
GSE44076,CRC,GSM1077815,0.943838923388148,0.0176617046288855,0.0126758353438232,0.025823536639143,167,CRC,0.479061956130097,3.44839123368235e-18,0.0183879885497473,0.128854242120787
GSE44076,CRC,GSM1077816,0.947204814447141,0.009463151806778,0.0147874360573445,0.0285445976887367,168,CRC,0.479656280222508,0.0153359048766997,0.0662059721139193,0.357631067114824
GSE44076,CRC,GSM1077817,0.917981751157512,0.0321004604878977,0.0238774701811616,0.0260403181734292,169,CRC,0.416162251487756,6.40002645084831e-20,0.140846246465291,0.500111926387109
GSE44076,CRC,GSM1077818,0.926347417306657,0.0301376088475883,0.0149908894951641,0.0285240843505904,170,CRC,0.463488089152535,0.0407856646473913,0.0973000506275326,0.354652714523465
GSE44076,CRC,GSM1077819,0.960085773281747,0.0060389454864898,0.010033282820948,0.0238419984108153,171,CRC,0.509235808177817,0.0,0.0031782916811715,0.112485790133369
GSE44076,CRC,GSM1077820,0.922820458111088,0.0439374726293727,0.0113315927235735,0.0219104765359659,172,CRC,0.424539414252468,0.106840168643684,0.0888108928673124,0.417267340125052
GSE44076,CRC,GSM1077821,0.87115039044075,0.0812628573866098,0.0219071349600998,0.0256796172125401,173,CRC,0.411154877286947,0.149183171298443,0.122408112673667,0.432508325600408
GSE44076,CRC,GSM1077822,0.939330690054925,0.0207957214635922,0.0143659817843037,0.0255076066971787,174,CRC,0.469194256095871,0.0716035998827694,0.136609027479058,0.234502225092343
GSE44076,CRC,GSM1077823,0.877989638563252,0.017484809604089,0.0168432335433624,0.0876823182892969,175,CRC,0.404336659308285,1.2767172995671299e-18,0.0797987523855946,0.610966459748091
GSE44076,CRC,GSM1077824,0.957901302068484,0.0085439758615814,0.0123331334551498,0.0212215886147849,176,CRC,0.466248917136939,0.0137155807482697,0.0909498386958669,0.195949449377821
GSE44076,CRC,GSM1077825,0.939790452001521,0.0215917056593063,0.0132225457301509,0.0253952966090218,177,CRC,0.497516529276776,0.0795071984279119,0.0258524165447802,0.216622454678318
GSE44076,CRC,GSM1077826,0.885369523354866,0.0764242993136715,0.0157780103586372,0.0224281669728251,178,CRC,0.393422142222327,0.131118392864537,0.0647014741466691,0.531984142261124
GSE44076,CRC,GSM1077827,0.942087760815035,0.0169863148871288,0.0131650155900229,0.0277609087078133,179,CRC,0.474494545382661,0.0246569635007827,0.090986769980145,0.244901344382763
GSE44076,CRC,GSM1077828,0.879877957457872,0.0809772196922555,0.0193227130240466,0.0198221098258257,180,CRC,0.457106858367527,0.235738261598154,0.112840136123745,0.334723633557171
GSE44076,CRC,GSM1077829,0.939885952495787,0.0271045825335907,0.0120622658437577,0.0209471991268646,181,CRC,0.471790376580296,0.034044637718368,0.0591589007926474,0.225531815554594
GSE44076,CRC,GSM1077830,0.933352172933067,0.0215852831987133,0.0122079215646616,0.0328546223035585,182,CRC,0.443674130308793,1.02833570992946e-17,0.0816130406406798,0.590497611344796
GSE44076,CRC,GSM1077831,0.902132915137072,0.0218106779486473,0.022001746138205,0.0540546607760761,183,CRC,0.449013276586391,0.0,0.156861345057262,0.449415113651783
GSE44076,CRC,GSM1077832,0.934343940099021,0.0317100927961776,0.0102951813831758,0.0236507857216259,184,CRC,0.485262264522588,0.0482561935447014,0.0706996709915357,0.269725433805437
GSE44076,CRC,GSM1077833,0.922402552931318,0.0203323924777815,0.0211998988988782,0.0360651556920221,185,CRC,0.446460394405477,0.0309614473695752,0.0675609341759637,0.582399357771296
GSE44076,CRC,GSM1077834,0.900699647390806,0.0612197588342793,0.019381980763913,0.0186986130110021,186,CRC,0.448749928587505,0.116528693344682,0.0874308465110126,0.290716426587917
GSE44076,CRC,GSM1077835,0.952727885948913,0.0088173809965815,0.010707764032399,0.0277469690221066,187,CRC,0.540360606150531,0.0826904364192382,0.0367076057019029,0.0809555875147637
GSE44076,CRC,GSM1077836,0.940084539988558,0.0230890083314049,0.010186578361635,0.0266398733184018,188,CRC,0.467799901404016,0.0538400343436581,0.0608099195578349,0.309265876228119
GSE44076,CRC,GSM1077837,0.90796833444202,0.0479195971086129,0.0200769521115866,0.0240351163377806,189,CRC,0.400623290488985,0.124565257424862,0.113777832871506,0.405922402803776
GSE44076,CRC,GSM1077838,0.92675221396648,0.0447929964954514,0.0115567069007743,0.0168980826372948,190,CRC,0.455795739461624,0.0875993302765517,0.055301072824878,0.295550081220466
GSE44076,CRC,GSM1077839,0.899958440378796,0.0514355006738923,0.016724430195029,0.0318816287522824,191,CRC,0.427544020248443,0.070190837009264,0.120065188939882,0.454126831480646
GSE44076,CRC,GSM1077840,0.91305170558006,0.0468613703273564,0.0131200417259029,0.0269668823666804,192,CRC,0.467154614668493,1.91549543246162e-18,0.0506154355324426,0.308449998895451
GSE44076,CRC,GSM1077841,0.883175381697868,0.0772029037935308,0.0180849081736649,0.0215368063349363,193,CRC,0.403995195352815,0.141141759446347,0.107886669713125,0.40770071568008
GSE44076,CRC,GSM1077842,0.933443876318869,0.0295748898626282,0.0132599614061681,0.0237212724123349,194,CRC,0.449051666825255,0.0101459769815096,0.0832802449120433,0.281381764459712
GSE44076,CRC,GSM1077843,0.958322258948642,0.0069462997398738,0.0117719835640751,0.0229594577474086,195,CRC,0.469001466287231,0.0164654983081092,0.0476762456025961,0.172307645034187
GSE41258,CRC,GSM1012286,0.71105394857197,0.0101363018725435,0.0433927360274445,0.235417013528042,0,CRC,0.465438400569976,3.0437431026411002e-18,0.0386067387504804,0.367206234556019
GSE41258,CRC,GSM1012297,0.710001819057579,0.0344366382335941,0.0511563901147234,0.204405152594103,1,CRC,0.466628577755354,0.0286934380327779,0.0485186179755128,0.291948114533342
GSE41258,CRC,GSM1012303,0.690750912962422,0.0302083491514211,0.0530970978485013,0.225943640037656,2,CRC,0.415490610627993,0.176367717489445,0.0700508203945542,0.379329864349538
GSE41258,CRC,GSM1012304,0.594177399389935,0.015086593538737,0.0625935421139036,0.328142464957424,3,CRC,0.44740507140811,0.104009839552029,0.0504655759390941,0.644881183588322
GSE41258,CRC,GSM1012305,0.631836323247247,0.0251310220099669,0.081813495036105,0.261219159706681,4,CRC,0.412974694710369,0.0,0.137146069500045,0.575335214063041
GSE41258,CRC,GSM1012306,0.632252706390254,0.0145233479214684,0.0573140846618585,0.295909861026419,5,CRC,0.470354435031064,0.0,0.0143531109461205,0.600820228385802
GSE41258,CRC,GSM1012307,0.636856337719446,0.0221209716247336,0.102970953310526,0.238051737345295,6,CRC,0.460557556948844,0.0709905246371722,0.156115298314712,0.182943322309562
GSE41258,CRC,GSM1012308,0.701671644977484,0.0134053704103138,0.0481783062466888,0.236744678365513,7,CRC,0.493284846030752,1.80704498616534e-17,0.0383211147507172,0.348673570962443
GSE41258,CRC,GSM1012310,0.620410636995235,0.0402608974293902,0.0753987809926479,0.263929684582727,8,CRC,0.449753229363161,0.086168519970264,0.0792425776964118,0.259450428041245
GSE41258,CRC,GSM1012312,0.624864683121586,0.013759839430489,0.0418170415072736,0.319558435940651,9,CRC,0.44738987905435,1.95587535752332e-20,0.0055306799528504,0.598458011252392
GSE41258,CRC,GSM1012314,0.660764536235883,0.0586372821453855,0.0659862533711688,0.214611928247563,10,CRC,0.437353638116711,0.182227719924766,0.128115328960828,0.316714970873328
GSE41258,CRC,GSM1012315,0.656426182160171,0.0078598157754319,0.053071718051057,0.28264228401334,11,CRC,0.496588787722426,2.10763340933587e-17,0.0021973650342936,0.568483677159034
GSE41258,CRC,GSM1012316,0.693924620026111,0.032698169151274,0.0850575878603448,0.18831962296227,12,CRC,0.473110142238928,0.090201770599303,0.124337301555069,0.330538633256919
GSE41258,CRC,GSM1012317,0.656089254385815,0.0507912395611479,0.0472797661566075,0.24583973989643,13,CRC,0.40648826525567,0.0460260176258832,0.043679089193006,0.429842611176767
GSE41258,CRC,GSM1012318,0.608067888627328,0.0179878565924734,0.0831004124806101,0.290843842299589,14,CRC,0.45642795720389,0.324317452778361,0.135956596288212,0.31325980033438
GSE41258,CRC,GSM1012319,0.743396337172917,0.015268213565493,0.0351839771674443,0.206151472094145,15,CRC,0.509879041487705,8.448696613080229e-18,0.0433686651983627,0.147994950621696
GSE41258,CRC,GSM1012320,0.701912071775541,0.0310091562515486,0.0574076118140182,0.209671160158892,16,CRC,0.46888243722583,0.0396817349038626,0.10306327413499,0.240717690567764
GSE41258,CRC,GSM1012322,0.709170279599796,0.0304411215300886,0.05507250723066,0.205316091639456,17,CRC,0.441534741813732,0.0938895748230349,0.0728500075735159,0.293155138385908
GSE41258,CRC,GSM1012324,0.700660379079756,0.0257936492292935,0.0513550577545129,0.222190913936438,18,CRC,0.450715025584915,0.0357655164376011,0.0947181068358646,0.257186468308474
GSE41258,CRC,GSM1012325,0.552891908587082,0.0201422535395551,0.05380565064296,0.373160187230403,19,CRC,0.354033258219449,9.57999378044527e-18,0.0,0.824004108662566
GSE41258,CRC,GSM1012326,0.667896936422479,0.0325025237915415,0.056821575298305,0.242778964487675,20,CRC,0.447729409814011,0.115419990445002,0.0892201014597265,0.523930677197003
GSE41258,CRC,GSM1012327,0.642017268495323,0.0100444511316296,0.0663684147370447,0.281569865636003,21,CRC,0.4583740407793,0.0,0.064066209781149,0.544198658816884
GSE41258,CRC,GSM1012328,0.677201828456194,0.0286913469563254,0.054540360811137,0.239566463776343,22,CRC,0.392573511808841,0.0836279055085128,0.0826688426082648,0.2934017711084
GSE41258,CRC,GSM1012330,0.599326410868654,0.0102251964834323,0.052283659064048,0.338164733583866,23,CRC,0.456100657057902,0.0,0.0,0.656105203125995
GSE41258,CRC,GSM1012331,0.690385294598913,0.0217181595176624,0.0603080315295759,0.227588514353849,24,CRC,0.42031503078656,0.0,0.0585174332322292,0.50921547710998
GSE41258,CRC,GSM1012333,0.638404845130001,0.014620892451797,0.064214575797601,0.282759686620601,25,CRC,0.382322269047757,0.367600143649985,0.0752830235757364,0.44915136016726
GSE41258,CRC,GSM1012334,0.660871454313516,0.0483291863507698,0.0651555733970205,0.225643785938693,26,CRC,0.420710500581573,0.0422181993565358,0.121355573791083,0.398196043210944
GSE41258,CRC,GSM1012335,0.59861893143956,0.0120663207437884,0.0822429935519206,0.30707175426473,27,CRC,0.448063074874807,0.157531364778946,0.106403788955325,0.559135846452427
GSE41258,CRC,GSM1012336,0.681861104814677,0.0352991551499744,0.0471371990608245,0.235702540974524,28,CRC,0.443228926505763,0.115113961753044,0.0728081698335834,0.210166022233977
GSE41258,CRC,GSM1012337,0.664776485943764,0.0160514173420975,0.0510649534775093,0.268107143236629,29,CRC,0.463290515545385,9.33134151995363e-19,0.0556646964837875,0.365851353325901
GSE41258,CRC,GSM1012338,0.716043148763023,0.0171936512879774,0.0340576012735398,0.23270559867546,30,CRC,0.46423821635148,0.0,4.95697688848701e-20,0.322247395459158
GSE41258,CRC,GSM1012339,0.765687183659756,0.0185883762022271,0.0365047236827531,0.179219716455264,31,CRC,0.504777442785604,3.7475813746104195e-18,1.91758774815606e-18,0.0382272996639752
GSE41258,CRC,GSM1012340,0.599641417248051,0.0113619681046505,0.0570704150289801,0.331926199618318,32,CRC,0.434415652853524,2.46438317303248e-19,0.0,0.796290491609799
GSE41258,CRC,GSM1012341,0.725208377263472,0.0300860467030291,0.0405700264578953,0.204135549575603,33,CRC,0.443010592401643,0.0488548402979001,0.0,0.390954719047839
GSE41258,CRC,GSM1012342,0.613196589743392,0.0177590491305568,0.0955256951766829,0.273518665949368,34,CRC,0.236064976758425,0.411245039296466,0.0928113200371954,0.501023025311402
GSE41258,CRC,GSM1012344,0.596459174946596,0.0441335102382967,0.078892235508748,0.280515079306359,35,CRC,0.36208287011917,0.137846787037057,0.12664899034133,0.594228332196163
GSE41258,CRC,GSM1012345,0.650691251761678,0.0147747513855238,0.065220683837527,0.269313313015271,36,CRC,0.439741633094682,0.0494865371307148,0.0409668478966194,0.59470780422427
GSE41258,CRC,GSM1012346,0.581540068786633,0.0426881081886328,0.0731744597625988,0.302597363262135,37,CRC,0.381924141254947,0.0520155055109369,0.117732553216367,0.720502091901868
GSE41258,CRC,GSM1012347,0.547591950092563,0.0264920842442183,0.0833087449616153,0.342607220701603,38,CRC,1.21220114784773e-17,0.527151174156802,0.071345107878084,0.576688677245645
GSE41258,CRC,GSM1012350,0.711125657206089,0.0178347057961508,0.0406420967392292,0.230397540258531,39,CRC,0.468870109470809,0.0,0.0156289093745926,0.316985840645805
GSE41258,CRC,GSM1012351,0.0968745436931472,0.0094288641151891,0.0581519268233231,0.835544665368341,40,CRC,0.182636669310828,4.91033931962518e-19,1.7316861115914398e-18,1.04161054374006
GSE41258,CRC,GSM1012352,0.680876029202978,0.024870571201399,0.0548054379183286,0.239447961677294,41,CRC,0.476878548151709,0.0,0.0677286116300844,0.431094421354417
GSE41258,CRC,GSM1012354,0.707731774303258,0.0289750583273449,0.068708524272598,0.194584643096799,42,CRC,0.454457589244512,0.0794982083700918,0.096831113676411,0.165260682183238
GSE41258,CRC,GSM1012355,0.647781604853617,0.0146271530549042,0.055979745880565,0.281611496210914,43,CRC,0.362981456949869,0.409090074654969,0.0298070073152573,0.327262967310505
GSE41258,CRC,GSM1012356,0.6430022670049,0.0464254024916177,0.0515591878805632,0.259013142622919,44,CRC,0.458347437794716,0.203237338318432,0.0307421695190282,0.392195213191763
GSE41258,CRC,GSM1012357,0.645836024647469,0.0169911678486594,0.0596966020138471,0.277476205490024,45,CRC,0.458520495885821,0.224365809622089,0.0305260858696261,0.396962492706342
GSE41258,CRC,GSM1012358,0.671064268033145,0.0175125312590842,0.0722537496680294,0.239169451039741,46,CRC,0.503087081769221,0.0330324048543665,0.143949459901517,0.176925269942288
GSE41258,CRC,GSM1012359,0.654057668290413,0.0233405525308713,0.0655710425745769,0.257030736604139,47,CRC,0.495176004329495,0.10124787397907,0.0413864894536419,0.385850293239852
GSE41258,CRC,GSM1012361,0.646645925996844,0.0345522110382556,0.0960866746643757,0.222715188300524,48,CRC,0.38312826310824,0.106053946076592,0.199546605130578,0.334928494374528
GSE41258,CRC,GSM1012363,0.698228414345702,0.0196018341200524,0.0498130053766035,0.232356746157642,49,CRC,0.417350757152792,0.0888776442983486,0.111346051077936,0.402308553693917
GSE41258,CRC,GSM1012364,0.628837976026597,0.0512730922859888,0.0806488928990883,0.239240038788326,50,CRC,0.356904566052749,0.123149983844674,0.142273375473943,0.565914277287982
GSE41258,CRC,GSM1012366,0.649478343559075,0.054295895989321,0.0742356594553207,0.221990100996283,51,CRC,0.364021063805787,0.10938459151462,0.14660986912881,0.366250885203294
GSE41258,CRC,GSM1012367,0.655384383433288,0.0269104977502719,0.043593112442007,0.274112006374433,52,CRC,0.428363516818407,0.0107521085689278,0.0,0.439333401632724
GSE41258,CRC,GSM1012368,0.657552067530899,0.0327762450672509,0.0477948675719122,0.261876819829938,53,CRC,0.470767100298025,0.127998025385292,6.8225377099015594e-18,0.316550921372912
GSE41258,CRC,GSM1012369,0.545851068881023,0.0380953235098179,0.0882648331323072,0.327788774476852,54,CRC,0.158620911425166,0.412219919520583,0.061247665747923,0.710445022691889
GSE41258,CRC,GSM1012370,0.686571507716637,0.0261409388987848,0.0391136441053486,0.248173909279229,55,CRC,0.438585230884358,0.040351637135889,0.0268278947563038,0.234670094363426
GSE41258,CRC,GSM1012371,0.685304494133939,0.0256695463948496,0.0515759165211085,0.237450042950103,56,CRC,0.425499790441234,4.32613234283078e-18,0.0303456785580248,0.426397354445724
GSE41258,CRC,GSM1012373,0.724006860390889,0.0213653360037908,0.042611268892271,0.212016534713049,57,CRC,0.469884094731022,3.99720271353246e-20,0.0415451258451854,0.317658907499916
GSE41258,CRC,GSM1012374,0.567112025388924,0.0312024949996764,0.0570947345944191,0.344590745016981,58,CRC,0.35574860648134,0.0108210241984321,0.0319987391405935,0.664318716293765
GSE41258,CRC,GSM1012375,0.685731195929612,0.0396036547188317,0.0458974852871179,0.228767664064438,59,CRC,0.403011503945622,0.0802263095804278,0.0216949582441104,0.577673955736413
GSE41258,CRC,GSM1012376,0.679936468054317,0.019134774542593,0.0459754889152376,0.254953268487852,60,CRC,0.505548591557093,0.0664800942564515,0.0087766314251674,0.13484283690443
GSE41258,CRC,GSM1012379,0.677876167941251,0.0395777352285444,0.0542257631278869,0.228320333702318,61,CRC,0.419647731571726,0.0586106493095517,0.0447357154564987,0.435659779410889
GSE41258,CRC,GSM1012380,0.664611179562418,0.0129378548621494,0.0608553554561325,0.2615956101193,62,CRC,0.440959266631627,0.329454875256188,0.0633929275991489,0.428599324966281
GSE41258,CRC,GSM1012381,0.699428858033545,0.0288798814693064,0.0599354622425182,0.211755798254631,63,CRC,0.430801344276727,0.028621401640927,0.0678623037137094,0.417944804521888
GSE41258,CRC,GSM1012384,0.680157883847092,0.0249237229336163,0.0478591560515067,0.247059237167785,64,CRC,0.4946807519615,0.0,0.0369329024162222,0.425786168850269
GSE41258,CRC,GSM1012385,0.693994927079281,0.0282446029111125,0.0320135707174773,0.245746899292129,65,CRC,0.463517634604441,0.0009341861856755,0.0020926832952484,0.415801794874219
GSE41258,CRC,GSM1012386,0.711925305698009,0.0153970686449793,0.0412177484308099,0.231459877226202,66,CRC,0.54149914922493,0.0,3.7828992906722704e-19,0.287245615419591
GSE41258,CRC,GSM1012387,0.681852659247996,0.0211387146826597,0.0598964099627361,0.237112216106608,67,CRC,0.443698791790126,0.0,0.0568230635147023,0.300527905266289
GSE41258,CRC,GSM1012389,0.650186108402381,0.0220445648211655,0.0565418512912558,0.271227475485197,68,CRC,0.451377255764389,1.2434307931330298e-18,0.0314394958924917,0.38971736803946
GSE41258,CRC,GSM1012391,0.720460431128016,0.0256971409354682,0.0398659422835204,0.213976485652996,69,CRC,0.50386361673704,3.43785646423114e-18,0.0,0.343139080200264
GSE41258,CRC,GSM1012392,0.73100365035554,0.0290614614054585,0.05620845764047,0.183726430598532,70,CRC,0.463167852514454,0.0879905256983014,0.0829727801182238,0.233746905283071
GSE41258,CRC,GSM1012393,0.670210710529411,0.0246213699196623,0.0472081173992023,0.257959802151724,71,CRC,0.431634648626165,0.0792044566831606,0.0,0.409390385173116
GSE41258,CRC,GSM1012395,0.628933797124409,0.024768410153018,0.069789647646935,0.276508145075638,72,CRC,0.410950201376944,0.149712094099515,0.0787497225432816,0.439306576095048
GSE41258,CRC,GSM1012396,0.683491100221114,0.0183447750076505,0.0312532749933435,0.266910849777892,73,CRC,0.385147686707523,0.0,0.0,0.493748305260817
GSE41258,CRC,GSM1012397,0.714922209871698,0.0227646385494237,0.0337849771417192,0.228528174437159,74,CRC,0.500472090377111,0.0076457088247803,0.0025986757002353,0.197752864859437
GSE41258,CRC,GSM1012398,0.755919176540109,0.0218392943193698,0.0404549673828461,0.181786561757675,75,CRC,0.423982096000563,0.0,1.35750716245505e-18,0.342491693009923
GSE41258,CRC,GSM1012399,0.608064758042764,0.0296595267114172,0.0881505083602989,0.27412520688552,76,CRC,0.386059765388704,1.48093179887789e-18,0.0407283049206341,0.604535020502935
GSE41258,CRC,GSM1012400,0.713703004896012,0.018574518421187,0.0468395144317921,0.220882962251009,77,CRC,0.45161778209936,8.673617379884041e-19,0.0446724772559225,0.247626455254227
GSE41258,CRC,GSM1012401,0.77661890205913,0.0075248305047314,0.0274703321106327,0.188385935325505,78,CRC,0.501816796205121,2.23833423432677e-17,0.0,0.169175084312335
GSE41258,CRC,GSM1012405,0.765607949077679,0.0102576967824763,0.0230544668779482,0.201079887261896,79,CRC,0.515250445442146,7.699892436644419e-18,1.4580629298208099e-18,0.137197390924431
GSE41258,CRC,GSM1012407,0.735062915468873,0.0258329745842822,0.03727147406181,0.201832635885035,80,CRC,0.44328420257896,0.0142601340919439,0.0276072326583514,0.269144856098542
GSE41258,CRC,GSM1012408,0.734306447424555,0.02476278215533,0.0467048959564146,0.194225874463701,81,CRC,0.468698075151583,0.0520689653814434,0.0735070018600385,0.276708247264335
GSE41258,CRC,GSM1012409,0.75424676982179,0.0192567318213369,0.0394788767767543,0.187017621580119,82,CRC,0.450040821716898,3.53835131066204e-17,0.0418151662609588,0.31191126686281
GSE41258,CRC,GSM1012410,0.764861320122612,0.0118126557751896,0.0373217236822844,0.186004300419914,83,CRC,0.492761516905148,0.0,0.0132236678215451,0.24606353366794
GSE41258,CRC,GSM1012411,0.699248574817013,0.0274059429955019,0.0382391267126085,0.235106355474877,84,CRC,0.482605368508818,0.105537139766726,0.0346075822907814,0.396181657704093
GSE41258,CRC,GSM1012412,0.660912003583267,0.0366785318512735,0.0514376792000949,0.250971785365364,85,CRC,0.45439742514112,0.0144110080507064,0.0807827310878401,0.370029753512609
GSE41258,CRC,GSM1012413,0.710648824826795,0.0162111176533051,0.0411605793458022,0.231979478174098,86,CRC,0.505621832843013,0.0,0.0295189933068471,0.22913561547974
GSE41258,CRC,GSM1012414,0.641026897831719,0.062175770387727,0.0689569179459163,0.227840413834638,87,CRC,0.397163371226128,0.0472216962772044,0.102840299048308,0.484357482056697
GSE41258,CRC,GSM1012416,0.677415971677352,0.0494822491897129,0.0524997181635458,0.220602060969389,88,CRC,0.446772197525089,0.0561984501867768,0.047712044199537,0.530813354345368
GSE41258,CRC,GSM1012419,0.708841284791829,0.0063277441931783,0.0395401407780312,0.245290830236961,89,CRC,0.500929934161682,0.0,0.0009805722494378,0.426821217342892
GSE41258,CRC,GSM1012421,0.729640034491591,0.0306520179865589,0.0561406598163113,0.183567287705539,90,CRC,0.460541463668605,0.0709551804761198,0.0651585440278381,0.25109806768059
GSE41258,CRC,GSM1012423,0.699599505289886,0.0210852775101111,0.041287758365371,0.238027458834632,91,CRC,0.491918116550057,4.0462657702871004e-18,1.2590707423294399e-18,0.407246783929502
GSE41258,CRC,GSM1012424,0.694011561590927,0.0382804438013131,0.0656829450261608,0.202025049581599,92,CRC,0.417438276110701,0.0526555161550538,0.105758998160399,0.233449802521298
GSE41258,CRC,GSM1012426,0.668313945672774,0.0307844921736807,0.0568905587803183,0.244011003373227,93,CRC,0.448393654606064,1.07143019535489e-18,0.0311157370881301,0.593647954003465
GSE41258,CRC,GSM1012427,0.687459164631206,0.0244049264382638,0.033808368661563,0.254327540268967,94,CRC,0.498586537518727,1.26531005143431e-18,4.86756735911241e-18,0.338824118275818
GSE41258,CRC,GSM1012428,0.763225106633568,0.0110945049962903,0.0251939383522375,0.200486450017905,95,CRC,0.51324877323254,1.35226202718551e-18,0.0,0.229801780067843
GSE41258,CRC,GSM1012429,0.625986522303553,0.0169225712225803,0.0421285646832029,0.314962341790664,96,CRC,0.408926982376639,1.27820358263267e-18,0.078846648142621,0.586637076851248
GSE41258,CRC,GSM1012432,0.712381022094672,0.0212090942583876,0.039546217672932,0.226863665974009,97,CRC,0.452512456088146,2.561870300549e-18,0.0350981743600519,0.472930579317136
GSE41258,CRC,GSM1012434,0.619236683272436,0.0380345687455735,0.100182484212144,0.242546263769847,98,CRC,0.43628922089559,0.0449511711561385,0.128302383293282,0.408657029017684
GSE41258,CRC,GSM1012437,0.748279789517115,0.0197095659785091,0.0306029051693272,0.201407739335049,99,CRC,0.471511123726443,0.0,3.28371939121385e-18,0.259527335731525
GSE41258,CRC,GSM1012439,0.660134662320418,0.0513093968854558,0.0520675995114561,0.236488341282671,100,CRC,0.461842347164623,0.171618993737874,0.0574524130763315,0.358735311884617
GSE41258,CRC,GSM1012440,0.574460289457687,0.0268512484508842,0.0597029549425447,0.338985507148884,101,CRC,0.382957113523482,2.4837672914130097e-18,0.0133310020377567,0.721025373390292
GSE41258,CRC,GSM1012441,0.665177170052492,0.0334607059660176,0.0713278835051942,0.230034240476296,102,CRC,0.454399336126774,0.0901434623175313,0.0920282404569818,0.45675568289154
GSE41258,CRC,GSM1012442,0.672866098208878,0.0310705172295933,0.0654651664546546,0.230598218106874,103,CRC,0.396141334349427,0.0,0.0630937446128378,0.479465548474145
GSE41258,CRC,GSM1012445,0.733608337774374,0.0158672775656121,0.0460347089549549,0.20448967570506,104,CRC,0.416293764864431,0.0,0.0,0.357311172582979
GSE41258,CRC,GSM1012446,0.677276523176285,0.0227982254613549,0.0464021901299311,0.253523061232429,105,CRC,0.492022622681323,0.0,0.0072690270249801,0.206139799619831
GSE41258,CRC,GSM1012447,0.684040214942673,0.0551440908312023,0.0644811855307354,0.19633450869539,106,CRC,0.389433995404905,0.122375510936688,0.103376737123902,0.467110668413278
GSE41258,CRC,GSM1012451,0.691301612002196,0.0228201461583415,0.0427191680180388,0.243159073821423,107,CRC,0.507466045982861,0.0988569154097987,0.0405688591880067,0.215818220660908
GSE41258,CRC,GSM1012455,0.652662491645304,0.0329858172035199,0.0558760208250445,0.258475670326132,108,CRC,0.443915671316715,0.009750076118256,0.0541720587336644,0.426230674822534
GSE41258,CRC,GSM1012456,0.655133770494998,0.0341173702413808,0.0653036692614621,0.245445190002159,109,CRC,0.432411267010163,0.0563712341886446,0.0951820025193125,0.591252336925407
GSE41258,CRC,GSM1012459,0.568704778749611,0.0145612952489895,0.104188111396535,0.312545814604864,110,CRC,0.335860999332196,0.403835884557819,0.165882443142165,0.453978438011912
GSE41258,CRC,GSM1012461,0.624669186581621,0.035049391769011,0.0608371762966586,0.279444245352709,111,CRC,0.398514238930708,0.0638233150268077,0.0743365553983124,0.514098605462266
GSE41258,CRC,GSM1012462,0.65395285330513,0.0268888731343066,0.069854853697327,0.249303419863236,112,CRC,0.414556009984,0.303026021057012,0.111974186906511,0.396294819822426
GSE41258,CRC,GSM1012463,0.533033351677658,0.029422311884343,0.0776749398661366,0.359869396571862,113,CRC,0.331899771611449,0.104949313031303,0.0659406703708531,0.797359014184747
GSE41258,CRC,GSM1012465,0.637383627649124,0.0136652527318218,0.0722209603517518,0.276730159267302,114,CRC,0.488564540094146,0.163263164961549,0.0460597267851948,0.380643008951403
GSE41258,CRC,GSM1012466,0.652299187297167,0.012029522845376,0.0712162454685057,0.264455044388952,115,CRC,0.475772655732133,0.111857722791123,0.077376623202753,0.463965299845925
GSE41258,CRC,GSM1012467,0.691117776357582,0.0187305962310104,0.0477249899443368,0.24242663746707,116,CRC,0.464402835028184,1.44250300015262e-17,0.0,0.496960554661078
GSE41258,CRC,GSM1012468,0.716010263841132,0.0197133966762178,0.0405097014221871,0.223766638060463,117,CRC,0.463834074187741,0.0485271857508943,0.0161167087731578,0.217723896498902
GSE41258,CRC,GSM1012469,0.689016653864263,0.0286717818183217,0.0382395355487149,0.2440720287687,118,CRC,0.440275472353668,0.0887049482093914,0.0,0.43130406994485
GSE41258,CRC,GSM1012471,0.652298212745306,0.0301976977449694,0.0498463620883808,0.267657727421344,119,CRC,0.454113428956242,0.107975878644322,0.101804327333952,0.249529255782159
GSE41258,CRC,GSM1012474,0.678937332085325,0.0330935225558842,0.0484408288160988,0.239528316542692,120,CRC,0.454075812817532,0.164326144926946,0.0725641480200153,0.266523803225859
GSE41258,CRC,GSM1012478,0.636619015210034,0.0213702538580893,0.0439756329516702,0.298035097980206,121,CRC,0.417556805535413,0.0726357413263735,0.017332153097385,0.444158712776739
GSE41258,CRC,GSM1012479,0.63509620326218,0.0223657084936683,0.0440010770725669,0.298537011171585,122,CRC,0.367729787870378,0.0132332927431013,0.0024516966553937,0.474769746549856
GSE41258,CRC,GSM1012483,0.600739916494981,0.0118819482520075,0.0814494823352988,0.305928652917713,123,CRC,0.472281955431076,0.0,0.0390864787651058,0.544403144721605
GSE41258,CRC,GSM1012486,0.736966611478501,0.0117225061320016,0.0411415553882016,0.210169327001296,124,CRC,0.438169053192111,0.0,6.12187010205587e-19,0.532317659864707
GSE41258,CRC,GSM1012487,0.617772593684373,0.0102995704484751,0.0699032443869292,0.302024591480223,125,CRC,0.461791722771751,4.13692591894418e-17,0.0187621205250203,0.544539412902123
GSE41258,CRC,GSM1012488,0.345933754453034,0.033122859010194,0.0415023470445703,0.579441039492201,126,CRC,0.312562825474959,0.108295232028685,7.529630787516491e-19,1.03917064380111
GSE41258,CRC,GSM1012490,0.64221536361527,0.040518245489015,0.0628392130769056,0.254427177818809,127,CRC,0.411570040346359,0.105674145351318,0.063983210314534,0.56411484313988
GSE41258,CRC,GSM1012492,0.598610462115015,0.0521869982260192,0.101144007510822,0.248058532148143,128,CRC,0.301339713756851,0.0948852910429988,0.186881093673286,0.678452208647876
GSE41258,CRC,GSM1012495,0.583631941270979,0.0359745925112076,0.114268073100602,0.266125393117212,129,CRC,0.42761597877987,4.10121285538751e-17,0.162271858519004,0.273739972861609
GSE41258,CRC,GSM1012498,0.6611990337961,0.0113352167963367,0.0519874247416684,0.275478324665895,130,CRC,0.497145850934573,0.0704118119789367,0.0,0.53144419153581
GSE41258,CRC,GSM1012499,0.704745337689658,0.0198651081181884,0.0470162543685369,0.228373299823617,131,CRC,0.472735174621977,0.0,0.0629061862239472,0.323646128610027
GSE41258,CRC,GSM1012500,0.696584561502182,0.0354178448507903,0.0473065372767149,0.220691056370313,132,CRC,0.503262460641199,0.0250115344656033,0.0458559734595063,0.373635328020244
GSE41258,CRC,GSM1012502,0.559106005646579,0.0564293911612116,0.0865141393041225,0.297950463888087,133,CRC,0.361478831602521,0.25683233677972,0.13333984368891,0.511349572225166
GSE41258,CRC,GSM1012507,0.61939956453865,0.0361079767346205,0.09793689248025,0.246555566246479,134,CRC,0.376077188430818,0.150185646769675,0.20679703533694,0.254563796188346
GSE41258,CRC,GSM1012509,0.681395502636952,0.0212738069630933,0.0579545574698038,0.239376132930151,135,CRC,0.445445568757554,0.0082731550635786,0.0834433617941076,0.307453631862263
GSE41258,CRC,GSM1012510,0.667493424626108,0.0183911753733489,0.0474514106848776,0.266663989315666,136,CRC,0.50270674088454,0.0025087355229147,0.0511244042919992,0.374847712333543
GSE41258,CRC,GSM1012511,0.65139032156579,0.0262219212017271,0.043907010280773,0.27848074695171,137,CRC,0.484926993171864,0.0880058737469255,0.0165770339893145,0.502174653963733
GSE41258,CRC,GSM1012513,0.611758122738057,0.0267253646014388,0.0731519727280442,0.28836453993246,138,CRC,0.457691361119079,0.197813789920631,0.0958705863758644,0.666196407706935
GSE41258,CRC,GSM1012525,0.698183688782078,0.0206690697058364,0.0386457064782328,0.242501535033853,139,CRC,0.323049948613833,0.0,0.073247481410899,0.281703516040928
GSE41258,CRC,GSM1012526,0.683784578300709,0.0320824598051986,0.0561438698848832,0.227989092009209,140,CRC,0.344900672015837,0.191415907847458,0.0779342522152733,0.430212195969516
GSE41258,CRC,GSM1012527,0.71541732600519,0.01983189171757,0.023619952891643,0.241130829385597,141,CRC,0.51874600923907,6.35365439165673e-19,0.0,0.0749451217106249
GSE41258,CRC,GSM1012528,0.659329159936486,0.0460534515324556,0.0579807200940597,0.236636668436999,142,CRC,0.434361506051686,0.0895887908359621,0.0724763688830269,0.596316195333903
GSE41258,CRC,GSM1012529,0.683412625928237,0.0250515906874971,0.032910813232635,0.258624970151631,143,CRC,0.329723431641101,0.0,6.3343544826905e-18,0.700230412570656
GSE41258,CRC,GSM1012530,0.661923300284387,0.0134985986112257,0.0593957927288266,0.265182308375561,144,CRC,0.486319951812968,0.0600177435797813,0.0720221501168134,0.54414449287479
GSE41258,CRC,GSM1012531,0.641614726441046,0.0409467402399584,0.0732314184759623,0.244207114843033,145,CRC,0.399363878884061,0.0,0.0918775540690407,0.736276466159451
GSE41258,CRC,GSM1012532,0.738845593912723,0.0087699261211143,0.0219008349645516,0.230483645001611,146,CRC,0.450230360775627,1.7071046287192202e-17,7.179094574436979e-18,0.214377770196565
GSE41258,CRC,GSM1012533,0.697563572514293,0.0125979081082816,0.0298041186823867,0.260034400695039,147,CRC,0.333242005297431,0.0,0.0,0.566112468908768
GSE41258,CRC,GSM1012534,0.668936688754667,0.0108335572582396,0.0654827905762825,0.25474696341081,148,CRC,0.437235553529938,3.9517629439995804e-17,0.0271801575827517,0.623385889448201
GSE41258,CRC,GSM1012535,0.739295501991257,0.0165649173316733,0.0360160790094481,0.208123501667622,149,CRC,0.52801303897632,0.0,0.0,0.147882467534123
GSE41258,CRC,GSM1012536,0.561642610922433,0.0306294000271571,0.104824717298364,0.302903271752045,150,CRC,0.340635267153981,0.242023152245895,0.170369432473467,0.679350899595564
GSE41258,CRC,GSM1012537,0.627468783404748,0.0122085261802516,0.0679410048838689,0.292381685531131,151,CRC,0.428998908128515,0.0047452638403677,0.0713300883206914,0.541236682533455
GSE41258,CRC,GSM1012538,0.780434462180149,0.0119144528801831,0.0344280400965167,0.173223044843152,152,CRC,0.484625775850506,2.1953666154635e-17,3.3928579748526997e-19,0.32865510614792
GSE41258,CRC,GSM1012539,0.742133849678634,0.0358363400547631,0.0331622815705008,0.188867528696102,153,CRC,0.459899816609934,0.0,4.5921439503011e-18,0.290528249945671
GSE41258,CRC,GSM1012540,0.621804616641219,0.0177324987851838,0.0882289870273314,0.272233897546265,154,CRC,0.345855003494349,0.328360032336979,0.120097688924525,0.447608937136456
GSE41258,CRC,GSM1012541,0.766176527158342,0.008194486873227,0.0280253021267073,0.197603683841723,155,CRC,0.510357840861148,4.1454958757944194e-18,4.31558396947139e-18,0.204544769240399
GSE41258,CRC,GSM1012542,0.738070080602327,0.0288749231284819,0.0377075084814273,0.195347487787764,156,CRC,0.489388666203232,0.102755250658128,0.0186937404573201,0.24501011513107
GSE41258,CRC,GSM1012543,0.689292669166218,0.0484486096687531,0.0732461914537912,0.189012529711238,157,CRC,0.459595016493514,0.0728180139320348,0.161238639613702,0.190220889281138
GSE41258,CRC,GSM1012544,0.680055110234934,0.0211931450610289,0.0403571541543105,0.258394590549727,158,CRC,0.503265521679425,0.0,1.13845959504228e-19,0.357653231105734
GSE41258,CRC,GSM1012546,0.687561724816019,0.0311004668531646,0.0588907450693738,0.222447063261443,159,CRC,0.491539227455834,0.0,0.0630130149094305,0.290488177449319
GSE41258,CRC,GSM1012547,0.639901639318801,0.0262671608624941,0.0649937885644801,0.268837411254225,160,CRC,0.434583890124722,4.5634837957262695e-18,0.0575603491553887,0.429621594699308
GSE41258,CRC,GSM1012548,0.659071679802154,0.0127072076769649,0.0649725881411642,0.263248524379717,161,CRC,0.391732360899598,0.215383642159332,0.0881114832051823,0.552443915421043
GSE41258,CRC,GSM1012549,0.7422990443564,0.020188963485296,0.042271126726223,0.195240865432081,162,CRC,0.498804102871666,0.0,0.0125314143434603,0.378247952768988
GSE41258,CRC,GSM1012550,0.655818063192117,0.0104256590530803,0.0602961690612567,0.273460108693546,163,CRC,0.434430284348522,0.0,2.78075312873784e-19,0.612691572592891
GSE41258,CRC,GSM1012553,0.72369781394227,0.0185710821677445,0.0406374340001558,0.21709366988983,164,CRC,0.465829592985672,7.9897943242387e-18,0.0212419256996816,0.368821307460978
GSE41258,CRC,GSM1012554,0.646150963935209,0.0182779457623115,0.0666822887473836,0.268888801555096,165,CRC,0.323408369349367,0.431227573190278,0.0462182716544002,0.548833829565672
GSE41258,CRC,GSM1012558,0.668301998815368,0.0211862759813455,0.0711347681457096,0.239376957057577,166,CRC,0.408503601977422,2.8949165632558397e-18,0.0973742949401982,0.498360743876193
GSE41258,CRC,GSM1012562,0.673185792432152,0.0420859033871366,0.069037014937694,0.215691289243018,167,CRC,0.400495666098482,0.0446052814098434,0.11710203763075,0.475126445858742
GSE41258,CRC,GSM1012563,0.583329768454635,0.0244440671167582,0.107819240043208,0.284406924385399,168,CRC,0.414008851387095,0.29992048325262,0.107136969547288,0.529789805499158
GSE41258,CRC,GSM1012564,0.698684655885487,0.0220989740697017,0.0443293738712297,0.234886996173582,169,CRC,0.462424528805004,8.010203538523059e-18,0.0276201141480404,0.22568691009012
GSE41258,CRC,GSM1012565,0.686477113547577,0.0219227861321537,0.0580407440094561,0.233559356310813,170,CRC,0.480954525565391,4.8560799431519405e-19,0.0445476154257661,0.408016195268905
GSE41258,CRC,GSM1012567,0.66264967531782,0.0364719869467775,0.0619494520762255,0.238928885659177,171,CRC,0.431883258251775,0.0868293415908919,0.0766688714469125,0.528552779951864
GSE41258,CRC,GSM1012568,0.631237630935307,0.0144446521984896,0.0521078776925077,0.302209839173696,172,CRC,0.462769900689778,0.0248863606303824,0.0,0.65249928096218
GSE41258,CRC,GSM1012569,0.584527990125281,0.0453489624571254,0.0769594232564955,0.293163624161098,173,CRC,0.354964406404024,0.0107718169844611,0.0778940595775223,0.641179168300289
GSE41258,CRC,GSM1012570,0.653981553680564,0.0531202425425742,0.0723059263138066,0.220592277463055,174,CRC,0.40594489893897,0.108913880069844,0.0773137989724167,0.473599720380093
GSE41258,CRC,GSM1012571,0.65614350964028,0.0385201091680178,0.0743479908224048,0.230988390369297,175,CRC,0.369967426323958,0.0682028854042229,0.10923085841198,0.451539966491209
GSE41258,CRC,GSM1012572,0.652353613088669,0.0128310391004252,0.036834705235754,0.297980642575152,176,CRC,0.466448886578261,0.0,2.77090976400944e-18,0.428622636762448
GSE41258,CRC,GSM1012573,0.668642439847877,0.0110424012071597,0.0552280734361227,0.26508708550884,177,CRC,0.436242187923489,2.0361394079876e-17,0.0,0.660841303522456
GSE41258,CRC,GSM1012574,0.678175900865065,0.0160148689615957,0.0426450837938908,0.263164146379449,178,CRC,0.486193220622889,2.55946497901554e-18,0.0293401434966935,0.42250702446288
GSE41258,CRC,GSM1012575,0.602346709952276,0.0142197325346499,0.0605760134076354,0.322857544105438,179,CRC,0.454187217751951,0.136769961394809,0.0362373776056823,0.625949369211677
GSE41258,CRC,GSM1012576,0.739358581389873,0.0222026716624549,0.0326348297319379,0.205803917215734,180,CRC,0.478601042064897,0.0,0.0126409313875722,0.333666587432812
GSE41258,CRC,GSM1012577,0.739050189799319,0.0202132137494237,0.0549159999473299,0.185820596503927,181,CRC,0.457263432004465,2.17731439695332e-18,0.133676554013674,0.182297406138632
GSE41258,CRC,GSM1012578,0.705328049977724,0.0204955551708564,0.068434789143206,0.205741605708214,182,CRC,0.448044290429359,1.32278900711644e-18,0.0851325022592627,0.411876334472271
GSE41258,CRC,GSM1012579,0.6999039369959,0.0160250768202708,0.0351231744138637,0.248947811769966,183,CRC,0.458820525372381,2.13822426943095e-18,0.0,0.47237613510634
GSE41258,CRC,GSM1012580,0.741498426792096,0.015371387389422,0.0458570001470987,0.197273185671383,184,CRC,0.469356089847334,1.32234989839004e-17,0.0187991630338776,0.318721516865228
GSE41258,CRC,GSM1012581,0.624671224323461,0.0158756407893714,0.087150166544584,0.272302968342584,185,CRC,0.450458327543487,0.124186601292938,0.0927911828966146,0.518042406665923
GSE41258,CRC,GSM1012583,0.642160261508076,0.0332053625572483,0.0553573800955197,0.269276995839155,186,CRC,0.446169341604486,0.0039552153131175,0.0446891286264121,0.642114726748024
GSE41258,CRC,GSM1012584,0.702658285360792,0.0168656222337309,0.0440848283858325,0.236391264019644,187,CRC,0.518741737087565,0.0,0.0240305989342855,0.219559183664202
GSE41258,CRC,GSM1012585,0.667579488916449,0.0103549413321269,0.0576665945365016,0.264398975214922,188,CRC,0.467583818626245,0.0,0.0332632435479121,0.555892836835591
GSE41258,CRC,GSM1012586,0.755498417090458,0.0105453708026335,0.026477398156131,0.207478813950777,189,CRC,0.552699321761351,0.0004838547464723,8.47721363270094e-19,0.211215685565686
GSE41258,CRC,GSM1012587,0.749994755116894,0.0246545457289059,0.0368836487090612,0.188467050445139,190,CRC,0.440916043614873,0.0,0.0049481882662888,0.434229441289448
GSE41258,CRC,GSM1012588,0.649688177928668,0.0168547114172922,0.098540301834324,0.234916808819716,191,CRC,0.475829548451492,0.0,0.158826555057718,0.395391090587874
GSE41258,CRC,GSM1012589,0.638906697211565,0.0201365327536985,0.060015097135565,0.280941672899171,192,CRC,0.393314176063523,1.34357524837863e-18,0.0368456189191265,0.528575289374331
GSE41258,CRC,GSM1012590,0.619536980008709,0.0160350672088143,0.0754372269881437,0.288990725794333,193,CRC,0.440510903400876,0.113287823485869,0.0612290973101945,0.558918863276265
GSE41258,CRC,GSM1012591,0.68535660577564,0.0380788932790535,0.0708164000421871,0.205748100903119,194,CRC,0.376899883798249,0.0,0.118212416822638,0.440273907519234
GSE41258,CRC,GSM1012592,0.614941362468104,0.0139639406454804,0.091317416598618,0.279777280287797,195,CRC,0.441374847459809,0.193168980416122,0.0963182224566977,0.536997277044463
GSE41258,CRC,GSM1012593,0.629104103998144,0.0456625366637366,0.0836643515440302,0.241569007794089,196,CRC,0.418510434415112,0.0530345795261322,0.0939597920534972,0.368131560423639
GSE41258,CRC,GSM1012594,0.664882573552645,0.0149866744334737,0.0547377315752912,0.26539302043859,197,CRC,0.454480850087492,0.204228660214018,0.0,0.490623617342924
GSE41258,CRC,GSM1012595,0.706763295947933,0.0182281566509387,0.0339175928272878,0.24109095457384,198,CRC,0.454023482307792,0.0,0.0,0.300148752377938
GSE41258,CRC,GSM1012596,0.713565210817763,0.0311070831460059,0.0428556527393077,0.212472053296924,199,CRC,0.39323576111265,0.0724272174024267,0.0482758661111678,0.379698379659838
GSE41258,CRC,GSM1012597,0.691556791663344,0.036526819568786,0.0442986024443753,0.227617786323495,200,CRC,0.411091013989535,0.0,5.9600762715220705e-19,0.433303123167558
GSE41258,CRC,GSM1012600,0.679935813203109,0.0276476347883715,0.0598009135826094,0.23261563842591,201,CRC,0.448861075913353,0.0030816246351214,0.0574359764657377,0.51951244882399
GSE41258,CRC,GSM1012602,0.706317073504586,0.0304290974187003,0.0549762088129145,0.208277620263799,202,CRC,0.480494322719734,0.0479943387777223,0.0694636845381426,0.421097507368039
GSE41258,CRC,GSM1012603,0.617964946259015,0.0145702410102078,0.0539666854750582,0.313498127255719,203,CRC,0.430864395631459,0.165484137470124,0.0343355988520708,0.636527240111823
GSE41258,CRC,GSM1012604,0.591573879519107,0.0458402321433724,0.105617566529045,0.256968321808476,204,CRC,0.299211116254149,0.402534107346698,0.195948263114273,0.519769153979141
GSE41258,CRC,GSM1012605,0.745604599179976,0.0265798762161276,0.0423345591396361,0.18548096546426,205,CRC,0.522694058184723,0.0,0.0842405672284207,0.177183679316969
GSE41258,CRC,GSM1012606,0.639358144234167,0.0097527734929223,0.064249212831084,0.286639869441827,206,CRC,0.395385196585661,0.0244270530408903,0.0805309884510703,0.620357886862725
GSE41258,CRC,GSM1012611,0.744750712898539,0.0316634281445587,0.0330612325721366,0.190524626384766,207,CRC,0.501875726824765,0.0516789031513597,0.0126160018143421,0.292554359559472
GSE41258,CRC,GSM1012612,0.601208867134887,0.0102368155170412,0.0717918358280576,0.316762481520014,208,CRC,0.436284462108222,8.73138025581856e-19,0.0430442315098194,0.66348800154173
GSE41258,CRC,GSM1012615,0.648164844863,0.0169173616980148,0.0379211459249972,0.296996647513988,209,CRC,0.426011111140222,4.84329706836776e-18,0.0,0.561909720217205
GSE41258,CRC,GSM1012616,0.648294335838571,0.0242787536539754,0.0782321101988564,0.249194800308598,210,CRC,0.499277312559366,0.110822535738291,0.119388626939663,0.400134488958571
GSE41258,CRC,GSM1012617,0.664275610137935,0.0366844864901457,0.0405859097279622,0.258453993643957,211,CRC,0.455138052090401,0.0666518486541325,0.0,0.492690273433015
GSE41258,CRC,GSM1012618,0.726307226065286,0.0249069920660494,0.0448990955632894,0.203886686305375,212,CRC,0.43350328167442,0.0168463453900791,0.0479602749850484,0.287735506848961
GSE41258,CRC,GSM1012619,0.68150052031444,0.02528582238841,0.056808676562984,0.236404980734166,213,CRC,0.476162008862128,0.0,0.0622600080084527,0.232310993945015
GSE41258,CRC,GSM1012620,0.699207675682093,0.0298491436321611,0.0586580591202865,0.21228512156546,214,CRC,0.453816194597643,2.06570583287637e-18,0.0834797481780702,0.278990252814529
GSE41258,CRC,GSM1012621,0.667143148492967,0.0106639700975368,0.0679637066493518,0.254229174760145,215,CRC,0.471640994147696,0.0,0.0594834899308746,0.50552651609697
GSE41258,CRC,GSM1012622,0.652942213363873,0.030112333188596,0.0595575428925958,0.257387910554935,216,CRC,0.428137282819346,0.101775319483043,0.0816250339308611,0.487534552894417
GSE41258,CRC,GSM1012624,0.678663233618945,0.0348362751966247,0.0676181556881987,0.218882335496232,217,CRC,0.450784234253946,6.270178786342689e-18,0.0862167541711431,0.410902417813986
GSE41258,CRC,GSM1012625,0.676025583963237,0.0127284685342722,0.0415630171713941,0.269682930331097,218,CRC,0.516977545226561,0.0,3.297688221406e-19,0.437243126814107
GSE41258,CRC,GSM1012627,0.659050821335932,0.0196120325331627,0.0527976146974025,0.268539531433502,219,CRC,0.456086906379076,1.63243294424986e-18,0.0160109676686104,0.540701056551643
GSE41258,CRC,GSM1012628,0.574358990430917,0.0132929910163943,0.0856820054266464,0.326666013126042,220,CRC,0.465106668372774,2.48097794064909e-18,0.0379229582712799,0.63142994005517
GSE41258,CRC,GSM1012629,0.652834794626311,0.0413040616863787,0.0427806676738495,0.263080476013461,221,CRC,0.366783902683512,0.0,3.46225103990041e-19,0.527180184269725
GSE41258,CRC,GSM1012630,0.613951164231441,0.0134106473822801,0.0651285246798501,0.307509663706429,222,CRC,0.432548579093068,0.121592777572641,0.0499135145384874,0.485296067641623
GSE41258,CRC,GSM1012631,0.663080190429615,0.015056724086521,0.0473525285808094,0.274510556903054,223,CRC,0.457428880558204,5.11392556040198e-19,0.0116734862706188,0.618426743075818
GSE41258,CRC,GSM1012634,0.646008533680858,0.033172772678979,0.0696457886031025,0.251172905037061,224,CRC,0.374706658915977,1.67560689324529e-20,0.0861208013403812,0.554809525623084
GSE41258,CRC,GSM1012635,0.641046942090352,0.0345552774085113,0.0382822248741878,0.286115555626949,225,CRC,0.405962164369535,1.1957878398183e-17,9.791316539260091e-20,0.411251247315003
GSE41258,CRC,GSM1012636,0.596496035475141,0.0195575614199534,0.0669107633247005,0.317035639780205,226,CRC,0.295093626743091,0.36649905945183,0.0638493596832234,0.536789884705661
GSE41258,CRC,GSM1012639,0.685365229666916,0.0228643327426195,0.0649208134379238,0.226849624152541,227,CRC,0.497920585665927,0.0,0.0646290137315111,0.305201038777887
GSE41258,CRC,GSM1012640,0.685102151750974,0.0121073918581825,0.0624630072191507,0.240327449171693,228,CRC,0.444450396347413,0.130837220941664,0.0727506729317904,0.445115155471409
GSE41258,CRC,GSM1012643,0.703759925083603,0.0121902061485683,0.0381880801264679,0.245861788641361,229,CRC,0.488091359965612,0.0,0.0,0.309892038077543
GSE41258,CRC,GSM1012645,0.676668116458271,0.027837141046416,0.048575218849889,0.246919523645425,230,CRC,0.459812441565884,0.0112063254361681,0.0594562369489538,0.371432135145783
GSE41258,CRC,GSM1012646,0.466396075505284,0.0190935235455698,0.0849071479212781,0.429603253027868,231,CRC,0.388908605320974,0.108037824161562,0.0854872348295897,0.787125775622917
GSE41258,CRC,GSM1012648,0.64899331345634,0.0125323624553735,0.0595550371861962,0.27891928690209,232,CRC,0.424858796026595,5.874662787190539e-18,1.44449960361566e-18,0.639959879354914
GSE41258,CRC,GSM1012651,0.69699014913886,0.0290225856698834,0.0442237007085924,0.229763564482664,233,CRC,0.326095283417346,1.1289101351610701e-17,0.0,0.617606704422774
GSE41258,CRC,GSM1012653,0.640587451640324,0.011920109228801,0.0601094996145321,0.287382939516343,234,CRC,0.475341468939526,0.0992449717678573,0.0317320397872145,0.500906911472509
GSE23878,CRC,GSM588828,0.869704685228058,0.0075799319456828,0.0238608103870343,0.0988545724392249,0,CRC,0.136179981998694,0.0,1.0651677352619101e-17,0.581341751194106
GSE23878,CRC,GSM588829,0.880091693736253,0.0108070087553385,0.0185357906353583,0.0905655068730502,1,CRC,0.145560544497224,0.0,8.97033740735886e-18,0.501358798384569
GSE23878,CRC,GSM588830,0.879467060649796,0.0147590197858018,0.0276896053097528,0.0780843142546493,2,CRC,0.133523832645161,0.0,0.0,0.376096006858711
GSE23878,CRC,GSM588831,0.904798813361046,0.0062314542250399,0.0187264515980308,0.0702432808158834,3,CRC,0.12315123209775,0.0,0.0622658176383313,0.093453585692813
GSE23878,CRC,GSM588832,0.901724382143737,0.0051287399501501,0.0169281427508922,0.0762187351552203,4,CRC,0.182280106969907,0.0,0.0159622896439107,0.0874804284413102
GSE23878,CRC,GSM588833,0.825573045424974,0.0070031519744986,0.0177229064003949,0.149700896200132,5,CRC,0.119610081090747,0.0,2.05092012405758e-17,0.707566245059773
GSE23878,CRC,GSM588834,0.812316713526181,0.0317352402937933,0.0487962189267272,0.107151827253299,6,CRC,0.119890737527968,8.00921309810026e-19,0.0557237277485755,0.713059866281435
GSE23878,CRC,GSM588835,0.878102596801019,0.0112548056262512,0.0215565926259435,0.0890860049467862,7,CRC,0.107731088453828,0.0,1.30203625630551e-18,0.597429108716219
GSE23878,CRC,GSM588836,0.843378160299399,0.0272219996521848,0.0348402058393345,0.0945596342090816,8,CRC,0.137596386128244,0.0,0.0731524325348905,0.527347717603725
GSE23878,CRC,GSM588837,0.864327539622788,0.0097034633687189,0.0253362935057414,0.100632703502752,9,CRC,0.127975719514351,0.0,1.41211883028289e-18,0.533624096976757
GSE23878,CRC,GSM588838,0.841909268315784,0.0132533364975929,0.0327834133184494,0.112053981868174,10,CRC,0.106539680900767,0.0,0.0132851236161908,0.543694449633038
GSE23878,CRC,GSM588839,0.865606870674582,0.0148347959246315,0.0247018493002686,0.0948564841005178,11,CRC,0.09059870583975,0.0,0.0086718999524352,0.480525271731971
GSE23878,CRC,GSM588840,0.883570774085548,0.0114736564184002,0.0192305090474346,0.0857250604486169,12,CRC,0.167431634555302,0.0,3.0509565354929e-18,0.357722492324931
GSE23878,CRC,GSM588841,0.864795699812876,0.0122402875049301,0.0166107220552438,0.10635329062695,13,CRC,0.0478922834907695,0.0,0.0,0.576386880456319
GSE23878,CRC,GSM588842,0.880247004317465,0.0187099428129666,0.0175301449121503,0.0835129079574182,14,CRC,0.10278793809677,1.98646393752625e-17,0.0,0.534523123731292
GSE23878,CRC,GSM588843,0.886833275504002,0.0066658713119164,0.0150008577242622,0.0914999954598195,15,CRC,0.0924652829198753,0.0,0.0,0.744895634390109
GSE23878,CRC,GSM588844,0.870720427017249,0.0145101076930497,0.0219803655737544,0.0927890997159466,16,CRC,0.0217155055915308,0.0594165145288318,0.0199272949682989,0.105624622337965
GSE23878,CRC,GSM588845,0.861757053815416,0.0180819413351436,0.0234232565144485,0.0967377483349921,17,CRC,0.122690585044148,9.22973834196429e-18,0.0287654417772748,0.377617522500791
GSE23878,CRC,GSM588846,0.804210546441155,0.039821412025354,0.0502384017404497,0.105729639793042,18,CRC,0.0805093509613556,0.0,0.135877354984607,0.44052743869142
GSE23878,CRC,GSM588847,0.701064212694297,0.0554752017313856,0.0608705281242666,0.182590057450051,19,CRC,0.0269667166161925,0.042409301192344,0.128307541550876,0.833464913029673
GSE23878,CRC,GSM588848,0.902291876581192,0.0139224515313723,0.0232324279390615,0.0605532439483745,20,CRC,0.0506349091671984,0.10531255775355,0.0863779155299814,0.303715273923516
GSE23878,CRC,GSM588849,0.858341964246696,0.0063684248756805,0.0171662022024521,0.118123408675171,21,CRC,0.0291232151826112,7.20331035297503e-18,2.61146462816129e-18,0.728617055187487
GSE23878,CRC,GSM588850,0.886511017479902,0.0211387089522251,0.0204886271321119,0.0718616464357614,22,CRC,0.144826037392717,0.015215356327615,0.0,0.298752320635833
GSE23878,CRC,GSM588851,0.810106147571723,0.0399444967164788,0.0350042960212555,0.114945059690542,23,CRC,3.2907512675893e-18,0.0470439844697762,0.119430050719731,0.390299965986706
GSE23878,CRC,GSM588852,0.717464242721385,0.0333216853527561,0.0440311171734008,0.205182954752458,24,CRC,0.0324683362573001,2.2149286753323902e-17,0.0540071317445187,0.785454361181901
GSE23878,CRC,GSM588853,0.862631628727603,0.0089822278920597,0.0260884143249322,0.102297729055405,25,CRC,0.131117640939986,0.0,0.0,0.539390274037895
GSE23878,CRC,GSM588854,0.828332231425354,0.0233614266220509,0.0208545011471431,0.127451840805452,26,CRC,0.0975809292287038,0.0,0.0590902671977088,0.672498585354567
GSE23878,CRC,GSM588855,0.780931707946485,0.0493567345327478,0.0323401336506283,0.137371423870138,27,CRC,0.12938999815455,0.0359022759044104,0.0447084078683768,0.542101427390063
GSE23878,CRC,GSM588856,0.822408714957464,0.0389004549601619,0.0339507739997673,0.104740056082607,28,CRC,0.119469593125449,1.1647521855422201e-17,0.0233226828751989,0.365684881345369
GSE23878,CRC,GSM588857,0.871102842186422,0.0137440295063479,0.0350978531605716,0.0800552751466587,29,CRC,0.0853414346214209,0.0,0.0,0.455223140588312
GSE23878,CRC,GSM588858,0.849562073646111,0.0102590499145778,0.039759899753274,0.100418976686037,30,CRC,1.08737401266689e-19,4.9691051179604094e-18,4.1097039432622596e-18,0.902051804045218
GSE23878,CRC,GSM588859,0.854675524243617,0.0283619256058218,0.0244340944709394,0.0925284556796214,31,CRC,0.13348618485885,8.67336171700917e-18,0.0117471331057915,0.417595091973206
GSE23878,CRC,GSM588860,0.835045444360855,0.0104555981778681,0.0468772080785612,0.107621749382715,32,CRC,0.108504995144171,1.0474199368300301e-17,9.183990961400359e-18,0.462069527176171
GSE23878,CRC,GSM588861,0.890815440309691,0.0073228542157136,0.0179239484066681,0.0839377570679273,33,CRC,0.138989109446153,0.0,4.603246201302281e-19,0.246763211037939
GSE23878,CRC,GSM588862,0.842472557274547,0.0209160467730776,0.03150705545063,0.105104340501746,34,CRC,0.0623710403842198,0.0,0.0769750894531637,0.67800469252381
GSE23878,CRC,GSM588863,0.798939096040858,0.012126849506094,0.040180359252309,0.148753695200739,35,CRC,0.10062049284301,2.12195621277869e-17,3.93394878438234e-21,0.963925219054828
GSE23878,CRC,GSM588864,0.831943840824418,0.0073689766183837,0.0213258786511753,0.139361303906022,36,CRC,0.082374883957001,0.0,1.0471454219763e-17,0.820267719722515
GSE23878,CRC,GSM588865,0.80559870732339,0.0160887611602538,0.0404962910675545,0.137816240448802,37,CRC,0.076195484194476,0.0,0.0,0.711432924691652
GSE23878,CRC,GSM588866,0.758582137991539,0.007425099644962,0.0293715349276993,0.2046212274358,38,CRC,0.0632459017735089,8.10408736545454e-18,0.0,1.03402242955461
GSE23878,CRC,GSM588867,0.874023162272497,0.0070018609199245,0.025122889788097,0.093852087019481,39,CRC,0.0,9.8549693867105e-18,3.6861084488445503e-19,0.954402999824679
GSE23878,CRC,GSM588868,0.696525320841388,0.0160956151484066,0.0384349528583245,0.248944111151881,40,CRC,1.6532538689449098e-18,0.0410594029204406,0.0,1.10325499039548
GSE23878,CRC,GSM588869,0.745125828215545,0.0114211634767977,0.0364287366291712,0.207024271678486,41,CRC,0.0554304975142703,0.0670516299227202,0.0018114147919165,0.967065074764697
GSE23878,CRC,GSM588870,0.821014147797654,0.0084923241059515,0.0329652961516776,0.137528231944717,42,CRC,0.0848529516101671,0.0458581936050849,0.0164850173941167,0.796486157445613
GSE23878,CRC,GSM588871,0.659512723781546,0.0128601818370025,0.0377157647699162,0.289911329611535,43,CRC,0.0603667887547603,0.0732087995423921,0.0300307088724368,1.13146007018805
GSE23878,CRC,GSM588872,0.795034743931601,0.0091611907869146,0.0443775447497365,0.151426520531748,44,CRC,1.29643729419451e-19,0.0398048317223056,0.0,1.00591601470325
GSE23878,CRC,GSM588873,0.787640130332186,0.0078487745856248,0.0246199409177478,0.179891154164441,45,CRC,0.0783295361667735,0.0,5.82825315640401e-19,0.841275765213512
GSE23878,CRC,GSM588874,0.754386966692967,0.0090618942121744,0.0358928258857771,0.200658313209082,46,CRC,0.0556708423296601,5.10400785720375e-18,0.0,1.01780525949084
GSE23878,CRC,GSM588875,0.763767289723339,0.0179809230037182,0.0374608918747344,0.180790895398208,47,CRC,0.0180101597740768,0.0,0.0069548910574788,0.739944565875152
GSE23878,CRC,GSM588876,0.803893513124798,0.0102241582837254,0.0438114799066242,0.142070848684852,48,CRC,0.104866784953098,0.0675987066390907,1.3516837249472902e-19,0.791768209246873
GSE23878,CRC,GSM588877,0.777723129636919,0.0077401303979242,0.0388778463218735,0.175658893643283,49,CRC,0.101767216091444,0.0,0.0,0.869190059729483
GSE23878,CRC,GSM588878,0.766842868916387,0.0100057159812291,0.0314562172227407,0.191695197879644,50,CRC,0.0967131802777819,0.0,0.0,0.902690147961341
GSE23878,CRC,GSM588879,0.782702201844507,0.0153178121067068,0.0528647769522917,0.149115209096495,51,CRC,0.0451106457323179,0.126917991306456,0.0934520892166229,0.777339390814994
GSE23878,CRC,GSM588880,0.732021140319034,0.0166746608369792,0.0426354730444606,0.208668725799527,52,CRC,0.0745408015978788,0.0678905681468416,0.0020092135270292,0.959608848429858
GSE23878,CRC,GSM588881,0.786064281274174,0.0256951995953724,0.0498519274438527,0.138388591686601,53,CRC,3.3684273397981e-19,0.313353927855074,0.0258062181828532,0.750427157396129
GSE23878,CRC,GSM588882,0.814269133733164,0.0114628150573445,0.0410057079285299,0.133262343280961,54,CRC,0.0947981499125404,0.0,0.0,0.904270434673035
GSE23878,CRC,GSM588883,0.818489876311878,0.0188880664172492,0.0395382695935879,0.123083787677285,55,CRC,0.0935844442964734,0.276925342904891,0.0500552979804229,0.584370162861923
GSE23878,CRC,GSM588884,0.829195213990406,0.01632040373797,0.0390582671915451,0.115426115080078,56,CRC,0.070730796792104,0.0138578876070881,0.0085580577952776,0.649462515957881
GSE23878,CRC,GSM588885,0.80398095787872,0.010772451251,0.0444725031822618,0.140774087688018,57,CRC,0.106890924702905,0.0,0.0172789096370265,0.716397884113303
GSE23878,CRC,GSM588886,0.776713436641456,0.0089446056566275,0.0368848045149472,0.17745715318697,58,CRC,0.111533875671251,5.01638392420664e-18,0.0179317678386775,0.620287568821602
GSE75214,IBD,GSM1426090,0.675310720853759,0.0134291566425656,0.107482061301054,0.203778061202621,0,IBD,0.466890122652642,0.0,0.132806410065947,0.567921375786491
GSE75214,IBD,GSM1426091,0.759433717888033,0.0107770819980638,0.0857678782102493,0.144021321903654,1,IBD,0.479999371838362,9.864435680895101e-18,0.0141550851733241,0.316612654379814
GSE75214,IBD,GSM1426092,0.769758130986946,0.0077105923714132,0.0773692112414272,0.145162065400214,2,IBD,0.473991674608741,0.0,0.0,0.324643155531234
GSE75214,IBD,GSM1426093,0.704563864265596,0.0208420942892487,0.101799086301189,0.172794955143966,3,IBD,0.465704549709217,9.495423717521689e-18,0.103652990987083,0.390090052910879
GSE75214,IBD,GSM1426094,0.237559039835502,0.100044184496802,0.294715709420962,0.367681066246734,4,IBD,9.446307923435699e-19,0.355765040990046,0.31730674887548,1.1519018091302
GSE75214,IBD,GSM1426095,0.396115858725208,0.0908231303418546,0.167593447859188,0.345467563073749,5,IBD,0.279100164187148,0.304187564720867,0.227718535105545,0.96335490483266
GSE75214,IBD,GSM1426096,0.65401418051308,0.0143531323644569,0.0878993333998804,0.243733353722582,6,IBD,0.439254878432234,0.0,0.0187540104629684,0.743266661771492
GSE75214,IBD,GSM1426097,0.552049484567083,0.0166208804694148,0.0977488976400887,0.333580737323414,7,IBD,0.413543347582094,0.0,0.0,0.918556063935969
GSE75214,IBD,GSM1426098,0.603878558784712,0.013869109847452,0.139172593534738,0.243079737833098,8,IBD,0.379698955305007,1.29817959167329e-18,0.0888846191526402,0.830782656440208
GSE75214,IBD,GSM1426099,0.66100400435266,0.0110604247874559,0.0730242568066995,0.254911314053184,9,IBD,0.490927355687783,0.0,0.113547490618757,0.465840593327312
GSE75214,IBD,GSM1426100,0.413574587306095,0.0298266878038272,0.0972828185370288,0.459315906353049,10,IBD,0.335763229595015,0.0880191076508306,0.135912439063724,0.963385735387694
GSE75214,IBD,GSM1426101,0.537954722004982,0.0193848472006983,0.150840570991769,0.291819859802551,11,IBD,0.421486330992747,0.0880188191432121,0.250662091531031,0.605788890241482
GSE75214,IBD,GSM1426102,0.699040295041352,0.0088144160343672,0.0726428248946327,0.219502464029648,12,IBD,0.48871656812197,7.23404895177512e-18,0.0319609671866034,0.49909717436172
GSE75214,IBD,GSM1426103,0.658477048334201,0.0160478752768679,0.078099206694529,0.247375869694402,13,IBD,0.485370795958628,0.0,0.0429092773318832,0.642891412606254
GSE75214,IBD,GSM1426104,0.610000577833298,0.0237599828970125,0.0784103760207508,0.287829063248938,14,IBD,0.433263962723005,4.52353157016916e-19,0.0653948444912034,0.75123211085491
GSE75214,IBD,GSM1426105,0.484405126149439,0.0237322511893159,0.103810212495015,0.38805241016623,15,IBD,0.347799801170148,0.0477590683254825,0.109031087642541,1.05644529954573
GSE75214,IBD,GSM1426106,0.767874739298582,0.0125170920375308,0.0669497789542703,0.152658389709617,16,IBD,0.479575278872887,3.92397473530446e-18,0.0717022319199437,0.233966675011225
GSE75214,IBD,GSM1426107,0.619109726245768,0.0150193832671611,0.082702075026623,0.283168815460448,17,IBD,0.450673902326697,0.0,0.074752471370121,0.673721840709276
GSE75214,IBD,GSM1426108,0.712732951247307,0.0113986872520695,0.0861391039318826,0.189729257568741,18,IBD,0.482993059464616,0.0,0.120575526601594,0.332894553341763
GSE75214,IBD,GSM1426109,0.673105012310779,0.0195957720420815,0.0962468240659916,0.211052391581148,19,IBD,0.465462286186002,0.0,0.141563490847649,0.463505271943626
GSE75214,IBD,GSM1426110,0.780510365783397,0.0096869981084186,0.0665285116809789,0.143274124427205,20,IBD,0.459844549957933,2.30709824033338e-17,0.0560179467657542,0.246194353871775
GSE75214,IBD,GSM1426111,0.694316253510384,0.011415967093271,0.0951502556420166,0.199117523754328,21,IBD,0.473092604514706,1.3808844355967701e-17,0.116173478566832,0.468873064900908
GSE75214,IBD,GSM1426112,0.696814845552092,0.0118972423719562,0.0973248161526171,0.193963095923335,22,IBD,0.464019158096647,0.0603730792329862,0.12807922292242,0.49747264748597
GSE75214,IBD,GSM1426113,0.650423463941948,0.0124735054016377,0.0816484592563518,0.255454571400062,23,IBD,0.434699811592273,0.0737421908215364,0.115185009845869,0.636021345417555
GSE75214,IBD,GSM1426114,0.502683575143854,0.0238543261382165,0.115015036053918,0.358447062664011,24,IBD,0.390795563370822,0.144825220007267,0.205257125478198,0.848774138532694
GSE75214,IBD,GSM1426115,0.542718160670062,0.0231906981104733,0.0962513811394367,0.337839760080028,25,IBD,0.398490757959244,0.111578518268246,0.150163273642411,0.795176708917646
GSE75214,IBD,GSM1426116,0.572946492692642,0.0206390184572473,0.101271439551951,0.30514304929816,26,IBD,0.387365135908286,0.15738702642337,0.165861438331833,0.963087662945249
GSE75214,IBD,GSM1426117,0.728468827125222,0.0117166722632866,0.0758045119556137,0.184009988655877,27,IBD,0.467837567507493,1.13073276116849e-17,0.0725576789314734,0.471165325909407
GSE75214,IBD,GSM1426118,0.569957596528122,0.0115386695073025,0.0867923640739359,0.33171136989064,28,IBD,0.38462955228946,0.0638561830292517,0.092807674372492,0.854646197009319
GSE75214,IBD,GSM1426119,0.60614784367397,0.0244564675725738,0.0974671203889391,0.271928568364517,29,IBD,0.390258264291173,0.116664383795083,0.112641278078852,0.813649028621713
GSE75214,IBD,GSM1426120,0.648864190243315,0.0138472997506706,0.0789280291106625,0.258360480895351,30,IBD,0.410957304339941,0.027554960850206,0.0480530360261389,0.727392760679302
GSE75214,IBD,GSM1426121,0.64911286008419,0.0164537522686194,0.130808288403425,0.203625099243765,31,IBD,0.42946323814766,0.036215576250866,0.219686251123732,0.570895333245505
GSE75214,IBD,GSM1426122,0.696028193737116,0.0117142042631767,0.0990348810879881,0.193222720911719,32,IBD,0.463720434754151,6.688105155230369e-18,0.0942622132407239,0.432788806769456
GSE75214,IBD,GSM1426123,0.651024622823764,0.0204130465623941,0.128825613501932,0.19973671711191,33,IBD,0.47146438886812,0.0,0.162744877594734,0.478763207105174
GSE75214,IBD,GSM1426124,0.624967359635014,0.0187593694056038,0.0900707446248152,0.266202526334567,34,IBD,0.397104120267451,0.0904552042499293,0.104459982642748,0.787280519795466
GSE75214,IBD,GSM1426125,0.638126364647648,0.0353261066489084,0.133409745579004,0.19313778312444,35,IBD,0.467053666420704,0.002559785836452,0.231910046528543,0.272217458278872
GSE75214,IBD,GSM1426126,0.370178747660733,0.0589059614527535,0.232512153277384,0.338403137609129,36,IBD,0.215445083175063,0.224272921129373,0.257300298810189,0.904670329421387
GSE75214,IBD,GSM1426127,0.669967372231972,0.0140927085861625,0.110826729317326,0.20511318986454,37,IBD,0.484269398430792,9.067940820581649e-18,0.192527342590257,0.353338650552887
GSE75214,IBD,GSM1426128,0.588238357062266,0.0414310476968867,0.128324070896747,0.2420065243441,38,IBD,0.433028420387666,0.0015718461781989,0.221257434454345,0.565620567592054
GSE75214,IBD,GSM1426129,0.608962357603748,0.0224587073885458,0.171187746865289,0.197391188142417,39,IBD,0.426552577774192,0.0213110685811104,0.296955950939853,0.409509804665509
GSE75214,IBD,GSM1426130,0.757489738072943,0.0133099809786295,0.0855378347377662,0.143662446210662,40,IBD,0.494234508622171,4.0255930015207904e-19,0.070764919857136,0.278028467644815
GSE75214,IBD,GSM1426131,0.433633347641098,0.0218537736261846,0.141209181392806,0.403303697339911,41,IBD,0.330643501643308,0.147955976931627,0.207237570093088,0.886850352001412
GSE75214,IBD,GSM1426132,0.416402532394782,0.0603050000279692,0.172667708562434,0.350624759014815,42,IBD,0.223775410384673,0.280729648648688,0.240201316307494,0.907691432540049
GSE75214,IBD,GSM1426133,0.694357265826428,0.0157577444351033,0.103004148852336,0.186880840886133,43,IBD,0.43981336098644,0.0276348885911993,0.174294517775206,0.391473078054312
GSE75214,IBD,GSM1426134,0.685194553329911,0.010438034994557,0.0774362785670941,0.226931133108438,44,IBD,0.453630553629815,0.0,0.0962164633305309,0.689367757959357
GSE75214,IBD,GSM1426135,0.701981914952308,0.0114660425338441,0.0847482645657569,0.201803777948091,45,IBD,0.444062866136827,2.22139019095533e-18,0.149570779674398,0.428209188040512
GSE75214,IBD,GSM1426136,0.716025276683515,0.0177242513890721,0.106294226463984,0.159956245463428,46,IBD,0.494744947923102,0.0,0.0551178235754872,0.314340077097485
GSE75214,IBD,GSM1426137,0.695157725428426,0.0133321908669005,0.10004191807797,0.191468165626704,47,IBD,0.48632321208524,4.8166868306593095e-18,0.055310792394475,0.418379024735055
GSE75214,IBD,GSM1426138,0.585864381288288,0.0640572781410721,0.109394444558728,0.240683896011912,48,IBD,0.460812220888947,0.0952456312133578,0.21690794733518,0.428572546300382
GSE75214,IBD,GSM1426139,0.480346562725556,0.0244106516520267,0.173722512974888,0.32152027264753,49,IBD,0.338579916890375,0.21233206242402,0.291612076003859,0.743261572068402
GSE75214,IBD,GSM1426140,0.568993047600745,0.0240120242336693,0.120285056012094,0.286709872153492,50,IBD,0.4660587610513,0.0284068742759991,0.188289329317359,0.617342109575848
GSE75214,IBD,GSM1426141,0.717813872973006,0.0106834534438843,0.106365016719976,0.165137656863134,51,IBD,0.469698826310167,0.0,0.172142602801327,0.342696588032537
GSE75214,IBD,GSM1426142,0.433850255518674,0.0758707442073907,0.136121117280435,0.354157882993499,52,IBD,0.312471218067362,0.207228861970142,0.266888107856178,0.857628274914985
GSE75214,IBD,GSM1426143,0.759109587230573,0.0087501237059067,0.0892663676559718,0.142873921407549,53,IBD,0.479972683991398,2.47355564321288e-18,0.0866960388054097,0.310982851874879
GSE75214,IBD,GSM1426144,0.677343836520278,0.0101509818913261,0.0858999114459924,0.226605270142404,54,IBD,0.469003412148937,0.0,2.0460290630132198e-18,0.558828421003028
GSE75214,IBD,GSM1426145,0.658422262276828,0.0177057043754189,0.10650306099515,0.217368972352603,55,IBD,0.427473697029311,0.208123029531204,0.173361901047349,0.590473290159745
GSE75214,IBD,GSM1426146,0.554336186759101,0.0223377167280701,0.183677285195946,0.239648811316883,56,IBD,0.420958427710409,0.0592285543385431,0.305599572660531,0.523845665535493
GSE75214,IBD,GSM1426147,0.688107188075547,0.0178899368977108,0.108846094215375,0.185156780811368,57,IBD,0.468249440692894,0.0808699274246174,0.210783490682137,0.267895880123416
GSE75214,IBD,GSM1426148,0.740445346500899,0.0176861495721084,0.0905656037641009,0.151302900162892,58,IBD,0.468263578168081,2.23103330828528e-19,0.0604505980171044,0.365146307705796
GSE75214,IBD,GSM1426149,0.702970224534817,0.0293718920160999,0.109497721648762,0.158160161800322,59,IBD,0.484338602552776,0.0002069303992631,0.187492101389413,0.215543422304367
GSE75214,IBD,GSM1426150,0.55569605553345,0.017569110416092,0.0964509877212045,0.330283846329254,60,IBD,0.443791880723856,2.96197906069766e-19,0.104502848138087,0.741475922862774
GSE75214,IBD,GSM1426151,0.692053776483528,0.017485579298187,0.108252050175452,0.182208594042833,61,IBD,0.469120025936757,0.0341399103212462,0.150153055903363,0.339687822185842
GSE75214,IBD,GSM1426152,0.548163283990285,0.0370772252883289,0.102830473508669,0.311929017212717,62,IBD,0.353960191116404,0.136610720412153,0.179134394306598,0.799359878719198
GSE75214,IBD,GSM1426153,0.638697271875306,0.0191491270266249,0.116029845812845,0.226123755285224,63,IBD,0.405339781301094,0.0071660108317458,0.154820818560051,0.700899128593183
GSE75214,IBD,GSM1426154,0.609821725888299,0.0131372798665711,0.0985206607570979,0.278520333488032,64,IBD,0.422529508618257,0.0,0.102481623564616,0.725373486683402
GSE75214,IBD,GSM1426155,0.767964697895322,0.0097162487288319,0.0677461209119196,0.154572932463927,65,IBD,0.493138107030872,1.07524790722831e-17,0.0031430716732961,0.308911254512051
GSE75214,IBD,GSM1426156,0.751116485354708,0.0178966953300953,0.0831550123858356,0.147831806929361,66,IBD,0.454475408122741,1.69066820281542e-18,0.0598849024630389,0.458210341591539
GSE75214,IBD,GSM1426157,0.740194673146968,0.0237210933642203,0.111606445584466,0.124477787904346,67,IBD,0.465839926737936,0.0,0.181215104484157,0.141315021699743
GSE75214,IBD,GSM1426158,0.141918449990911,0.0989494902051719,0.341764985730462,0.417367074073455,68,IBD,3.84540843210653e-18,0.168235734831816,0.265515250136727,1.15916243524267
GSE75214,IBD,GSM1426159,0.574011124092493,0.0185460842116632,0.105303008441895,0.302139783253949,69,IBD,0.434189404226728,0.0767228131194488,0.146736156110529,0.596759151534834
GSE75214,IBD,GSM1426160,0.503591982308036,0.0346387139099152,0.14470498138753,0.317064322394518,70,IBD,0.393381131544965,0.088953542718327,0.266247611185745,0.688158448193441
GSE75214,IBD,GSM1426161,0.687865292638376,0.016056451057981,0.114393203589388,0.181685052714255,71,IBD,0.474457024850659,0.0,0.10517877865838,0.358749016597298
GSE75214,IBD,GSM1426162,0.551062840179007,0.0307875214535256,0.155322127389362,0.262827510978105,72,IBD,0.380558340462017,0.0445633903599259,0.287883437276509,0.665159674071571
GSE75214,IBD,GSM1426163,0.62570873490606,0.0573874273833535,0.123399968646178,0.193503869064409,73,IBD,0.426004902445029,0.126933358225879,0.217419711741833,0.312609341129265
GSE75214,IBD,GSM1426164,0.72345213978046,0.0128032400275147,0.0672028924848742,0.196541727707152,74,IBD,0.457877998182873,0.0,0.0347679963663453,0.412308381528766
GSE75214,IBD,GSM1426165,0.771298924193988,0.0080244078537839,0.0864210572039836,0.134255610748244,75,IBD,0.47225872737889,0.0,0.0,0.302002661946236
GSE75214,IBD,GSM1426166,0.755529172469384,0.0050098178841389,0.0768135635517306,0.162647446094746,76,IBD,0.512281577730267,4.80517777685134e-18,0.0,0.231262511582872
GSE75214,IBD,GSM1426167,0.734824526068219,0.020952820309297,0.077844201987095,0.166378451635388,77,IBD,0.465834359925191,0.0587860874099982,0.0626402913209545,0.334817052081114
GSE75214,IBD,GSM1426168,0.749072673781054,0.0122505496317196,0.0788210649181743,0.159855711669052,78,IBD,0.463278865687895,0.0174937733030891,0.0750614834175641,0.300546294199156
GSE75214,IBD,GSM1426169,0.800099479250163,0.0051363518007432,0.0501580036606958,0.144606165288398,79,IBD,0.490714071917668,0.0,7.026079572012e-18,0.196257952639389
GSE75214,IBD,GSM1426170,0.729635744674888,0.0131047941257814,0.0922984661641818,0.164960995035149,80,IBD,0.481936622354038,0.0850220963078508,0.0897559820634724,0.270316325550317
GSE75214,IBD,GSM1426171,0.808121719105444,0.0054543208455402,0.0622203067671934,0.124203653281822,81,IBD,0.496780776991652,0.0,0.0005290885060576,0.233411268640856
GSE75214,IBD,GSM1426172,0.789638589614153,0.0080439548343567,0.0638235507677365,0.138493904783754,82,IBD,0.493399262994341,0.0,0.0293138798313112,0.102132203328307
GSE75214,IBD,GSM1426173,0.797708880176771,0.0061216319687061,0.0578717182548707,0.138297769599652,83,IBD,0.502458818752427,0.0,0.0101900362170519,0.163214199501375
GSE75214,IBD,GSM1426174,0.745220126148459,0.0097501167437271,0.0545029354615095,0.190526821646304,84,IBD,0.470427971854676,4.28557091374032e-19,0.0411094862459219,0.425124659931627
GSE75214,IBD,GSM1426175,0.779515336584735,0.0072317986378635,0.0645369956751216,0.14871586910228,85,IBD,0.473899084935604,0.0523948830712406,0.0,0.409255972750696
GSE75214,IBD,GSM1426176,0.775860167452401,0.0108872332982049,0.06206862314334,0.151183976106054,86,IBD,0.434320196315556,0.190638894361229,0.0103499097476249,0.428127351762269
GSE75214,IBD,GSM1426177,0.745803464269061,0.0092961965742981,0.0693239580988229,0.175576381057818,87,IBD,0.46965412628155,0.058992854829115,8.51607391749515e-20,0.45738460988564
GSE75214,IBD,GSM1426178,0.75419391480042,0.0093989366751088,0.0792105353235512,0.15719661320092,88,IBD,0.443975789687093,0.230660001667686,0.0955113487852915,0.395802086339507
GSE75214,IBD,GSM1426179,0.752385293296913,0.0072522521694026,0.0623419557457476,0.178020498787936,89,IBD,0.455884137892437,1.2360297157364e-17,0.0,0.460550139472434
GSE75214,IBD,GSM1426180,0.736651272386406,0.0113017242559304,0.0713317319402837,0.18071527141738,90,IBD,0.425150417680766,0.146109102658563,0.021217483911612,0.543255196856525
GSE75214,IBD,GSM1426181,0.787805060170841,0.00944575541196,0.0671289225352173,0.135620261881982,91,IBD,0.457218051686464,0.0748156642980004,0.0003084858581075,0.420669630174346
GSE75214,IBD,GSM1426182,0.788581119440611,0.0108438866298303,0.0681042671887519,0.132470726740807,92,IBD,0.428612564351971,0.19272542001384,0.0837565722988816,0.203452659905513
GSE75214,IBD,GSM1426183,0.787839074233002,0.0080005267968742,0.0627615522913573,0.141398846678766,93,IBD,0.475105917086253,0.0859315625905886,5.80601308247228e-19,0.421621096803959
GSE75214,IBD,GSM1426184,0.80450214211563,0.0052784716492501,0.0448094331838203,0.145409953051299,94,IBD,0.470991299703602,0.0186158419442017,0.0123578338232395,0.367568872618946
GSE75214,IBD,GSM1426185,0.765397276273063,0.0068725899260385,0.0618724459102429,0.165857687890656,95,IBD,0.451206990279591,0.0298941632556946,1.37643964812203e-18,0.45501609784903
GSE75214,IBD,GSM1426186,0.694693675617799,0.0230137674754507,0.106212471961743,0.176080084945007,96,IBD,0.454244403342145,0.0888745067582092,0.167487212642693,0.353244589398778
GSE87473,IBD,GSM2332079,0.774827231610542,0.0047876438781535,0.0543916987559489,0.165993425755356,0,IBD,0.410148383502923,4.38546965700598e-18,1.91590345425773e-17,0.350083828364216
GSE87473,IBD,GSM2332080,0.691775999861809,0.007761349033675,0.0631493374932264,0.23731331361129,1,IBD,0.378767028637983,0.0,0.0,0.507102693523416
GSE87473,IBD,GSM2332081,0.764038903104741,0.002945822928206,0.107239958310638,0.125775315656415,2,IBD,0.430577629004561,1.12315410634092e-16,0.0,0.247811949312697
GSE87473,IBD,GSM2332082,0.676941833441461,0.0087654296148782,0.0464471757528835,0.267845561190777,3,IBD,0.409398774426874,0.0,0.0018996673610504,0.473122670414631
GSE87473,IBD,GSM2332083,0.615497755306094,0.0195409816608026,0.0824895460298415,0.282471717003262,4,IBD,0.370286861965303,0.171086603215012,0.171765319889609,0.681938802110795
GSE87473,IBD,GSM2332084,0.723542944708115,0.0109784639779988,0.0574863071947331,0.207992284119154,5,IBD,0.399752023872738,0.0368437204805027,0.0,0.595361589673818
GSE87473,IBD,GSM2332085,0.76795697004203,0.0127803918587531,0.0624087886801725,0.156853849419044,6,IBD,0.372149892156926,0.0679583416039697,0.126115915099774,0.3760613575227
GSE87473,IBD,GSM2332086,0.664379777638458,0.0170235208353743,0.0855641687972568,0.233032532728911,7,IBD,0.372570219345741,0.143795119857752,0.137114904139923,0.637268771734639
GSE87473,IBD,GSM2332087,0.45107311287369,0.0500541511355273,0.190391755639816,0.308480980350967,8,IBD,0.256691980975002,0.360185228166137,0.315555531525212,0.699892119727561
GSE87473,IBD,GSM2332088,0.680154228656848,0.0141242171171447,0.0816325699572154,0.224088984268792,9,IBD,0.347994167487712,0.127888251679632,0.152947027637119,0.611840241009805
GSE87473,IBD,GSM2332089,0.784600693381805,0.0091266908503328,0.0496080037945156,0.156664611973347,10,IBD,0.398300391429284,0.0,0.0618980220235252,0.400959096919399
GSE87473,IBD,GSM2332090,0.736016979060009,0.0170509393957871,0.0823802102755301,0.164551871268673,11,IBD,0.384779417434379,0.215679436444084,0.183587486353263,0.298260952065508
GSE87473,IBD,GSM2332091,0.751334565772539,0.011755360051544,0.0740390611465742,0.162871013029343,12,IBD,0.411391934447601,0.0755426804578485,0.136377084741578,0.374541092732922
GSE87473,IBD,GSM2332092,0.806899366356619,0.0042584291470287,0.0530119362550104,0.135830268241342,13,IBD,0.431444898187559,0.0089771951159454,0.0238907877312827,0.234760668339667
GSE87473,IBD,GSM2332093,0.767988490458881,0.0087863696388718,0.0466084709063536,0.176616668995894,14,IBD,0.381521224556261,0.0,0.0,0.49142015745056
GSE87473,IBD,GSM2332094,0.742694019669744,0.00799124376392,0.0571850939141842,0.192129642652152,15,IBD,0.419956086390769,0.0,0.0109600010550477,0.484118238099255
GSE87473,IBD,GSM2332095,0.78987575489148,0.0073998411724618,0.0404510391193352,0.162273364816723,16,IBD,0.38442554966952,1.09235227578077e-17,1.2015091557578299e-18,0.428384176064828
GSE87473,IBD,GSM2332096,0.587810451144427,0.0193821793607332,0.0873181677237174,0.305489201771122,17,IBD,0.317815386923452,0.191816927645015,0.171062857099794,0.727845449270665
GSE87473,IBD,GSM2332097,0.673164049129339,0.0078491783880062,0.0469278084208307,0.272058964061824,18,IBD,0.376202843540335,4.479084097239e-19,4.5935581252224e-19,0.604052390324891
GSE87473,IBD,GSM2332098,0.772322129326892,0.0088701575733526,0.0647533262567935,0.154054386842962,19,IBD,0.370439296631412,3.84314719837178e-18,0.0894420525427745,0.413567355113059
GSE87473,IBD,GSM2332099,0.812275800754851,0.0058182020415157,0.0455953770704121,0.136310620133221,20,IBD,0.314762694170515,0.0,0.0274592831173288,0.733818530912594
GSE87473,IBD,GSM2332100,0.761045887214939,0.0074853534609125,0.0509434710674701,0.180525288256678,21,IBD,0.33504404685754,1.55135711216197e-18,0.0629439879478258,0.606020595218196
GSE87473,IBD,GSM2332101,0.805256189393136,0.0092851226582002,0.035554767370255,0.149903920578409,22,IBD,0.324910313428782,0.0021762196991216,0.0260920685905795,0.569059205434115
GSE87473,IBD,GSM2332102,0.81882839198446,0.0101263608305932,0.0621514195125848,0.108893827672362,23,IBD,0.371007968489088,0.04695063726954,0.136868985369522,0.188250512677272
GSE87473,IBD,GSM2332103,0.787210523693414,0.008901129647903,0.0598260549283149,0.144062291730368,24,IBD,0.369463992769794,0.0,0.0956859296182108,0.251934026472885
GSE87473,IBD,GSM2332104,0.803228594521546,0.010597370598621,0.0723969713608844,0.113777063518948,25,IBD,0.363867881008751,0.0,0.0819696454250608,0.259516371973516
GSE87473,IBD,GSM2332105,0.781021973077012,0.0074702211653788,0.0711218995332582,0.140385906224351,26,IBD,0.377409792112957,0.0,0.0661080342578262,0.415565023890954
GSE87473,IBD,GSM2332106,0.732359148447594,0.0098660755284489,0.0857188594333213,0.172055916590636,27,IBD,0.356653916531329,0.0,0.124026370111632,0.401538875997717
GSE87473,IBD,GSM2332107,0.785216633090195,0.0088279331841812,0.0637561999331641,0.14219923379246,28,IBD,0.375205983541259,9.509775026852409e-18,0.103077938463939,0.304794329964269
GSE87473,IBD,GSM2332108,0.781824450856174,0.0096940013992938,0.0424301316357471,0.166051416108785,29,IBD,0.288635027013009,3.3735735659969898e-18,0.014403306145193,0.772969406889919
GSE87473,IBD,GSM2332109,0.793410649953601,0.0084263422026305,0.0632188839380646,0.134944123905704,30,IBD,0.351079022338584,0.0,0.0337730310201346,0.449836976655781
GSE87473,IBD,GSM2332110,0.819354507922349,0.0081948690664538,0.0469221577631956,0.125528465248002,31,IBD,0.358826106849993,0.0365188386109476,0.0389545404355641,0.561171181471724
GSE87473,IBD,GSM2332111,0.744055824404752,0.0073618094762064,0.0730695784926194,0.175512787626422,32,IBD,0.325338816172959,0.0096127018943876,0.041047661893571,0.68748706063243
GSE87473,IBD,GSM2332112,0.796535184356374,0.0083928098565293,0.0561828258040175,0.138889179983079,33,IBD,0.350871979332548,0.0963070339704262,0.0949011266029692,0.229825992993979
GSE87473,IBD,GSM2332113,0.820812924535679,0.0062746681332677,0.0402115621426953,0.132700845188357,34,IBD,0.338527497480854,0.0817646942176262,0.0255646140724378,0.531472358448228
GSE87473,IBD,GSM2332114,0.825661218922301,0.0089248334500067,0.0358529478960655,0.129560999731627,35,IBD,0.327354503507253,0.0452886405542869,0.0781302786343665,0.389529379947875
GSE87473,IBD,GSM2332115,0.802257774223445,0.0089033742562562,0.0760748213276238,0.112764030192675,36,IBD,0.384470912419379,0.0,0.104847586926017,0.166740100367638
GSE87473,IBD,GSM2332116,0.804666200421164,0.0070494117336369,0.0441670883468007,0.144117299498399,37,IBD,0.335279386861988,0.0,0.0506042135787625,0.539175583246248
GSE87473,IBD,GSM2332117,0.800601321766208,0.0078648864340964,0.0467474274492395,0.144786364350456,38,IBD,0.357509679515616,1.3002285674175401e-17,0.0623254172308643,0.396330331733516
GSE87473,IBD,GSM2332118,0.858119030245171,0.0062579526212506,0.0354749042309826,0.100148112902596,39,IBD,0.331202195529255,1.5968767753535199e-18,0.0450687699724391,0.349844166258716
GSE87473,IBD,GSM2332119,0.629052960426979,0.0127684335064938,0.0561304627220595,0.302048143344467,40,IBD,0.257881275416157,0.0542226670001749,0.0837152694620732,1.07499907667475
GSE87473,IBD,GSM2332120,0.676016470813616,0.0193762802152694,0.0790968868465991,0.225510362124516,41,IBD,0.295369725894723,0.0940727074443917,0.184141015872498,0.835459686276393
GSE87473,IBD,GSM2332121,0.721165671002927,0.0112912119857889,0.0770246572022,0.190518459809084,42,IBD,0.345817616223346,0.0,0.147561462867302,0.553242004818916
GSE87473,IBD,GSM2332122,0.664202274780426,0.0128236220507761,0.0927000634790223,0.230274039689776,43,IBD,0.315551802023788,0.0074625256393049,0.160154802251546,0.732532285064623
GSE87473,IBD,GSM2332123,0.656600489652796,0.0124974459170019,0.0653024246105545,0.265599639819647,44,IBD,0.299892742569509,2.78296402407271e-18,0.11740370356432,0.724485023865766
GSE87473,IBD,GSM2332124,0.697991675152597,0.0147358134253251,0.0778521159877578,0.20942039543432,45,IBD,0.332549678538463,0.138767512148891,0.180978654077194,0.682725614902694
GSE87473,IBD,GSM2332125,0.75798079004072,0.008255993014814,0.0576994080514046,0.176063808893061,46,IBD,0.346208616862883,0.0644805491705857,0.0894216376802832,0.488022196927402
GSE87473,IBD,GSM2332126,0.709944571860073,0.0118918588418669,0.0717254718814994,0.206438097416561,47,IBD,0.326425105446147,0.0227968365414391,0.150331447786338,0.770217142075426
GSE87473,IBD,GSM2332127,0.818062450901805,0.0087968314331579,0.0589718358770563,0.114168881787981,48,IBD,0.334961590193812,0.0117326761324594,0.138441944450963,0.523286431203747
GSE87473,IBD,GSM2332128,0.437935025606356,0.0152456464629775,0.0753008275150556,0.471518500415611,49,IBD,0.175725992200973,0.0567756902073618,0.137553304230744,1.27516339998011
GSE87473,IBD,GSM2332129,0.770399153706546,0.0101716052833093,0.0656077510552275,0.153821489954917,50,IBD,0.373815819615288,0.109219137368848,0.110133750510909,0.505668362410734
GSE87473,IBD,GSM2332130,0.618547966984073,0.019535258373288,0.0701692785870542,0.291747496055585,51,IBD,0.30150881058094,0.134452396622726,0.176017864061007,0.91082551241379
GSE87473,IBD,GSM2332131,0.722255132910199,0.0109477771973852,0.0569110389096873,0.209886050982729,52,IBD,0.344872654767318,0.0,0.146638103920474,0.718257251226042
GSE87473,IBD,GSM2332132,0.78204066957689,0.0091691901488623,0.0620861564747858,0.146703983799462,53,IBD,0.363620223626068,0.005632162105116,0.141020685156519,0.370479707771749
GSE87473,IBD,GSM2332133,0.624542719469653,0.0192351162804014,0.0804840567646516,0.275738107485294,54,IBD,0.280219702979907,0.125682230074894,0.181519506812096,0.895590265947535
GSE87473,IBD,GSM2332134,0.713995757640769,0.0114368151757834,0.071689854387496,0.202877572795952,55,IBD,0.342125419830762,1.25382659222635e-18,0.176069901502974,0.652901054681376
GSE87473,IBD,GSM2332135,0.564306017237727,0.0143631833456317,0.0890826369672427,0.332248162449399,56,IBD,0.263405870776187,0.0252019365980212,0.193681947291713,1.08493281754184
GSE87473,IBD,GSM2332136,0.779114571799829,0.0107200743115752,0.0545657548593362,0.15559959902926,57,IBD,0.354922045091511,0.0645113810358064,0.127238568967151,0.410337351553912
GSE87473,IBD,GSM2332137,0.711822631880976,0.0168575581294777,0.0712409645969855,0.20007884539256,58,IBD,0.28464040903011,0.182685128901644,0.151082719430567,0.860717588382381
GSE87473,IBD,GSM2332138,0.694576235440107,0.0160966512145104,0.0660782678117955,0.223248845533587,59,IBD,0.316617595166499,0.0748274047771114,0.146726279943885,0.856940327871972
GSE87473,IBD,GSM2332139,0.714939602715316,0.0104487627927129,0.0693822454707374,0.205229389021234,60,IBD,0.290924773883784,0.0,0.140414413651873,0.773693658878131
GSE87473,IBD,GSM2332140,0.66174428399416,0.0103721630059658,0.0435905755728487,0.284292977427026,61,IBD,0.278922253326155,0.0056266110133931,0.0795748490549772,0.935223409157247
GSE87473,IBD,GSM2332141,0.582538337630615,0.0153498883113959,0.0690655012471354,0.333046272810853,62,IBD,0.285212817696035,0.117722176333956,0.130741908726405,1.00944150349532
GSE87473,IBD,GSM2332142,0.58542556738819,0.0195603847551565,0.0915334845065785,0.303480563350075,63,IBD,0.24258541726631,0.0626860804979706,0.215750518605554,0.953492481277729
GSE87473,IBD,GSM2332143,0.66645235037979,0.0173187059144373,0.0738009160144347,0.242428027691338,64,IBD,0.336542744098394,0.0259860361327706,0.153291565802885,0.622407239230514
GSE87473,IBD,GSM2332144,0.0681358584848431,0.0264799967888378,0.123641767539966,0.781742377186353,65,IBD,1.07141329815042e-17,0.163462142274421,0.219099732515959,1.28753716614797
GSE87473,IBD,GSM2332145,0.595812068431739,0.0282183629167869,0.101158476551202,0.274811092100273,66,IBD,0.278717197087832,0.0861700793061238,0.231800303335702,0.906007734972861
GSE87473,IBD,GSM2332146,0.824108086910926,0.0107040466217353,0.0375207825256433,0.127667083941696,67,IBD,0.349315627283285,0.106838354445233,0.0739539914067259,0.425220325545087
GSE87473,IBD,GSM2332147,0.677471290242481,0.0140381264665856,0.0662396489621692,0.242250934328765,68,IBD,0.319829363865762,0.0275622017501317,0.127347103132587,0.881240623117552
GSE87473,IBD,GSM2332148,0.658691503433581,0.0159285137944243,0.0899899282025965,0.235390054569399,69,IBD,0.308551350593466,0.0,0.187268504069134,0.757242891486593
GSE87473,IBD,GSM2332149,0.825493264347945,0.0096417655166215,0.051139847094783,0.113725123040651,70,IBD,0.360866976562031,0.026996912853961,0.0884143504918808,0.335214401543505
GSE87473,IBD,GSM2332150,0.746722597093393,0.0171519412041998,0.0685112485212726,0.167614213181135,71,IBD,0.342015647901558,0.114848521756542,0.173773302997445,0.599026639510993
GSE87473,IBD,GSM2332151,0.804737740793339,0.0139620176882199,0.0625884256086677,0.118711815909774,72,IBD,0.3842574252251,0.0538458481395562,0.158549141553341,0.259201700725129
GSE87473,IBD,GSM2332152,0.3826444578317,0.0310370631971714,0.10277096788349,0.483547511087639,73,IBD,0.208391619085258,0.126195793141301,0.218054836972108,1.05513925657382
GSE87473,IBD,GSM2332153,0.703033715068995,0.0169010983831975,0.0876352949076033,0.192429891640204,74,IBD,0.326446140056549,0.0383456707382169,0.204412516771223,0.643830407102637
GSE87473,IBD,GSM2332154,0.673422498207037,0.015592540618409,0.0711449632075841,0.23983999796697,75,IBD,0.313164710979494,0.0239666531519716,0.19382662396273,0.824683437904337
GSE87473,IBD,GSM2332155,0.652380178016867,0.0182544538855882,0.0790921746695214,0.250273193428023,76,IBD,0.326910112350612,0.0,0.169672034268206,0.699122781771534
GSE87473,IBD,GSM2332156,0.663961840003278,0.0173773340931691,0.0736799845919119,0.244980841311641,77,IBD,0.304731591785625,0.0614863558238069,0.141021895892131,0.87080595138932
GSE87473,IBD,GSM2332157,0.599990833648086,0.0172987911648413,0.0785806756416404,0.304129699545433,78,IBD,0.291813126050977,0.0252450828698897,0.176631404903096,1.03405459796622
GSE87473,IBD,GSM2332158,0.474271430542841,0.0250612228889223,0.131191225460734,0.369476121107503,79,IBD,0.150666393786257,0.154530794015287,0.228341203395994,1.15953770594823
GSE87473,IBD,GSM2332159,0.540994072088958,0.0154439382140932,0.0762894596531956,0.367272530043753,80,IBD,0.256174258997664,0.0,0.155680682086141,1.04698677987928
GSE87473,IBD,GSM2332160,0.730010527917094,0.0119988901001889,0.0757036660329098,0.182286915949807,81,IBD,0.338444525768397,0.0,0.136103562734435,0.773789860831919
GSE87473,IBD,GSM2332161,0.488534539276019,0.0181216230669479,0.119968383578998,0.373375454078035,82,IBD,0.190410510620615,0.107912025953703,0.230997832142195,1.1623295004364
GSE87473,IBD,GSM2332162,0.56824186848372,0.0187194541963892,0.085611532086099,0.327427145233791,83,IBD,0.247055920845947,0.0457865350591788,0.184859655292911,1.09304235132758
GSE87473,IBD,GSM2332163,0.541377428631237,0.0202827867931565,0.121443216246643,0.316896568328964,84,IBD,0.252718234538244,0.0954076555054327,0.235272065822852,1.01859095662006
GSE87473,IBD,GSM2332164,0.486222287513567,0.0143645397747526,0.153086054057562,0.346327118654119,85,IBD,0.179283959136607,0.0385924140979838,0.254150053469412,1.0739089365539
GSE87473,IBD,GSM2332165,0.525700265842922,0.0164323286441652,0.0755077245359424,0.38235968097697,86,IBD,0.233942726085133,1.4678822348914599e-18,0.145990438974871,1.13991590506817
GSE87473,IBD,GSM2332166,0.742987883786006,0.0107728584083763,0.0572293597574798,0.189009898048138,87,IBD,0.307652790642521,0.0,0.124239250206533,0.771578884703769
GSE87473,IBD,GSM2332167,0.626345452083811,0.0131277223946473,0.0836892116566682,0.276837613864873,88,IBD,0.271397822358705,0.0598644303454975,0.136961196594559,1.06939191881059
GSE87473,IBD,GSM2332168,0.682683170352567,0.0099395442772545,0.0970013120324566,0.210375973337722,89,IBD,0.366639928543639,0.0101368799679994,0.236999389057459,0.589575286705375
GSE87473,IBD,GSM2332169,0.737136749260733,0.011490439859953,0.0711501711459474,0.180222639733366,90,IBD,0.323594465896842,0.0424675492176273,0.166976132862993,0.714067760329679
GSE87473,IBD,GSM2332170,0.711581990540694,0.0145916594270059,0.0867144505138435,0.187111899518457,91,IBD,0.3205015110159,0.0,0.188305277902129,0.665180130754277
GSE87473,IBD,GSM2332171,0.531553152694553,0.024706332088192,0.157470849892559,0.286269665324696,92,IBD,0.213748029642903,0.119638714903473,0.319257581516383,0.884788050096091
GSE87473,IBD,GSM2332172,0.772064731389512,0.0099906393124249,0.074752809226045,0.143191820072018,93,IBD,0.384323742934148,0.0602971973980698,0.199321533468347,0.382308644804161
GSE87473,IBD,GSM2332173,0.806187354845404,0.0097505749192216,0.054567785319685,0.129494284915689,94,IBD,0.369169457576191,0.0450127706422227,0.122296294056677,0.406179729472864
GSE87473,IBD,GSM2332174,0.566641157952695,0.0217156384888223,0.118131337200032,0.29351186635845,95,IBD,0.175800197923318,0.18173870646091,0.238903787997866,1.08797798235117
GSE87473,IBD,GSM2332175,0.733930090386852,0.0074969292392166,0.0551838084936055,0.203389171880325,96,IBD,0.344844387468873,0.0003161855118381,0.154044344374162,0.569198329461465
GSE87473,IBD,GSM2332176,0.718261113664186,0.0107594466951341,0.0771724814955877,0.193806958145092,97,IBD,0.319348259834673,3.4367179299674103e-19,0.147459542883052,0.741475042519042
GSE87473,IBD,GSM2332177,0.777452169384519,0.0093462063693208,0.0544171828917126,0.158784441354447,98,IBD,0.344630521370682,3.52281913892916e-19,0.132797370080384,0.61217544984925
GSE87473,IBD,GSM2332178,0.574671234682794,0.0149850105719726,0.143961764181922,0.266381990563311,99,IBD,0.267206085804495,0.129368252562075,0.270582668226838,0.802509246009954
GSE87473,IBD,GSM2332179,0.594824542434756,0.0173458117154123,0.0781807400465861,0.309648905803245,100,IBD,0.237800158633556,0.0520031169090458,0.158040555446964,0.969848959215742
GSE87473,IBD,GSM2332180,0.788761149353326,0.010471247304959,0.0616873788027889,0.139080224538926,101,IBD,0.342726964722173,0.0521214760303318,0.120853293173889,0.48689288305717
GSE87473,IBD,GSM2332181,0.666632396392419,0.0114339897190881,0.0523020819038275,0.269631531984666,102,IBD,0.270659572614155,0.0,0.034655546451666,0.981977796392188
GSE87473,IBD,GSM2332182,0.606831413160329,0.0158762668636039,0.0784270304611756,0.298865289514891,103,IBD,0.248166043686182,0.0634128106559969,0.16142267216902,1.01058222446111
GSE87473,IBD,GSM2332183,0.627357095817831,0.0143246149124451,0.0943371790467569,0.263981110222967,104,IBD,0.22680738494761,0.177304182698746,0.160590637765074,1.04432127538106
GSE87473,IBD,GSM2332184,0.722118384116252,0.0104819012509493,0.05940578867869,0.207993925954108,105,IBD,0.324382867672788,0.0491349515930247,0.107158637056834,0.727713513842463
GSE87473,IBD,GSM2332185,0.659657361237058,0.0156694104902503,0.0808133929700509,0.24385983530264,106,IBD,0.303441583632607,0.0710895627786781,0.187068190730911,0.839144731101297
GSE87473,IBD,GSM2332186,0.712491734448371,0.0207160360212558,0.0783068290522623,0.188485400478111,107,IBD,0.289997408509921,0.144416919918452,0.168734676040335,0.654958794713088
GSE87473,IBD,GSM2332187,0.651578913730381,0.0132790461693878,0.0857614890257868,0.249380551074444,108,IBD,0.294646498976896,0.0499760421019803,0.123903259800695,0.83706524414835
GSE87473,IBD,GSM2332188,0.744882679624906,0.012388229193515,0.0790863179330283,0.16364277324855,109,IBD,0.354269899739633,1.10575194338522e-18,0.18087060935212,0.495303267711974
GSE87473,IBD,GSM2332189,0.682242313753054,0.010869218181656,0.0844421307103089,0.222446337354981,110,IBD,0.277093653882758,0.0579099728371275,0.179375425355507,0.781634082409763
GSE87473,IBD,GSM2332190,0.761207041827272,0.0156336816129511,0.0664883028316654,0.156670973728112,111,IBD,0.338730198785365,4.8808771326366906e-20,0.163293844161489,0.505114254506359
GSE87473,IBD,GSM2332191,0.669555766838406,0.0125199630615622,0.0777803475101574,0.240143922589875,112,IBD,0.289153024722478,0.05963300474338,0.108099983802332,0.902336805592074
GSE87473,IBD,GSM2332192,0.726523060985589,0.0123766041748294,0.0664771294868605,0.194623205352722,113,IBD,0.329412447969248,0.0,0.129387128482804,0.641652136563569
GSE87473,IBD,GSM2332193,0.638436192884935,0.0109234829673881,0.0587235986645655,0.291916725483112,114,IBD,0.314085459227391,0.0115709374387148,0.138695374711468,0.786304271805396
GSE87473,IBD,GSM2332194,0.641731009783895,0.0229678656435083,0.110910040915918,0.224391083656678,115,IBD,0.272918160668684,0.160030062145139,0.222245645744902,0.895096626198292
GSE87473,IBD,GSM2332195,0.547141501308062,0.0158143228136481,0.083965464129765,0.353078711748525,116,IBD,0.260661733191605,0.0187223036166519,0.182821419972264,0.918321289975928
GSE87473,IBD,GSM2332196,0.718691989973845,0.011449216328952,0.0754099878611952,0.194448805836008,117,IBD,0.276953918934106,0.0,0.0545671559250284,1.02290760664337
GSE87473,IBD,GSM2332197,0.774026484783949,0.011669422031464,0.066636008395433,0.147668084789153,118,IBD,0.354642377854073,0.0673592209839587,0.119365075072039,0.550211476545348
GSE87473,IBD,GSM2332198,0.564927359801709,0.0153991064298928,0.0744551953268422,0.345218338441556,119,IBD,0.23393587952989,0.084492552495403,0.156947478403017,1.06430442280973
GSE87473,IBD,GSM2332199,0.708648981436061,0.0091840391402824,0.0461085294640089,0.236058449959647,120,IBD,0.266384184450475,0.0,0.0096409504110568,1.02850857575552
GSE87473,IBD,GSM2332200,0.634019164419136,0.0129106060391929,0.0666792956268946,0.286390933914777,121,IBD,0.327699148921794,0.0,0.185284730493598,0.746996758698893
GSE87473,IBD,GSM2332201,0.392805557030733,0.0306499427891306,0.10889604594562,0.467648454234516,122,IBD,0.178311003248358,0.107846598201712,0.242662763798764,1.00771837577894
GSE87473,IBD,GSM2332202,0.551139070544467,0.0152968031998787,0.141844024808992,0.291720101446662,123,IBD,0.237508672298737,0.160151285806864,0.246973580089452,1.03365257373041
GSE87473,IBD,GSM2332203,0.704575134527652,0.0163867212506178,0.0685408991400347,0.210497245081695,124,IBD,0.338113188652825,0.0,0.15536800003977,0.689088478382485
GSE87473,IBD,GSM2332204,0.616831907578158,0.0138822504951952,0.074380475836993,0.294905366089654,125,IBD,0.29738937618893,3.5717397162766195e-18,0.119140288272731,0.834957390055224
GSE87473,IBD,GSM2332205,0.666010816279078,0.0150123038351915,0.0988234588489676,0.220153421036763,126,IBD,0.311842209703143,0.114446912823144,0.201605316913605,0.778521914586316
GSE179285,IBD,GSM5413223,0.494591225658694,0.0266700293443943,0.198182883939062,0.280555861057849,0,IBD,0.0860158036671555,9.5397872415942e-18,0.0697962406195065,0.616995070252199
GSE179285,IBD,GSM5413224,1.23462987459344e-05,0.0576172412137987,0.41310135431581,0.529269058171645,1,IBD,0.0627630962987377,3.80569681498699e-18,0.16548735448842,1.04276221408651
GSE179285,IBD,GSM5413225,3.23946881770918e-05,0.0382578173325634,0.342725744209712,0.618984043769548,2,IBD,0.0677420745468428,0.0,0.118209233393349,1.00862113153599
GSE179285,IBD,GSM5413226,0.387524392762652,0.0788808386633553,0.323268476163953,0.21032629241004,3,IBD,0.0752906707087723,0.0,0.182230708598482,0.460282598656997
GSE179285,IBD,GSM5413227,0.439056746174063,0.0228278221189804,0.231450923453408,0.306664508253549,4,IBD,0.100108745844113,0.00759333034286,0.140748691332071,0.5587253750783
GSE179285,IBD,GSM5413228,0.227178746848248,0.0319671106471217,0.296709014416218,0.444145128088412,5,IBD,0.0755187102162865,1.12371731688094e-17,0.134128572510162,0.838782141352886
GSE179285,IBD,GSM5413229,0.387405044931242,0.0435759655906177,0.228937384539105,0.340081604939035,6,IBD,0.0559674406090981,0.0,0.0635591472703789,0.837748292134307
GSE179285,IBD,GSM5413230,0.362169684141213,0.0415019707518961,0.287134892105207,0.309193453001684,7,IBD,0.0981476791857771,0.0,0.142306707898144,0.686771176196749
GSE179285,IBD,GSM5413231,7.93324271960218e-09,0.0340122252988817,0.491147485789527,0.474840280978348,8,IBD,0.0404385081426104,1.278933190478e-18,0.241511576346459,0.976100761924488
GSE179285,IBD,GSM5413232,0.413085383426222,0.019435161587107,0.212592921190086,0.354886533796584,9,IBD,0.0456484239586998,0.0,0.0071168898558054,0.722766578198846
GSE179285,IBD,GSM5413233,0.180556799201654,0.0710239444953789,0.466129304190134,0.282289952112833,10,IBD,1.63368712340834e-18,0.119986252753675,0.237003506686087,0.383309932711171
GSE179285,IBD,GSM5413234,0.49146184212795,0.0205987789091743,0.219955853622632,0.267983525340244,11,IBD,0.112614973355593,0.0,0.0703079618713706,0.329289341388173
GSE179285,IBD,GSM5413235,0.506166156991705,0.0208404092041609,0.238002096536357,0.234991337267777,12,IBD,0.0767142276906948,0.0,0.09355761526765,0.602802102437076
GSE179285,IBD,GSM5413236,7.64026097988499e-08,0.0483951210797168,0.422443496090235,0.529161306427438,13,IBD,0.0,0.0,0.100089800090729,1.05875515410982
GSE179285,IBD,GSM5413237,0.47622993377268,0.0219366794785772,0.243057133176972,0.25877625357177,14,IBD,0.0628390395133333,2.9396364030223002e-18,0.0810870348687467,0.583434925330545
GSE179285,IBD,GSM5413238,0.359131651797904,0.028597988633771,0.229190873767503,0.383079485800822,15,IBD,0.0853039410103633,3.9535855981224595e-18,0.0740274959019686,0.841288081510909
GSE179285,IBD,GSM5413239,0.4902538739185,0.017694780592171,0.238075690174731,0.253975655314598,16,IBD,0.0459662874138593,0.0,0.0823223606218097,0.44140737889256
GSE179285,IBD,GSM5413240,0.495247138931451,0.025222726812319,0.217840632234813,0.261689502021416,17,IBD,0.0854775165174768,0.0,0.0826680342216639,0.869111441232701
GSE179285,IBD,GSM5413241,0.349594097145304,0.0275228902747963,0.270855043800642,0.352027968779257,18,IBD,0.109669620866059,1.14693504603069e-17,0.112256914412331,0.652292387778575
GSE179285,IBD,GSM5413242,0.392966033358118,0.0246182096344183,0.265447088193501,0.316968668813963,19,IBD,0.076605231049651,0.0,0.0751745755170785,0.695979282135568
GSE179285,IBD,GSM5413243,0.512306251542985,0.0168198195134178,0.220881018989606,0.249992909953991,20,IBD,0.0954565086483635,0.0,0.0789068979464648,0.420953299102015
GSE179285,IBD,GSM5413244,0.34894269004577,0.0330377777866049,0.307352594969564,0.310666937198061,21,IBD,0.0470433052139583,2.80516079743588e-17,0.119616156951019,0.739523218208022
GSE179285,IBD,GSM5413245,0.337503275300824,0.0294721052301169,0.229843430305808,0.403181189163251,22,IBD,0.066029379312941,8.936963547482519e-18,0.0618927722167895,0.964176137237808
GSE179285,IBD,GSM5413246,0.460592028706733,0.0216111077444535,0.205157065068743,0.312639798480071,23,IBD,0.0492409008141441,0.0,0.0250445739896685,0.579668749139057
GSE179285,IBD,GSM5413247,0.206008791147948,0.0327892893268004,0.284807707348385,0.476394212176867,24,IBD,0.0481628293234114,1.2782351029497301e-17,0.103936572538747,0.999207928095638
GSE179285,IBD,GSM5413248,0.49254156268831,0.0269213132153436,0.192550890635712,0.287986233460635,25,IBD,0.100974933734765,3.43851559867312e-17,0.0474506551816557,0.395267366145509
GSE179285,IBD,GSM5413249,0.517083042466474,0.0133768035100668,0.187249981441548,0.282290172581911,26,IBD,0.0610564816850521,0.0,0.0,0.600562014597996
GSE179285,IBD,GSM5413250,0.273402703255667,0.0673538702103912,0.336839134383936,0.322404292150006,27,IBD,0.0891413761586867,0.0,0.172149256774745,0.739082409063296
GSE179285,IBD,GSM5413251,0.20494652684044,0.0158220177724902,0.373993916999137,0.405237538387933,28,IBD,0.0953074255078312,1.59256324496001e-17,0.257727443771332,0.684620027820731
GSE179285,IBD,GSM5413252,0.594504658691497,0.0161132983948884,0.17629723174729,0.213084811166324,29,IBD,0.109392601347353,0.0,0.0,0.0963463938181565
GSE179285,IBD,GSM5413253,0.525705532683928,0.0203356482690554,0.221053647004982,0.232905172042035,30,IBD,0.0681777620715349,1.1373465942978801e-17,0.105304688130303,0.251125844180856
GSE179285,IBD,GSM5413254,0.267745746245857,0.0487002614412596,0.283487688350581,0.400066303962302,31,IBD,0.0469187669323283,1.21994959450616e-18,0.0794748426022953,0.918932130097683
GSE179285,IBD,GSM5413255,0.249605810389983,0.0258959157821533,0.308202659913521,0.416295613914343,32,IBD,0.0760656516376767,7.56546186951243e-18,0.0952242592243791,0.787058316096047
GSE179285,IBD,GSM5413256,0.397469337608228,0.0145758741169353,0.200748119400968,0.387206668873869,33,IBD,0.0587039434683289,0.0,0.0,0.781067870452474
GSE179285,IBD,GSM5413257,0.314466818470952,0.0153008993133787,0.380888206275735,0.289344075939934,34,IBD,0.0763553764887485,0.0,0.192424966074181,0.61846743805158
GSE179285,IBD,GSM5413258,0.402800416894548,0.0157210092926593,0.216424971893588,0.365053601919205,35,IBD,0.100664377407203,4.86162821880418e-17,0.0143137915619323,0.48885691876966
GSE179285,IBD,GSM5413259,0.164706260616178,0.0451232371357317,0.32468043905485,0.46549006319324,36,IBD,0.0488185688074014,6.08044018074764e-19,0.124426753320246,0.946322644466307
GSE179285,IBD,GSM5413260,0.518759994481527,0.0174419838667151,0.197820819150488,0.26597720250127,37,IBD,0.107380397242006,0.0,0.0728781827969839,0.516159030307522
GSE179285,IBD,GSM5413261,0.471289724042904,0.0237530968034292,0.227331962993549,0.277625216160117,38,IBD,0.0516074394379764,1.15072134249583e-17,0.009898998394858,0.648422434190323
GSE179285,IBD,GSM5413262,0.0876458850178762,0.0371694265462473,0.409700974196491,0.465483714239386,39,IBD,0.0241792794533928,4.9737846576306594e-18,0.222377701197876,0.86591166777811
GSE179285,IBD,GSM5413263,0.260481004533997,0.0263267095797562,0.217249871870451,0.495942414015795,40,IBD,0.0628787918712219,0.0,0.0760407733324543,0.859559595824084
GSE179285,IBD,GSM5413264,0.348637483481225,0.0270116128177125,0.279912252619829,0.344438651081234,41,IBD,0.0581468062394467,0.0,0.0921590286109451,0.78571809207025
GSE179285,IBD,GSM5413265,0.379504153092876,0.0252511182454402,0.244971942892262,0.350272785769422,42,IBD,0.102457546598275,3.29847133507741e-17,0.0745861486331958,0.741257060252075
GSE179285,IBD,GSM5413266,0.634753137262746,0.0113163148811029,0.138115601696363,0.215814946159788,43,IBD,0.0885448001746395,0.0,0.0,0.316409656608212
GSE179285,IBD,GSM5413267,0.466016890691674,0.0344332439086984,0.267806727334664,0.231743138064964,44,IBD,0.0910040970989018,0.0,0.131371850465169,0.549410086919157
GSE179285,IBD,GSM5413268,0.619724919381037,0.0173089209016822,0.155208426528013,0.207757733189268,45,IBD,0.0781044296638767,3.06841910947537e-17,0.0231603227460639,0.402002301026858
GSE179285,IBD,GSM5413269,3.56944595042324e-08,0.0246560995908013,0.291604604817239,0.6837392598975,46,IBD,3.45987131843375e-19,1.17260342484933e-17,0.0,1.02499468119893
GSE179285,IBD,GSM5413271,0.611125674735003,0.0172460783737056,0.167022745807012,0.204605501084279,47,IBD,0.0606820681139431,0.0022942696312366,0.0203568297853126,0.243173188975887
GSE179285,IBD,GSM5413272,0.487009066304394,0.019421098832611,0.205013069276773,0.288556765586222,48,IBD,0.0566941877248856,0.0,0.0359392949958385,0.646130101296305
GSE179285,IBD,GSM5413274,0.486658190307861,0.0166097780373275,0.17841532676812,0.318316704886692,49,IBD,0.0666730585516934,0.0,2.5484180352121003e-18,0.750553240047207
GSE179285,IBD,GSM5413275,0.631748890970589,0.0111590091404775,0.165095806702195,0.191996293186739,50,IBD,0.107809860276807,0.0,0.028170134616186,0.212353180979942
GSE179285,IBD,GSM5413276,0.534094583917596,0.0158918942329215,0.201008082499078,0.249005439350404,51,IBD,0.114651757888226,0.0,0.0561448795844472,0.376127858870444
GSE179285,IBD,GSM5413277,0.538139624213581,0.0167554473045346,0.212590909080819,0.232514019401065,52,IBD,0.0601994553843608,2.35848186080268e-18,0.0611695103071732,0.34786711094576
GSE4302,Asthma,GSM98141,0.78120603530279,0.0039447041023834,0.0262332920526714,0.188615968542155,0,Asthma,0.0,0.0125458473338965,0.0,0.374662338977167
GSE4302,Asthma,GSM98144,0.767520195755298,0.0038216375605672,0.030452431078509,0.198205735605626,1,Asthma,0.0051546656812124,6.24432579760183e-18,0.0094012269699648,0.546357109292508
GSE4302,Asthma,GSM98145,0.797386369564379,0.0033260841249961,0.0237736457145077,0.175513900596117,2,Asthma,0.0668424099808166,0.0,8.716585120273061e-20,0.236139371067751
GSE4302,Asthma,GSM98148,0.790027748775955,0.003349667331166,0.0311441680249311,0.175478415867948,3,Asthma,0.0627692923022574,0.0298327166869105,0.0089247984064068,0.104111091338587
GSE4302,Asthma,GSM98149,0.796269747725303,0.0031711880205784,0.0217881940766593,0.17877087017746,4,Asthma,0.0442949587421841,0.0327756024387864,0.0,0.438146830492121
GSE4302,Asthma,GSM98152,0.789642666282757,0.0036556464448082,0.0297199960524613,0.176981691219973,5,Asthma,0.0168286147009036,1.25201845269481e-19,0.0102647988306991,0.350191316816729
GSE4302,Asthma,GSM98153,0.778494268629227,0.0038412819136596,0.0271237791685641,0.190540670288549,6,Asthma,0.0561412638741344,1.29662979147811e-18,0.0,0.289154415663604
GSE4302,Asthma,GSM98155,0.77632550523386,0.0038016129527111,0.0269732112747914,0.192899670538637,7,Asthma,0.0327770504560939,2.33163895380853e-18,0.0,0.286344898751048
GSE4302,Asthma,GSM98158,0.76987323350473,0.0042673726625595,0.0301332230948725,0.195726170737838,8,Asthma,0.0449801688804597,0.0016980089162028,0.0173369207019614,0.175575176015677
GSE4302,Asthma,GSM98159,0.810760239633512,0.0036201355383522,0.0250793957265917,0.160540229101544,9,Asthma,0.0649054124062986,2.92120129104737e-18,0.0166542235687094,0.140262865822635
GSE4302,Asthma,GSM98161,0.79174948382842,0.0037717936918928,0.0247665380520432,0.179712184427644,10,Asthma,0.0457999780743624,0.0086936729509336,0.0149759599663609,0.260427830319727
GSE4302,Asthma,GSM98163,0.817465966923357,0.0032166724855703,0.0242283629917617,0.155088997599311,11,Asthma,0.0482906099960257,7.399148752831559e-18,1.5030834804223001e-18,0.507689793394479
GSE4302,Asthma,GSM98166,0.801767255774456,0.00333024078724,0.02741272523107,0.167489778207234,12,Asthma,0.0446697931267657,0.0518575206101853,0.0267434228531204,0.0958087873931942
GSE4302,Asthma,GSM98167,0.811018308147496,0.0033976470798144,0.0258701729230534,0.159713871849636,13,Asthma,0.0737530445452385,0.0,1.74934857900818e-20,0.288350979213358
GSE4302,Asthma,GSM98169,0.793942787114406,0.0037995567466938,0.0282023411629003,0.174055314976,14,Asthma,0.0604243442337677,0.0403913314345873,0.0011687879074983,0.147731898438202
GSE4302,Asthma,GSM98171,0.775175106283966,0.004186567564664,0.0264806064212256,0.194157719730144,15,Asthma,0.0334814506220006,0.0192567419996425,0.0157341923805738,0.299403757438088
GSE4302,Asthma,GSM98174,0.80569551320558,0.0033607956535469,0.0273198772078633,0.16362381393301,16,Asthma,0.0599951163047357,0.0,0.0108425309750761,0.116715910495332
GSE4302,Asthma,GSM98175,0.782922790710657,0.0036022349690746,0.0263336345430375,0.187141339777231,17,Asthma,0.0579603140698637,3.86481138317805e-20,5.166194648983281e-19,0.1365594773453
GSE4302,Asthma,GSM98177,0.805743499547645,0.0036922039808034,0.0252978288674436,0.165266467604108,18,Asthma,0.0617141763731523,2.9848901208559503e-19,0.0403555832795936,0.245324934659062
GSE4302,Asthma,GSM98180,0.772727344204522,0.0048158327441761,0.0297344578032467,0.192722365248055,19,Asthma,0.0577371449292299,6.5868749094776894e-18,0.0,0.194099998627018
GSE4302,Asthma,GSM98182,0.787829230014338,0.0044359996015961,0.0283176381065827,0.179417132277483,20,Asthma,0.0563258917122061,1.1977607577410901e-17,7.84547715336383e-18,0.20316063733936
GSE4302,Asthma,GSM98184,0.784813544198008,0.0044594331295907,0.0268913035717924,0.183835719100608,21,Asthma,0.0580856299502801,0.0,1.5507141982680799e-18,0.16782976782182
GSE4302,Asthma,GSM98186,0.798340369163403,0.003747768533757,0.0261062500890529,0.171805612213787,22,Asthma,0.0630219617587257,1.30176186001284e-17,0.0165285288505174,0.171014788136862
GSE4302,Asthma,GSM98187,0.777264305512706,0.0039666397455757,0.0285534036071021,0.190215651134616,23,Asthma,0.0551454112063777,1.46220430507766e-17,0.0013700765929815,0.212924223469996
GSE4302,Asthma,GSM98190,0.784638843922667,0.0035387150719561,0.0263202408895977,0.185502200115779,24,Asthma,0.0234126612551307,1.13468474603229e-17,8.39857529780489e-18,0.398718431301321
GSE4302,Asthma,GSM98192,0.804229814119219,0.0038246440331264,0.0290101523735493,0.162935389474105,25,Asthma,0.0552667317396519,0.0,0.0050138094092893,0.2298467148263
GSE4302,Asthma,GSM98193,0.792101207901845,0.0039167739961023,0.0292848137895848,0.174697204312468,26,Asthma,0.0485516826037074,0.0648110118613617,0.0222389844260107,0.219717345031688
GSE4302,Asthma,GSM98195,0.782440183635165,0.0039429148306064,0.0258844033335865,0.187732498200642,27,Asthma,0.0621814516425081,0.0340583644052359,0.0096254245554659,0.147046014991207
GSE4302,Asthma,GSM98197,0.791442822408741,0.0040639767634994,0.0312727755016243,0.173220425326135,28,Asthma,0.0352021509951621,0.0190364114540163,0.0448508116044248,0.200816091892221
GSE4302,Asthma,GSM98200,0.77858307568521,0.004942501891729,0.0283407019183801,0.18813372050468,29,Asthma,0.0330052704792155,0.0424984356578207,0.0011746315732991,0.280234706535663
GSE4302,Asthma,GSM98201,0.820275787920501,0.0042638678445147,0.0276772036258286,0.147783140609156,30,Asthma,0.0759965673185691,0.0,6.511128624253991e-19,0.221577536336142
GSE4302,Asthma,GSM98204,0.753523493845298,0.0040600794663282,0.0305221017867955,0.211894324901579,31,Asthma,0.0032536228933475,0.0490762237433638,0.0133907814661476,0.162939982385598
GSE4302,Asthma,GSM98206,0.777472441102621,0.0041160624713035,0.0290303354389796,0.189381160987096,32,Asthma,0.0423711773829964,5.76160641668405e-19,0.0125075560791256,0.177225319997871
GSE4302,Asthma,GSM98207,0.755195274163584,0.0034361578872179,0.0283723566290285,0.212996211320169,33,Asthma,0.0026838851940372,3.76076567008802e-20,0.0016857405557141,0.373875722432998
GSE4302,Asthma,GSM98208,0.756168628176488,0.003751975285343,0.029764455785297,0.210314940752872,34,Asthma,0.002230845870986,0.0,9.03238048927471e-05,0.230337457908781
GSE4302,Asthma,GSM98209,0.775309017863821,0.0043548324465349,0.0308612972012236,0.189474852488421,35,Asthma,0.0402685814788527,0.0271211802872578,0.023188956319209,0.150390565263499
GSE4302,Asthma,GSM98210,0.800791568282415,0.003671286856884,0.0272162029285447,0.168320941932156,36,Asthma,0.0490962365024896,0.0,0.0,0.25515036768825
GSE4302,Asthma,GSM98211,0.725088556757851,0.0041911534509267,0.0271570864997558,0.243563203291467,37,Asthma,0.0,0.0,0.0,0.399452312915234
GSE4302,Asthma,GSM98212,0.74887407788687,0.0038597829358395,0.0269068477970389,0.220359291380252,38,Asthma,0.0127420974287984,2.3630927031936e-19,8.8231208076479e-18,0.272096088828677
GSE4302,Asthma,GSM98213,0.739891493185947,0.0040470555388568,0.0287972957807656,0.227264155494431,39,Asthma,0.0,0.0,1.40320331422254e-18,0.300811693671695
GSE4302,Asthma,GSM98214,0.734839865625703,0.0048711165537017,0.0298890542044282,0.230399963616167,40,Asthma,0.0,2.26476453151965e-17,9.611220031459489e-18,0.419316892177898
GSE4302,Asthma,GSM98215,0.819643306832687,0.0037954944933027,0.0271215076555258,0.149439691018484,41,Asthma,0.0584171467951027,1.1370849074841501e-17,0.0080278093338966,0.182023915943367
GSE4302,Asthma,GSM98216,0.825935373578509,0.0032118017371238,0.0245685791652236,0.146284245519144,42,Asthma,0.0533887018115472,4.89176346957597e-18,0.0041838087397078,0.173075268859448
GSE4302,Asthma,GSM98217,0.783856848280687,0.0043727119445082,0.0264439704367672,0.185326469338038,43,Asthma,0.0488417341868046,4.2212300273644205e-17,0.0018900653498646,0.307539244943216
GSE4302,Asthma,GSM98218,0.758139811562023,0.0041421973372267,0.0262902012402288,0.211427789860522,44,Asthma,0.0233124022991613,0.0116026575444874,0.0,0.218993958252573
GSE4302,Asthma,GSM98219,0.781410946622804,0.0037777750841425,0.0289306347255503,0.185880643567503,45,Asthma,0.008115362235336,0.0,0.0151880329011823,0.312587424603534
GSE4302,Asthma,GSM98220,0.776194140212895,0.0039157801734496,0.0252639795229132,0.194626100090742,46,Asthma,0.0162531240235134,0.0316848638549379,0.0402233242810765,0.208316753404207
GSE4302,Asthma,GSM98221,0.76877166804258,0.0037931277806965,0.0265023902035805,0.200932813973143,47,Asthma,1.73758239161407e-18,2.0029159327724e-18,0.0,0.37419651154504
GSE4302,Asthma,GSM98222,0.791310084619089,0.0038459217207053,0.0278868150146337,0.176957178645572,48,Asthma,0.0587338304282673,2.28490462250956e-18,0.0136735859356534,0.176109745295512
GSE4302,Asthma,GSM98223,0.779612776887166,0.0039729431501383,0.02768169217718,0.188732587785515,49,Asthma,0.0328101050866155,2.19536809258089e-18,0.0092985512240537,0.210019519218182
GSE4302,Asthma,GSM98224,0.772565621406005,0.0040810275882044,0.0302964934355364,0.193056857570254,50,Asthma,0.0214141624588666,0.0398199307820983,0.0260772665618641,0.163989643969335
GSE4302,Asthma,GSM98225,0.771210201731798,0.0039414334624112,0.0290100474094121,0.195838317396379,51,Asthma,0.040327705913171,0.0193151747246537,0.0141937786818021,0.23732103950937
GSE4302,Asthma,GSM98226,0.801580145979261,0.0034203447755346,0.0248873456758422,0.170112163569362,52,Asthma,0.0296430238994688,0.0013583478105679,3.0597760088002e-18,0.233750560728104
GSE4302,Asthma,GSM98227,0.786982430676951,0.0037931258849847,0.0282113199417303,0.181013123496334,53,Asthma,0.0859620983564871,0.0,0.0038648083081137,0.18663471581946
GSE4302,Asthma,GSM98228,0.818147874188093,0.003553254581481,0.025280389972476,0.15301848125795,54,Asthma,0.116149855266695,0.0,0.0221828164807361,0.193229994469129
GSE4302,Asthma,GSM98229,0.779257837011468,0.0038686917193188,0.0303614958608755,0.186511975408337,55,Asthma,0.0247671188957008,0.0173807854148751,0.0187012375482148,0.183373605366637
GSE4302,Asthma,GSM98230,0.779525835554049,0.0035517165686994,0.0290272780503971,0.187895169826855,56,Asthma,0.0256545532814594,0.0369945541042683,0.0168162987259821,0.0590507157537495
GSE4302,Asthma,GSM98234,0.764211352308254,0.0040213290658907,0.0289302965461435,0.202837022079711,57,Asthma,0.0,3.95779624123688e-18,0.0,0.458880896697126
GSE4302,Asthma,GSM98235,0.763981662415887,0.0042351772812077,0.0296372275272495,0.202145932775656,58,Asthma,0.017127087990693,2.5341363261456402e-17,0.0,0.379660603672429
GSE4302,Asthma,GSM98236,0.77360360019324,0.0038002265556065,0.0323599781322443,0.190236195118909,59,Asthma,0.0476513064460621,0.0278873519927544,0.0246864964946345,0.208825930957377
GSE4302,Asthma,GSM98239,0.819084825499645,0.0035239259399018,0.0255558152428307,0.151835433317622,60,Asthma,0.0641276614327399,0.0,0.027061057662279,0.226679613075697
GSE4302,Asthma,GSM98240,0.777805255887036,0.0043064595818543,0.0327622809753012,0.185126003555809,61,Asthma,0.0537471588291679,2.72807720622564e-19,0.027614912910217,0.17554633768761
GSE4302,Asthma,GSM98241,0.81042013928018,0.0036581681993174,0.0247706404565129,0.16115105206399,62,Asthma,0.110864843987503,0.0,0.0262487477368375,0.0799896053983094
GSE4302,Asthma,GSM98242,0.784119440502498,0.0039608666507524,0.0272244249490893,0.18469526789766,63,Asthma,0.0441168030482716,3.3320258273681398e-18,0.0328725244398798,0.192481791065179
GSE4302,Asthma,GSM98243,0.809219332735733,0.0035394929651346,0.0241203035070601,0.163120870792073,64,Asthma,0.0180354738289744,0.0,0.0226739966431142,0.385058617706191
GSE4302,Asthma,GSM98244,0.795026397655214,0.0034065965358884,0.0244294466437829,0.177137559165115,65,Asthma,0.0413824006507802,0.0445295295273676,6.46143964940308e-05,0.121434430634615
GSE4302,Asthma,GSM98245,0.793072408199839,0.003501208115028,0.0232905632242143,0.180135820460918,66,Asthma,0.0660949801095744,0.0423285084026546,1.0577615628723601e-19,0.164983823843411
GSE4302,Asthma,GSM98251,0.792777777988443,0.0039987986732229,0.0279838943127786,0.175239529025556,67,Asthma,0.0705469255280549,0.0,0.0059449436482813,0.166672313371192
GSE4302,Asthma,GSM98254,0.799838173617232,0.0038565272205785,0.0274659395907158,0.168839359571473,68,Asthma,0.0821594243370371,0.0,0.0315795279571561,0.104363141568874
GSE4302,Asthma,GSM98258,0.792831054034415,0.0035977821675214,0.0268830247181182,0.176688139079946,69,Asthma,0.0107253421391324,0.078212101189812,0.0230291217823267,0.108937952986935
GSE43696,Asthma,GSM1068458,0.924120253059136,0.0004938717254372,0.0018149271127624,0.0735709481026646,0,Asthma,0.172567324185012,4.51882283933875e-18,1.01399738249989e-18,0.310443292995386
GSE43696,Asthma,GSM1068459,0.714741431449619,0.0004877124635962,8.05941509333803e-07,0.284770050145275,1,Asthma,0.0895003565572605,0.0,0.0,0.775537905206702
GSE43696,Asthma,GSM1068460,0.951311024272721,0.0005830930144876,0.0039361334177513,0.0441697492950397,2,Asthma,0.199454915145891,0.0316186713646863,0.0009436817244282,0.109896400074577
GSE43696,Asthma,GSM1068461,0.936686759561742,0.0004277000824001,0.0045430488540816,0.0583424915017758,3,Asthma,0.0714135996577024,0.0,0.0,0.796529533294644
GSE43696,Asthma,GSM1068462,0.939734556347856,0.0004980013790513,0.0023057796653178,0.057461662607775,4,Asthma,0.172101664259868,0.102013156975784,2.40360547817429e-20,0.413479188886406
GSE43696,Asthma,GSM1068463,0.951993841491116,0.0005354781274485,0.0018034253039439,0.0456672550774919,5,Asthma,0.15472585401583,0.0370294263740087,1.23224762957918e-18,0.570296074741765
GSE43696,Asthma,GSM1068464,0.949550947745429,0.0005641059093193,0.0026000275352267,0.0472849188100249,6,Asthma,0.146203443320774,0.0384171537248252,5.84943079030494e-19,0.358732685682954
GSE43696,Asthma,GSM1068465,0.957750634944169,0.0004019348918059,0.0039692488740696,0.0378781812899553,7,Asthma,0.170214438154705,0.0047401458749486,0.0164998645726259,0.189544235023376
GSE43696,Asthma,GSM1068466,0.943730106288204,0.0005261785149074,0.0031749812013247,0.0525687339955636,8,Asthma,0.182360496434645,2.87589196571357e-19,7.43841887634538e-19,0.355087294832799
GSE43696,Asthma,GSM1068467,0.954309703366785,0.000541726715625,0.0025646049375283,0.0425839649800616,9,Asthma,0.16034897672893,0.0224842662298526,4.0046714117274703e-19,0.284857221151022
GSE43696,Asthma,GSM1068468,0.943627232966227,0.0004668225599607,0.0026164562380413,0.0532894882357705,10,Asthma,0.153511155592994,0.0410700443617089,0.0,0.348297783785851
GSE43696,Asthma,GSM1068469,0.943771813987913,0.0005700641066449,0.0046112719367666,0.0510468499686754,11,Asthma,0.150509103687132,0.045925476944643,0.0,0.335907707672299
GSE43696,Asthma,GSM1068470,0.954414824558405,0.000534124078275,0.0040124290365669,0.0410386223267528,12,Asthma,0.18349333201156,0.079823837051898,3.8242226135088496e-18,0.179893414504579
GSE43696,Asthma,GSM1068471,0.946126132631789,0.0005523376774332,0.0031443638989155,0.0501771657918627,13,Asthma,0.172170469299183,0.0494193450754764,7.665255148858941e-19,0.300696376134846
GSE43696,Asthma,GSM1068472,0.949756782768091,0.0006854015365737,0.003452183626716,0.0461056320686197,14,Asthma,0.146078528680959,0.072305170274951,0.0,0.396845157426439
GSE43696,Asthma,GSM1068473,0.948544624048641,0.000666828290688,0.0040452597577961,0.0467432879028749,15,Asthma,0.144777436299737,0.0,0.0,0.324096351686693
GSE43696,Asthma,GSM1068474,0.942065350920658,0.000589562616211,0.0028271737827976,0.0545179126803335,16,Asthma,0.176638579897013,0.0940861438225454,2.7852343340474097e-18,0.323372272809716
GSE43696,Asthma,GSM1068475,0.921910686465793,0.0007445856082794,0.0029498096369134,0.074394918289014,17,Asthma,0.179648639296826,0.0637852973421183,0.0,0.210526604475928
GSE43696,Asthma,GSM1068476,0.930295583897852,0.0005480919524082,0.0021308789052179,0.0670254452445216,18,Asthma,0.140971134969996,0.0080171182729731,1.10212211452524e-18,0.57100281532835
GSE43696,Asthma,GSM1068477,0.949223286659493,0.0008555947659782,0.0034648463354498,0.0464562722390785,19,Asthma,0.20921316457081,0.035868193700145,5.33834254754693e-18,0.198011643635489
GSE43696,Asthma,GSM1068478,0.949985253045242,0.0005176203879956,0.0036645489213242,0.0458325776454376,20,Asthma,0.206065566368085,0.0998090687827817,0.0281831817812612,0.187132039628053
GSE43696,Asthma,GSM1068479,0.926987728592358,0.0005584781033012,0.0045406968683468,0.0679130964359941,21,Asthma,0.151505253604177,0.0384344094866,0.0070255598285294,0.469864159632414
GSE43696,Asthma,GSM1068480,0.947038658474885,0.0005502872271426,0.0026561769267152,0.0497548773712576,22,Asthma,0.137344969374447,0.0655164329426018,0.020889592396614,0.497652443259519
GSE43696,Asthma,GSM1068481,0.947909407910899,0.0005539806623993,0.002287472104596,0.0492491393221056,23,Asthma,0.146686042483034,0.0305408453737022,6.53732405830413e-19,0.448609996844824
GSE43696,Asthma,GSM1068482,0.958782683797695,0.0005651655167279,0.0068889309898259,0.0337632196957506,24,Asthma,0.121348369172114,0.0598227016583557,0.0734759299615275,0.669796732276194
GSE43696,Asthma,GSM1068483,0.940993767289877,0.0005744886034512,0.0046015373502463,0.0538302067564249,25,Asthma,0.151947177321751,0.0378027714028569,4.82975342166695e-20,0.336880095586033
GSE43696,Asthma,GSM1068484,0.944586253256497,0.0007277586434483,0.0043070664251165,0.0503789216749378,26,Asthma,0.16918062590448,0.0001946790022337,0.0,0.25699724433294
GSE43696,Asthma,GSM1068485,0.936539647324197,0.0005320169615123,6.47683744446102e-07,0.062927688030546,27,Asthma,0.0892806959684288,4.77148189731089e-18,0.0,0.584747331783494
GSE43696,Asthma,GSM1068486,0.946513281506224,0.0004921427776376,0.0037808063153457,0.0492137694007923,28,Asthma,0.142952253414474,0.0377186757781216,0.0,0.503294846607289
GSE43696,Asthma,GSM1068487,0.94762306594128,0.0008109394341618,0.0037082030927275,0.0478577915318302,29,Asthma,0.158227243409941,0.0342981881849224,0.0,0.318478808737913
GSE43696,Asthma,GSM1068488,0.943877164055414,0.0003620362087029,0.0041391452991989,0.0516216544366845,30,Asthma,0.181934420511912,0.0526020240003266,0.0165144682075079,0.451914636510205
GSE43696,Asthma,GSM1068489,0.935715517221761,0.0006028833916103,0.0038995386397438,0.0597820607468844,31,Asthma,0.196775482627595,0.0,0.0090208340669924,0.282339880135778
GSE43696,Asthma,GSM1068490,0.94648066686956,0.0007907270976165,0.0038238883256588,0.0489047177071643,32,Asthma,0.177001725493443,0.044138429483133,5.459736682668671e-19,0.328100684584609
GSE43696,Asthma,GSM1068491,0.935430417420444,0.000604029113142,0.0013987353204248,0.0625668181459888,33,Asthma,0.123172716786656,0.0,0.0,0.516183089271526
GSE43696,Asthma,GSM1068492,0.942243429502242,0.0003475467567076,0.0010613607672415,0.0563476629738093,34,Asthma,0.160018425607402,3.99183273403759e-06,1.67564256239817e-18,0.530213269152073
GSE43696,Asthma,GSM1068493,0.953120617359361,0.0006383347057604,0.0031837671343829,0.0430572808004956,35,Asthma,0.18102888108709,0.154568042886643,0.0,0.354072229939304
GSE43696,Asthma,GSM1068494,0.957008932485654,0.0004219373547317,0.0040036655543789,0.0385654646052354,36,Asthma,0.187934590034076,0.0356390753230657,0.0431546097930158,0.287001282190533
GSE43696,Asthma,GSM1068495,0.963882867648339,0.00052166258065,0.0038053107481285,0.0317901590228822,37,Asthma,0.178821576130062,0.0865953254339826,0.019843002967483,0.197237153004745
GSE43696,Asthma,GSM1068496,0.948640139203675,0.0004474748657664,0.003407459376812,0.0475049265537465,38,Asthma,0.160648982475414,0.0241713013091848,0.0004371676006007,0.366936827349858
GSE43696,Asthma,GSM1068497,0.948346017874437,0.0006504679152104,0.0044421880952719,0.0465613261150803,39,Asthma,0.180162182335681,0.044020591664215,9.63343982149291e-19,0.238679497753148
GSE43696,Asthma,GSM1068498,0.968090319124662,0.0005075288448674,0.0035099104465655,0.0278922415839052,40,Asthma,0.169511936487518,0.073132637200935,5.7693938437438805e-19,0.140086945073132
GSE43696,Asthma,GSM1068499,0.95894814516038,0.000769909890127,0.0036567854001531,0.0366251595493401,41,Asthma,0.17482033835899,0.059257955946167,0.012989473453935,0.467214241181353
GSE43696,Asthma,GSM1068500,0.940207020349927,0.0008583822542931,0.0038629088143415,0.0550716885814383,42,Asthma,0.189667723038491,0.0647007179216806,0.00493138237292,0.289315218232201
GSE43696,Asthma,GSM1068501,0.953787766318462,0.0004225245667587,0.0046088747598395,0.0411808343549396,43,Asthma,0.158403441494616,0.0207220597553197,0.0,0.405477719343258
GSE43696,Asthma,GSM1068502,0.934875221281424,0.0003636159957127,0.0008679246052449,0.0638932381176187,44,Asthma,0.0956832905107428,4.69530975628099e-18,3.28055398815067e-18,0.504834971766298
GSE43696,Asthma,GSM1068503,0.95026803420908,0.0004361806520904,0.0036860076745722,0.0456097774642577,45,Asthma,0.145206168514719,0.0236017037174978,0.0,0.387271373208842
GSE43696,Asthma,GSM1068504,0.947445520092368,0.0003533139423625,0.0033062278877202,0.0488949380775489,46,Asthma,0.172484887040002,0.0784854354353485,3.1892088670457703e-19,0.302156216221841
GSE43696,Asthma,GSM1068505,0.939219127577025,0.0014907414860081,0.0039871538878386,0.0553029770491279,47,Asthma,0.205014680470959,0.0252998890637757,0.0092543448171176,0.194621712191939
GSE43696,Asthma,GSM1068506,0.947071323074274,0.0003693368674097,0.0051407376882217,0.0474186023700949,48,Asthma,0.185554733271462,0.0,0.0038120429598324,0.38475658011274
GSE43696,Asthma,GSM1068507,0.948815081971982,0.0005784903444121,0.0039025940550008,0.0467038336286054,49,Asthma,0.193632485565288,0.0515340006321275,0.0,0.377386881093742
GSE43696,Asthma,GSM1068508,0.957943001600527,0.0004040562975648,0.0034297885992087,0.0382231535026997,50,Asthma,0.178516943203666,0.0367852903881433,9.36180944054991e-19,0.163933643828405
GSE43696,Asthma,GSM1068509,0.947418170923261,0.0006287727610437,0.0034789046734941,0.048474151642201,51,Asthma,0.176318028866043,0.0222294110022097,0.0169510332574228,0.366763933877861
GSE43696,Asthma,GSM1068510,0.955275705082437,0.0004617115450779,0.0036603835957224,0.040602199776763,52,Asthma,0.168317007356282,0.0194897919966729,0.0032927767559007,0.447224685214953
GSE43696,Asthma,GSM1068511,0.938957829090027,0.0006272132111029,0.0043483867680932,0.0560665709307764,53,Asthma,0.179522773514786,1.6528890191600802e-17,0.0,0.293454302461915
GSE43696,Asthma,GSM1068512,0.939491131062702,0.0003211510384815,0.0023294953766128,0.0578582225222036,54,Asthma,0.16787917954923,0.0344660465003645,0.0,0.369586357215341
GSE43696,Asthma,GSM1068513,0.944817256712688,0.0005573655144198,0.0041631543915107,0.0504622233813811,55,Asthma,0.186316424410803,0.0227315459481027,6.010928754244891e-19,0.373549659257873
GSE43696,Asthma,GSM1068514,0.947617386638316,0.000275765116366,0.0037343290481934,0.0483725191971245,56,Asthma,0.14228778386288,0.0,3.55152491349063e-18,0.506809873568565
GSE43696,Asthma,GSM1068515,0.932703248179263,0.0003711004616429,0.0037078285188364,0.0632178228402573,57,Asthma,0.142390756442856,0.0458617152334137,0.0063014323914271,0.377902726631714
GSE43696,Asthma,GSM1068516,0.956275246891731,0.0003228588974927,0.0037768808094375,0.0396250134013385,58,Asthma,0.178519233613559,0.000286543917363,0.0262433920357428,0.32873751842112
GSE43696,Asthma,GSM1068517,0.961890966760438,0.0005499281386632,0.0038207065553616,0.0337383985455376,59,Asthma,0.185578609697248,0.0788319023301331,0.0149951280137676,0.174086415447844
GSE43696,Asthma,GSM1068518,0.941266878872233,0.0003372349380229,0.0033250294152874,0.0550708567744565,60,Asthma,0.162956526929476,0.0644172622485742,0.0059866619581383,0.35158629072846
GSE43696,Asthma,GSM1068519,0.954928972768933,0.0007186842965959,0.00288806304621,0.0414642798882615,61,Asthma,0.189667120579281,4.71773269037574e-18,0.0130080485425355,0.471659515607218
GSE43696,Asthma,GSM1068520,0.959663027379487,0.0004273917416958,0.0038924936767926,0.0360170872020242,62,Asthma,0.180406741334585,0.0009096151336314,1.7503564420899798e-18,0.214176299210886
GSE43696,Asthma,GSM1068521,0.96067572323837,0.0007241662481395,0.0029414787027172,0.0356586318107735,63,Asthma,0.179339046272227,0.0334929235099263,0.0,0.299962326288274
GSE43696,Asthma,GSM1068522,0.933947376258933,0.0009982706137973,0.0045745113052066,0.0604798418220629,64,Asthma,0.176615234720165,0.0,3.1155012975589e-18,0.288254273525336
GSE43696,Asthma,GSM1068523,0.951677733478568,0.0007083497246816,0.0041672270428882,0.0434466897538623,65,Asthma,0.188966991336906,0.0128418786456206,0.0,0.135853752578739
GSE43696,Asthma,GSM1068524,0.954689229295259,0.0004794059498407,0.004169531374988,0.0406618333799119,66,Asthma,0.178676359582543,0.0440716230639079,0.0303374095506695,0.245759514666422
GSE43696,Asthma,GSM1068525,0.948942215343128,0.0005109083061978,0.0039920438349662,0.0465548325157074,67,Asthma,0.169473319873055,0.0262078399995549,0.0104179030205149,0.268332436236718
GSE43696,Asthma,GSM1068526,0.947862521186261,0.0011385453612204,0.0043259434151681,0.0466729900373499,68,Asthma,0.18584817849799,0.0379668786291087,0.0005897043897076,0.340801697551014
GSE43696,Asthma,GSM1068527,0.948893026824407,0.0010013993839547,0.004379411742004,0.0457261620496338,69,Asthma,0.204175776307759,0.0418444427601798,0.0087149805685846,0.219085251815333
GSE43696,Asthma,GSM1068528,0.936448531241503,0.0009187555490366,0.0037210366199422,0.0589116765895185,70,Asthma,0.139920762292224,0.0463192543903572,0.0,0.396621780345413
GSE43696,Asthma,GSM1068529,0.94886433022066,0.0004276640350264,0.0020779065336463,0.0486300992106668,71,Asthma,0.169029848012909,0.0074337186337409,0.0,0.356579523852688
GSE43696,Asthma,GSM1068530,0.946800890154161,0.0007947927897107,0.0040079112415998,0.0483964058145282,72,Asthma,0.180064435485275,0.0032869085804545,0.0128226627441603,0.211699310137706
GSE43696,Asthma,GSM1068531,0.930977539092476,0.0005998688678747,0.0045978330632766,0.0638247589763728,73,Asthma,0.220708435622527,0.0388033804707819,0.0,0.131809082262617
GSE43696,Asthma,GSM1068532,0.953136604043347,0.0005051028161438,0.0043805400536747,0.0419777530868343,74,Asthma,0.171871228309172,1.05367969764593e-21,0.0121288233447639,0.458220227496446
GSE43696,Asthma,GSM1068533,0.883934907992138,0.0005129848588854,0.0013953541682033,0.114156752980773,75,Asthma,0.201883433587079,0.0,5.23283214023354e-18,0.369926397415821
GSE43696,Asthma,GSM1068534,0.947303805137969,0.0005362828108094,0.0041475520523968,0.0480123599988249,76,Asthma,0.167972117051944,0.0652947898379822,2.1608083245626802e-19,0.371570169955964
GSE43696,Asthma,GSM1068535,0.929744748808512,0.0005749045104888,0.003537397267449,0.0661429494135495,77,Asthma,0.215676614670997,0.0,0.0,0.452607320230355
GSE43696,Asthma,GSM1068536,0.955735244613201,0.0008223736673833,0.0046603259828113,0.0387820557366045,78,Asthma,0.201424019520323,0.0876839639625903,0.0120403134404054,0.171704973740703
GSE43696,Asthma,GSM1068537,0.94296114356369,0.0010411710609677,0.0034093525701347,0.0525883328052075,79,Asthma,0.181740663078913,1.75426583613564e-18,0.0,0.41935450158497
GSE43696,Asthma,GSM1068538,0.956186381405867,0.0005746727710099,0.0028365443053415,0.0404024015177815,80,Asthma,0.128029402340503,1.40141470515528e-17,5.86550448366916e-18,0.491982833554804
GSE43696,Asthma,GSM1068539,0.958386148801804,0.0004299488874655,0.003291765810447,0.0378921365002834,81,Asthma,0.176368590361452,0.0465520231437361,0.0,0.236168518470917
GSE43696,Asthma,GSM1068540,0.950474714585066,0.0004827292497265,0.0036074884379228,0.0454350677272844,82,Asthma,0.206677757314679,0.0532065293586744,0.0132299554779784,0.20717952080776
GSE43696,Asthma,GSM1068541,0.95549562404867,0.0003737657402879,0.0038613373516025,0.0402692728594392,83,Asthma,0.162178978994677,0.0564357723189162,0.0057608767306042,0.185900175693612
GSE43696,Asthma,GSM1068542,0.950776887964044,0.0004724411977192,0.0036593979626502,0.0450912728755863,84,Asthma,0.172038902696844,0.0,7.63318181616979e-18,0.311474881108394
GSE43696,Asthma,GSM1068543,0.93875606555342,0.0004639598025746,0.0036368030321917,0.0571431716118138,85,Asthma,0.181878755821615,0.0,0.0,0.390700967057398
GSE43696,Asthma,GSM1068544,0.958084032169465,0.0008969903310795,0.0030229991690391,0.0379959783304167,86,Asthma,0.162403718459138,2.72885386141005e-18,3.20487215413526e-19,0.404442682713133
GSE43696,Asthma,GSM1068545,0.948371275855553,0.0006218604431471,0.0034366398379327,0.0475702238633672,87,Asthma,0.172098095165062,0.0677267657079328,1.86290717219627e-19,0.270997788247331
GSE43696,Asthma,GSM1068546,0.950053404545845,0.0007784034558402,0.0016753247433959,0.0474928672549186,88,Asthma,0.162685387764621,1.8702417099702e-17,0.0,0.766131197602915
GSE43696,Asthma,GSM1068547,0.957032402171902,0.0005989926023382,0.0030955162070427,0.0392730890187175,89,Asthma,0.18870643884077,0.0281194176509589,0.0219885781494715,0.229488530825725
GSE43696,Asthma,GSM1068548,0.938595846941966,0.000659751590941,0.004425825743025,0.0563185757240684,90,Asthma,0.171045117816186,4.1679912803187303e-19,1.11522163228528e-18,0.322256277400024
GSE43696,Asthma,GSM1068549,0.936968288169766,0.0003141482109591,0.0014250184398741,0.061292545179401,91,Asthma,0.0,6.93993648466451e-18,2.18081973533513e-17,0.847094573574509
GSE43696,Asthma,GSM1068550,0.947620950226511,0.000755852639764,0.0035582656934719,0.0480649314402527,92,Asthma,0.209808939700642,1.80047906685792e-18,0.0201498108320604,0.23400596884433
GSE43696,Asthma,GSM1068551,0.950834065998775,0.0011156607250704,0.0042658190105918,0.0437844542655627,93,Asthma,0.158242862286954,2.92689498483387e-19,0.0,0.155306986456443
GSE43696,Asthma,GSM1068552,0.945494924356097,0.0009406133839448,0.0038959099583984,0.0496685523015591,94,Asthma,0.173930236187383,0.0192536636832681,0.0,0.341711154992842
GSE43696,Asthma,GSM1068553,0.94975071606623,0.0008556882090998,0.0042641332404154,0.045129462484255,95,Asthma,0.160076876055406,0.0,0.0,0.437851156147527
GSE43696,Asthma,GSM1068554,0.954079000863374,0.0006800976445244,0.0040231258454123,0.0412177756466893,96,Asthma,0.159280947750808,0.0330896646799988,2.30244810576967e-18,0.478228851973424
GSE43696,Asthma,GSM1068555,0.957107905875829,0.0003796754203698,0.0041734530423344,0.0383389656614669,97,Asthma,0.170826440424577,0.0478717550028894,0.0098902718803265,0.190022101196446
GSE43696,Asthma,GSM1068556,0.853303170424194,0.0006608399435893,0.002393922383319,0.143642067248897,98,Asthma,0.1927211917175,0.0274852525301404,0.0118825066674606,0.355257322268646
GSE43696,Asthma,GSM1068557,0.94071026151729,0.0005238608774374,0.0032856888961488,0.0554801887091233,99,Asthma,0.158993418940437,0.0383895417187323,0.0,0.358739338678692
GSE43696,Asthma,GSM1068558,0.942418927614403,0.0006269721699628,0.0111258156306669,0.0458282845849672,100,Asthma,0.147766334768141,2.18585322527633e-19,0.0762311070476317,0.381716312916106
GSE43696,Asthma,GSM1068559,0.946840061925398,0.0007519599995612,0.0028065102737052,0.049601467801335,101,Asthma,0.160103742254567,0.0,0.0,0.419486380632005
GSE43696,Asthma,GSM1068560,0.946031305253026,0.000952346263626,0.0034785712420771,0.0495377772412708,102,Asthma,0.203893016609365,0.020333186201555,0.0074216635017789,0.187760242178965
GSE43696,Asthma,GSM1068561,0.953296054647953,0.0007048398777525,0.0060786187476645,0.0399204867266298,103,Asthma,0.170583985062753,0.0905348808619296,7.051095673729301e-20,0.259787088785987
GSE43696,Asthma,GSM1068562,0.946969931569042,0.0006833922759712,0.0122762829762531,0.040070393178734,104,Asthma,0.193787724994759,0.069222776275123,0.0310102362516381,0.305139031680908
GSE43696,Asthma,GSM1068563,0.932294893110519,0.000451718734761,0.0030144546169452,0.0642389335377743,105,Asthma,0.182651182088779,0.0025048307639123,1.02913750696649e-18,0.370764901442154
GSE43696,Asthma,GSM1068564,0.93051648034386,0.0007285083646341,0.0039371182788101,0.0648178930126955,106,Asthma,0.192321537699508,0.0231775592374101,0.0,0.335298038411766
GSE43696,Asthma,GSM1068565,0.949585491329746,0.0005330950459,0.0037896089220103,0.0460918047023437,107,Asthma,0.197361781298859,0.0428645262061951,2.9316240914099397e-18,0.244102083049632
GSE67472,Asthma,GSM1647628,0.852468629344585,0.0033464139618995,0.0215006001500894,0.122684356543426,0,Asthma,0.0268342653220456,0.0243529160908059,0.0266025801040324,0.273679623271558
GSE67472,Asthma,GSM1647629,0.888041034992547,0.0030903362764239,0.018942884558125,0.0899257441729035,1,Asthma,0.0413184955252133,0.0,0.0337415463136193,0.172727243598568
GSE67472,Asthma,GSM1647630,0.869827660152269,0.0030155247567772,0.0224105970863589,0.104746218004595,2,Asthma,0.0140115175170057,0.0,0.0317883757410968,0.166107327762554
GSE67472,Asthma,GSM1647631,0.867871920870523,0.0036078689187049,0.0188576793329106,0.109662530877862,3,Asthma,0.0480617997929414,1.05560995598704e-18,0.0263962755867802,0.198572868743551
GSE67472,Asthma,GSM1647632,0.893885859553668,0.0027537040834568,0.015713382405367,0.0876470539575085,4,Asthma,0.0523270647330923,0.0,0.0109752241670158,0.177634080169904
GSE67472,Asthma,GSM1647633,0.837197381288566,0.0038908481489036,0.0180498139178962,0.140861956644634,5,Asthma,3.8151696428495204e-19,0.0,0.0,0.429921029644534
GSE67472,Asthma,GSM1647634,0.872327694068215,0.0036654385062538,0.0199236741189134,0.104083193306618,6,Asthma,0.0502248770560304,0.0,0.0450790923419717,0.178221588225469
GSE67472,Asthma,GSM1647635,0.861727743380757,0.0036036866214415,0.0184056264775894,0.116262943520212,7,Asthma,0.0441456788850225,0.0,0.0008845014659914,0.319844038231733
GSE67472,Asthma,GSM1647636,0.857823147003355,0.0032262721400271,0.017471006485822,0.121479574370796,8,Asthma,7.92923143069687e-21,0.0028807200510281,0.0210696183840212,0.375473636089618
GSE67472,Asthma,GSM1647637,0.866549471225286,0.0049611556904289,0.0228861947813188,0.105603178302966,9,Asthma,0.0479652407774352,0.0281861540501955,0.0459319100064911,0.151140254186669
GSE67472,Asthma,GSM1647638,0.854807078226445,0.0038267435834673,0.0204994738687652,0.120866704321322,10,Asthma,0.0015426422959325,1.5017838867772e-18,0.022354925000826,0.341162245867823
GSE67472,Asthma,GSM1647639,0.856447525923516,0.0035199907457385,0.0180808520266565,0.121951631304089,11,Asthma,0.0221457908852297,0.0139450031883821,1.12108188752594e-20,0.314229344798583
GSE67472,Asthma,GSM1647640,0.843485215161631,0.0045981396416908,0.0211475341511509,0.130769111045527,12,Asthma,0.0,0.0,0.0,0.409683198075557
GSE67472,Asthma,GSM1647641,0.874015365691542,0.0034205680857001,0.0196398443215531,0.102924221901204,13,Asthma,0.0383817773577803,0.0067250552137408,0.0331475124379478,0.263112773523957
GSE67472,Asthma,GSM1647642,0.868181135095782,0.0032250086505358,0.0194972985850097,0.109096557668673,14,Asthma,0.0428098798029237,6.82507458885969e-18,0.0140975247979692,0.209937305092402
GSE67472,Asthma,GSM1647643,0.857099839716133,0.0036904856445407,0.0181892298297602,0.121020444809567,15,Asthma,0.0325425291834989,2.66769626007944e-18,0.011469627632431,0.228547721539938
GSE67472,Asthma,GSM1647644,0.867008085826933,0.0033797079926129,0.0198397143137019,0.109772491866752,16,Asthma,0.0332408860863274,0.0,0.0440400365784433,0.334528441440804
GSE67472,Asthma,GSM1647645,0.874579183630743,0.0033315375092154,0.0183075490580328,0.103781729802009,17,Asthma,0.0142240912715943,0.0524901765801402,0.0319159577142574,0.23361361097468
GSE67472,Asthma,GSM1647646,0.869165950657171,0.003304235624046,0.0177615333345753,0.109768280384208,18,Asthma,0.0017042935424567,1.4239934157033501e-19,0.0007494236336866,0.408331348900882
GSE67472,Asthma,GSM1647647,0.849784450185294,0.0040039545458796,0.0232820585986619,0.122929536670165,19,Asthma,0.0081032551195445,0.0,0.0578979224801852,0.509469683697124
GSE67472,Asthma,GSM1647648,0.877270716772034,0.0028188455842277,0.0156941390519039,0.104216298591835,20,Asthma,0.0599519512576407,0.016720058970991,0.0125843041935664,0.237823384623404
GSE67472,Asthma,GSM1647649,0.876538781436387,0.0029162642681393,0.0215036126125104,0.0990413416829631,21,Asthma,0.0687229844527001,0.0022689818932332,0.03825096561939,0.12604955859204
GSE67472,Asthma,GSM1647650,0.874877264659763,0.0027574353909187,0.0143575743688604,0.108007725580458,22,Asthma,0.0298871355967333,0.0549578720442204,0.0216342620908651,0.407350842207885
GSE67472,Asthma,GSM1647651,0.863912394837071,0.0029812235448417,0.0193454639181401,0.113760917699947,23,Asthma,0.0292224559156428,3.17431776383822e-18,0.0429703749118658,0.346493409191939
GSE67472,Asthma,GSM1647652,0.874689589786066,0.0033845649464686,0.0185967722624376,0.103329073005028,24,Asthma,0.0289373145658517,0.0181547470408952,0.0200841153383932,0.249916334021687
GSE67472,Asthma,GSM1647653,0.859581137129259,0.0035450073968674,0.0198448154692067,0.117029040004667,25,Asthma,0.0490232170426245,0.0020820328197326,0.0239653219886282,0.266780725667484
GSE67472,Asthma,GSM1647654,0.855671154957806,0.0036983479897785,0.0212296590135013,0.119400838038914,26,Asthma,0.0512409899307011,1.18316708047677e-18,0.0110070918890959,0.28998078669725
GSE67472,Asthma,GSM1647655,0.855701560433438,0.0039729566161297,0.022312456667541,0.118013026282891,27,Asthma,0.0288618785689221,0.0419778720249337,0.0337762017558196,0.186962660286969
GSE67472,Asthma,GSM1647656,0.885777701521015,0.0034000806748796,0.0176600627410151,0.0931621550630907,28,Asthma,0.0583168819701276,0.0,0.0247492086282655,0.143725508520723
GSE67472,Asthma,GSM1647657,0.871303601164022,0.0031770746416225,0.0173936156600704,0.108125708534285,29,Asthma,0.0419161501631707,4.3263999915508104e-19,0.0330358463739855,0.291650982585146
GSE67472,Asthma,GSM1647658,0.88319605461356,0.0030704176243593,0.0163886718285557,0.0973448559335244,30,Asthma,0.0440325383309651,6.2586643832254295e-18,0.0,0.461953302548123
GSE67472,Asthma,GSM1647659,0.881172653004911,0.0028560661884865,0.0185937305625794,0.0973775502440231,31,Asthma,0.0501504428243453,0.0422348005478467,0.0326833856946046,0.134803308164276
GSE67472,Asthma,GSM1647660,0.870257066277962,0.0029673439904557,0.0175319659252661,0.109243623806316,32,Asthma,0.0638856850669824,0.0,0.0220814137016469,0.341167899922473
GSE67472,Asthma,GSM1647661,0.865253780790878,0.0038837466647821,0.0197918108727214,0.111070661671618,33,Asthma,0.0710337074007532,1.05006841441379e-18,0.0059245777038667,0.148819103699351
GSE67472,Asthma,GSM1647662,0.871801827938629,0.0032966562980845,0.0203591937096905,0.104542322053596,34,Asthma,0.0584610252596391,0.0,0.0310105407116474,0.157273614847741
GSE67472,Asthma,GSM1647663,0.863147938882524,0.003772399722633,0.0192408930417238,0.113838768353119,35,Asthma,0.0309332343386831,3.55164673415222e-18,0.0491878670654337,0.309961968904287
GSE67472,Asthma,GSM1647664,0.887268648292784,0.0026956471280404,0.019250420725662,0.0907852838535138,36,Asthma,0.0575217369883072,0.00792379827508,0.0481574074297658,0.104002660043684
GSE67472,Asthma,GSM1647665,0.86721957704248,0.0030710604379227,0.0188569337915522,0.110852428728045,37,Asthma,0.060745770014713,0.0,0.0086988433255496,0.184545198184207
GSE67472,Asthma,GSM1647666,0.876419984687786,0.0034316694703495,0.0182577502159135,0.101890595625951,38,Asthma,0.0562425768035395,0.0147171454914561,0.0392677013018819,0.242067059638401
GSE67472,Asthma,GSM1647667,0.873575534457494,0.0033368258552495,0.0176218326891054,0.105465806998151,39,Asthma,0.108691618724437,0.0107084570463351,0.0457909001455513,0.225426370403607
GSE67472,Asthma,GSM1647668,0.856981926153717,0.0046616824671673,0.0220435625816211,0.116312828797494,40,Asthma,0.0543815888116692,6.73790909766079e-19,0.0058426096558119,0.235171458237766
GSE67472,Asthma,GSM1647669,0.864050027433168,0.0037138280402743,0.0208364329210252,0.111399711605533,41,Asthma,0.0488816849768551,0.0,0.0071599270637597,0.201614548326537
GSE67472,Asthma,GSM1647670,0.87418999067241,0.0034871785778387,0.0188216013830525,0.103501229366698,42,Asthma,0.0571400884166602,0.0,0.0234540743392707,0.163769162058286
GSE67472,Asthma,GSM1647671,0.87815834723656,0.0039376341050734,0.0190041011369002,0.0988999175214665,43,Asthma,0.0706845857665875,6.704377077699651e-19,0.0,0.17822070623044
GSE67472,Asthma,GSM1647672,0.882373596469823,0.0035288577084336,0.0210617799680715,0.0930357658536722,44,Asthma,0.0551046257026127,0.0171430220198198,0.0403451377601275,0.237686116884515
GSE67472,Asthma,GSM1647673,0.870630653071668,0.0038711362324715,0.0191671981730687,0.106331012522791,45,Asthma,0.0393678351818273,8.10854554364235e-19,0.0308581088914598,0.261382730536407
GSE67472,Asthma,GSM1647674,0.874500224983397,0.0031933201229793,0.0179298129103105,0.104376641983313,46,Asthma,0.0296383115479427,0.0,0.0018284264402597,0.460460551121225
GSE67472,Asthma,GSM1647675,0.861069094863607,0.0029283569499713,0.0191074967720344,0.116895051414388,47,Asthma,0.0545102868728927,0.0095534375593564,0.0331084197088064,0.170880353522456
GSE67472,Asthma,GSM1647676,0.860922001726875,0.0032737645033851,0.0217531563385282,0.114051077431212,48,Asthma,0.0,0.0207345401550312,0.0287701924119121,0.198739894219563
GSE67472,Asthma,GSM1647677,0.854210124106036,0.0035360682069023,0.0182328715400041,0.124020936147058,49,Asthma,0.0036657212071213,1.95723880207279e-18,0.0,0.478933536986188
GSE67472,Asthma,GSM1647678,0.870918825921846,0.0031166870197616,0.020238449171881,0.105726037886512,50,Asthma,0.0699727431310137,0.0,0.016700861253381,0.196049265587019
GSE67472,Asthma,GSM1647679,0.879911867725276,0.0030821186607128,0.0160331617154803,0.100972851898531,51,Asthma,0.0239479525133581,0.0120890788047256,0.0385642946798415,0.419386116333765
GSE67472,Asthma,GSM1647680,0.879831957635246,0.0026461841537495,0.0170740336846579,0.100447824526346,52,Asthma,0.0503519682593337,0.0460943317696088,0.0182885942871866,0.143175398284176
GSE67472,Asthma,GSM1647681,0.881164203073319,0.0030465077289689,0.0187325810613089,0.0970567081364029,53,Asthma,0.0637078317329744,5.84204313068522e-18,0.0389392686194745,0.249124311096304
GSE67472,Asthma,GSM1647682,0.866593414397122,0.0028939832111917,0.0210321736255129,0.109480428766173,54,Asthma,0.0340229323843083,0.0343240507617644,0.0441873616989682,0.0702297054516622
GSE67472,Asthma,GSM1647683,0.87585254836741,0.0033983202078533,0.0194388854584468,0.10131024596629,55,Asthma,0.0822001129591571,0.0,0.0356204843159349,0.145521697835051
GSE67472,Asthma,GSM1647684,0.873961446255254,0.0028735964418629,0.0160131167927177,0.107151840510166,56,Asthma,0.0587287862078432,0.0320468875460571,0.0181851062570509,0.174249672881427
GSE67472,Asthma,GSM1647685,0.863018770356843,0.0041544558698731,0.0242266075135422,0.108600166259742,57,Asthma,0.063419460883367,0.0113123637498344,0.0362997536660709,0.208282441725068
GSE67472,Asthma,GSM1647686,0.87842563856079,0.003157275433345,0.0181740500401478,0.100243035965717,58,Asthma,0.100579974631629,0.0,0.0254648019047921,0.0896780378444416
GSE67472,Asthma,GSM1647687,0.859297570938782,0.0030915828827764,0.0247019668795917,0.11290887929885,59,Asthma,0.0397948057348537,0.0,0.0558593961684432,0.254632019183332
GSE67472,Asthma,GSM1647688,0.878181245274587,0.0031942148595408,0.0202151287349582,0.0984094111309136,60,Asthma,0.0073486559521923,0.0603421573756305,0.0328739282217683,0.117734881539416
GSE67472,Asthma,GSM1647689,0.855199450979649,0.00404767200492,0.0209691162554687,0.119783760759962,61,Asthma,0.00773904950771,8.058357139162679e-18,0.0,0.439581340611547
GSE67472,Asthma,GSM1647690,0.867399962318802,0.003751695774112,0.0177896801828041,0.111058661724281,62,Asthma,0.0226578039317475,0.0312697811288523,0.0243884309337786,0.182823475837711
GSE67472,Asthma,GSM1647691,0.852488876798154,0.0043144564648834,0.0231013272284972,0.120095339508465,63,Asthma,0.0,5.89198033440252e-18,0.0312722554234809,0.283967390214154
GSE67472,Asthma,GSM1647692,0.864738962564741,0.0043923608613542,0.0181060907255607,0.112762585848344,64,Asthma,0.0175143101823865,3.65876604436907e-18,5.27080351050227e-18,0.300550381452413
GSE67472,Asthma,GSM1647693,0.868297385981939,0.0031445424968039,0.020772923519808,0.107785148001449,65,Asthma,0.0370767695079251,4.07006830425657e-18,0.012771457716165,0.229981285199562
GSE67472,Asthma,GSM1647694,0.872865427167714,0.0033052126136389,0.0199506569936585,0.103878703224989,66,Asthma,0.0620170474458097,0.0120063733360038,0.0304246200091223,0.163080476659658
GSE67472,Asthma,GSM1647695,0.876003769445569,0.0035446509140847,0.0169853632355185,0.103466216404828,67,Asthma,0.0631638579586503,0.0,0.0591369627303817,0.246759803016412
GSE67472,Asthma,GSM1647696,0.86528147851515,0.0037766863699589,0.0184109681536228,0.112530866961268,68,Asthma,0.0550333769793776,0.0033160916242296,0.0197780328951579,0.347318425688178
GSE67472,Asthma,GSM1647697,0.842654294361393,0.0041700482742244,0.0190017460719362,0.134173911292446,69,Asthma,0.0859819903425364,0.0,0.0679938010341767,0.530591077345271
GSE67472,Asthma,GSM1647698,0.860028371494931,0.0034907500485569,0.0187166906326578,0.117764187823854,70,Asthma,0.0846651360143913,0.0,0.0138913772704477,0.291773999739912
GSE67472,Asthma,GSM1647699,0.864501375276067,0.0040723837381487,0.0200650157699227,0.111361225215862,71,Asthma,0.0797666474276309,0.0,0.0366084973459729,0.3031031948672
GSE67472,Asthma,GSM1647700,0.87787944116234,0.0031752086205497,0.0181284487837877,0.100816901433322,72,Asthma,0.023391393985878,0.0647120961011234,0.0,0.215398801256467
GSE67472,Asthma,GSM1647701,0.892360628756364,0.0029175219540304,0.0187923378906936,0.0859295113989121,73,Asthma,0.0426796765629508,0.0189153904381652,0.0459906492450213,0.0901858529556506
GSE67472,Asthma,GSM1647702,0.84982201450189,0.0034644251804244,0.0222997271996813,0.124413833118005,74,Asthma,0.0653253882926547,0.0441827364375105,0.0101414920975013,0.223101050226452
GSE67472,Asthma,GSM1647703,0.849765690737313,0.0035024627387688,0.0186206207171807,0.128111225806738,75,Asthma,0.0490955490051058,0.0,0.0297167902980132,0.222511547945925
GSE67472,Asthma,GSM1647704,0.877405098013553,0.0051741225581632,0.0201586895254296,0.097262089902854,76,Asthma,0.0716794973718404,0.0,0.0662908635491159,0.271829161335364
GSE67472,Asthma,GSM1647705,0.855154680799175,0.0043329181788752,0.0180622817649734,0.122450119256976,77,Asthma,0.0367117148451243,0.0435906281051484,0.0407521368421714,0.351611794171368
GSE67472,Asthma,GSM1647706,0.864478740469201,0.0033381947923082,0.018715995704272,0.113467069034219,78,Asthma,0.0794337253150549,1.13507293619034e-18,0.0017043641869454,0.117969490269642
GSE67472,Asthma,GSM1647707,0.875691906255421,0.0028987187794351,0.0161392520279763,0.105270122937168,79,Asthma,0.0333064734119124,0.0,0.0065441867082019,0.384676465158763
GSE67472,Asthma,GSM1647708,0.874511482436565,0.0030392232471473,0.0185998040995328,0.103849490216755,80,Asthma,0.0345511683373693,0.0379915781877629,0.0110853283374188,0.240628623595199
GSE67472,Asthma,GSM1647709,0.830732967662574,0.0033447174490616,0.016712170292132,0.149210144596232,81,Asthma,1.04609980734304e-18,0.0,0.0,0.633056980105079
GSE67472,Asthma,GSM1647710,0.861832219463844,0.002978373308037,0.016886643452413,0.118302763775706,82,Asthma,0.0337933676521166,0.0,0.0,0.325384056720798
GSE67472,Asthma,GSM1647711,0.867914381366506,0.0040223621817558,0.0194515127948744,0.108611743656864,83,Asthma,0.0285613549174345,0.0152994032507065,0.0408715940414618,0.20430741977301
GSE67472,Asthma,GSM1647712,0.880881053371209,0.0032560048214438,0.0206571816936893,0.0952057601136574,84,Asthma,0.0480126671823609,0.0307561509782036,0.0098669432522576,0.105508858539972
GSE67472,Asthma,GSM1647713,0.891459959858902,0.0036473410047084,0.0201238003008437,0.0847688988355461,85,Asthma,0.0654742590557472,3.3787467398393898e-18,0.0555486993759841,0.0545037730075401
GSE67472,Asthma,GSM1647714,0.852003742818324,0.0037991535741823,0.01914782161945,0.125049281988044,86,Asthma,7.45239988943595e-19,2.3100953088701e-18,0.0343349322668129,0.332245894182089
GSE67472,Asthma,GSM1647715,0.864981518499598,0.0033543497867251,0.0195302989626127,0.112133832751064,87,Asthma,0.0230869388017766,0.0553880723535674,0.030935140374583,0.285026288419031
GSE67472,Asthma,GSM1647716,0.870131041614161,0.004709566540039,0.0213733688879476,0.103786022957852,88,Asthma,0.103791619579254,7.468550468462561e-19,0.0497596337451991,0.174025655892554
GSE67472,Asthma,GSM1647717,0.863651626882331,0.0033036784083718,0.0198140584694932,0.113230636239804,89,Asthma,0.111993996919,0.0,0.0677048196467677,0.178852711867206
GSE67472,Asthma,GSM1647718,0.876475880932402,0.0031142341496378,0.0168654069876264,0.103544477930334,90,Asthma,0.0191156859776932,0.002691954571188,0.0020930912431785,0.167698991201642
GSE67472,Asthma,GSM1647719,0.841000563640502,0.0040859229875202,0.0216695003290315,0.133244013042946,91,Asthma,0.0205890849102549,4.93120499305857e-18,0.0057736830896166,0.219237528939548
GSE67472,Asthma,GSM1647720,0.854485221587728,0.0033675406032917,0.0202384163489431,0.121908821460037,92,Asthma,0.0521387381635279,0.0169834213464167,0.025334605538927,0.205083267858209
GSE67472,Asthma,GSM1647721,0.896231839579184,0.0026583058833347,0.0182038997091601,0.0829059548283213,93,Asthma,0.0621451996900589,0.0301314005666794,0.0535434632034301,0.0690832871956811
GSE67472,Asthma,GSM1647722,0.879014784355203,0.0037276167890766,0.0214180216365512,0.0958395772191692,94,Asthma,0.0730057871831651,0.0,0.0864194731842184,0.161905595356887
GSE67472,Asthma,GSM1647723,0.863004047610072,0.00318930933692,0.019791110026636,0.114015533026372,95,Asthma,0.0513366760266075,0.0109278478813369,0.0377111657825604,0.122732806217893
GSE67472,Asthma,GSM1647724,0.881567227642484,0.0035825183455055,0.0183252855119614,0.0965249685000492,96,Asthma,0.0329887353991754,0.0,0.0190108109761962,0.356669431069792
GSE67472,Asthma,GSM1647725,0.868779680164809,0.0034577109453801,0.0206858055716173,0.107076803318193,97,Asthma,0.0895783473618723,1.03940685086789e-17,0.0495116153639641,0.213029014169246
GSE67472,Asthma,GSM1647726,0.84851155682769,0.0033334079068017,0.0145604238869481,0.13359461137856,98,Asthma,0.0117644514977168,0.0,0.0,0.581091192235247
GSE67472,Asthma,GSM1647727,0.863263016908916,0.0032497032736654,0.0199333142762069,0.113553965541212,99,Asthma,0.0264334725044545,4.43941709881023e-18,0.022724258331866,0.184800817078931
GSE67472,Asthma,GSM1647728,0.883827943726922,0.0026778139533542,0.0200691068540733,0.0934251354656505,100,Asthma,0.0655276952367767,0.0003045536949149,0.0539104434553195,0.17623281697873
GSE67472,Asthma,GSM1647729,0.86766207467383,0.0042594184790668,0.0216954168871064,0.106383089959997,101,Asthma,0.0386377765067346,0.0235175026674998,0.0605553515959233,0.328496199338673
GSE67472,Asthma,GSM1647730,0.862133222906251,0.0032928655877291,0.0177739722374758,0.116799939268544,102,Asthma,0.0140785936278115,0.0,0.0,0.31432100661626
GSE67472,Asthma,GSM1647731,0.875195283088062,0.0039323107277857,0.0176144330988976,0.103257973085255,103,Asthma,0.08814130963242,0.0,0.0613756424760196,0.189179621319078
GSE67472,Asthma,GSM1647732,0.88451264052497,0.0031148762092119,0.0190863464873707,0.0932861367784478,104,Asthma,0.0533797706438531,0.0243199934140058,0.0393741992838295,0.0902984289490946
GSE27342,STAD,GSM675890,0.52346300085845,0.0335257615676087,0.106142022351066,0.336869215222876,0,STAD,0.473721832676519,0.352311424105217,0.270982586907812,0.793323578495754
GSE27342,STAD,GSM675891,0.663785468376578,0.0722048640463513,0.0721203143941044,0.191889353182967,1,STAD,0.581397909650136,0.397803738202808,0.161551833528072,0.598670206113973
GSE27342,STAD,GSM675892,0.763374170071361,0.0189634140942002,0.0558047918780539,0.161857623956385,2,STAD,0.597682650073958,0.264539844492217,0.0592965867531051,0.545179298868145
GSE27342,STAD,GSM675893,0.737540373018543,0.0302951726388296,0.0359962900700211,0.196168164272606,3,STAD,0.649953383983382,0.0332465411195419,0.0128452055297156,0.46046664811689
GSE27342,STAD,GSM675894,0.664922850096817,0.0238103433431797,0.0725494525629364,0.238717353997068,4,STAD,0.427671424791326,0.357736397938073,0.115924870259229,0.64388878907637
GSE27342,STAD,GSM675895,0.764508600687284,0.0375201510018404,0.0361466904458546,0.161824557865021,5,STAD,0.606108140344917,0.138281003739014,0.0491772330312778,0.417410530789238
GSE27342,STAD,GSM675896,0.668818802440528,0.0170170466943034,0.0532870092755722,0.260877141589596,6,STAD,0.551135941522728,0.26738450738971,0.0257003548165981,0.808365646146991
GSE27342,STAD,GSM675897,0.560091962725871,0.108635094550846,0.0934451468322552,0.237827795891028,7,STAD,0.394099817337929,0.423284412247089,0.165293925066171,0.769036215874098
GSE27342,STAD,GSM675898,0.728915373143554,0.0176453690826268,0.0747451993840353,0.178694058389784,8,STAD,0.590647943332948,0.229065880681292,0.0875772391289654,0.422924527011756
GSE27342,STAD,GSM675899,0.748037973827054,0.0150550339204034,0.0555495182331374,0.181357474019406,9,STAD,0.659069709632945,0.23586613799476,0.0566772891921704,0.549959800477057
GSE27342,STAD,GSM675900,0.524635109395403,0.0964301542382429,0.111533725877389,0.267401010488965,10,STAD,0.122221008554079,0.518504965108319,0.277711386270617,0.87631023095013
GSE27342,STAD,GSM675901,0.471712682043095,0.137880520453635,0.0728616440208092,0.317545153482461,11,STAD,0.669574069070039,0.249856604300728,0.177240040008,0.61766834898053
GSE27342,STAD,GSM675902,0.671368145869782,0.0343814936717576,0.104273582451191,0.189976778007269,12,STAD,0.364683339561372,0.414591929053273,0.140122930528636,0.336631802140796
GSE27342,STAD,GSM675903,0.486043665613692,0.14684987997272,0.0944487751416142,0.272657679271973,13,STAD,0.456261113351598,0.421475466104693,0.147993839316187,1.03151675916895
GSE27342,STAD,GSM675904,0.643318361385815,0.0173960750865335,0.0806571932891751,0.258628370238477,14,STAD,0.495137879998653,0.266613510982065,0.0620629899963128,0.817402789343669
GSE27342,STAD,GSM675905,0.639477713770232,0.1190619058822,0.0608379812081063,0.180622399139462,15,STAD,0.472064753811581,0.546252778784181,0.143466451237993,0.786714436075904
GSE27342,STAD,GSM675906,0.78011831534386,0.019065818853646,0.0613305738768409,0.139485291925653,16,STAD,0.507475083480534,0.2326782878802,0.0,0.637074182897058
GSE27342,STAD,GSM675907,0.714264780991517,0.0522680816513238,0.0592829220112889,0.17418421534587,17,STAD,0.618294383500137,0.168378033301318,0.0440537633398991,0.396117947736636
GSE27342,STAD,GSM675908,0.723799594473105,0.0095784781568038,0.0711978400861567,0.195424087283935,18,STAD,0.509431386790208,0.0773156247273519,0.0498298791290018,0.380592319195479
GSE27342,STAD,GSM675909,0.696437349369425,0.0607014752888331,0.0514765934642406,0.191384581877501,19,STAD,0.640121662117414,0.271243495495889,0.0889508341993604,0.68729935722993
GSE27342,STAD,GSM675910,0.790106532247405,0.0132231185918516,0.0490942935885054,0.147576055572238,20,STAD,0.622841386307428,0.327024298273101,0.066704323339328,0.449119023252558
GSE27342,STAD,GSM675911,0.557943553590049,0.068113983695295,0.0627544806936962,0.31118798202096,21,STAD,0.471523107131514,0.431431225358231,0.148242296691819,1.10120674411492
GSE27342,STAD,GSM675912,0.739029182427144,0.0115751276868667,0.0377476460080299,0.211648043877959,22,STAD,0.611941819544796,0.0938985847754254,0.0038871926637661,0.899047966838554
GSE27342,STAD,GSM675913,0.689033635123014,0.0533433550011701,0.064697118881526,0.19292589099429,23,STAD,0.631029228585312,0.118518627289727,0.14116847535698,0.564675666388583
GSE27342,STAD,GSM675914,0.61398131558161,0.0570558964807893,0.0585950706651835,0.270367717272417,24,STAD,0.569404054540531,0.149090008571601,0.048278644611468,0.791843143375248
GSE27342,STAD,GSM675915,0.613781325565377,0.0202563945040852,0.0816547286505779,0.28430755127996,25,STAD,0.493164407084754,0.387315545179291,0.0783516412609809,0.877508829543987
GSE27342,STAD,GSM675916,0.459754309292191,0.0771379219575855,0.0619643215401486,0.401143447210075,26,STAD,0.48496281793921,0.380742974426631,0.0447424537916263,0.995996613783641
GSE27342,STAD,GSM675917,0.477163820841582,0.213031684197861,0.152762027286968,0.157042467673588,27,STAD,0.0850161479818178,0.638250718200459,0.34303700072434,0.307157485188637
GSE27342,STAD,GSM675918,0.722696229644105,0.0142731520102973,0.061228854407687,0.201801763937911,28,STAD,0.411927721727218,0.02721133596536,9.21928663035132e-19,0.521077706444187
GSE27342,STAD,GSM675919,0.474617873642376,0.0344061265325572,0.046754760996357,0.444221238828709,29,STAD,0.189925893236791,0.0,0.0,1.03639572801538
GSE27342,STAD,GSM675920,0.751920900541699,0.0162537915390817,0.0340650593959231,0.197760248523296,30,STAD,0.672479086659824,0.0,0.0331040191138475,0.447008178033024
GSE27342,STAD,GSM675921,0.56350757397239,0.0190710863021603,0.0433110146556354,0.374110325069814,31,STAD,2.0469034183928e-18,0.0,0.0,1.07769835353163
GSE27342,STAD,GSM675922,0.35832321738764,0.0766375103231389,0.0990190684758142,0.466020203813407,32,STAD,0.485530551713661,0.337038901527086,0.295788150800169,0.984006538421561
GSE27342,STAD,GSM675923,0.583296995566524,0.019123889812625,0.0617613635229646,0.335817751097887,33,STAD,0.566719890551949,0.241978785687101,0.100386199107432,0.617607664903497
GSE27342,STAD,GSM675924,0.608493379105625,0.0301727930504513,0.0705862585449264,0.290747569298997,34,STAD,0.629932726358461,0.141564068108791,0.0908828897697938,0.851863584355807
GSE27342,STAD,GSM675925,0.669431125239481,0.0205420013701292,0.0686179006538274,0.241408972736563,35,STAD,0.606467868791685,0.229814976444318,0.160447248326046,0.716588583748019
GSE27342,STAD,GSM675926,0.58460657433711,0.0478338523345698,0.0743410211912033,0.293218552137117,36,STAD,0.514432156348712,0.254044617352908,0.156223807184333,1.18131903771659
GSE27342,STAD,GSM675927,0.602769270235818,0.0341227365287223,0.100357021428099,0.262750971807361,37,STAD,0.582602073735643,0.396598705002516,0.192745910269343,0.746324231135102
GSE27342,STAD,GSM675928,0.341668782137944,0.126108174090127,0.0916717298754957,0.440551313896433,38,STAD,0.385726947118082,0.516851941492766,0.215888474315118,0.90923229961318
GSE27342,STAD,GSM675929,0.608970408788717,0.0171110062160505,0.0566132375231497,0.317305347472083,39,STAD,0.569332837934922,0.336882952772453,0.149178026154685,0.820503560934828
GSE27342,STAD,GSM675930,0.551699615673795,0.0573587476938406,0.0814909257310856,0.309450710901278,40,STAD,0.580913462681999,0.355133966160409,0.231402847167271,0.8135999675629
GSE27342,STAD,GSM675931,0.524986317706319,0.0813208225507718,0.156423567205492,0.237269292537416,41,STAD,0.143740532524374,0.475370619303562,0.391910710581218,0.647260973241204
GSE27342,STAD,GSM675932,0.72279077528294,0.0243282878778146,0.0875871044959573,0.165293832343289,42,STAD,0.492682856035528,0.215590413442039,0.178833624498505,0.514620133299993
GSE27342,STAD,GSM675933,0.493546695709616,0.141824233090164,0.0993264047104269,0.265302666489794,43,STAD,0.515549841747705,0.468749720633818,0.236377547213045,0.805824830408886
GSE27342,STAD,GSM675934,0.699797843061941,0.0146664935744467,0.0675907737861144,0.217944889577498,44,STAD,0.658201823856863,0.202501221889452,0.0118972533042197,0.588274821567487
GSE27342,STAD,GSM675935,0.489793447460375,0.157904316657703,0.0728910274265611,0.279411208455361,45,STAD,0.462753081766874,0.2405581501784,0.21261560880755,0.944946655534681
GSE27342,STAD,GSM675936,0.815822188840033,0.0124206211846783,0.055944439226296,0.115812750748993,46,STAD,0.568325531313606,0.308957254916314,0.0967114657964348,0.460403761896741
GSE27342,STAD,GSM675937,0.436502131599747,0.19477136033766,0.104301780918154,0.264424727144439,47,STAD,0.471896083632199,0.397632941539909,0.236898955176538,0.742649387966448
GSE27342,STAD,GSM675938,0.754641724369917,0.0186800249489328,0.0600889788584806,0.166589271822669,48,STAD,0.510662457455497,0.32753715552931,0.0910869412562949,0.488665709253739
GSE27342,STAD,GSM675939,0.713307230434188,0.0482225100601768,0.0593198738544067,0.179150385651228,49,STAD,0.646975301899179,0.12694837077002,0.0668600871042003,0.67561065685455
GSE27342,STAD,GSM675940,0.402052851423336,0.108801129567299,0.0768188705302144,0.41232714847915,50,STAD,0.448597216254658,0.426905470325772,0.195680617101708,0.893279417484843
GSE27342,STAD,GSM675941,0.735861681290357,0.0254935514913396,0.045422666887788,0.193222100330515,51,STAD,0.64550497581794,0.0208531223392933,0.0619348499511977,0.650851219570511
GSE27342,STAD,GSM675942,0.592937789725475,0.0277965789365585,0.0475522570179348,0.331713374320032,52,STAD,0.607319399309097,0.267712374634271,0.0126216431498645,0.989084935839409
GSE27342,STAD,GSM675943,0.503515233875269,0.080771785276299,0.171603482516177,0.244109498332256,53,STAD,0.124891758360113,0.526990933631209,0.428138282043887,0.744295332817444
GSE27342,STAD,GSM675944,0.592884558505946,0.0464151028348174,0.0625043701012797,0.298195968557957,54,STAD,0.365818784859907,0.511357956924308,0.0686480348613565,1.11240395601757
GSE27342,STAD,GSM675945,0.473470317196533,0.131518353877353,0.116058884777094,0.27895244414902,55,STAD,0.482876910195103,0.485130953339965,0.260451728273713,0.820582974664928
GSE27342,STAD,GSM675946,0.689970716187258,0.0144488974787578,0.064505569994603,0.231074816339381,56,STAD,0.66074172676524,0.137579429381,0.044225830639105,0.572913089766408
GSE27342,STAD,GSM675947,0.704784706839115,0.0128762569456087,0.051244582847054,0.231094453368222,57,STAD,0.560994219403536,3.57695980555492e-19,0.0,0.599626035776981
GSE27342,STAD,GSM675948,0.729020593165795,0.0145728296351487,0.0428105494573874,0.213596027741669,58,STAD,0.644263840439468,4.64085450744048e-17,2.45706577569715e-17,0.292854031773925
GSE27342,STAD,GSM675949,0.739312949155652,0.0555898221158574,0.0412472150681054,0.163850013660385,59,STAD,0.555273538746715,0.0,0.0700012329507432,0.424549019134007
GSE27342,STAD,GSM675950,0.725595783947106,0.0293837022805323,0.0955727352044161,0.149447778567945,60,STAD,0.542300101329451,0.185692021553985,0.262282965849594,0.305326087801069
GSE27342,STAD,GSM675951,0.798261597245965,0.0266168626511461,0.0462275871431013,0.128893952959788,61,STAD,0.649397293165417,0.0434450334806336,0.107527080235629,0.299434867368677
GSE27342,STAD,GSM675952,0.713054491891746,0.0164782510579556,0.0582606286601417,0.212206628390156,62,STAD,0.580495196937278,0.417606968109601,0.0994276522963877,0.627287083031374
GSE27342,STAD,GSM675953,0.642498347003501,0.0336217324923521,0.0439343466875249,0.279945573816622,63,STAD,0.665456817275271,0.0726249853805509,0.096643525496139,0.920874640231606
GSE27342,STAD,GSM675954,0.652217645643558,0.0123415370779326,0.0547850090754869,0.280655808203022,64,STAD,0.598155672901643,0.0889726142637185,0.0758282734871312,0.723923578704296
GSE27342,STAD,GSM675955,0.433154589627752,0.200917239380985,0.103460195476828,0.262467975514435,65,STAD,0.438878908155644,0.40060171047858,0.218712882534895,0.799103041877967
GSE27342,STAD,GSM675956,0.73621716766115,0.0176509867719297,0.0775365087302693,0.168595336836651,66,STAD,0.486297443308464,0.392964327567067,0.0775516427392253,0.571492135749772
GSE27342,STAD,GSM675957,0.440742040664987,0.143696144909388,0.118541509394573,0.297020305031052,67,STAD,0.431663216582533,0.310593752728341,0.22668551289329,1.03288551192989
GSE27342,STAD,GSM675958,0.76857594435514,0.0158969992700048,0.0489954826720057,0.16653157370285,68,STAD,0.58235209793667,0.225807937129806,0.070688715524699,0.70099930665102
GSE27342,STAD,GSM675959,0.603680637885949,0.0230581863728581,0.117265169621058,0.255996006120135,69,STAD,0.445309788373072,0.0662982557883617,3.29147513565511e-17,0.638911146148695
GSE27342,STAD,GSM675960,0.6939050471289,0.0221266911228562,0.066132695479948,0.217835566268296,70,STAD,0.657507944895637,0.0,0.118791003794985,0.544278514495792
GSE27342,STAD,GSM675961,0.689770100572351,0.0144418918573718,0.100634445441729,0.195153562128548,71,STAD,0.415986970339635,0.241155556174851,0.02428874204019,0.669481196365804
GSE27342,STAD,GSM675962,0.6858302871394,0.0400702179060187,0.0490974633455994,0.225002031608982,72,STAD,0.358171106329933,0.356576738883923,3.42249208600555e-18,1.00155909989778
GSE27342,STAD,GSM675963,0.726136905789066,0.0827957945463366,0.0354236145299022,0.155643685134695,73,STAD,0.622698431293804,0.0557453600944864,0.0,0.520882259648004
GSE27342,STAD,GSM675964,0.687285563788003,0.0308973953875127,0.107492845491987,0.174324195332498,74,STAD,0.46214503975558,0.25648423612564,0.220658327474661,0.587638997621976
GSE27342,STAD,GSM675965,0.77752174132224,0.030168847229533,0.0424419030107225,0.149867508437504,75,STAD,0.631658066306906,0.0,0.0403476394559181,0.45529774402643
GSE27342,STAD,GSM675966,0.760583137033614,0.0047274958690122,0.0709126140758032,0.163776753021571,76,STAD,0.185793155912737,1.7061818534398699e-18,0.0,0.890846553770025
GSE27342,STAD,GSM675967,0.775839245947288,0.0865007653942443,0.0435547783770901,0.0941052102813775,77,STAD,0.689121317102465,0.215025700398678,0.0118588826714103,0.420575248411425
GSE27342,STAD,GSM675968,0.615121643958667,0.019199658072227,0.0742616129335427,0.291417085035564,78,STAD,0.529562501721311,0.320531679383968,0.0184407830905691,0.721440588778945
GSE27342,STAD,GSM675969,0.706451981028523,0.0217657463315366,0.0684125878672842,0.203369684772656,79,STAD,0.65682044994525,0.0,0.218067279240585,0.470742567471872
GSE27342,STAD,GSM675970,0.680332562565963,0.029679287471826,0.109351511985548,0.180636637976663,80,STAD,0.490669984849043,0.217038662247375,0.30619961328391,0.3783482086856
GSE27342,STAD,GSM675971,0.55757458019458,0.135995652624639,0.0894840437755598,0.216945723405221,81,STAD,0.484719981964542,0.387565763642624,0.114991579168605,0.884800646562795
GSE27342,STAD,GSM675972,0.676697660864585,0.0314019692902006,0.117160462139303,0.174739907705911,82,STAD,0.219490291781333,0.500916941991257,0.0619120361375884,0.595398773004018
GSE27342,STAD,GSM675973,0.596917699940531,0.0521425837316258,0.0939234470236951,0.257016269304148,83,STAD,0.508537512798538,0.359148461425464,0.114296263899954,0.784886312762198
GSE27342,STAD,GSM675974,0.722287276634222,0.0175651376405734,0.0735814055366416,0.186566180188563,84,STAD,0.535218290595921,0.101734246815987,0.0263108485034764,0.485898595439407
GSE27342,STAD,GSM675975,0.778104690070653,0.018412842479625,0.0480731170611589,0.155409350388564,85,STAD,0.66275251302596,0.0,0.0455739415636303,0.415950463648645
GSE27342,STAD,GSM675976,0.689736933406014,0.0250365505951084,0.0877320775739613,0.197494438424916,86,STAD,0.401513652754828,0.429042250773278,0.110966135401722,0.477845658886962
GSE27342,STAD,GSM675977,0.687684783293059,0.0232271230603852,0.0608519464761832,0.228236147170373,87,STAD,0.633236442113055,0.152505452165422,0.0619913264274325,0.611112008877188
GSE27342,STAD,GSM675978,0.75542230303593,0.0122771839838664,0.0552572285744697,0.177043284405734,88,STAD,0.590517455890358,0.129790187853759,0.0260531030580661,0.783030701865061
GSE27342,STAD,GSM675979,0.749947215268263,0.045576691457947,0.057890651020228,0.146585442253562,89,STAD,0.476242814734283,0.217082768205591,0.141682453084547,0.401366838857461
GSE27342,STAD,GSM675980,0.726228201117603,0.0229332106381112,0.0796766297045259,0.17116195853976,90,STAD,0.521342892940894,0.427732981245643,0.0435743855997078,0.61162457851539
GSE27342,STAD,GSM675981,0.648805671962503,0.059127105986101,0.0871343742739868,0.204932847777409,91,STAD,0.489294018165508,0.394829845035988,0.0763833073719641,0.932626103112073
GSE27342,STAD,GSM675982,0.676571725969068,0.0438473685821668,0.105197746956728,0.174383158492038,92,STAD,0.0650534518567376,0.629412564275716,0.144195545680975,0.641076120567639
GSE27342,STAD,GSM675983,0.594836669933847,0.0409904187848174,0.144928540734854,0.219244370546481,93,STAD,0.511675603077685,0.30334032519337,0.113883896317257,0.787812597266085
GSE27342,STAD,GSM675984,0.649669236087237,0.0491892347068725,0.0699161355044954,0.231225393701395,94,STAD,0.552309658505772,0.362211480894654,0.0853398816193708,0.716645231364069
GSE27342,STAD,GSM675985,0.575580504222663,0.0881910183542234,0.0856612643922512,0.250567213030863,95,STAD,0.470780350040566,0.40937359807573,0.0448204333496458,0.885938540211586
GSE27342,STAD,GSM675986,0.565182554206983,0.0580292995582025,0.0629453085255783,0.313842837709236,96,STAD,0.581170373323539,0.352698734060411,0.0316452094069774,0.962591261781316
GSE27342,STAD,GSM675987,0.669216600305805,0.0131191861493704,0.0874719886538712,0.230192224890954,97,STAD,0.545818893232167,0.102706721555577,0.0132588298758145,0.741107580926585
GSE27342,STAD,GSM675988,0.806588767035529,0.0147467793963659,0.0479321880873115,0.130732265480794,98,STAD,0.556206989757052,0.208871249460476,0.0727911848876678,0.474506544389441
GSE27342,STAD,GSM675989,0.699327756401304,0.0169549217909263,0.0672997743101771,0.216417547497592,99,STAD,0.657252999176246,0.0485585973030659,0.0646683785301034,0.79034250296051
GSE27342,STAD,GSM675990,0.705400755339479,0.0140862352769661,0.0676616378394179,0.212851371544137,100,STAD,0.548952436699305,0.347119642962172,0.0844217480876898,0.586403358691067
GSE27342,STAD,GSM675991,0.744631798058675,0.0427198500246571,0.0713260195688495,0.141322332347818,101,STAD,0.658466423454429,0.0366371221070814,0.120953625435433,0.377710170413152
GSE27342,STAD,GSM675992,0.68876161267663,0.0125312307312096,0.0602722961141531,0.238434860478007,102,STAD,0.654414996279401,0.0743051812391307,0.0636005622673282,0.706467515871709
GSE27342,STAD,GSM675993,0.747218766042788,0.0241014395365919,0.0559415083542888,0.172738286066331,103,STAD,0.536779142924752,0.228005875446629,0.105598717303112,0.449597486127728
GSE27342,STAD,GSM675994,0.73742492990704,0.0164728497156258,0.0718063498040916,0.174295870573242,104,STAD,0.573732932629467,2.79625444011329e-20,0.052243299080047,0.445792766799539
GSE27342,STAD,GSM675995,0.656838548751877,0.0668642266719745,0.0535507006489695,0.222746523927179,105,STAD,0.580634550303446,0.139124769749639,0.12046351299539,0.8301726228905
GSE27342,STAD,GSM675996,0.700888401551964,0.0176714866204747,0.0700806650953748,0.211359446732187,106,STAD,0.617102375790597,0.221291345619048,0.0690852384294448,0.580474447131089
GSE27342,STAD,GSM675997,0.614150981778942,0.0755522752443869,0.0772793991436103,0.23301734383306,107,STAD,0.491873150415232,0.404915309765158,0.21265819548401,0.71357713776446
GSE27342,STAD,GSM675998,0.615247498779921,0.0292543451809112,0.0798973067741825,0.275600849264985,108,STAD,0.586504245049728,0.252056377007371,0.166910228923583,0.680079362295301
GSE27342,STAD,GSM675999,0.690527044048087,0.0592802673574745,0.0499197201304593,0.20027296846398,109,STAD,0.614199396228286,0.18227817244232,0.101448541868375,0.565393316456951
GSE27342,STAD,GSM676000,0.758936738227268,0.0140317437539633,0.0641575261028962,0.162873991915872,110,STAD,0.596241501610225,0.16805994734563,0.0766400531937815,0.383173599523397
GSE27342,STAD,GSM676001,0.483032479797042,0.102466215676863,0.125187601739452,0.289313702786643,111,STAD,0.365243665311191,0.517289866918139,0.278664925647115,0.72433275724334
GSE27342,STAD,GSM676002,0.587899448546167,0.0424934409809899,0.119738823891307,0.249868286581536,112,STAD,0.317049194987451,0.541432175366539,0.310223626695783,0.649483811459396
GSE27342,STAD,GSM676003,0.439028401790172,0.12577886993104,0.0823761308884846,0.352816597390303,113,STAD,0.570211154795562,0.323513911902048,0.199307143632966,0.721468226117611
GSE27342,STAD,GSM676004,0.6640958725226,0.0206144475813999,0.0889384992510272,0.226351180644973,114,STAD,0.180934220906311,0.484005387900055,0.0295865763530196,0.346016913170636
GSE27342,STAD,GSM676005,0.338590064222248,0.134219621699721,0.0799596697826429,0.447230644295387,115,STAD,0.457384230836672,0.205500448936299,0.234048583454517,1.18497520153821
GSE27342,STAD,GSM676006,0.614202852187726,0.0218622403100587,0.0678048510277637,0.296130056474452,116,STAD,0.630235260094787,0.130362275219735,0.112914852219473,0.718043542676023
GSE27342,STAD,GSM676007,0.717683948011715,0.0187019866388223,0.0707013155240432,0.19291274982542,117,STAD,0.67109432555969,0.0082366762464202,0.112196653715425,0.528516295080345
GSE27342,STAD,GSM676008,0.675127842496743,0.0176289592227477,0.0689225238806844,0.238320674399824,118,STAD,0.661356385296014,0.08721231320503,0.100271969588391,0.802800185214875
GSE27342,STAD,GSM676009,0.727940518826267,0.0517198011156293,0.048435630880776,0.171904049177328,119,STAD,0.539302377041183,0.269131913284836,0.160187441363215,0.345317675998787
GSE27342,STAD,GSM676010,0.605740183314574,0.0096042455409432,0.0534976010036642,0.331157970140818,120,STAD,0.570175391877417,0.0565771953151131,0.0474921984167496,0.982045806191287
GSE27342,STAD,GSM676011,0.79403336138395,0.0230295488092883,0.0344722412779976,0.148464848528765,121,STAD,0.587879692920804,0.11777326928381,0.104974281842146,0.56959611550351
GSE27342,STAD,GSM676012,0.594349340601365,0.0146857224689183,0.0766095345897952,0.314355402339922,122,STAD,0.628334800416043,0.189530335213985,0.0851761792429663,1.03925742719647
GSE27342,STAD,GSM676013,0.469577217093593,0.205794061222268,0.0761269988675385,0.2485017228166,123,STAD,0.545143556711756,0.351211847663817,0.163843704644044,0.850112272503179
GSE27342,STAD,GSM676014,0.638944803511485,0.0181901961887007,0.0546925810943484,0.288172419205466,124,STAD,0.636053360402365,0.0543302672785488,0.0450172500345593,0.729167462534124
GSE27342,STAD,GSM676015,0.753235749546231,0.0115288556211806,0.063316118310237,0.171919276522352,125,STAD,0.620891670200568,0.0257982843405908,0.0680394436192067,0.507397055815762
GSE27342,STAD,GSM676016,0.581402847432328,0.109699671802072,0.0852159872165876,0.223681493549012,126,STAD,0.614343830065335,0.342718509526386,0.125504140271599,0.628417064304781
GSE27342,STAD,GSM676017,0.71595889081376,0.0565007613903491,0.0527437730387771,0.174796574757114,127,STAD,0.505916389817396,0.218934102598549,0.226798708385634,0.336046045411538
GSE27342,STAD,GSM676018,0.65631805940278,0.0099064698825835,0.11260926316304,0.221166207551596,128,STAD,0.525421030301048,0.131150206343232,0.0,0.870360667953285
GSE27342,STAD,GSM676019,0.73273329462354,0.0172304457823424,0.0727903898593842,0.177245869734734,129,STAD,0.561023668649435,0.191710265885223,1.45397774778923e-17,0.649628323758344
GSE27342,STAD,GSM676020,0.739275682700854,0.0524837197726103,0.0758727420943211,0.132367855432215,130,STAD,0.5107232760412,0.0523031532476923,0.0469328957521957,0.60855646754514
GSE27342,STAD,GSM676021,0.680706406237102,0.0221902469177883,0.0600859382071672,0.237017408637943,131,STAD,0.670057992740342,5.454585047111369e-18,0.0550131689851521,0.966337402255068
GSE27342,STAD,GSM676022,0.676639150125902,0.123220844573467,0.0518092686449701,0.148330736655661,132,STAD,0.63948079203831,0.309550269836258,0.0388040875203338,0.430204747977214
GSE27342,STAD,GSM676023,0.781479829706793,0.056316411193305,0.0539575278587329,0.108246231241169,133,STAD,0.5542666296436,0.114136926733798,0.139038856985405,0.458523466962492
GSE27342,STAD,GSM676024,0.656082951374279,0.0248497114769393,0.0858387022296315,0.23322863491915,134,STAD,0.673099677505603,0.279248132322159,0.153344514265903,0.588576539701769
GSE27342,STAD,GSM676025,0.819679157661373,0.0078483001134907,0.0505366125244141,0.121935929700722,135,STAD,0.556108346609316,0.102393189406518,5.44384079918868e-19,0.552694089862001
GSE27342,STAD,GSM676026,0.630368589731821,0.0695664499650783,0.0684847106306664,0.231580249672434,136,STAD,0.653331871827928,0.089442943935096,0.11052634048021,0.80485576408424
GSE27342,STAD,GSM676027,0.560269314078639,0.0611048980256441,0.0672617128862,0.311364075009517,137,STAD,0.482837492348728,0.137683702578394,0.0566459069108384,1.06477189161159
GSE27342,STAD,GSM676028,0.717836624216929,0.02585558354257,0.0888536888164667,0.167454103424034,138,STAD,0.573305928635444,0.396491377346798,0.111808474761975,0.617927003362864
GSE27342,STAD,GSM676029,0.545626466648236,0.151611292013579,0.0921146713391229,0.210647569999062,139,STAD,0.341249651766934,0.658352943117972,0.121407565129125,0.660948781498512
GSE27342,STAD,GSM676030,0.725078878261531,0.0226530736472879,0.105804789156328,0.146463258934854,140,STAD,0.214464178846424,0.492722329028499,0.128053760183032,0.466966447190944
GSE27342,STAD,GSM676031,0.555434557897526,0.127372258768649,0.108906100356611,0.208287082977214,141,STAD,0.411245146796013,0.529774194501255,0.215721470248047,0.656289495017031
GSE27342,STAD,GSM676032,0.71764556640449,0.045492137450204,0.0803134475745272,0.156548848570778,142,STAD,0.520966961754424,0.312219548724544,0.0263081192025093,0.668308350460526
GSE27342,STAD,GSM676033,0.747379950186815,0.0406250662995108,0.0634535894493456,0.148541394064329,143,STAD,0.688574325978279,0.0283365398430254,0.0659680238602091,0.523164098070062
GSE27342,STAD,GSM676034,0.628403479174159,0.012181208816224,0.0906126143795829,0.268802697630034,144,STAD,0.626227781041717,0.104746930630479,8.84576511953373e-19,0.80062119986854
GSE27342,STAD,GSM676035,0.713712995059887,0.020014587137315,0.0426270690000756,0.223645348802723,145,STAD,0.562886760082594,1.14304834206599e-18,0.0207349292326579,0.663033968067037
GSE27342,STAD,GSM676036,0.768979438477295,0.0089540031135487,0.0526823140264182,0.169384244382738,146,STAD,0.568551284639568,0.0,0.0402996268091308,0.329700924441082
GSE27342,STAD,GSM676037,0.694163965760157,0.0407021417532082,0.0419785347175472,0.223155357769088,147,STAD,0.574636332871084,4.68327176587595e-18,0.158973475811462,0.649439587685829
GSE27342,STAD,GSM676038,0.573448997118537,0.0158992527152407,0.0662587197001858,0.344393030466036,148,STAD,0.529836926273813,0.198164765486715,0.181756292686667,0.68259656918777
GSE27342,STAD,GSM676039,0.741352058676317,0.0085967359516248,0.0980193137211647,0.152031891650894,149,STAD,0.394556523933797,0.0,0.0,0.995413677429816
GSE27342,STAD,GSM676040,0.806221605721894,0.0518693326129223,0.0507313448012664,0.0911777168639176,150,STAD,0.198626163596209,0.0803040178546859,1.7541495319683102e-17,1.07728855236081
GSE27342,STAD,GSM676041,0.593521580086104,0.0826029912918427,0.0707037062835496,0.253171722338503,151,STAD,0.623419925511413,0.203761026533601,0.120235278129524,0.670656191991307
GSE27342,STAD,GSM676042,0.700239829382805,0.0209096010560723,0.0670099600512473,0.211840609509875,152,STAD,0.514638100781132,0.316665526960515,0.0937131344847944,0.534342383439419
GSE27342,STAD,GSM676043,0.680771743744517,0.162175700583211,0.0211851888146704,0.135867366857601,153,STAD,0.37256237284175,0.108724622459064,2.88318986142785e-18,0.67946414670955
GSE27342,STAD,GSM676044,0.770403398769416,0.0169987939808726,0.0589293030674295,0.153668504182282,154,STAD,0.531080639996048,0.0960641638616131,0.0620033963610524,0.396595791816337
GSE27342,STAD,GSM676045,0.487528513221642,0.122591506779641,0.064508543985215,0.325371436013502,155,STAD,0.525109719319933,0.274544554927768,0.160476066339039,0.724675862179055
GSE27342,STAD,GSM676046,0.593701008708351,0.0164427900796575,0.0548259122968062,0.335030288915185,156,STAD,0.559692741040164,0.156432851101848,0.0737263661819291,0.745774437705917
GSE27342,STAD,GSM676047,0.710594805559522,0.0177016862691306,0.037928783988054,0.233774724183293,157,STAD,0.571768948280974,0.0586816655683499,0.0834420791187682,0.857228889860117
GSE27342,STAD,GSM676048,0.490362721093161,0.0381060464284404,0.114817008739582,0.356714223738816,158,STAD,0.502436790157812,0.342568051919583,0.337892407958658,0.688035977775206
GSE27342,STAD,GSM676049,0.620841619791194,0.084643352912229,0.0792604348368384,0.215254592459738,159,STAD,0.47296104350123,0.423582969579709,0.225784206737576,0.556113440942666
GSE63089,STAD,GSM1540871,0.672438752569688,0.0604250354827679,0.105786922899002,0.161349289048542,0,STAD,0.389979001695835,0.159848613071616,0.0962605798183052,0.463322574360307
GSE63089,STAD,GSM1540872,0.746861373002449,0.0296753405831167,0.0656760828824207,0.157787203532014,1,STAD,0.418782239894069,0.0,1.11681633827541e-17,0.354047399284507
GSE63089,STAD,GSM1540873,0.771031301716514,0.0329166746276554,0.0615923137428567,0.134459709912974,2,STAD,0.413375013090037,0.0,0.0,0.282979147615677
GSE63089,STAD,GSM1540874,0.596538333693366,0.0876123006981355,0.135469552012405,0.180379813596093,3,STAD,0.24970655408516,0.16765817107441,0.108324588452165,0.575899109449144
GSE63089,STAD,GSM1540875,0.765602419439468,0.0133335926562982,0.0749299214345172,0.146134066469716,4,STAD,0.434349293589858,0.0054124051597914,0.0,0.431950127387002
GSE63089,STAD,GSM1540876,0.547594983636094,0.110428843360277,0.100774917164008,0.241201255839621,5,STAD,0.416614926329733,0.007913398950858,0.0388280174648083,0.450596474721753
GSE63089,STAD,GSM1540877,0.576290333871473,0.114805633545901,0.104919800296596,0.203984232286031,6,STAD,0.287840297577062,0.181122959821345,0.0890049704811276,0.810695731820162
GSE63089,STAD,GSM1540878,0.660337898468211,0.0983310353095568,0.0876391302321326,0.1536919359901,7,STAD,0.275037299851468,0.303865521901641,0.0528105096942668,0.601029927859768
GSE63089,STAD,GSM1540879,0.730706901347385,0.047177298728537,0.0838287314025734,0.138287068521505,8,STAD,0.416266617670103,0.0,2.5875906533354e-18,0.228971513659674
GSE63089,STAD,GSM1540880,0.72866795680496,0.05061086789746,0.0727711927265276,0.147949982571053,9,STAD,0.415871621324845,0.0328138449136435,0.0447831134850942,0.585523561079075
GSE63089,STAD,GSM1540881,0.494684209317209,0.192756921955465,0.189976662373958,0.122582206353368,10,STAD,1.8147603311254797e-18,0.443508036681376,0.261044273340741,0.203418392137315
GSE63089,STAD,GSM1540882,0.501580576116361,0.0825143750730387,0.225153991928225,0.190751056882376,11,STAD,0.0315653113715388,0.289158433058588,0.281193052653668,0.560890019690004
GSE63089,STAD,GSM1540883,0.529860587372844,0.152973827890916,0.122339488321456,0.194826096414784,12,STAD,0.328200920379062,0.236580979607966,0.148526092037508,0.616147912471585
GSE63089,STAD,GSM1540884,0.512543512738365,0.176388578874606,0.0959533231279073,0.215114585259122,13,STAD,0.300201954462558,0.0873482191994253,0.138922569624037,0.771121542194809
GSE63089,STAD,GSM1540885,0.45131748031779,0.206639492041225,0.138398696660564,0.203644330980421,14,STAD,0.3062132804081,0.131187919953223,0.176959512216732,0.595074248515316
GSE63089,STAD,GSM1540886,0.779357694901629,0.0261408368676925,0.0557787688318199,0.138722699398859,15,STAD,0.423342174141249,0.0,0.0,0.497655113515596
GSE63089,STAD,GSM1540887,0.489027422644648,0.0838801069599473,0.23110280743424,0.195989662961164,16,STAD,0.0,0.280660717230415,0.285912880031515,0.570768356406037
GSE63089,STAD,GSM1540888,0.538878124283086,0.140368888124425,0.121410414058632,0.199342573533857,17,STAD,0.301260838014641,0.290834400413128,0.141654496914602,0.671482037664901
GSE63089,STAD,GSM1540889,0.749992735642417,0.0587089237827848,0.0696281792744711,0.121670161300327,18,STAD,0.365330019027896,0.0,0.0008573217179956,0.309295222963636
GSE63089,STAD,GSM1540890,0.805531227530565,0.0260626602762149,0.0595198096302018,0.108886302563018,19,STAD,0.448440952358311,0.0,2.1893236355264e-19,0.207895712606235
GSE63089,STAD,GSM1540891,0.704457855559861,0.0306319288082106,0.0697595156400261,0.195150699991902,20,STAD,0.438636089972505,0.0,5.36581693036171e-19,0.623520795422934
GSE63089,STAD,GSM1540892,0.476134772609197,0.19337657719176,0.137850544226839,0.192638105972204,21,STAD,0.291473803599231,0.143926176327371,0.150427047242326,0.553888131266447
GSE63089,STAD,GSM1540893,0.537223304347897,0.158286502332915,0.0977524630824922,0.206737730236695,22,STAD,0.261398937007808,0.098480814871566,0.0938922467380285,0.766418267580079
GSE63089,STAD,GSM1540894,0.744657966518886,0.0224120082701866,0.0722338479445069,0.160696177266421,23,STAD,0.441618723083046,0.0,0.0088728826148872,0.416184172940983
GSE63089,STAD,GSM1540895,0.740975935194374,0.0871440857867378,0.0524123475699804,0.119467631448908,24,STAD,0.407101534744573,0.0,0.0,0.404879040539181
GSE63089,STAD,GSM1540896,0.791498492735665,0.0301740541109242,0.0596899530961598,0.118637500057251,25,STAD,0.423502770184086,0.0,0.0,0.330779982696968
GSE63089,STAD,GSM1540897,0.741581407674417,0.0222938682310652,0.0974433720541567,0.138681352040361,26,STAD,0.433873904636483,0.0,0.11395804183468,0.402602287084503
GSE63089,STAD,GSM1540898,0.616904689418806,0.151896680663259,0.0877084756079771,0.143490154309958,27,STAD,0.343225440149979,0.162497482897916,0.0607171533401492,0.656596975249444
GSE63089,STAD,GSM1540899,0.679570892607227,0.0546936384916606,0.0969603353181102,0.168775133583003,28,STAD,0.348217934104799,0.103936111264063,0.063289107572599,0.603169417691759
GSE63089,STAD,GSM1540900,0.737315791799974,0.0226210044268876,0.0742264950821905,0.165836708690948,29,STAD,0.438914604813804,4.33209547496593e-18,0.0165839879093059,0.507804959752872
GSE63089,STAD,GSM1540901,0.774693580246735,0.0471708174086691,0.0678580636296544,0.110277538714941,30,STAD,0.313942941942182,0.0119982245746646,0.0272581303755682,0.326969512650647
GSE63089,STAD,GSM1540902,0.729221530304535,0.0495191647679666,0.0724773143813446,0.148781990546154,31,STAD,0.356225738454606,0.150890475123136,0.0290786494784001,0.550046156190929
GSE63089,STAD,GSM1540903,0.761511952889439,0.0171563679060145,0.0689308313672163,0.15240084783733,32,STAD,0.454888688795144,0.0,2.2270957028164802e-17,0.524925080601198
GSE63089,STAD,GSM1540904,0.75772432349642,0.0396273981713557,0.0916829939547496,0.110965284377475,33,STAD,0.437614917676007,3.3651883493976803e-19,0.0502895694735531,0.294456399464932
GSE63089,STAD,GSM1540905,0.778536256626153,0.0234057710450453,0.0672400303169306,0.130817942011871,34,STAD,0.365052986586348,0.0066280923296792,0.0,0.232450427875361
GSE63089,STAD,GSM1540906,0.691576073047817,0.0599278986666441,0.0759722389910676,0.172523789294472,35,STAD,0.377012791625902,1.10873933884696e-18,0.014698850594831,0.639518687555733
GSE63089,STAD,GSM1540907,0.665158587712567,0.0617925944681844,0.101998956986666,0.171049860832582,36,STAD,0.30594758111547,0.137315772969012,0.0881463488330056,0.528733289631276
GSE63089,STAD,GSM1540908,0.733719767967804,0.0517885045278411,0.0634961683209173,0.150995559183437,37,STAD,0.411016396710286,1.30833456890407e-17,6.18118476269597e-19,0.417793571516531
GSE63089,STAD,GSM1540909,0.505901623416021,0.105380152407219,0.140539968179361,0.248178255997399,38,STAD,0.37812739878618,0.121732166857869,0.0972239640331956,0.519831118687354
GSE63089,STAD,GSM1540910,0.757300221751087,0.0515962853890921,0.0764170413768071,0.114686451483013,39,STAD,0.361736223585986,0.0729233229096256,0.124119382985604,0.216651105713273
GSE63089,STAD,GSM1540911,0.82893927997352,0.022861330348332,0.0464740320441873,0.10172535763396,40,STAD,0.369228161384751,5.055565376391189e-18,1.20419945097127e-17,0.392096574039764
GSE63089,STAD,GSM1540912,0.724196985252171,0.0531047330699002,0.0796273241766952,0.143070957501233,41,STAD,0.32564113954422,0.0,0.164190119269537,0.211978990448523
GSE63089,STAD,GSM1540913,0.803352247201057,0.0519358172831269,0.0632521297821158,0.0814598057337003,42,STAD,0.381602857636622,0.0,0.047859495142239,0.311359591885773
GSE63089,STAD,GSM1540914,0.743971082209653,0.0412185983811799,0.0930908444288866,0.121719474980281,43,STAD,0.475068096863582,8.28832580925556e-18,0.0413259071281716,0.302454430511796
GSE63089,STAD,GSM1540915,0.766216300796495,0.0201731520835723,0.071227837499244,0.142382709620688,44,STAD,0.375220409031401,0.0,0.0,0.45424738410908
GSE63089,STAD,GSM1540916,0.742641641404335,0.017634090022263,0.0906548576923041,0.149069410881098,45,STAD,0.423162869312639,0.057961575636817,0.0432712774062756,0.473414763231646
GSE63089,STAD,GSM1540917,0.718781474846686,0.0185537842428386,0.0925237620561148,0.17014097885436,46,STAD,0.265908282950819,0.142161745426558,0.0,0.537569230582268
GSE63089,STAD,GSM1540918,0.698738863632817,0.0146682627436499,0.0839890643758634,0.202603809247669,47,STAD,0.368631261674855,0.0123955331691264,3.82810911002769e-19,0.674299158885156
GSE63089,STAD,GSM1540919,0.746018205636402,0.01613585902397,0.0951593900055136,0.142686545334115,48,STAD,0.398047021396027,0.0142898202018785,0.037771774895905,0.353201455265677
GSE63089,STAD,GSM1540920,0.576261724298379,0.0764321138487677,0.15363923172917,0.193666930123683,49,STAD,0.0173562198498108,0.306205773113431,0.153378067580068,0.744336830581816
GSE63089,STAD,GSM1540921,0.712277100187429,0.0279482679274954,0.122554160932377,0.137220470952699,50,STAD,0.226688575266671,0.16074268385883,0.0827520557775955,0.328060965404385
GSE63089,STAD,GSM1540922,0.707818444730618,0.0159710189460146,0.0974758770007075,0.17873465932266,51,STAD,0.326583428860227,0.0604589023043523,0.0346895256489868,0.593458925745487
GSE63089,STAD,GSM1540923,0.742046298840445,0.0212306239661587,0.0895373926212546,0.147185684572142,52,STAD,0.339687523028231,1.40263119749519e-17,0.0,0.582439150847618
GSE63089,STAD,GSM1540924,0.761398564046866,0.0108807408486305,0.0761793921628919,0.151541302941611,53,STAD,0.36558086730695,3.56707831269956e-17,9.60248213011918e-19,0.275586429869354
GSE63089,STAD,GSM1540925,0.802149958487674,0.0116418040719592,0.0625805544863631,0.123627682954003,54,STAD,0.426280856239425,0.110993183821807,0.0215030000028541,0.388307507881456
GSE63089,STAD,GSM1540926,0.693477165541499,0.0156261864205638,0.105794305551522,0.185102342486415,55,STAD,0.289030488888063,1.66803253286021e-17,0.004149369347955,0.504920021126032
GSE63089,STAD,GSM1540927,0.730737507313463,0.0231902506178935,0.108809678809728,0.137262563258915,56,STAD,0.331037830926431,0.0,0.115220373383345,0.409104829047409
GSE63089,STAD,GSM1540928,0.728393048920211,0.0146528667158649,0.0924711479518343,0.16448293641209,57,STAD,0.40802220284855,1.92211886954505e-19,5.49440819616609e-19,0.538154095974736
GSE63089,STAD,GSM1540929,0.805953811261874,0.012422910639943,0.0788705152738157,0.102752762824367,58,STAD,0.388304153147906,7.584405065729241e-19,0.0472932137880944,0.38794444835539
GSE63089,STAD,GSM1540930,0.772554783191271,0.0176025582808806,0.0796633767937893,0.130179281734059,59,STAD,0.356757224508771,0.122091485819925,0.0411526027959447,0.401633966572694
GSE63089,STAD,GSM1540931,0.676050101991464,0.0262725259348185,0.0669567171938035,0.230720654879914,60,STAD,0.380605791334577,1.01786471404847e-17,6.5092286314987495e-18,0.770089320872797
GSE63089,STAD,GSM1540932,0.645774930377471,0.0433940798359353,0.0917512053141279,0.219079784472466,61,STAD,0.220960836959892,0.26494791207118,0.0343510935458463,0.970342890884443
GSE63089,STAD,GSM1540933,0.735722874681343,0.0139956778435779,0.0889494038631711,0.161332043611908,62,STAD,0.406303598623722,0.0,4.36352974796865e-19,0.528910669448142
GSE63089,STAD,GSM1540934,0.737461245969435,0.0246188561440255,0.117454920082338,0.120464977804201,63,STAD,0.354248054104596,0.0394823738004597,0.137209538037444,0.375442200121856
GSE63089,STAD,GSM1540935,0.758519210140616,0.0145352375594932,0.0800505150372277,0.146895037262664,64,STAD,0.392996056033115,0.167947793771806,0.0483320068719588,0.541808275594134
GSE63089,STAD,GSM1540936,0.705693767628115,0.0121210375553563,0.0710917073332287,0.2110934874833,65,STAD,0.406569372982095,0.0,0.0027048400591007,0.654772433170527
GSE63089,STAD,GSM1540937,0.775626951929321,0.0165446846436532,0.0806431026638563,0.127185260763169,66,STAD,0.343046137108807,0.145403335398333,1.32609147482744e-18,0.416390862451876
GSE63089,STAD,GSM1540938,0.788912550985465,0.0144892038014515,0.0739106758609527,0.122687569352131,67,STAD,0.392174356523477,0.0351385879661793,0.0163057808714971,0.641367289919546
GSE63089,STAD,GSM1540939,0.720652840950989,0.0397210065901383,0.0739764656849238,0.165649686773948,68,STAD,0.258986612167801,0.159123945802575,9.520831879492691e-19,0.826844714427373
GSE63089,STAD,GSM1540940,0.702494414170864,0.0300236514102235,0.140012020447599,0.127469913971313,69,STAD,0.296910560619304,0.0686518337083757,0.126004243527767,0.489419997557757
GSE63089,STAD,GSM1540941,0.695505332047655,0.0148545369465111,0.11952660657883,0.170113524427004,70,STAD,0.159941684600815,6.4727046148252895e-18,7.51943768598418e-18,0.761022480340393
GSE63089,STAD,GSM1540942,0.707087155740999,0.0302982959535043,0.141504920946246,0.121109627359251,71,STAD,0.280548635364222,0.0541437139445956,0.190237801789491,0.320841211459703
GSE63089,STAD,GSM1540943,0.723362404117155,0.0357402655464836,0.104609557961457,0.136287772374904,72,STAD,0.194689806316348,0.310104552116703,0.0882009459879629,0.431029447921499
GSE63089,STAD,GSM1540944,0.75208699364211,0.0254612577470116,0.0988697102750683,0.12358203833581,73,STAD,0.251640243944036,0.183446375255227,0.0540473205558683,0.438326372636815
GSE63089,STAD,GSM1540945,0.803176084679009,0.0124608065671746,0.0619319105229727,0.122431198230844,74,STAD,0.382382985879047,0.0,2.6097338694670897e-18,0.601489152860756
GSE63089,STAD,GSM1540946,0.781368620710357,0.0203480880498353,0.0874220945451454,0.110861196694662,75,STAD,0.363000241351633,0.177778033754089,0.0708992382275999,0.474647068288075
GSE63089,STAD,GSM1540947,0.73949108584915,0.0137876455102185,0.082186289030073,0.164534979610558,76,STAD,0.359464795115927,0.0,0.0241361270476166,0.625565669284609
GSE63089,STAD,GSM1540948,0.745959706219636,0.0143009072616315,0.0806001008562681,0.159139285662464,77,STAD,0.384036063149677,0.15272581044805,0.0177424710527108,0.401921941693007
GSE63089,STAD,GSM1540949,0.733452913158059,0.0118311583037776,0.0752529896820643,0.179462938856099,78,STAD,0.449020760897702,0.0,0.0,0.578818905208966
GSE63089,STAD,GSM1540950,0.757104981554861,0.0177153224238882,0.090142890697979,0.135036805323272,79,STAD,0.399086912045226,0.0,0.0543428249504124,0.366411619979789
GSE63089,STAD,GSM1540951,0.745607522911841,0.0162337021974057,0.0866569815990965,0.151501793291656,80,STAD,0.429107049071641,0.0287059606355836,0.033534289029327,0.41231705289473
GSE63089,STAD,GSM1540952,0.679482893801137,0.024532753209571,0.103601656148265,0.192382696841027,81,STAD,0.394224646775891,1.33100890214389e-19,0.0553250389249212,0.513945101949729
GSE63089,STAD,GSM1540953,0.783234882630441,0.0128871454027843,0.0806684882295441,0.12320948373723,82,STAD,0.420866842284637,0.0125886215685654,0.0282374514119343,0.249653150090085
GSE63089,STAD,GSM1540954,0.696368609820619,0.0217017938240019,0.123045371814043,0.158884224541337,83,STAD,0.110061165747536,0.193988591767535,0.0536270992459846,0.33967888319726
GSE63089,STAD,GSM1540955,0.720734843985582,0.0089552404581483,0.0611915252466782,0.209118390309591,84,STAD,0.369257652811666,0.0,0.0,0.71849845870846
GSE63089,STAD,GSM1540956,0.713080466509522,0.0124390066520848,0.0756127290184449,0.198867797819949,85,STAD,0.419128979919644,1.4481011159305802e-17,1.41364728501434e-17,0.799074885313352
GSE63089,STAD,GSM1540957,0.73339743058662,0.0159433286298278,0.0748645685417729,0.175794672241779,86,STAD,0.419078595659355,0.0,0.0,0.622980262867838
GSE63089,STAD,GSM1540958,0.711169729594283,0.0524466052121976,0.0981499886008756,0.138233676592643,87,STAD,0.367397492094459,6.61445539802867e-17,0.0319358499598429,0.489608782168665
GSE63089,STAD,GSM1540959,0.692716424411598,0.0136337457767408,0.100590794081087,0.193059035730574,88,STAD,0.400894594755972,6.12310401123973e-18,4.99752028491339e-18,0.700431828626363
GSE63089,STAD,GSM1540960,0.792724675726211,0.0095738316813634,0.0712157400439789,0.126485752548447,89,STAD,0.401548453495749,0.0,0.0186076531485245,0.322178821723025
GSE13911,STAD,GSM350411,0.825319283530571,0.0141754568023581,0.0313724455591027,0.129132814107968,0,STAD,0.0017859697380868,0.0524473478977034,0.0110596215798673,0.85550216601152
GSE13911,STAD,GSM350412,0.834463968935074,0.0074049625041184,0.061764494246823,0.0963665743139844,1,STAD,0.16535442079819,0.0,0.0385759349264271,0.227364905760923
GSE13911,STAD,GSM350413,0.770536970192027,0.0332285416468225,0.0457719619520492,0.150462526209101,2,STAD,0.151022048459501,0.0345765140929625,0.0979840111516767,0.404980439543517
GSE13911,STAD,GSM350414,0.775141967381695,0.0091582799839833,0.0672994610640377,0.148400291570283,3,STAD,0.0891902498169083,0.0886027191593785,0.0025791104805556,0.75804228764996
GSE13911,STAD,GSM350415,0.813036542584101,0.011488521642934,0.048740120709543,0.126734815063422,4,STAD,0.114850763091054,4.61840389756339e-19,0.0,0.479402184497782
GSE13911,STAD,GSM350416,0.703188977568481,0.031819919254845,0.0665527727020866,0.198438330474587,5,STAD,0.0480316912424717,0.167256593851618,0.114587294587704,0.767966922968621
GSE13911,STAD,GSM350417,0.845278890269343,0.0071127255427706,0.0513277984223766,0.0962805857655101,6,STAD,0.102381803114924,0.0054592737872818,4.21194925665248e-19,0.795053433119705
GSE13911,STAD,GSM350418,0.819079561220063,0.0207089977929034,0.0277347977714958,0.132476643215538,7,STAD,0.06646215460348,0.0,0.0,0.88408056803178
GSE13911,STAD,GSM350419,0.763621408487192,0.0066833672567675,0.0664751115944348,0.163220112661606,8,STAD,0.0706339312235374,0.0,0.0,1.0643520011624
GSE13911,STAD,GSM350420,0.812663200638167,0.00719482407478,0.037436008155506,0.142705967131547,9,STAD,0.0884222934442902,0.0,7.55969627043279e-19,0.61951978213453
GSE13911,STAD,GSM350421,0.743433651858997,0.0094767623892776,0.0605366252431678,0.186552960508557,10,STAD,0.0757459071122726,1.0175262373883401e-17,0.0309347102251665,0.714929693916114
GSE13911,STAD,GSM350422,0.648861596835435,0.0234715108538176,0.0630266487270353,0.264640243583713,11,STAD,0.0,0.163413873008226,0.0820851263683674,1.02012968457281
GSE13911,STAD,GSM350423,0.818220195053784,0.0089436401888164,0.0524482705561326,0.120387894201267,12,STAD,0.125975694049076,0.0,0.0952045281983784,0.413119227198372
GSE13911,STAD,GSM350424,0.792642521202732,0.0047714352199227,0.0631962625067468,0.139389781070599,13,STAD,0.0869355579555952,0.0064004900941287,0.013258874027643,0.669884453208414
GSE13911,STAD,GSM350425,0.557877975306886,0.0296541172656459,0.0856386520553171,0.326829255372151,14,STAD,0.0018157615761178,0.0838381257372679,0.0852241041330732,1.05889207357357
GSE13911,STAD,GSM350426,0.82107524823606,0.0065801887700854,0.0389358068570985,0.133408756136756,15,STAD,0.103538857531045,4.77405781519047e-18,0.0345858980286285,0.563716252021614
GSE13911,STAD,GSM350427,0.697115148350228,0.0179251076363994,0.0811926538912248,0.203767090122147,16,STAD,0.0348378751950156,0.0397324213962957,0.146018989548541,0.856886170881132
GSE13911,STAD,GSM350428,0.817720980549848,0.0088506195041423,0.0439845033641056,0.129443896581904,17,STAD,0.100285235900731,5.3986867254630396e-18,0.0132259982459273,0.634893075313431
GSE13911,STAD,GSM350429,0.839296834233432,0.0149546409382041,0.0671765021373473,0.0785720226910166,18,STAD,0.0953515391474331,0.0144056321966103,0.0797578821477541,0.111503799620693
GSE13911,STAD,GSM350430,0.778830013925669,0.0132610828745447,0.0758097599673741,0.132099143232412,19,STAD,0.118096190619446,1.79848787046133e-18,0.107016909313606,0.706869548904289
GSE13911,STAD,GSM350431,0.840089691997069,0.0097073955505915,0.0567069781831858,0.0934959342691539,20,STAD,0.143202692808287,0.0180234776288716,0.0359822504606625,0.244099210338764
GSE13911,STAD,GSM350432,0.888783336804812,0.016684515403059,0.0312785997007132,0.063253548091416,21,STAD,0.119952429391014,0.0110861056569358,0.0655812473482038,0.203318689346847
GSE13911,STAD,GSM350433,0.825471994930721,0.0090004551145635,0.0487323687400746,0.116795181214641,22,STAD,0.0313664987816213,0.131787358624991,0.0456206566096442,0.846892070237888
GSE13911,STAD,GSM350434,0.758948958642368,0.0235695349611469,0.0537509915170971,0.163730514879388,23,STAD,0.0997816932342664,0.0,0.0,0.765693294690095
GSE13911,STAD,GSM350435,0.766006479718651,0.0074295845912305,0.0656179623809611,0.160945973309158,24,STAD,0.130422560586198,0.04193081000781,0.0445357395610098,0.825323737732193
GSE13911,STAD,GSM350436,0.852592738946741,0.0143044945148548,0.0215053085300983,0.111597458008306,25,STAD,0.178061519033511,0.0,3.04005631084367e-17,0.353937752387083
GSE13911,STAD,GSM350437,0.758429902354176,0.0110375231297032,0.0514466220895914,0.17908595242653,26,STAD,0.0928034991836615,0.0,4.771727152409921e-19,0.845234204975214
GSE13911,STAD,GSM350438,0.798677038998316,0.0088434734999843,0.0428169066117592,0.14966258088994,27,STAD,0.152222032810911,0.0,0.0682704550447249,0.57043722922696
GSE13911,STAD,GSM350439,0.824545069784139,0.0091230170334624,0.0478538098074892,0.11847810337491,28,STAD,0.164293829782517,2.2623952203862098e-18,0.050677484148636,0.514861283594863
GSE13911,STAD,GSM350440,0.78931924144333,0.0157345013910854,0.0763420414226445,0.11860421574294,29,STAD,0.142042041671855,0.0029062512213231,0.118435874323443,0.488521266361725
GSE13911,STAD,GSM350441,0.789131935591802,0.0085427760529174,0.0392880406509338,0.163037247704347,30,STAD,0.0959103875448798,2.7732625147294798e-18,0.0,0.900524145164775
GSE13911,STAD,GSM350442,0.725669701084077,0.0185927941314292,0.0451424580426846,0.210595046741809,31,STAD,0.0524721206057737,0.0,0.067186289509376,0.85781255648851
GSE13911,STAD,GSM350443,0.777265681304129,0.0107913470395221,0.0541545910335049,0.157788380622844,32,STAD,0.0,2.08165586788603e-17,0.0290722021039231,0.785317404524838
GSE13911,STAD,GSM350444,0.72418642268617,0.0099741759205506,0.0611384207380436,0.204700980655236,33,STAD,0.05303263418276,2.6860397285286e-18,0.0302121309203134,0.862742406043976
GSE13911,STAD,GSM350445,0.834082686257013,0.007954767873013,0.0378973352455627,0.120065210624411,34,STAD,0.156120533560885,4.78284556623237e-18,0.0313002399455409,0.461928448850686
GSE13911,STAD,GSM350446,0.73976685020059,0.008644313215587,0.064638500928092,0.186950335655731,35,STAD,0.100937234210091,0.0,3.06904834279483e-18,0.900530211067549
GSE13911,STAD,GSM350447,0.813618590837582,0.0115409363438378,0.0235586448521882,0.151281827966392,36,STAD,0.133708901861534,0.0200177206674515,2.6354090661021598e-18,0.62702508143333
GSE13911,STAD,GSM350448,0.818014784850098,0.0086213568192301,0.0473338178471713,0.126030040483501,37,STAD,0.100380579233115,2.4465055792170497e-18,0.0042202775871174,0.751696845013524
GSE13911,STAD,GSM350449,0.8902715293401,0.0140595913668541,0.0315936453374705,0.0640752339555753,38,STAD,0.0873448628606525,1.35225691800478e-17,0.0407312416105844,0.0708880945878654
GSE13911,STAD,GSM350450,0.861745017164847,0.0069471512704043,0.0402325515006334,0.091075280064115,39,STAD,0.164516375803195,0.0027202933650767,0.0238461124198911,0.314857607595816
GSE13911,STAD,GSM350451,0.800154510856432,0.0114876976564607,0.040437471687821,0.147920319799287,40,STAD,0.0975710140755745,0.120900334671199,0.0422717344445001,0.488726962961716
GSE13911,STAD,GSM350452,0.69181299773022,0.0109519260395201,0.0680985638974833,0.229136512332777,41,STAD,0.0535986750473436,1.03100484475873e-18,0.0379693399470226,1.09566232029469
GSE13911,STAD,GSM350453,0.874549047118382,0.0032048207563258,0.0166071838975911,0.105638948227701,42,STAD,0.0619419077376643,4.53005525279985e-18,5.6148182611362295e-18,0.680312314533355
GSE13911,STAD,GSM350454,0.801888447570254,0.0092815923446982,0.0438786476038152,0.144951312481233,43,STAD,0.0440767187779084,0.0,4.62671446078197e-18,0.898088468740879
GSE13911,STAD,GSM350455,0.6685593071008,0.0296758745205353,0.0359604510485922,0.265804367330072,44,STAD,4.75647669569562e-18,0.0,0.0,1.05174370571215
GSE13911,STAD,GSM350456,0.808349123399756,0.005944256836505,0.0706650739543143,0.115041545809425,45,STAD,0.0,0.0,0.0262109868777943,0.454865815310607
GSE13911,STAD,GSM350457,0.815278440014634,0.0086028588465186,0.0346821882730022,0.141436512865845,46,STAD,0.203701782186732,0.0,3.7232578268642997e-19,0.324020234943882
GSE13911,STAD,GSM350458,0.716044597555921,0.0124109354541168,0.0535076712713036,0.218036795718659,47,STAD,0.0786723471918651,0.0759329544767636,0.0638448032894253,0.994320602300998
GSE13911,STAD,GSM350459,0.825321506043116,0.0090013528634729,0.0400854248773634,0.125591716216048,48,STAD,0.0596496292856315,1.23991573781211e-17,0.0429580932980109,0.633728996926379
GSE13911,STAD,GSM350460,0.805117557303113,0.0087174347070899,0.0549765862046693,0.131188421785127,49,STAD,0.112593602603365,4.336808689942021e-19,0.0640085995112779,0.827764207212391
GSE13911,STAD,GSM350461,0.787868446933509,0.0212698239464995,0.0505127832902552,0.140348945829736,50,STAD,0.0123456312718774,0.220910496740351,0.0442148514615124,0.765695996433741
GSE13911,STAD,GSM350462,0.805899429188606,0.00859219855043,0.0531370682853603,0.132371303975604,51,STAD,0.0678973996571963,1.75730766329649e-17,0.0,0.624964398636591
GSE13911,STAD,GSM350463,0.818050237271378,0.041928131175277,0.0426463723736847,0.0973752591796606,52,STAD,0.105989461830024,0.0877914337649051,0.0343785031704968,0.413605899356731
GSE13911,STAD,GSM350464,0.771800919342567,0.0104544510280213,0.0549181562874639,0.162826473341948,53,STAD,0.102787117376994,0.0165097910649971,0.0478154609967383,0.832876739951381
GSE13911,STAD,GSM350465,0.810377908599749,0.017810929767453,0.0354374869861726,0.136373674646625,54,STAD,0.113547218260984,0.129394059805279,0.0510233680076154,0.508168964967577
GSE13911,STAD,GSM350466,0.751129124551539,0.0142554779149812,0.0329084808982585,0.201706916635221,55,STAD,0.0,0.0,5.65492438548575e-19,1.0671620944637
GSE13911,STAD,GSM350467,0.777064586040355,0.0092665334170791,0.0581502483953398,0.155518632147226,56,STAD,0.116681230765779,0.0564637403270874,0.0818181170483137,0.748308948781563
GSE13911,STAD,GSM350468,0.289387514499772,0.016956046011432,0.0568532355058057,0.636803203982991,57,STAD,0.0,0.0,0.062609749632677,1.23442109767604
GSE13911,STAD,GSM350469,0.348247502423412,0.0174288745500605,0.0517566883502614,0.582566934676266,58,STAD,0.0,3.24433971925334e-17,6.777942990755159e-18,1.08672794593144
GSE13911,STAD,GSM350470,0.841084067952161,0.032587046514475,0.0384229324070143,0.0879059531263502,59,STAD,0.133508340966177,0.0442685759505916,0.0824061934232644,0.493523575240603
GSE13911,STAD,GSM350471,0.782947310964849,0.0131495850503359,0.0376435061990211,0.166259597785793,60,STAD,0.0706153511401011,0.0,0.0,0.972732298676215
GSE13911,STAD,GSM350472,0.710265104681786,0.0076371243466713,0.0486367996375301,0.233460971334013,61,STAD,0.0,1.69796153991858e-17,0.0,1.18536726983862
GSE13911,STAD,GSM350473,0.836339663515957,0.016591888332764,0.0303620913344423,0.116706356816836,62,STAD,0.0951154384719012,7.21854572483634e-18,0.0052686034552102,0.587413810477197
GSE13911,STAD,GSM350474,0.671909030457539,0.030212138362305,0.0367165680607335,0.261162263119422,63,STAD,0.0056932646991683,0.132081718796088,0.0119687286487726,0.932582789572999
GSE13911,STAD,GSM350475,0.829911898270431,0.0075028665685236,0.0465891858326892,0.115996049328357,64,STAD,0.172143431736527,0.0420278742017828,0.0070176464680349,0.470879889363132
GSE13911,STAD,GSM350476,0.536599440753067,0.0117302993633322,0.0248656899457677,0.426804569937833,65,STAD,1.36542701694218e-17,0.0,1.1923462937872799e-18,1.23225136105833
GSE13911,STAD,GSM350477,0.793109980607917,0.0088595092172849,0.0537528604008933,0.144277649773904,66,STAD,0.071991168931084,2.78528942565351e-18,2.4972006033614298e-18,0.844810888953983
GSE13911,STAD,GSM350478,0.815878421170542,0.0167827303927114,0.0445633131854031,0.122775535251343,67,STAD,0.0915117943864259,0.0713917134951537,0.107993257631377,0.357936304378677
GSE13911,STAD,GSM350479,0.842846568079717,0.0067555498954612,0.0545005114527492,0.0958973705720729,68,STAD,0.168259191841118,2.06458202929779e-19,0.0169435765816248,0.505843055848927
GSE15471,PAAD,GSM388076,0.445934445203633,0.015597256446763,0.184940195755352,0.353528102594253,0,PAAD,7.27411291224764e-18,0.0,0.225710310036012,1.10146230465334
GSE15471,PAAD,GSM388078,0.872477604559325,0.0052647225681838,0.0420878279232979,0.0801698449491937,1,PAAD,0.421153142789421,2.7382193347556498e-18,1.37959074584464e-17,0.35551269877221
GSE15471,PAAD,GSM388080,0.885251405837327,0.0042515703339604,0.0392586450377269,0.0712383787909858,2,PAAD,0.409940808211944,9.34911360531675e-18,1.27416795341657e-17,0.286497092933102
GSE15471,PAAD,GSM388082,0.88082563419885,0.0041217804141266,0.0417306378833664,0.0733219475036569,3,PAAD,0.399937615099403,0.0,0.0,0.330714973207157
GSE15471,PAAD,GSM388083,3.82360435046634e-08,0.0075255757009935,0.087056137602665,0.905418248460298,4,PAAD,1.17142361288528e-18,2.53162186027243e-17,0.108542317635503,1.33052533910657
GSE15471,PAAD,GSM388084,0.877326014541067,0.0052636429651534,0.0472580769916862,0.0701522655020933,5,PAAD,0.407900678883185,1.41341407145893e-17,8.18872361368771e-18,0.38498903495362
GSE15471,PAAD,GSM388085,0.428083457295785,0.0715573658053447,0.099179896858295,0.401179280040575,6,PAAD,0.291484287240341,0.121199089168283,0.0853805234104142,1.0953384287065
GSE15471,PAAD,GSM388086,0.76482584339836,0.0134968060070235,0.0627910037665207,0.158886346828096,7,PAAD,0.367200739569438,0.278631609943348,0.0584421089832106,0.534660701927936
GSE15471,PAAD,GSM388087,0.750016736445372,0.005011681266174,0.0345364552150772,0.210435127073377,8,PAAD,0.446390171086609,0.0,0.0,0.615279011912635
GSE15471,PAAD,GSM388088,0.669039931979411,0.008495421406274,0.0428300510151905,0.279634595599124,9,PAAD,0.449549741447543,0.0,0.0,0.660524226212914
GSE15471,PAAD,GSM388089,0.783100565008334,0.010131892318045,0.0483361149625888,0.158431427711032,10,PAAD,0.517434348486824,1.06286506537793e-17,0.0315070584965258,0.536074875251173
GSE15471,PAAD,GSM388090,0.856815787910158,0.0060078977988667,0.0552381876311973,0.0819381266597779,11,PAAD,0.364359021836725,0.0220067596691222,0.0171752133822337,0.366762031603043
GSE15471,PAAD,GSM388091,0.509974362777254,0.0511218272044517,0.132396009580796,0.306507800437498,12,PAAD,0.123783217003019,0.321350504094646,0.184849811478322,0.886551164788031
GSE15471,PAAD,GSM388092,0.878967722263306,0.0086796711115727,0.0350788441424334,0.077273762482688,13,PAAD,0.388458801095273,0.0227072337331966,0.0,0.252117855762955
GSE15471,PAAD,GSM388093,0.855003786824903,0.0146064434405495,0.0463710225804645,0.0840187471540831,14,PAAD,0.372644572628505,0.0821148890783503,1.4883677877335e-17,0.353340910133359
GSE15471,PAAD,GSM388094,0.883061122418443,0.0048454802437882,0.0369905033282075,0.075102894009561,15,PAAD,0.399895676989253,2.6728892528001797e-18,0.0,0.244664768274275
GSE15471,PAAD,GSM388095,0.862857999810488,0.009402859921293,0.0487316483100043,0.079007491958215,16,PAAD,0.404280537317562,0.0,8.046427310979259e-18,0.341452047397704
GSE15471,PAAD,GSM388096,0.751042413899223,0.0545420181179327,0.0689179487532992,0.125497619229545,17,PAAD,0.315846005137128,0.261478213676189,0.0411845492358942,0.429176669205561
GSE15471,PAAD,GSM388097,0.542722160660039,0.0773065381444856,0.150968693795777,0.229002607399698,18,PAAD,0.0230649781909889,0.337573368326742,0.229458087560856,1.04956477478843
GSE15471,PAAD,GSM388098,0.882782934456045,0.0046640411021936,0.043888702166354,0.0686643222754074,19,PAAD,0.373170089846884,0.0125298423881483,4.75168847299476e-18,0.238555372993661
GSE15471,PAAD,GSM388099,0.823217313843225,0.0372879972717067,0.0446630302442758,0.0948316586407919,20,PAAD,0.353546731018396,0.0831612898850744,6.24209839461016e-20,0.405488911860227
GSE15471,PAAD,GSM388100,0.882390152164858,0.0059794783867266,0.0409995537782776,0.0706308156701375,21,PAAD,0.376067290795086,2.52231716206776e-18,0.0,0.270351628197517
GSE15471,PAAD,GSM388101,0.872777532516708,0.0043785426092398,0.0452701313974781,0.0775737934765743,22,PAAD,0.417581547562134,6.448012455656851e-19,3.91309800152758e-18,0.372432266018828
GSE15471,PAAD,GSM388102,0.875302690793703,0.0067474159774238,0.041082620651986,0.0768672725768876,23,PAAD,0.370091790751223,0.0061007098239456,0.0,0.236981606885718
GSE15471,PAAD,GSM388103,0.878890928171772,0.0063873997410153,0.0376461921130943,0.0770754799741188,24,PAAD,0.389304740548471,0.0003913616159903,0.0,0.281303056441835
GSE15471,PAAD,GSM388104,0.0004114824924797,0.0278007327843782,0.0979385552813224,0.87384922944182,25,PAAD,0.045482035836348,0.0108400302969008,0.0809505142515432,1.36575409314436
GSE15471,PAAD,GSM388105,0.697611513239222,0.0707341093813373,0.0477476903585035,0.183906687020937,26,PAAD,0.277012788013801,0.0246872413612227,0.0,0.739527581343717
GSE15471,PAAD,GSM388106,0.752756400364816,0.0046605114399123,0.0351407577885491,0.207442330406723,27,PAAD,0.436881979027406,0.0,1.01391672958513e-17,0.45329257596283
GSE15471,PAAD,GSM388107,0.706160490430596,0.0063138562825489,0.039664576784402,0.247861076502453,28,PAAD,0.427838046955339,0.0,8.72245736942602e-19,0.559626630823865
GSE15471,PAAD,GSM388108,0.875422512810066,0.0059505023435309,0.0443328389613368,0.0742941458850668,29,PAAD,0.409633007150392,2.4956329923675698e-18,0.0,0.275001840574955
GSE15471,PAAD,GSM388109,0.875396154167748,0.00612180487134,0.0419890992174993,0.0764929417434123,30,PAAD,0.439317589143226,0.0083066078430081,2.8421221746217e-17,0.361915701550893
GSE15471,PAAD,GSM388110,0.871165294573484,0.0053223023723471,0.0525156619278811,0.0709967411262881,31,PAAD,0.366764273225476,0.0,0.0,0.350116434108625
GSE15471,PAAD,GSM388111,0.833142815089267,0.0079015476439829,0.0620438359980996,0.0969118012686509,32,PAAD,0.318677865463832,4.7405851319601904e-17,0.0,0.628185287948999
GSE15471,PAAD,GSM388112,0.872818886412325,0.0054819890599901,0.048486528298222,0.0732125962294626,33,PAAD,0.400817409752754,2.00419952156995e-18,1.4481054748022202e-17,0.260053733533705
GSE15471,PAAD,GSM388113,0.86938201478506,0.0099760705166386,0.0435357840566455,0.0771061306416555,34,PAAD,0.426585502822772,0.0318820381150576,1.3767893107185501e-17,0.322004196878895
GSE15471,PAAD,GSM388114,1.7558227484832302e-09,0.0066105737583415,0.0343206466075788,0.959068777878257,35,PAAD,0.0,0.0,0.0345291965151184,1.32712010250783
GSE15471,PAAD,GSM388115,0.50402843403999,0.0697746607964776,0.0912921826415137,0.334904722522018,36,PAAD,0.354124742511343,0.0454428641775294,0.170090118150725,0.998962291632597
GSE15471,PAAD,GSM388117,0.759465102214377,0.0625826527209335,0.0486441984661215,0.129308046598568,37,PAAD,0.447198591259269,0.0959835232736541,0.040057309791702,0.403896717426971
GSE15471,PAAD,GSM388119,0.740993395360647,0.0486450336961558,0.0439122261850778,0.16644934475812,38,PAAD,0.432574375946251,0.0,1.39634807510364e-17,0.545845384014463
GSE15471,PAAD,GSM388121,0.784187695929507,0.066272718686979,0.0506498124266311,0.0988897729568834,39,PAAD,0.528105090403408,0.0768959794598312,0.0508712002022655,0.168416855253646
GSE15471,PAAD,GSM388122,0.455875775329551,0.0916985432255758,0.111141789095017,0.341283892349856,40,PAAD,0.176229198591732,0.33352899913671,0.115307870797086,0.828943910693514
GSE15471,PAAD,GSM388123,0.770655027685267,0.0410056452170346,0.0701605223553689,0.11817880474233,41,PAAD,0.254310353869155,0.161587099605163,0.0561107517996249,0.794117874733419
GSE15471,PAAD,GSM388124,0.180530781412873,0.0220164038578092,0.083233605300057,0.714219209429261,42,PAAD,0.267192398073539,3.63329095608021e-17,0.0414352082253307,1.39572867554519
GSE15471,PAAD,GSM388125,0.469725890377183,0.0640453506617234,0.109565680154176,0.356663078806918,43,PAAD,0.256125950074594,0.173851672088739,0.134640548206887,1.0839563184721
GSE15471,PAAD,GSM388126,0.679011925302764,0.0401927703948325,0.0490144331147671,0.231780871187636,44,PAAD,0.45228118683121,8.06836189016953e-18,0.0244301715888364,0.591044478335695
GSE15471,PAAD,GSM388127,0.743898118063422,0.048706558309902,0.055999039009534,0.151396284617142,45,PAAD,0.345396529253608,0.0359757672976979,0.0,0.518274394465409
GSE15471,PAAD,GSM388128,0.471917740163916,0.0860769382184747,0.138804046970861,0.303201274646748,46,PAAD,0.256508714925996,0.328409856226735,0.148493321056038,0.847902300340182
GSE15471,PAAD,GSM388129,0.805179215023692,0.0564537439464572,0.0470649231456745,0.0913021178841765,47,PAAD,0.464685051379747,0.0,0.0603968952615362,0.263620073901296
GSE15471,PAAD,GSM388130,0.451409739512438,0.042448654587758,0.1223619188109,0.383779687088904,48,PAAD,0.16501195775773,0.299846946098744,0.164028644808179,0.760518779671593
GSE15471,PAAD,GSM388131,0.630788371827815,0.0584526214440551,0.057840914063725,0.252918092664405,49,PAAD,0.321752013075175,0.106173667016487,0.0,0.667019400169098
GSE15471,PAAD,GSM388132,0.77880013549782,0.0390757774861552,0.0500433944335818,0.132080692582443,50,PAAD,0.431099380616685,0.0740107485016511,3.82298344225203e-18,0.46533919385796
GSE15471,PAAD,GSM388133,0.720660341821463,0.0760569719694609,0.0573128883979136,0.145969797811162,51,PAAD,0.319556467362965,0.128006178401247,0.0296486663837261,0.522632170234478
GSE15471,PAAD,GSM388134,0.730726644157988,0.040936398704551,0.0495372790865937,0.178799678050867,52,PAAD,0.314992346810606,0.0856134110894214,2.65666268712789e-18,0.58330590677247
GSE15471,PAAD,GSM388135,0.716738897955707,0.0538972982053599,0.0701530978179785,0.159210706020955,53,PAAD,0.425421112036808,0.243292915981273,0.0585086730396315,0.268027826566238
GSE15471,PAAD,GSM388136,0.593211160072318,0.072002079274044,0.0711362314525895,0.263650529201048,54,PAAD,0.280843042494069,0.136189408369537,0.0402976295019229,0.919552374009869
GSE15471,PAAD,GSM388137,0.758803244119281,0.037263030445993,0.0367910159862276,0.167142709448499,55,PAAD,0.463604456135018,0.0,0.0,0.446117910091555
GSE15471,PAAD,GSM388138,0.827455163587467,0.0551339741952567,0.0354744342225315,0.0819364279947443,56,PAAD,0.520254671985829,0.0,0.0318503341861731,0.12485643988764
GSE15471,PAAD,GSM388139,0.739560689492469,0.0413862185153904,0.0568941423847026,0.162158949607438,57,PAAD,0.421127866905202,0.0425158093163518,0.0150938787607413,0.492016401929825
GSE15471,PAAD,GSM388140,0.800813655042719,0.0298237939786949,0.0490594222375024,0.120303128741083,58,PAAD,0.428486683673911,0.0505104158716408,1.6144018119973699e-18,0.305543975512446
GSE15471,PAAD,GSM388141,0.452126185940492,0.0642454678259785,0.0745566670139345,0.409071679219595,59,PAAD,0.351038820529587,0.170571768218511,0.0284938340521727,0.928445911873017
GSE15471,PAAD,GSM388142,0.781119196368546,0.0518341750885513,0.0508027985861066,0.116243829956796,60,PAAD,0.466866556788093,0.0191661182802812,0.0187094962153041,0.303626667577664
GSE15471,PAAD,GSM388143,0.721413307691296,0.0473406563590787,0.0520518506627278,0.179194185286897,61,PAAD,0.487608614935508,0.0748955103217471,1.46792095381223e-17,0.487116195003079
GSE15471,PAAD,GSM388144,0.779170374116551,0.0784472985324702,0.047217188202716,0.0951651391482624,62,PAAD,0.482950224259781,0.119894718231132,0.0516126307663898,0.151426207693714
GSE15471,PAAD,GSM388145,0.786861929757126,0.0312497752722562,0.0590391703595123,0.122849124611106,63,PAAD,0.367922037712389,0.0772327122315059,0.0039143173334391,0.490086222464791
GSE15471,PAAD,GSM388146,0.7712322900891,0.0634252864343123,0.0503432515310107,0.114999171945577,64,PAAD,0.455133694179066,0.111138420513954,0.0432088970737782,0.233336475224573
GSE15471,PAAD,GSM388147,0.680004578864553,0.0411140149891639,0.0629408870057915,0.215940519140491,65,PAAD,0.394891696496858,0.0778667114334377,5.12012754524464e-19,0.666623801748111
GSE15471,PAAD,GSM388148,0.813183854811337,0.0294465989956235,0.0571050450977235,0.100264501095316,66,PAAD,0.432619592613387,0.0928567554724907,0.0330685967021785,0.248721004254696
GSE15471,PAAD,GSM388149,0.574392618443704,0.0911723128702939,0.0696873845124784,0.264747684173524,67,PAAD,0.389157105890105,0.111126555755066,0.0919756087347883,0.757112424832981
GSE15471,PAAD,GSM388150,0.715511912380513,0.0714885194210887,0.0676232366330275,0.145376331565371,68,PAAD,0.430767283566198,0.232277122037033,0.0615306323693024,0.335252149988122
GSE15471,PAAD,GSM388151,0.250211243684887,0.0767810043403124,0.072911301949462,0.600096450025339,69,PAAD,0.279421279761092,0.107704158051193,0.0,1.2331330190097
GSE15471,PAAD,GSM388152,0.526131697453481,0.0957773282944952,0.0660445363556541,0.312046437896369,70,PAAD,0.327716459447417,0.0932458222801735,0.0,0.846989721124265
GSE15471,PAAD,GSM388153,0.592855294052489,0.0451407468077045,0.0650364555549772,0.296967503584829,71,PAAD,0.363662690815595,0.031873308662911,0.0106338302687692,0.632908985910529
GSE28735,PAAD,GSM711904,0.699540450364712,0.0566198637940577,0.0946763962796837,0.149163289561547,0,PAAD,0.404843680109315,0.0923605458053074,0.119353258239121,0.287943173410883
GSE28735,PAAD,GSM711905,0.837772463551735,0.0072496078778283,0.0451670079845775,0.109810920585859,1,PAAD,0.197136459375752,0.05521443463792,1.33842363276456e-17,0.291227819594096
GSE28735,PAAD,GSM711906,0.641979170827666,0.114495856113607,0.0854670442467021,0.158057928812024,2,PAAD,0.42164669546383,0.0,0.132482520792692,0.366053643115528
GSE28735,PAAD,GSM711907,0.675300755735062,0.0791551130685044,0.0908627803576572,0.154681350838777,3,PAAD,0.208557916733606,0.0345865922498835,0.0792245828271937,0.475675495575723
GSE28735,PAAD,GSM711908,0.713825393403847,0.11398915099077,0.0525551215694476,0.119630334035936,4,PAAD,0.48217516682903,3.45083567198791e-17,0.0117088781853678,0.10204426220724
GSE28735,PAAD,GSM711909,0.434139761428532,0.151291809707367,0.179009213201836,0.235559215662266,5,PAAD,0.0,0.167062210360586,0.228846346367033,0.71077686305227
GSE28735,PAAD,GSM711910,0.573425136725462,0.0659033293408054,0.215330779767987,0.145340754165746,6,PAAD,0.0044446210447558,0.316259078365418,0.261142695863834,0.482360033344954
GSE28735,PAAD,GSM711911,0.454090188241857,0.10770911184226,0.133124529202233,0.30507617071365,7,PAAD,0.0,0.25814083875749,0.109094929340776,0.961779088021368
GSE28735,PAAD,GSM711912,0.696093946933283,0.138338328761759,0.0495724453452509,0.115995278959707,8,PAAD,0.335865989781929,0.0,0.0864052904260501,0.274866557184407
GSE28735,PAAD,GSM711913,0.597112562374918,0.0333129485940885,0.126455747869703,0.24311874116129,9,PAAD,0.0,0.305674408686288,0.161237530542027,0.536689632961173
GSE28735,PAAD,GSM711914,0.669020380121561,0.146866497084996,0.042764707154608,0.141348415638835,10,PAAD,0.342180931099791,0.079349154985313,0.0,0.391562212327337
GSE28735,PAAD,GSM711915,0.539657393634596,0.061790049861892,0.231488314732773,0.167064241770738,11,PAAD,0.0483651603980915,0.188290585230594,0.244103486461432,0.356968318769572
GSE28735,PAAD,GSM711916,0.567413468066189,0.243698785915969,0.0760006186736439,0.112887127344198,12,PAAD,0.362369805323414,0.123013438566374,0.156702184318803,0.28134186481378
GSE28735,PAAD,GSM711917,0.796730548479225,0.0316248298739411,0.0588788480301218,0.112765773616712,13,PAAD,0.230758057177328,0.0,0.0,0.385397190571609
GSE28735,PAAD,GSM711918,0.716948818143398,0.106080275803984,0.0409339329228631,0.136036973129755,14,PAAD,0.392588822183538,0.0,2.5987817899367e-20,0.351759659303049
GSE28735,PAAD,GSM711919,0.488186122707774,0.268690659602785,0.117617875529013,0.125505342160427,15,PAAD,0.0051537614191151,0.452273744611821,0.2988987694147,0.345657762850049
GSE28735,PAAD,GSM711920,0.546046416194807,0.0968703880160257,0.0678021563248446,0.289281039464323,16,PAAD,0.261973962354224,0.0,0.117056788117788,0.646647255413597
GSE28735,PAAD,GSM711921,0.53629854434673,0.0341025737823702,0.213931633149775,0.215667248721124,17,PAAD,0.0,0.151116187596543,0.212271554684353,0.743896902735763
GSE28735,PAAD,GSM711922,0.709549632479515,0.0921708745892022,0.0589793854260288,0.139300107505254,18,PAAD,0.32917887453543,1.7730894951096397e-18,0.0370222134927997,0.550386713442098
GSE28735,PAAD,GSM711923,0.593828208178197,0.150932364163791,0.0812535746764295,0.173985852981582,19,PAAD,0.171340645376476,0.0922128993546248,0.067706284150166,0.572429200104188
GSE28735,PAAD,GSM711924,0.587366263813929,0.105102301599335,0.0662199999219709,0.241311434664766,20,PAAD,0.306072474523337,0.0,0.0780230379091163,0.602135540871628
GSE28735,PAAD,GSM711925,0.812930403724653,0.011426969267712,0.0539943244865171,0.121648302521118,21,PAAD,0.209453362430311,0.0204946337355158,2.88726358439848e-18,0.27927543905569
GSE28735,PAAD,GSM711926,0.753567838469354,0.0503252459996882,0.0639503679506573,0.132156547580301,22,PAAD,0.299947030906947,3.3264415813081697e-18,7.985362205495861e-19,0.41307710207564
GSE28735,PAAD,GSM711927,0.246115696408122,0.21088030864209,0.153729908758832,0.389274086190956,23,PAAD,0.0,0.217142640981317,0.141416239469483,0.969408423981882
GSE28735,PAAD,GSM711928,0.593324338451722,0.151357012855634,0.0610294366701163,0.194289212022528,24,PAAD,0.393387979921578,0.0550883142727708,0.0007014612514818,0.465297710804939
GSE28735,PAAD,GSM711929,0.831197544366376,0.0122621018110253,0.0455261162833835,0.111014237539215,25,PAAD,0.210527081510485,0.0144937516468912,0.0,0.284448891369672
GSE28735,PAAD,GSM711930,0.680285525543754,0.186269825709353,0.043129163270567,0.0903154854763255,26,PAAD,0.341865502591694,0.0,0.0467515406887944,0.304025353878595
GSE28735,PAAD,GSM711931,0.755806725867337,0.0403931661287013,0.0475610437983107,0.156239064205651,27,PAAD,0.16677607316666,0.0,1.72884844634051e-17,0.507904808926998
GSE28735,PAAD,GSM711932,0.745817623988987,0.0609319257048202,0.0430339681706715,0.150216482135521,28,PAAD,0.263419377036626,0.0,4.48649903827497e-18,0.550812049905279
GSE28735,PAAD,GSM711933,0.627405956584308,0.114246004178924,0.0694896531748742,0.188858386061894,29,PAAD,0.239421673028317,0.0994136902763688,0.0476204960951255,0.750645683007932
GSE28735,PAAD,GSM711934,0.547740707469022,0.144405174057471,0.0673824107768393,0.240471707696667,30,PAAD,0.316836056249514,0.0480616190941026,0.0441777250883499,0.626335587580713
GSE28735,PAAD,GSM711935,0.824968796023835,0.008121908452464,0.051552478790362,0.115356816733339,31,PAAD,0.181356066431158,0.001886367670818,8.83206284779207e-18,0.283636507743566
GSE28735,PAAD,GSM711936,0.751570801676649,0.0462664325229858,0.0532363962951293,0.148926369505236,32,PAAD,0.240142752034087,0.0521220919410503,0.0,0.414413135218165
GSE28735,PAAD,GSM711937,0.760425659000959,0.0285093778401523,0.0549426406831202,0.156122322475769,33,PAAD,0.215260078871104,0.097247430835021,3.1361183217085796e-18,0.384634958096671
GSE28735,PAAD,GSM711938,0.818945925991405,0.0237105531926496,0.0458032419610557,0.11154027885489,34,PAAD,0.208979595399628,0.0596839960063303,0.0,0.337122664424346
GSE28735,PAAD,GSM711939,0.808711479739348,0.0221498780823475,0.0504645154956197,0.118674126682685,35,PAAD,0.198521812811878,0.141100755688813,2.4727119804959e-18,0.307835535900108
GSE28735,PAAD,GSM711940,0.565610436489664,0.202679536800764,0.0840840428563286,0.147625983853244,36,PAAD,0.262628886921148,0.0,0.097659085865713,0.493223747446379
GSE28735,PAAD,GSM711941,0.627025377690992,0.149485544051653,0.0559461777759672,0.167542900481388,37,PAAD,0.113084008371035,0.0201264503190362,0.0050325369480536,0.636086320398446
GSE28735,PAAD,GSM711942,0.59549117491007,0.134507876342013,0.0616847061169224,0.208316242630995,38,PAAD,0.386670740972105,0.0,0.0528290984639404,0.49535898955054
GSE28735,PAAD,GSM711943,0.635057680079012,0.118706254185229,0.0759895946538593,0.170246471081899,39,PAAD,0.177472141181044,0.0493158869355977,0.0394720948134475,0.602542467606475
GSE28735,PAAD,GSM711944,0.515641128727447,0.0916828395981698,0.11344426536321,0.279231766311173,40,PAAD,0.116294433247906,0.202449532465963,0.126608436267872,0.825112210485449
GSE28735,PAAD,GSM711945,0.621791952635507,0.138785656060382,0.093406398599626,0.146015992704485,41,PAAD,0.185479971471199,0.093402101867173,0.0625349058721521,0.427639467620501
GSE28735,PAAD,GSM711946,0.591154728912028,0.156859594004146,0.0605534129541762,0.19143226412965,42,PAAD,0.1015124699049,0.241878713410978,0.0088911201924644,0.617944118143332
GSE28735,PAAD,GSM711947,0.704350816296371,0.0541865386242079,0.118859367517448,0.122603277561974,43,PAAD,0.0795039166685467,0.0835625249417978,0.187684835034973,0.60549676328455
GSE28735,PAAD,GSM711948,0.598581446204107,0.14195544113334,0.0612230618972812,0.198240050765272,44,PAAD,0.212589836832343,0.0287133794622788,0.0088772605939742,0.715367936926882
GSE28735,PAAD,GSM711949,0.825821618610944,0.0090930607632044,0.0562016805392657,0.108883640086586,45,PAAD,0.224373423113767,0.0,0.0,0.23652178329194
GSE28735,PAAD,GSM711950,0.672799269789321,0.0937919954890885,0.0691633533363115,0.164245381385279,46,PAAD,0.280234809366939,0.116276090741266,0.0248408631669975,0.44525165844453
GSE28735,PAAD,GSM711951,0.755884797531837,0.0623163217417157,0.0573798809655151,0.124418999760933,47,PAAD,0.225919504372786,0.103125085624492,2.04631067202199e-19,0.432511121495456
GSE28735,PAAD,GSM711952,0.746436082653613,0.0551219495652165,0.0553339372898743,0.143108030491296,48,PAAD,0.44054034962202,5.50322787289918e-17,0.0097052891200586,0.399763792250344
GSE28735,PAAD,GSM711953,0.829355509673309,0.0101816808416176,0.0516105571337451,0.108852252351328,49,PAAD,0.215478947909769,0.0578323374173199,3.2687821731747e-18,0.261764715552676
GSE28735,PAAD,GSM711954,0.655664951617384,0.110269742901326,0.0676551457416572,0.166410159739632,50,PAAD,0.330159072486345,2.4400410065217e-18,0.04551180854148,0.477620025834516
GSE28735,PAAD,GSM711955,0.494491442061849,0.17056714447718,0.0955250410138991,0.239416372447072,51,PAAD,0.221478253185523,0.208663564140407,0.0724435291335259,0.599395735835815
GSE28735,PAAD,GSM711956,0.639118902682116,0.124582948386351,0.0546222900050751,0.181675858926457,52,PAAD,0.354762482136946,0.0530642653239813,9.9493447420992e-20,0.411736543684909
GSE28735,PAAD,GSM711957,0.685471685700951,0.0066890269242398,0.0520336103175073,0.255805677057302,53,PAAD,0.239170538162914,2.68317576349494e-18,0.0,0.508791369744206
GSE28735,PAAD,GSM711958,0.567312657115866,0.176564179287948,0.0714329695884822,0.184690194007703,54,PAAD,0.246449080448437,0.134246648620158,0.100746283432779,0.660669051256578
GSE28735,PAAD,GSM711959,0.793526928816374,0.0172614323596531,0.0605459570036123,0.128665681820361,55,PAAD,0.285435530887158,0.0453889707328925,0.0,0.397764960737463
GSE28735,PAAD,GSM711960,0.497176264898099,0.179938350827612,0.0904818615041649,0.232403522770124,56,PAAD,0.175130595360747,0.067955851368782,0.0431109513557592,0.748988279859929
GSE28735,PAAD,GSM711961,0.810050665267367,0.0155610322390867,0.0599939464381027,0.114394356055444,57,PAAD,0.215254448032602,0.129472064099205,0.0055653572155823,0.313639418552016
GSE28735,PAAD,GSM711962,0.614388371346522,0.131303570095191,0.0764294111732576,0.177878647385029,58,PAAD,0.384320675289033,6.72695893615283e-19,0.112546443205074,0.432808552691574
GSE28735,PAAD,GSM711963,0.837850990610185,0.008445788341992,0.0450309629608007,0.108672258087023,59,PAAD,0.210200512980494,0.0,0.0,0.342060609596536
GSE28735,PAAD,GSM711964,0.597757518274544,0.17407124703535,0.0562216384530557,0.171949596237051,60,PAAD,0.394142176703222,0.0131858730300545,0.0304587197139662,0.471542918257965
GSE28735,PAAD,GSM711965,0.556592388356415,0.138215307750006,0.0910307046881272,0.214161599205452,61,PAAD,0.100004587023015,0.173127917247954,0.0623711281684986,0.633644205514533
GSE28735,PAAD,GSM711966,0.551554503023118,0.228080979260019,0.074570768621691,0.145793749095172,62,PAAD,0.383200745564602,0.0281399107767717,0.141098817461545,0.360738147649116
GSE28735,PAAD,GSM711967,0.708885772175547,0.0966317756640818,0.0607095729719759,0.133772879188395,63,PAAD,0.377080301536975,2.81286106887187e-17,0.0876675346414647,0.334203006088205
GSE28735,PAAD,GSM711968,0.70139316196536,0.115623906426627,0.0548424654535606,0.128140466154452,64,PAAD,0.370063687357944,0.0,0.0283523088538464,0.367893774989772
GSE28735,PAAD,GSM711969,0.775396039696132,0.0325191274919018,0.0561153196389166,0.13596951317305,65,PAAD,0.194791848366689,0.0538114748738812,2.31822194054839e-19,0.471343091855716
GSE28735,PAAD,GSM711970,0.672953538717946,0.075891473609978,0.0563844376819053,0.194770549990171,66,PAAD,0.311671945047848,1.17780307933759e-18,0.0,0.755089058424483
GSE28735,PAAD,GSM711971,0.433664621754516,0.208818154376015,0.108601963641043,0.248915260228426,67,PAAD,0.0,0.393410009382538,0.158519862124292,0.731069056593476
GSE28735,PAAD,GSM711972,0.653694724140132,0.166655719222678,0.061901010270046,0.117748546367144,68,PAAD,0.377353291168013,0.0,0.133018136816606,0.348869667922726
GSE28735,PAAD,GSM711973,0.646576208536029,0.102961614423755,0.085888712982263,0.164573464057953,69,PAAD,0.235520319759585,0.0573463899537715,0.120267092534136,0.445996104114876
GSE28735,PAAD,GSM711974,0.580185950371014,0.173444464845575,0.0891434984459447,0.157226086337466,70,PAAD,0.231905431911616,0.0304897829705565,0.151718727178008,0.56540506655847
GSE28735,PAAD,GSM711975,0.799611179406546,0.0308856671086321,0.0517278262450995,0.117775327239722,71,PAAD,0.202344345885603,0.0860031654185235,0.0,0.418862039662304
GSE28735,PAAD,GSM711976,0.661792897273529,0.139501659663671,0.0549706520605023,0.143734791002298,72,PAAD,0.329824269674579,0.068030266451275,0.0374654830533995,0.360250304201394
GSE28735,PAAD,GSM711977,0.629112706287213,0.0462986565898412,0.096378347182139,0.228210289940807,73,PAAD,8.84987600414222e-18,0.277755010147268,0.11725043720091,0.663310015077173
GSE28735,PAAD,GSM711978,0.711672168265546,0.0855808906699203,0.0661903746481714,0.136556566416362,74,PAAD,0.276745338035706,0.0,0.0598789150642752,0.443565613567432
GSE28735,PAAD,GSM711979,0.702424218028522,0.0904319701291195,0.0608506298147707,0.146293182027588,75,PAAD,0.170314598888074,0.0,0.0063267015870155,0.565891876512809
GSE28735,PAAD,GSM711980,0.631115936817411,0.130750855310785,0.0713605594262146,0.16677264844559,76,PAAD,0.314773100924598,3.1956948305426503e-23,0.0439014006535035,0.504477274677964
GSE28735,PAAD,GSM711981,0.664967767691915,0.0793036222247787,0.0786912770648054,0.177037333018501,77,PAAD,0.247941113019139,0.12914021249412,0.0161914250236708,0.371213695069261
GSE28735,PAAD,GSM711982,0.539046604303802,0.240227105411883,0.0685086525907638,0.152217637693551,78,PAAD,0.389653120449398,0.0586845152395955,0.133298409659885,0.371080840453643
GSE28735,PAAD,GSM711983,0.508286998995393,0.215998713441588,0.0983569987765163,0.177357288786502,79,PAAD,0.059597538896075,0.364635212982412,0.136585333573667,0.428447240325559
GSE28735,PAAD,GSM711984,0.773005122870001,0.0243430532749704,0.0591143956642648,0.143537428190764,80,PAAD,0.20070309115356,0.0276058754360514,0.0,0.403311730272936
GSE28735,PAAD,GSM711985,0.81666337579071,0.015799776689855,0.0556372580970743,0.111899589422361,81,PAAD,0.276531955885103,0.0,0.0,0.304066880218588
GSE28735,PAAD,GSM711986,0.669264676229433,0.115660106416789,0.0652347790192708,0.149840438334507,82,PAAD,0.426649745684659,3.96174691774864e-17,0.0303082273695633,0.330406767664695
GSE28735,PAAD,GSM711987,0.843356540875027,0.008501615707484,0.041023410144992,0.107118433272497,83,PAAD,0.168971038637972,0.0,0.0,0.278879030274845
GSE28735,PAAD,GSM711988,0.63588139173593,0.119200537627039,0.0734253200194809,0.17149275061755,84,PAAD,0.301406435651976,0.0580966903672837,0.0183825685143368,0.425316406790649
GSE28735,PAAD,GSM711989,0.780800260040808,0.0369820661939353,0.0590975699900888,0.123120103775168,85,PAAD,0.251421153714643,0.0385318109803262,0.0040277568164086,0.369590716429893
GSE28735,PAAD,GSM711990,0.451775072659613,0.188611809850207,0.123274883861651,0.23633823362853,86,PAAD,0.110848200534935,0.286047897634038,0.161784403605349,0.616090103534076
GSE28735,PAAD,GSM711991,0.599532694683222,0.117050151394988,0.116440514856371,0.166976639065419,87,PAAD,0.139371879123751,0.178009433635074,0.122958438505635,0.423852201048453
GSE28735,PAAD,GSM711992,0.70772434081947,0.0991385051148668,0.0649345047432485,0.128202649322415,88,PAAD,0.309170947351825,7.24151547217747e-18,0.0482474973729206,0.354332688056498
GSE28735,PAAD,GSM711993,0.753122285372976,0.0571843492597801,0.05665554600238,0.133037819364864,89,PAAD,0.20989218047677,1.38458986664664e-17,0.0,0.496023609036224
GSE62452,PAAD,GSM1527105,0.688712966764412,0.0540828059023376,0.102141180461236,0.155063046872015,0,PAAD,0.431756179695699,0.0921613200074806,0.137201171044928,0.250743600697199
GSE62452,PAAD,GSM1527106,0.836623309576888,0.0069097760567584,0.0488492326496158,0.107617681716738,1,PAAD,0.184070587321877,0.0031200764094225,0.0,0.344785285464644
GSE62452,PAAD,GSM1527111,0.570473916478104,0.0627415960715238,0.218374727498184,0.148409759952188,2,PAAD,0.0076968517314726,0.323128923122874,0.280909064157566,0.467771806930328
GSE62452,PAAD,GSM1527112,0.446821258966644,0.103479599306022,0.14032278917734,0.309376352549994,3,PAAD,1.81060906228263e-19,0.280056859499285,0.124936142993362,0.961219787470472
GSE62452,PAAD,GSM1527113,0.686063618427128,0.13597890514459,0.0561183609570978,0.121839115471184,4,PAAD,0.357837530352371,0.0,0.0978876214257461,0.232706565149698
GSE62452,PAAD,GSM1527114,0.589930362278144,0.0321456229363653,0.134475151931195,0.243448862854295,5,PAAD,0.0,0.316539630284755,0.170464600228305,0.50252252416333
GSE62452,PAAD,GSM1527115,0.65898477805571,0.146437714966086,0.0481500671545783,0.146427439823625,6,PAAD,0.360397896213697,0.0891750173642033,0.0,0.353267220025195
GSE62452,PAAD,GSM1527116,0.541904511497266,0.0571502212644357,0.231967013335362,0.168978253902936,7,PAAD,0.0489829933827678,0.16189155840046,0.251267686911634,0.374182325304805
GSE62452,PAAD,GSM1527117,0.558514697967479,0.243096725688513,0.0820645394467487,0.11632403689726,8,PAAD,0.380867941228724,0.130247909698293,0.173617372874041,0.270713856552942
GSE62452,PAAD,GSM1527118,0.796163884476524,0.029408139695604,0.0628629212917129,0.111565054536159,9,PAAD,0.234041971685921,0.0,0.001608643475443,0.379265105454654
GSE62452,PAAD,GSM1527119,0.708182232577182,0.105338137476706,0.0462070629018113,0.1402725670443,10,PAAD,0.417734039701778,0.0,0.0,0.314615581489555
GSE62452,PAAD,GSM1527120,0.478555703888504,0.267067075264706,0.125197399956535,0.129179820890254,11,PAAD,0.0033085178056729,0.460493010805457,0.319966115370426,0.313526361981593
GSE62452,PAAD,GSM1527121,0.537774358776204,0.0943760834759851,0.0761627174671252,0.291686840280686,12,PAAD,0.283890683387217,0.0,0.138461594227853,0.606572057497775
GSE62452,PAAD,GSM1527122,0.532601429457228,0.0327204588681668,0.217614021709279,0.217064089965326,13,PAAD,0.0,0.146155139085926,0.228248656834842,0.715631795902074
GSE62452,PAAD,GSM1527123,0.69756305672533,0.0906729190383054,0.0663249201759914,0.145439104060373,14,PAAD,0.352638890962602,5.28550918618672e-19,0.0548832339624682,0.493987691804
GSE62452,PAAD,GSM1527124,0.591483194460442,0.145843325486496,0.0874487575705359,0.175224722482525,15,PAAD,0.185513195182421,0.0986563600019651,0.0803769712406745,0.530763191425883
GSE62452,PAAD,GSM1527125,0.574331424544347,0.102704281740334,0.0732298962710415,0.249734397444278,16,PAAD,0.324256967065047,6.237181861505589e-18,0.0936735018368884,0.568954235104054
GSE62452,PAAD,GSM1527126,0.812607718020744,0.0107192475467191,0.0573616897612638,0.119311344671273,17,PAAD,0.210244927716175,0.0,4.79331220167243e-21,0.311404796244761
GSE62452,PAAD,GSM1527127,0.749446339287786,0.047973509362831,0.0692283629081905,0.133351788441193,18,PAAD,0.325959205335343,0.0,5.14418983526176e-19,0.376110236494594
GSE62452,PAAD,GSM1527128,0.252429404948547,0.207782669783795,0.159652148647736,0.380135776619922,19,PAAD,5.94848845500441e-18,0.224130965400622,0.150181138577608,0.945080994290118
GSE62452,PAAD,GSM1527129,0.585716656430615,0.148621015384128,0.0676636330603607,0.197998695124897,20,PAAD,0.415325524615716,0.0615697728007595,0.0029261550840777,0.430675871777021
GSE62452,PAAD,GSM1527130,0.831582361111337,0.011523190396074,0.0494913088663799,0.107403139626209,21,PAAD,0.215245361879362,2.44060999578133e-18,0.0,0.284458842839585
GSE62452,PAAD,GSM1527131,0.671096409921263,0.183999198218403,0.0489080977305685,0.0959962941297656,22,PAAD,0.348068246820737,4.9194004622007304e-20,0.0546455743225884,0.291172625858031
GSE62452,PAAD,GSM1527132,0.752617537329154,0.0387398841378475,0.0525251616549084,0.15611741687809,23,PAAD,0.186477152220164,2.72316041530831e-18,1.88299940344504e-19,0.477325439660523
GSE62452,PAAD,GSM1527133,0.734526366302067,0.0600026549864723,0.0488761756681273,0.156594803043333,24,PAAD,0.286280349890694,2.7430151580069904e-19,0.0,0.503896492145502
GSE62452,PAAD,GSM1527134,0.61999616167499,0.110917371715053,0.0760398331415823,0.193046633468374,25,PAAD,0.253781798022268,0.115327584651447,0.0555919230199348,0.702595541634971
GSE62452,PAAD,GSM1527135,0.54085870578122,0.142677898100478,0.0742714281416248,0.242191967976677,26,PAAD,0.338569700048274,0.0585223029776626,0.0551185859433581,0.583922684452067
GSE62452,PAAD,GSM1527136,0.823982353863386,0.0077832321127983,0.0548239386396656,0.11341047538415,27,PAAD,0.174088955653824,0.0,7.97119169047728e-19,0.294306138589919
GSE62452,PAAD,GSM1527137,0.75239364154258,0.0429908007101964,0.0575424511934006,0.147073106553823,28,PAAD,0.252596065204476,0.0410128037091014,2.84804825547666e-18,0.399276754045667
GSE62452,PAAD,GSM1527138,0.76073918053215,0.0267182242164275,0.0587265869303357,0.153816008321087,29,PAAD,0.229583571425768,0.0978367287942561,7.901079887386381e-19,0.372114211696898
GSE62452,PAAD,GSM1527141,0.557052200144383,0.201817539777551,0.0894663321000825,0.151663927977984,30,PAAD,0.27468316832076,0.0,0.108394608599975,0.462614981381768
GSE62452,PAAD,GSM1527142,0.619459586795738,0.146929768881152,0.0630902595481257,0.170520384774984,31,PAAD,0.122129036322062,0.0199167239539705,0.0103222812842896,0.592006970644761
GSE62452,PAAD,GSM1527143,0.583753258336513,0.132783054449209,0.0684009781340345,0.215062709080244,32,PAAD,0.40739511474506,0.0099117664239637,0.0652094603972365,0.450713655003703
GSE62452,PAAD,GSM1527144,0.634089533618566,0.114548054554909,0.0812282155004193,0.170134196326106,33,PAAD,0.185132592189377,0.0535925235333195,0.0467460588500279,0.576087178823472
GSE62452,PAAD,GSM1527145,0.508155938615753,0.0910715685076176,0.120048247415823,0.280724245460806,34,PAAD,0.122761384886977,0.214230702043588,0.142339881730162,0.79250948615719
GSE62452,PAAD,GSM1527146,0.622217373370776,0.132668413579953,0.0984338589824244,0.146680354066846,35,PAAD,0.196306940241709,0.1087800800197,0.0784432664805854,0.401506307344624
GSE62452,PAAD,GSM1527147,0.591725784486856,0.14987510087229,0.067398438853903,0.191000675786951,36,PAAD,0.106912624875392,0.255413034989576,0.0138910529897735,0.582428031399212
GSE62452,PAAD,GSM1527148,0.7102603051272,0.04963454218722,0.119913156359772,0.120191996325808,37,PAAD,0.0704787680874902,0.0460819599536972,0.191925920664182,0.617386219398645
GSE62452,PAAD,GSM1527149,0.591460072035291,0.140140718364574,0.0681740113899083,0.200225198210227,38,PAAD,0.228795438784914,0.0430652768489504,0.0239913748565812,0.668081709762831
GSE62452,PAAD,GSM1527150,0.823428831413627,0.008768072940071,0.0589571452223326,0.108845950423969,39,PAAD,0.220222638060885,0.0,0.0,0.265206198358709
GSE62452,PAAD,GSM1527151,0.662813552844722,0.0909983091267514,0.0760119712317954,0.170176166796731,40,PAAD,0.302850259071519,0.135994202459956,0.0408442828647506,0.371849405410172
GSE62452,PAAD,GSM1527152,0.754228526067747,0.0583321389103789,0.0621369437756562,0.125302391246218,41,PAAD,0.239225319690921,0.104746889355382,0.0054405869905363,0.415209228319927
GSE62452,PAAD,GSM1527153,0.734042850664099,0.0536206193927721,0.0615716467707963,0.150764883172333,42,PAAD,0.460669824596973,5.802302664335291e-17,0.0203411527520482,0.366421758847769
GSE62452,PAAD,GSM1527154,0.825710783561087,0.0097250661874753,0.0551939985994826,0.109370151651955,43,PAAD,0.220116733628398,0.0375190603891021,2.49909390399264e-18,0.299277364616546
GSE62452,PAAD,GSM1527155,0.647378857594902,0.108220906952629,0.0731910918864665,0.171209143566002,44,PAAD,0.350925311501626,3.16155134862695e-18,0.0488066680626612,0.428474727884665
GSE62452,PAAD,GSM1527156,0.488326585843233,0.167538951880886,0.104036755913975,0.240097706361906,45,PAAD,0.236940350388251,0.226690146579412,0.0809688126526676,0.539389986941351
GSE62452,PAAD,GSM1527157,0.627114982839826,0.122536556049836,0.0615529569378009,0.188795504172537,46,PAAD,0.376204699947734,0.0647507737582354,0.006025514375428,0.348713630679597
GSE62452,PAAD,GSM1527158,0.67410451620692,0.0066323371444521,0.0584603365878827,0.260802810060745,47,PAAD,0.26006469006193,3.3492266154288598e-18,5.22787737925498e-19,0.458172460749246
GSE62452,PAAD,GSM1527159,0.559018624813633,0.17412331061302,0.0786705456965619,0.188187518876785,48,PAAD,0.2655021566729,0.158285740686673,0.115825840357843,0.614031798580638
GSE62452,PAAD,GSM1527160,0.790767871853745,0.0160002663746015,0.0645245486284736,0.12870731314318,49,PAAD,0.274626997907138,9.27056359773481e-18,0.0,0.411136456545268
GSE62452,PAAD,GSM1527161,0.489945027696772,0.17678761950538,0.0984356665377881,0.23483168626006,50,PAAD,0.184077078409166,0.0764578458126037,0.0500448005230115,0.714244448109039
GSE62452,PAAD,GSM1527162,0.809243218188789,0.0144963070459842,0.0639117319650598,0.112348742800167,51,PAAD,0.214854027835747,0.0904184017353024,0.0168693414068722,0.331734120051488
GSE62452,PAAD,GSM1527163,0.604512261901199,0.128918019348359,0.0832885498658875,0.183281168884554,52,PAAD,0.407262680376114,1.6448660837736401e-19,0.127473530754083,0.379530978149263
GSE62452,PAAD,GSM1527164,0.83492127128146,0.0080792842860215,0.0482707362533838,0.108728708179135,53,PAAD,0.216986940094068,0.0,0.0,0.345643032393968
GSE62452,PAAD,GSM1527165,0.587669496151633,0.173011386644373,0.0623524141012972,0.176966703102697,54,PAAD,0.410979636683596,0.0005054015948621,0.0358889219272983,0.43122225921474
GSE62452,PAAD,GSM1527166,0.552892206292274,0.133555125184716,0.0979259373623596,0.215626731160651,55,PAAD,0.110095227382983,0.178227027268354,0.0705922767710426,0.590320536162246
GSE62452,PAAD,GSM1527167,0.53940301659598,0.228716667765866,0.0812155902232182,0.150664725414936,56,PAAD,0.402081684460662,0.0540110274900904,0.158581870538312,0.315311461397888
GSE62452,PAAD,GSM1527168,0.699618580100812,0.0943669468559117,0.0667086683237416,0.139305804719534,57,PAAD,0.400066488819574,2.52174379697066e-17,0.103915145736244,0.276233262246116
GSE62452,PAAD,GSM1527169,0.689312938808002,0.113247286226385,0.0618857823366345,0.135553992628979,58,PAAD,0.393731533353394,0.0,0.0382152745506982,0.318676767973572
GSE62452,PAAD,GSM1527170,0.775637482794591,0.0298352146579734,0.05949782493009,0.135029477617345,59,PAAD,0.207401096093999,0.0553915329939062,0.0,0.425183223107278
GSE62452,PAAD,GSM1527171,0.664851080282437,0.0730703195611966,0.0622913803429727,0.199787219813394,60,PAAD,0.332339317801335,4.81756710946539e-19,0.0,0.719056536533801
GSE62452,PAAD,GSM1527172,0.428506807765052,0.204849629094119,0.116543425270165,0.250100137870664,61,PAAD,2.82551142770925e-19,0.418538628208305,0.170100282384955,0.674673638784692
GSE62452,PAAD,GSM1527173,0.638708066857445,0.16727506080737,0.0692495451334222,0.124767327201763,62,PAAD,0.405519443875698,1.18889760622698e-19,0.148381860565966,0.293495043330069
GSE62452,PAAD,GSM1527174,0.634930392807498,0.100948047366775,0.0935842604374202,0.170537299388307,63,PAAD,0.252270452845436,0.0542131255716074,0.136005446768822,0.41993972743454
GSE62452,PAAD,GSM1527175,0.571368112042798,0.171838257140058,0.0958596949936258,0.160933935823518,64,PAAD,0.24026134217291,0.0412780420663012,0.164690865957094,0.534576517211142
GSE62452,PAAD,GSM1527176,0.796869539034875,0.0292690364269767,0.0563740933910991,0.11748733114705,65,PAAD,0.220548550902023,0.0905838195387388,2.8751369904928897e-18,0.378428773448622
GSE62452,PAAD,GSM1527177,0.651418586936739,0.136469104824607,0.0617161483520643,0.15039615988659,66,PAAD,0.355947134394038,0.0734387781276496,0.0540986264558697,0.314308429397278
GSE62452,PAAD,GSM1527178,0.623360058714177,0.0440655834995494,0.10285794154726,0.229716416239014,67,PAAD,0.0,0.292043794530338,0.133838624509396,0.617630252202647
GSE62452,PAAD,GSM1527179,0.70639677158858,0.0816249921379884,0.0719282891765205,0.140049947096912,68,PAAD,0.299222682452751,0.0,0.0752402178232909,0.39185260933124
GSE62452,PAAD,GSM1527180,0.695867083145856,0.0881964297300902,0.0666991383916657,0.149237348732388,69,PAAD,0.18847895457642,0.0,0.014063637238088,0.5170590293255
GSE62452,PAAD,GSM1527181,0.621987726821814,0.127959405259705,0.0783813617266813,0.1716715061918,70,PAAD,0.331951070755711,0.0124719581557202,0.0535487411429316,0.464891466391206
GSE62452,PAAD,GSM1527182,0.659134968831024,0.0766732426428593,0.0843675936829555,0.179824194843161,71,PAAD,0.266214485306408,0.145728039382659,0.0314150881622803,0.312878002845065
GSE62452,PAAD,GSM1527183,0.52193283865433,0.243909257056739,0.0765508924154576,0.157607011873473,72,PAAD,0.407412431314936,0.0747454699457958,0.148733024156288,0.344507458002378
GSE62452,PAAD,GSM1527184,0.498904062756021,0.213975600715392,0.106799832310043,0.180320504218545,73,PAAD,0.0641527855505342,0.397048786853327,0.156491990346848,0.369262908761556
GSE62452,PAAD,GSM1527185,0.772098664725369,0.0225599814879246,0.0635729371846313,0.141768416602075,74,PAAD,0.201582560166325,0.0,2.77977394119129e-19,0.408440235026074
GSE62452,PAAD,GSM1527186,0.815636369861181,0.0149782139178285,0.0588818918537397,0.11050352436725,75,PAAD,0.291444589481523,0.0,0.0011658864310105,0.283164457752203
GSE62452,PAAD,GSM1527187,0.652401793759071,0.114686561388148,0.0733267516398006,0.159584893212981,76,PAAD,0.450559864864286,4.12550309013272e-17,0.0390792193614389,0.289983153400519
GSE62452,PAAD,GSM1527188,0.839357737332508,0.0082820548339066,0.0445885796756367,0.107771628157949,77,PAAD,0.175902278244791,0.0,0.0,0.247723890999038
GSE62452,PAAD,GSM1527189,0.621183357437268,0.118109894429941,0.0809322254512956,0.179774522681495,78,PAAD,0.326838498352432,0.0659857290218202,0.0328886098664756,0.368542477431931
GSE62452,PAAD,GSM1527190,0.77880903889197,0.0343774697565684,0.0635797473549108,0.123233743996551,79,PAAD,0.266417496609355,0.0232225696845992,0.0206974266558022,0.361227506898435
GSE62452,PAAD,GSM1527191,0.448957822994842,0.184914352572583,0.129349880785024,0.236777943647551,80,PAAD,0.116849275189037,0.312313230198683,0.177344925684847,0.580408298578484
GSE62452,PAAD,GSM1527192,0.605243897999124,0.111147491601499,0.119223584504083,0.164385025895294,81,PAAD,0.144777391893835,0.179366603930599,0.139652580043669,0.415640616215213
GSE62452,PAAD,GSM1527193,0.704142979834716,0.0953219367495158,0.0703460588372504,0.130189024578518,82,PAAD,0.332263203637901,7.75659760299517e-18,0.0636284338062159,0.310814140906757
GSE62452,PAAD,GSM1527194,0.750620605851262,0.0550075496751568,0.0613765822690855,0.132995262204495,83,PAAD,0.229922088795283,5.4755507462484496e-18,1.34326823578716e-19,0.45049621818757
GSE57957,HCC,GSM1398646,0.652499851114,0.0056035539033366,0.107593051189446,0.234303543793218,0,HCC,0.101369905843686,0.0130330947181944,0.0,0.820901304111409
GSE57957,HCC,GSM1398647,0.696701344144649,0.0054598711906143,0.135896782724338,0.161942001940399,1,HCC,0.141427577102438,0.0,0.151490305495775,0.264421247103748
GSE57957,HCC,GSM1398648,0.74389387200431,0.0044584664972596,0.0502922115747022,0.201355449923728,2,HCC,0.113666642967858,0.0,4.35056502358974e-18,0.418511299792032
GSE57957,HCC,GSM1398649,0.567207957926816,0.0251913752880393,0.140376802497405,0.267223864287739,3,HCC,0.0951172333958202,0.02369646563336,0.0062931162578644,0.891297701766396
GSE57957,HCC,GSM1398650,0.730873761120112,0.0070913662831916,0.0658304485206384,0.196204424076057,4,HCC,0.178849306197408,0.0,8.71392260269712e-20,0.454571436300962
GSE57957,HCC,GSM1398651,0.723827837928799,0.0086091403696904,0.102734211245654,0.164828810455857,5,HCC,0.0521583358828857,0.0591140806304186,0.0818776279385056,0.209331966271168
GSE57957,HCC,GSM1398652,0.735656874562524,0.0038881589083589,0.0514823708490097,0.208972595680107,6,HCC,0.126041827328008,0.0420602357623463,0.0,0.493291390752719
GSE57957,HCC,GSM1398653,0.736612231797892,0.0050254621276078,0.0760083863688027,0.182353919705697,7,HCC,0.0502377251159382,0.0,0.0317260674107599,0.283901009494478
GSE57957,HCC,GSM1398654,0.787358875909768,0.0118420460672043,0.0801372213072586,0.120661856715769,8,HCC,0.160468133926231,0.0,0.0472435027885372,0.100426361986356
GSE57957,HCC,GSM1398655,0.676046272347574,0.0061397625972884,0.0904372124414636,0.227376752613674,9,HCC,0.0882418786054963,0.0505711958592452,0.0,0.507519090058285
GSE57957,HCC,GSM1398656,0.741139578072984,0.0132030608068875,0.0406301217547198,0.205027239365408,10,HCC,0.0,0.0555229481425266,4.31746604900191e-17,0.795105324167693
GSE57957,HCC,GSM1398657,0.549990981628226,0.147940356582852,0.12298873873267,0.179079923056252,11,HCC,0.0243249207129325,0.0157541039836006,0.0618898577290162,0.639767356084393
GSE57957,HCC,GSM1398658,0.745735191025149,0.0038808968847278,0.044478283824937,0.205905628265186,12,HCC,0.0921295731306663,0.0057888727309992,0.0,0.5572722216016
GSE57957,HCC,GSM1398659,0.740205541159155,0.003715281178632,0.136728744523347,0.119350433138866,13,HCC,0.0426939869363624,3.0542871451194898e-18,0.0935898722768286,0.275968676865093
GSE57957,HCC,GSM1398660,0.747395030295643,0.0052719104763147,0.049992993383186,0.197340065844856,14,HCC,0.0640374376753479,7.29603200012899e-18,1.16610376584289e-19,0.524571178608317
GSE57957,HCC,GSM1398661,0.720482692839501,0.0133305465960097,0.0817004467379146,0.184486313826575,15,HCC,0.13759556101702,3.64710984306016e-19,0.0352798402036318,0.569910095982192
GSE57957,HCC,GSM1398662,0.738545616328688,0.0039598954998177,0.0496659444161971,0.207828543755297,16,HCC,0.0923253122328295,0.0,0.0,0.536509188022084
GSE57957,HCC,GSM1398663,0.774590517149145,0.0053056657596539,0.04699159319421,0.173112223896991,17,HCC,0.137460949446656,0.0,0.0042634276568222,0.321162119249073
GSE57957,HCC,GSM1398664,0.713735369964907,0.0065607127807701,0.0668082863605746,0.212895630893748,18,HCC,0.159366297217596,0.0,0.0122686022899992,0.534877732099938
GSE57957,HCC,GSM1398665,0.675884458418183,0.0163605211673154,0.131641910066053,0.176113110348449,19,HCC,0.0797755193933111,9.818246609770949e-18,0.111918876965051,0.316161349558896
GSE57957,HCC,GSM1398666,0.711201674382755,0.0044206029485584,0.0724923397458882,0.211885382922798,20,HCC,0.157057523725825,0.032703640537855,1.17669836253063e-19,0.527099133074217
GSE57957,HCC,GSM1398667,0.677036638001188,0.0098939102921884,0.144970512529404,0.168098939177219,21,HCC,0.128696032425132,2.40711504966612e-17,0.060761760537151,0.406344217303558
GSE57957,HCC,GSM1398668,0.757817825524619,0.0044528917361958,0.0374450510889107,0.200284231650275,22,HCC,0.061901629034927,1.26287970866701e-17,1.80686461589639e-18,0.447525330207419
GSE57957,HCC,GSM1398669,0.724544277637583,0.0050745014629787,0.0630399531358638,0.207341267763574,23,HCC,0.135339555933758,0.0,0.0,0.467728130760168
GSE57957,HCC,GSM1398670,0.747066031070833,0.0040683805000738,0.0519456576739192,0.196919930755174,24,HCC,0.104633106264077,0.0,1.8323202845208198e-18,0.409483400873351
GSE57957,HCC,GSM1398671,0.572721438344722,0.039113433049832,0.16576293435164,0.222402194253806,25,HCC,0.161273881033395,0.0615947832129845,0.0667636899314235,0.645958290382558
GSE57957,HCC,GSM1398672,0.766661648478718,0.0047807116456216,0.0434090249720199,0.185148614903641,26,HCC,0.0371285369180855,6.0835220536857495e-18,0.0,0.574420942175553
GSE57957,HCC,GSM1398673,0.675898686809169,0.0038770552521979,0.176720036507728,0.143504221430905,27,HCC,0.0132477332286813,4.2389050851500495e-18,0.102647564766656,0.229028285892779
GSE57957,HCC,GSM1398674,0.713878043820734,0.0068660375635849,0.067112809198537,0.212143109417144,28,HCC,0.112766516680189,0.0822702227225197,0.0,0.428899716681615
GSE57957,HCC,GSM1398675,0.641550753950895,0.0067058858780239,0.195086887689494,0.156656472481587,29,HCC,0.0,0.0,0.0872637631577634,0.355990020747444
GSE57957,HCC,GSM1398676,0.758425820868575,0.0046041503922838,0.0602940800020758,0.176675948737065,30,HCC,0.119281665305473,1.01487128123757e-18,1.7211794975039302e-19,0.418887506365909
GSE57957,HCC,GSM1398677,0.67566159260986,0.0048617909728234,0.181282923802291,0.138193692615025,31,HCC,0.110504053445906,0.0,0.104386227269538,0.321868362732142
GSE57957,HCC,GSM1398678,0.710845345378659,0.0061974451888458,0.0714033326572405,0.211553876775254,32,HCC,0.127415074318891,0.0237218786386616,2.63043811551314e-19,0.565900802668246
GSE57957,HCC,GSM1398679,0.725884533866502,0.0068945560421937,0.124959775589611,0.142261134501694,33,HCC,0.124107351321987,0.0,0.166071404257958,0.280342586032726
GSE57957,HCC,GSM1398680,0.71536464087279,0.0057118927853747,0.0652821089177179,0.213641357424117,34,HCC,0.116373225625242,0.0484619462660709,2.66070714424522e-18,0.457253415780595
GSE57957,HCC,GSM1398681,0.745004331211067,0.0135601515085664,0.0742313501258517,0.167204167154515,35,HCC,0.215714134424882,0.0071389424975219,0.0591154539571178,0.367269752539306
GSE57957,HCC,GSM1398682,0.719593841202876,0.0084004861433533,0.0773241293370726,0.194681543316698,36,HCC,0.13695396214373,0.126461622913842,0.0054328068149735,0.465928623898154
GSE57957,HCC,GSM1398683,0.788923749363957,0.004363450810479,0.057344032004343,0.149368767821221,37,HCC,0.242428780371606,0.0,0.0032553413274335,0.31911876944403
GSE57957,HCC,GSM1398684,0.710262331099398,0.0055788539036753,0.0708748630927236,0.213283951904203,38,HCC,0.14048732056341,0.0367527192488905,0.0,0.417453935883438
GSE57957,HCC,GSM1398685,0.53846611506083,0.0042328600999984,0.246136771059381,0.211164253779791,39,HCC,0.0798075242543851,1.1004190246708e-17,0.120174218643637,0.416071810572479
GSE57957,HCC,GSM1398686,0.712674784075289,0.0056484290463569,0.0736547150557982,0.208022071822556,40,HCC,0.120047284745955,0.0100859360421698,7.991700966341191e-19,0.49817682821525
GSE57957,HCC,GSM1398687,0.642403697550308,0.0035703788852512,0.190974437853942,0.163051485710498,41,HCC,0.0973081807268126,0.0,0.118378839024891,0.283101625484319
GSE57957,HCC,GSM1398688,0.731402960518106,0.0041944457963714,0.0549716223177216,0.209430971367801,42,HCC,0.130808030894904,0.0038192846091129,0.0,0.562851783186377
GSE57957,HCC,GSM1398689,0.614285820580163,0.0152931288881951,0.202209274968965,0.168211775562676,43,HCC,0.12573082653647,0.0,0.0357533475678502,0.351438967125758
GSE57957,HCC,GSM1398690,0.675645422440353,0.0094204026838896,0.105123551405743,0.209810623470014,44,HCC,0.130530025441381,0.0150721657188493,0.0004507956929317,0.58265526031847
GSE57957,HCC,GSM1398691,0.727866620334242,0.0078212014480304,0.108989651582109,0.155322526635618,45,HCC,0.0473427270669761,0.0,0.080769279558896,0.24010155686077
GSE57957,HCC,GSM1398693,0.67100575137155,0.0097380246088661,0.106489315351049,0.212766908668535,46,HCC,0.108155959279886,0.0031914347945421,3.47188841565661e-22,0.615377039629886
GSE57957,HCC,GSM1398694,0.0903425492639861,0.0923321172490743,0.551124000149194,0.266201333337746,47,HCC,0.0,3.11932613756733e-17,0.128481855252101,0.931343049365215
GSE57957,HCC,GSM1398695,0.617409650012021,0.0230317105346649,0.169557353114411,0.190001286338903,48,HCC,0.153863999090377,0.0,0.0040424647686444,0.417306887960986
GSE57957,HCC,GSM1398696,0.851609219171115,0.0091445566820887,0.0482356053488133,0.0910106187979831,49,HCC,0.213454661112226,0.0,5.804438072124e-18,0.169927660632528
GSE57957,HCC,GSM1398697,0.689442004585982,0.013479774575243,0.091186350733721,0.205891870105054,50,HCC,0.0887132114715158,0.0373233595406306,0.0482639967406784,0.547897475808735
GSE57957,HCC,GSM1398698,0.83493982198617,0.0112590614381892,0.0368268566667279,0.116974259908913,51,HCC,0.296756907515268,0.0030042590113313,0.0338755253356599,0.0576580835302165
GSE57957,HCC,GSM1398699,0.687123260098256,0.0059845928954853,0.0713602390532751,0.235531907952984,52,HCC,0.0942954055882791,0.0682637004177883,0.0,0.649147731445082
GSE57957,HCC,GSM1398700,0.728299810195787,0.0176795541080252,0.0873157042655989,0.166704931430589,53,HCC,0.306289086743083,0.0593150701493622,0.0515752708747693,0.263195649962687
GSE57957,HCC,GSM1398701,0.723224434351989,0.0082406722584678,0.0788333296538771,0.189701563735666,54,HCC,0.149628691368017,0.069720337946499,2.62256399996569e-18,0.483916317903656
GSE57957,HCC,GSM1398702,0.749205694078203,0.0048250273110184,0.0876751265427519,0.158294152068027,55,HCC,0.172117278252773,3.14429994265431e-17,0.0560853618438578,0.297952487049343
GSE57957,HCC,GSM1398703,0.761768004065468,0.0029720175786381,0.0466697330085399,0.188590245347354,56,HCC,0.135543285716723,0.0,2.96317546185221e-18,0.404389133012277
GSE57957,HCC,GSM1398704,0.7957607149866,0.0029529504035471,0.053702441648627,0.147583892961225,57,HCC,0.0820251990232646,0.0,0.0332144708286637,0.199168832377675
GSE57957,HCC,GSM1398706,0.703910055541859,0.0067559550820654,0.0663788064141926,0.222955182961883,58,HCC,0.106410630886051,0.0,0.0,0.568705052872584
GSE57957,HCC,GSM1398707,0.752937175365913,0.0172089636701259,0.0607465940839117,0.169107266880049,59,HCC,0.0547603712478012,0.0,0.0440448224385539,0.450779844289871
GSE57957,HCC,GSM1398709,0.748353748647033,0.0044633082304499,0.0529573998011639,0.194225543321353,60,HCC,0.143267656848253,2.6866811183636e-18,0.0,0.441433028047836
GSE57957,HCC,GSM1398710,0.742476815350166,0.0030154308733667,0.108657289026707,0.14585046474976,61,HCC,0.0,6.0507254189171294e-18,0.139844476356797,0.173308079038996
GSE57957,HCC,GSM1398711,0.677531183365894,0.0067912279744377,0.0805191863358893,0.235158402323778,62,HCC,0.0702803828992337,0.0138188813940297,2.0651561657141002e-21,0.606489339816973
GSE57957,HCC,GSM1398712,0.598517627820392,0.007205400405132,0.225071240395875,0.169205731378601,63,HCC,0.0765735010437693,2.43071500644225e-19,0.0266389585733211,0.42231717998168
GSE57957,HCC,GSM1398713,0.731925383151161,0.004117323576872,0.0701958771912476,0.193761416080719,64,HCC,0.133911570805788,0.0714920508703944,0.0,0.411955625918111
GSE57957,HCC,GSM1398714,0.626917146985808,0.0056790294829369,0.20597545307943,0.161428370451826,65,HCC,0.0523843987400883,0.0081997521676037,0.188542149199259,0.168858842062969
GSE57957,HCC,GSM1398715,0.643717813034164,0.0061714604486882,0.121470847236183,0.228639879280966,66,HCC,0.0532705618826241,0.0,0.0,0.710576206636673
GSE57957,HCC,GSM1398716,0.769013213219471,0.0026255634318492,0.0811472236198641,0.147213999728816,67,HCC,0.145973255881092,0.0,0.0,0.175421700216752
GSE57957,HCC,GSM1398717,0.729422214005851,0.0036555107610174,0.0673133890020348,0.199608886231096,68,HCC,0.20387084203998,0.0831967367055926,0.0,0.479492089466384
GSE57957,HCC,GSM1398718,0.726648422109476,0.0299718840039415,0.0978269235802173,0.145552770306365,69,HCC,0.166182725901004,0.0,0.206496239644999,0.176705866003737
GSE57957,HCC,GSM1398719,0.737972095472761,0.0039385858658898,0.0616646258379196,0.19642469282343,70,HCC,0.0895089804815705,0.0,3.9956331851180796e-18,0.503190104313095
GSE57957,HCC,GSM1398720,0.677170895177579,0.0054154523448459,0.188664482960626,0.128749169516948,71,HCC,0.154670735961247,0.0,0.159822325734765,0.24786958686487
GSE57957,HCC,GSM1398721,0.721232987181275,0.0066061127565868,0.0671388193714682,0.20502208069067,72,HCC,0.143897867187169,0.0393723706517479,0.0,0.348168284011384
GSE57957,HCC,GSM1398722,0.793190922325237,0.005300912982724,0.0337621072950041,0.167746057397035,73,HCC,0.148675841652284,0.0,0.0,0.331590823862342
GSE62232,HCC,GSM1523329,0.855785944836643,0.0040734610753041,0.0423127240529305,0.0978278700351219,0,HCC,0.0179639800099511,7.168754133550191e-19,0.0457598576800094,0.472508958521854
GSE62232,HCC,GSM1523330,0.870372915737569,0.0025405229594261,0.0316151913413423,0.0954713699616623,1,HCC,0.0684480501885498,0.0595980985783792,0.0219708919899937,0.343676332507013
GSE62232,HCC,GSM1523331,0.857107792360416,0.002879298802676,0.0320207129981435,0.107992195838764,2,HCC,0.0696161733646249,0.0732271819135698,0.0001857348968812,0.41253548569313
GSE62232,HCC,GSM1523334,0.849384607358455,0.0030999870439703,0.0326440210522574,0.114871384545318,3,HCC,0.0629167706938672,0.12402508578733,9.945699202516821e-19,0.419170767464973
GSE62232,HCC,GSM1523336,0.846648706953196,0.0036578590609744,0.0446967838906695,0.10499665009516,4,HCC,0.0391407423776829,2.32368959670006e-18,0.0781335221716327,0.46409155039025
GSE62232,HCC,GSM1523339,0.864186189598179,0.0112590427510708,0.0550409896701492,0.0695137779806016,5,HCC,0.192666719159559,0.160640064200742,0.234929804480192,0.15111575330047
GSE62232,HCC,GSM1523340,0.79445056186895,0.0329844516137174,0.0758073814616133,0.0967576050557197,6,HCC,0.254966631744062,0.239329114519986,0.19342038906701,0.427981885747656
GSE62232,HCC,GSM1523341,0.861894413490423,0.0028410160171406,0.0423777744306198,0.0928867960618164,7,HCC,0.087570203330699,3.52769818992078e-18,0.199996409107182,0.360262386754594
GSE62232,HCC,GSM1523342,0.903527924424481,0.0035088435628017,0.0338023271876703,0.0591609048250468,8,HCC,0.166297486447152,0.0,0.180429042563523,0.0800908688697071
GSE62232,HCC,GSM1523343,0.875971660794339,0.0044817458889897,0.0341420206460123,0.0854045726706585,9,HCC,0.141232392081255,0.055218741914099,0.183984670045957,0.208990625519586
GSE62232,HCC,GSM1523344,0.852851925509782,0.0088019976934839,0.0375616258501857,0.100784450946548,10,HCC,0.289764298416974,0.153396147481663,0.130945781086729,0.181586437606019
GSE62232,HCC,GSM1523345,0.868219533326712,0.0048081910439184,0.034574479104233,0.0923977965251369,11,HCC,0.161232362771581,0.034937465404401,0.211852578159088,0.157210788796481
GSE62232,HCC,GSM1523346,0.771045724215026,0.0053986187549118,0.0385447599754102,0.185010897054652,12,HCC,0.0408044890226085,0.0964257810424677,0.149541934623552,0.545587476734122
GSE62232,HCC,GSM1523347,0.892360344941032,0.0023442117173733,0.0275920254752517,0.0777034178663435,13,HCC,0.0986855790214244,0.098730100976487,0.133453664942282,0.0963817264539931
GSE62232,HCC,GSM1523348,0.846717439010197,0.0091968626162933,0.0439413339526398,0.100144364420869,14,HCC,0.232842686612857,0.0022440787874299,0.143218443556322,0.238933703036201
GSE62232,HCC,GSM1523349,0.890119790773957,0.0017359712654857,0.0357219557710066,0.0724222821895502,15,HCC,0.120126128635909,0.0237361058274882,0.176940408556894,0.136701187157165
GSE62232,HCC,GSM1523350,0.877491110068766,0.0034692487239601,0.0235390366296338,0.0955006045776398,16,HCC,0.162283329658805,0.0282374922418154,0.161081334873856,0.150585649700047
GSE62232,HCC,GSM1523351,0.84514690900981,0.0040147564989701,0.0463505740135554,0.104487760477664,17,HCC,0.0850998278182617,0.0942780815136309,0.200366853112557,0.293370111960044
GSE62232,HCC,GSM1523352,0.90154062843902,0.0025621162712841,0.0146364347356277,0.0812608205540679,18,HCC,0.212615348422816,0.0,0.0,0.152596048141798
GSE62232,HCC,GSM1523353,0.892228212454306,0.0017769717321142,0.0385870824035523,0.0674077334100269,19,HCC,0.148459262260122,0.0147478706946776,0.168828240724583,0.148811799460928
GSE62232,HCC,GSM1523354,0.800188062927489,0.0146252912306703,0.0442817997033952,0.140904846138445,20,HCC,0.0470702316936712,0.159634561394648,0.0747808581225938,0.389860111313289
GSE62232,HCC,GSM1523355,0.730129439594493,0.0133721519658773,0.0454263834453264,0.211072024994304,21,HCC,0.0284951159139682,0.0833188990703108,0.118419608543631,0.605370802895078
GSE62232,HCC,GSM1523356,0.898009539591574,0.0016158956716267,0.0237923926030715,0.0765821721337277,22,HCC,0.183272297204692,0.144966967347472,0.130873532023543,0.109453687518606
GSE62232,HCC,GSM1523357,0.855896346224166,0.0026328496241757,0.0552013449789501,0.0862694591727085,23,HCC,0.115800294041993,0.0,0.258304037334705,0.0681633506201286
GSE62232,HCC,GSM1523358,0.866919988090536,0.0135258847061887,0.0334758315536786,0.0860782956495966,24,HCC,0.111579344418598,0.159975505307151,0.163340498461259,0.0865846124945701
GSE62232,HCC,GSM1523359,0.876437622836072,0.0048640302733769,0.0273197501798306,0.0913785967107201,25,HCC,0.19319421575206,0.0148674541708413,0.118991242873353,0.128248367690793
GSE62232,HCC,GSM1523360,0.855595000078765,0.0034870917658512,0.0386145113383907,0.102303396816993,26,HCC,0.142219873926246,0.0131081797146936,0.149627655996265,0.155587840988248
GSE62232,HCC,GSM1523361,0.859206066775537,0.0013461554433055,0.0227505102448898,0.116697267536267,27,HCC,0.121962900385456,8.83361787794606e-19,0.0643728342642477,0.677617723962086
GSE62232,HCC,GSM1523362,0.843685424837886,0.0145333909294473,0.0526454020696973,0.0891357821629693,28,HCC,0.125039145863715,0.105028162195397,0.162373070644367,0.26444203393084
GSE62232,HCC,GSM1523363,0.910700245086873,0.0013944388498838,0.0160668682601647,0.0718384478030785,29,HCC,0.130230748452215,0.0334284059187467,0.061609192142732,0.19480010081454
GSE62232,HCC,GSM1523364,0.905492494398889,0.0010330983910688,0.0288565498259751,0.0646178573840667,30,HCC,3.07262240067705e-19,0.177990182729976,0.17643487356395,0.286899307944143
GSE62232,HCC,GSM1523365,0.905354121005093,0.0022762220402879,0.0335134733285278,0.0588561836260913,31,HCC,0.221638278186099,0.0257148662085698,0.153903000368937,0.324111921868603
GSE62232,HCC,GSM1523366,0.897050599607183,0.0015629772016486,0.0195661983228009,0.0818202248683677,32,HCC,0.216135254313999,0.0412213260600555,0.0570074405509948,0.178583095915273
GSE62232,HCC,GSM1523367,0.886607389423228,0.0070873226799309,0.0293668894438617,0.0769383984529794,33,HCC,0.146545272530025,0.0372231508652454,0.223517225795271,0.351917818847575
GSE62232,HCC,GSM1523368,0.890643415801908,0.0071786674379952,0.0236417672587437,0.0785361495013532,34,HCC,0.266867884719023,0.0099511328679049,0.0743544827602976,0.218183322214318
GSE62232,HCC,GSM1523369,0.87040171308595,0.0006527098585407,0.0278990434666648,0.101046533588844,35,HCC,0.122652699847233,0.0,0.0974367713733259,0.152972175519194
GSE62232,HCC,GSM1523370,0.829202190002414,0.0010217537780588,0.0178279898307048,0.151948066388823,36,HCC,0.052913321439272,0.0,0.0590956961623583,0.799523716738537
GSE62232,HCC,GSM1523371,0.795243107832266,0.0189787874349959,0.0533393521170402,0.132438752615698,37,HCC,0.171271204088773,0.135739994770917,0.212768173171544,0.349980737321116
GSE62232,HCC,GSM1523372,0.898217520502011,0.0018597456859433,0.030928284152498,0.0689944496595473,38,HCC,0.167523257192637,0.0202429005160824,0.106511280390926,0.142579220579803
GSE62232,HCC,GSM1523373,0.829959661480374,0.0011794300238468,0.0389320970569051,0.129928811438874,39,HCC,0.0102256962156119,0.0842020858280465,0.104572871260681,0.37998667848817
GSE62232,HCC,GSM1523374,0.839529440351817,0.0072422983595217,0.0461958059405577,0.107032455348104,40,HCC,0.104173783613152,0.164216290485345,0.178975938570774,0.357213014463144
GSE62232,HCC,GSM1523375,0.875700528665248,0.0023736755157337,0.0369995960414378,0.0849261997775807,41,HCC,0.0177373609766352,0.0089035151597126,0.0877015690833596,0.299381200231431
GSE62232,HCC,GSM1523376,0.837444367661563,0.0110483287510421,0.0561027115872472,0.0954045920001477,42,HCC,0.137350945570172,0.164344192078472,0.183679233429589,0.203571274286467
GSE62232,HCC,GSM1523377,0.781321811439938,0.0207243294769906,0.0692560471888101,0.128697811894261,43,HCC,0.0611129486973396,0.0873207444693742,0.125605176394815,0.386248980722902
GSE62232,HCC,GSM1523378,0.8120249605693,0.0105256538491394,0.0428431826837996,0.134606202897761,44,HCC,0.0235699046581024,0.171233151023274,0.147928069492328,0.408866532542519
GSE62232,HCC,GSM1523379,0.82272855734894,0.0120955722486378,0.0570665568656467,0.108109313536776,45,HCC,0.0760010650303646,0.0827154850764375,0.198939886834448,0.380661906809999
GSE62232,HCC,GSM1523380,0.849752397536851,0.0042453415912057,0.0342085114300952,0.111793749441849,46,HCC,0.146174766690197,0.0490513166881454,0.168935270748518,0.321764018659797
GSE62232,HCC,GSM1523381,0.802272312823481,0.0085848485123789,0.0738191883534831,0.115323650310657,47,HCC,0.0,0.102153343244108,0.217046032468264,0.604017187280845
GSE62232,HCC,GSM1523382,0.860165153472959,0.006352846944048,0.040461236017695,0.0930207635652984,48,HCC,0.202737570210236,0.090132799579269,0.180236422500691,0.300076833704579
GSE62232,HCC,GSM1523383,0.802270783469152,0.0029829214990376,0.0690324979965992,0.125713797035211,49,HCC,0.0684068871502215,0.0918247185561893,0.094912990747766,0.402044981766895
GSE62232,HCC,GSM1523384,0.841138449885234,0.0030067069355484,0.055258967007278,0.10059587617194,50,HCC,0.044862567297126,0.120006297102588,0.203418450822192,0.297006328009623
GSE62232,HCC,GSM1523385,0.887703699564506,0.0021568351626399,0.038871237858763,0.0712682274140904,51,HCC,0.12029930648659,0.0679832009570919,0.214337277931622,0.0362409302444104
GSE62232,HCC,GSM1523386,0.758162057576644,0.0050407008593862,0.117871857631196,0.118925383932774,52,HCC,0.0,0.0623876574762115,0.274476291867385,0.471493193948231
GSE62232,HCC,GSM1523387,0.836428290094442,0.0038016510461764,0.0501747246607273,0.109595334198654,53,HCC,0.115583193637421,0.0567037390386822,0.159556104584132,0.185186019781334
GSE62232,HCC,GSM1523388,0.847726170891402,0.0016128135596562,0.0397682214779236,0.110892794071018,54,HCC,0.053552266744584,0.0330727020406428,0.123345250297165,0.184679553015172
GSE62232,HCC,GSM1523389,0.698942928720749,0.006948915429914,0.12452689568959,0.169581260159747,55,HCC,0.0705065165482234,0.12699182062874,0.273247078030964,0.483679261978166
GSE62232,HCC,GSM1523390,0.863416582307946,0.0030180105455671,0.0513255412636455,0.0822398658828409,56,HCC,0.0917499248401163,0.0,0.21319833552298,0.259732650725749
GSE62232,HCC,GSM1523391,0.311827636564308,0.0269609144060997,0.0975551137740679,0.563656335255525,57,HCC,0.0,0.214179554445396,0.146794197302588,1.01550230190878
GSE62232,HCC,GSM1523392,0.727240004142036,0.0042016347683729,0.0432853392748003,0.225273021814791,58,HCC,0.0,0.0,0.0946461013118988,0.797417438097193
GSE62232,HCC,GSM1523393,0.800535607959829,0.0020205128757356,0.0610745202234481,0.136369358940987,59,HCC,0.158526713350372,0.0,0.165082139711162,0.178171317371145
GSE62232,HCC,GSM1523394,0.852486143469505,0.0028920762727819,0.0432883139570802,0.101333466300633,60,HCC,0.117183271239556,0.11548211620359,0.185256632501805,0.185650855414334
GSE62232,HCC,GSM1523395,0.893371519352101,0.0014813111213655,0.0290171638589092,0.0761300056676245,61,HCC,0.0912269017173151,0.084865302545889,0.139007551073692,0.146520801248793
GSE62232,HCC,GSM1523396,0.894031860228346,0.0008330972799972,0.0303911563619635,0.0747438861296935,62,HCC,0.16557642070914,0.0346635692838951,0.127188249275091,0.22510478034739
GSE62232,HCC,GSM1523397,0.864052214225395,0.0020640611602779,0.0403572991997214,0.0935264254146061,63,HCC,0.0746111896672529,0.0187711732671152,0.0614441062216717,0.400590858221376
GSE62232,HCC,GSM1523398,0.841359959454286,0.0061219892652498,0.0374875165526225,0.115030534727842,64,HCC,0.0975218127389538,0.0729424811592426,0.184636367858132,0.358054090185485
GSE62232,HCC,GSM1523399,0.875968071092721,0.0011347039371931,0.0251368760836425,0.0977603488864438,65,HCC,0.0979362091591179,0.0625475493363874,0.0501047048312705,0.179564142592431
GSE62232,HCC,GSM1523400,0.848268303122542,0.0020885646459582,0.0482946797558732,0.101348452475627,66,HCC,0.117930318474282,0.0238523429123944,0.228670975305317,0.258764828099986
GSE62232,HCC,GSM1523401,0.855302245594688,0.0061265201229788,0.0332861484896733,0.10528508579266,67,HCC,0.0411071786372784,0.0011499326842614,0.0698554893408948,0.349564728752817
GSE62232,HCC,GSM1523402,0.84151478549407,0.0025699899852779,0.0481750385649717,0.10774018595568,68,HCC,0.0503930781476883,0.104034279982446,0.121147629653836,0.112989463454511
GSE62232,HCC,GSM1523403,0.903090990736089,0.0015259335992725,0.040734775327942,0.0546483003366964,69,HCC,0.0462266297323604,0.0899234174642803,0.22376225087937,0.171400221009285
GSE62232,HCC,GSM1523404,0.883845616669592,0.0035313355333975,0.0277584083809549,0.084864639416055,70,HCC,0.132615415533706,0.0175088506302051,0.0853696273415836,0.173782439731246
GSE62232,HCC,GSM1523405,0.820763412770218,0.0090392111481599,0.0533222240544024,0.116875152027219,71,HCC,0.129413806008097,0.115126646766721,0.199254630686685,0.397868456083193
GSE62232,HCC,GSM1523406,0.797058883859269,0.0117583680475629,0.0575553139339166,0.133627434159251,72,HCC,0.29068104186538,0.128299997884757,0.206170844144762,0.353842216113895
GSE62232,HCC,GSM1523407,0.908544592392037,0.0010303829052075,0.0243267649725905,0.0660982597301651,73,HCC,0.0407769591976376,0.157551058280291,0.134545696108425,0.212730031692053
GSE62232,HCC,GSM1523408,0.890444964729658,0.001081237974393,0.029037906552586,0.0794358907433632,74,HCC,0.0601763093683078,0.21322212395372,0.155589545707616,0.187225101497605
GSE62232,HCC,GSM1523409,0.880038604267755,0.0024169823512825,0.0248692502654014,0.0926751631155612,75,HCC,0.142389785335891,0.0799032272687888,0.102375446154509,0.24929410112643
GSE62232,HCC,GSM1523410,0.853145600298127,0.0048030525319521,0.0536566107487284,0.0883947364211919,76,HCC,0.100978351614684,0.033362256705479,0.120639313394996,0.386699288425695
GSE62232,HCC,GSM1523411,0.879878668589987,0.0022635561002301,0.0268275769669942,0.0910301983427884,77,HCC,0.176174600116228,0.0423629975142483,0.0572061802416248,0.221609476143233
GSE62232,HCC,GSM1523412,0.905743033514443,0.0025677357280416,0.0229927450760787,0.068696485681437,78,HCC,0.166896865425845,0.0599993373294794,0.146021877595008,0.0898257732712977
GSE62232,HCC,GSM1523413,0.887923885396761,0.0034319585357715,0.0268575439999261,0.0817866120675409,79,HCC,0.0437168993404142,0.143010955235399,0.147415314021855,0.218185254696253
GSE62232,HCC,GSM1523414,0.813182169944128,0.0034596520453954,0.0924008705719415,0.0909573074385351,80,HCC,0.054649797894065,0.0376631209833663,0.113975506961311,0.361233273705034
GSE62232,HCC,GSM1523415,0.816494252245594,0.0079637062230204,0.0440470261195767,0.131495015411808,81,HCC,0.155670581958945,0.146437641812666,0.134815275282673,0.447389890561467
GSE62232,HCC,GSM1523416,0.889530811506424,0.0036612413397479,0.0367990032646457,0.0700089438891822,82,HCC,0.158255428232393,0.0849798832535879,0.197120375795541,0.210672496070075
GSE62232,HCC,GSM1523417,0.86695498083113,0.0031883677034297,0.047823368209422,0.0820332832560185,83,HCC,0.0758099198343848,0.215490433541089,0.199759951812577,0.257293566124397
GSE62232,HCC,GSM1523418,0.912225922302087,0.0015879582487138,0.0252594821359957,0.060926637313203,84,HCC,0.114942077433048,0.219166290801899,0.144598052212038,0.273998454646054
GSE62232,HCC,GSM1523419,0.870607168799134,0.0010206223410126,0.0273514027867584,0.101020806073094,85,HCC,0.169296122988027,0.0566708762834297,0.0834525227654124,0.286109669547448
GSE23400,ESCC,GSM573846,0.590549274447347,0.0062778145484379,0.103156930615268,0.300015980388947,0,ESCC,0.397308392271371,0.0,0.0466935025575383,0.215655310817617
GSE23400,ESCC,GSM573847,0.591760049627402,0.0066828431480197,0.110465478351935,0.291091628872644,1,ESCC,0.366342667625094,0.101144907667502,0.0827830304492903,0.273840990720695
GSE23400,ESCC,GSM573848,0.437332930811175,0.0256845033693201,0.187408193755326,0.349574372064179,2,ESCC,0.303942556922626,0.113563754886214,0.0728357916715718,0.424294695497693
GSE23400,ESCC,GSM573849,0.527478649773331,0.0114041532772518,0.173285585728874,0.287831611220544,3,ESCC,0.309042295609714,0.291517875720038,0.152801822666191,0.213349742983144
GSE23400,ESCC,GSM573850,0.55134161035667,0.011550051773871,0.132608509545934,0.304499828323525,4,ESCC,0.354233359704697,0.177066036866182,0.0824879039589031,0.188650276553805
GSE23400,ESCC,GSM573851,0.589410204603392,0.0129105612905661,0.220559533744511,0.177119700361531,5,ESCC,0.0228770889852785,0.358449800251082,0.2090418026639,0.149851718578881
GSE23400,ESCC,GSM573852,0.684966582188058,0.0054372126110386,0.0988806292309743,0.210715575969929,6,ESCC,0.357362634414515,0.0342466207346972,0.0410838073495865,0.200620258996936
GSE23400,ESCC,GSM573853,0.571011266675272,0.0053225852778521,0.093067729444724,0.330598418602151,7,ESCC,0.395449723044928,0.0197917271385708,0.0452340463468194,0.251605054206363
GSE23400,ESCC,GSM573854,0.536290578488948,0.0096511464729209,0.136064296062194,0.317993978975937,8,ESCC,0.344755163756599,0.200470291391034,0.0920574022858761,0.187541221142146
GSE23400,ESCC,GSM573855,0.499833139128038,0.0054810518933279,0.122339773722213,0.37234603525642,9,ESCC,0.401642109227224,5.13369277008057e-18,0.0927923314396621,0.19566380020914
GSE23400,ESCC,GSM573856,0.539665389076399,0.0048634404491305,0.10474223608297,0.3507289343915,10,ESCC,0.405833057359596,6.715278608943359e-18,0.0720216995633063,0.168432189908127
GSE23400,ESCC,GSM573857,0.492980831598595,0.0071465610925277,0.126472092840715,0.373400514468162,11,ESCC,0.370160675946547,1.2413965781495001e-18,0.0620337517569048,0.254496210679829
GSE23400,ESCC,GSM573858,0.504521337850007,0.0082365634952386,0.154061634492682,0.333180464162072,12,ESCC,0.387944001205585,1.07029884729131e-18,0.106415568708462,0.280619488308392
GSE23400,ESCC,GSM573859,0.54723433820668,0.0104862132503111,0.147941284095711,0.294338164447297,13,ESCC,0.317744261253922,0.0,0.0520694660441321,0.367939703333434
GSE23400,ESCC,GSM573860,0.503324512747069,0.0043595223702767,0.117923108868001,0.374392856014654,14,ESCC,0.376482941967109,0.0,0.0597574255833856,0.281256182553672
GSE23400,ESCC,GSM573861,0.444998771664673,0.0039275502589097,0.132887072907569,0.418186605168849,15,ESCC,0.377620130561569,5.33041181551448e-18,0.0018547949050179,0.409944112313425
GSE23400,ESCC,GSM573862,0.559028511379304,0.004212901596876,0.105627784481508,0.331130802542312,16,ESCC,0.392592803070508,2.12772298771474e-19,0.0345267169283594,0.254566222458996
GSE23400,ESCC,GSM573863,0.639387721352873,0.0150980060637179,0.146392679501773,0.199121593081636,17,ESCC,0.218684573966298,0.313110607661294,0.13573558228977,0.279490366306558
GSE23400,ESCC,GSM573864,0.618647240660649,0.005268759144162,0.103863948614013,0.272220051581175,18,ESCC,0.378325017293825,0.000481386358184,0.052806452721955,0.334536258508985
GSE23400,ESCC,GSM573865,0.618427835802939,0.0183492036994487,0.101769231761673,0.26145372873594,19,ESCC,0.389832856266184,0.0,0.0552978649073488,0.20250939045482
GSE23400,ESCC,GSM573866,0.55956093531805,0.012537876074319,0.1704016071157,0.25749958149193,20,ESCC,0.329658378982807,0.0730693783730561,0.0805166158595521,0.303069346292302
GSE23400,ESCC,GSM573867,0.593008660117349,0.016490258254308,0.107533725295396,0.282967356332947,21,ESCC,0.364871646110809,0.103465814088777,0.0629900188027912,0.249130569439328
GSE23400,ESCC,GSM573868,0.49410682332077,0.0052252234892664,0.140191217988699,0.360476735201264,22,ESCC,0.364997860625725,2.1313943147259897e-18,0.0380128481846992,0.341187586280944
GSE23400,ESCC,GSM573869,0.584457372333568,0.005173132069507,0.109000588177133,0.301368907419793,23,ESCC,0.383893890186084,3.04712250952828e-18,0.0588276363401723,0.36174915557593
GSE23400,ESCC,GSM573870,0.490050007918334,0.0061551130464721,0.132128625162726,0.371666253872467,24,ESCC,0.371973469864026,0.0,0.0421931102111752,0.28132482553744
GSE23400,ESCC,GSM573871,0.595765527102608,0.0107675926085954,0.178000842479423,0.215466037809374,25,ESCC,0.194359770020127,0.285776515458457,0.125211240652428,0.284220418838735
GSE23400,ESCC,GSM573872,0.570395014647462,0.0077088647447306,0.112733312095096,0.309162808512711,26,ESCC,0.363333232156871,0.0,0.0505425206135866,0.304870380501013
GSE23400,ESCC,GSM573873,0.537413264643863,0.0118906083330573,0.151703865873462,0.298992261149618,27,ESCC,0.337528764572129,0.20075401078574,0.0914971102149972,0.230397052579406
GSE23400,ESCC,GSM573874,0.495136499394997,0.0112057826562452,0.14037601313063,0.353281704818128,28,ESCC,0.345837326331385,0.067080423545059,0.0691584498282528,0.361181453553291
GSE23400,ESCC,GSM573875,0.525350176247452,0.0055199680823486,0.117915337103206,0.351214518566993,29,ESCC,0.379776946994388,0.0,0.0705374519853283,0.228842119389856
GSE23400,ESCC,GSM573876,0.601752672480143,0.0129764816142925,0.150815465708873,0.234455380196692,30,ESCC,0.287808492061811,0.180663783004562,0.0852894035270791,0.364593695814286
GSE23400,ESCC,GSM573877,0.522345347561995,0.0078764716725095,0.125889483332846,0.343888697432649,31,ESCC,0.362399703118637,0.0,0.0382981636382999,0.358076968984875
GSE23400,ESCC,GSM573878,0.497356613633319,0.005929858520599,0.137501618303543,0.359211909542539,32,ESCC,0.380760518615707,0.0,0.0529526110693835,0.219593046974962
GSE23400,ESCC,GSM573879,0.511919047164428,0.0060063212075991,0.128212531313638,0.353862100314335,33,ESCC,0.396299766449311,3.2706741245281e-18,0.0532441679770305,0.307875875598712
GSE23400,ESCC,GSM573880,0.608679923301916,0.0060195477305027,0.0927459719041771,0.292554557063404,34,ESCC,0.375769914382245,1.50455295899502e-17,0.0288729326336204,0.330066475825942
GSE23400,ESCC,GSM573881,0.544735693503346,0.007467392888095,0.114657073086538,0.333139840522021,35,ESCC,0.397978060366976,0.0,0.0283013962981888,0.281083337411396
GSE23400,ESCC,GSM573882,0.574292971393198,0.0114372241481897,0.11436737903474,0.299902425423872,36,ESCC,0.354689479826827,5.92617444012983e-20,0.0330152381503361,0.366840113031584
GSE23400,ESCC,GSM573883,0.492804152873819,0.0059205317212611,0.121657458915172,0.379617856489749,37,ESCC,0.372208211133693,0.0,0.0418783439651112,0.289551416403076
GSE23400,ESCC,GSM573884,0.531105169242536,0.0040938887985108,0.102790022103094,0.36201091985586,38,ESCC,0.373648946481848,0.0,0.0,0.351792739945886
GSE23400,ESCC,GSM573885,0.545177496302734,0.0056166392699734,0.13265082179415,0.316555042633143,39,ESCC,0.358758927614523,0.0,0.0564486996438647,0.337297406222775
GSE23400,ESCC,GSM573886,0.516017232784473,0.0049764388008143,0.12341728992831,0.355589038486403,40,ESCC,0.376378771088501,0.0109899917268968,0.0571261549946333,0.368317391170576
GSE23400,ESCC,GSM573887,0.650274011914958,0.0063413915986586,0.104596924302234,0.238787672184149,41,ESCC,0.215412523654118,0.0,0.0282873508823545,0.489743428765197
GSE23400,ESCC,GSM573888,0.64308145964651,0.0063505350954133,0.106235657033611,0.244332348224466,42,ESCC,0.401745421112938,0.0,0.0396755690584955,0.179846461300499
GSE23400,ESCC,GSM573889,0.723236565331214,0.0104690756308667,0.0746531410557208,0.191641217982198,43,ESCC,0.372497515861488,5.969287226643939e-18,0.0311423061649076,0.258618768955138
GSE23400,ESCC,GSM573890,0.604478904398196,0.0118187806227519,0.170116952574458,0.213585362404594,44,ESCC,4.80463162374943e-18,0.454685308502056,0.126589379496231,0.127426072326093
GSE23400,ESCC,GSM573891,0.653841341372413,0.0151316570235307,0.139751893761489,0.191275107842567,45,ESCC,0.226744349380368,0.275958832386095,0.0863857714214172,0.378315897569678
GSE23400,ESCC,GSM573892,0.571571348215802,0.0167166654610818,0.158911202997126,0.25280078332599,46,ESCC,0.274830964082483,0.350544850435041,0.119934307279164,0.255155364794161
GSE23400,ESCC,GSM573893,0.603750956423341,0.014531312363528,0.1043857183307,0.277332012882431,47,ESCC,0.31537738557353,0.224441321452859,0.0611971885078842,0.356378408844159
GSE23400,ESCC,GSM573894,0.527558743932086,0.0036144961056399,0.121766279559505,0.347060480402769,48,ESCC,0.386593693285874,0.0,0.0439265447795038,0.326100518666534
GSE23400,ESCC,GSM573895,0.517381870276701,0.0061291739589954,0.12899493977529,0.347494015989013,49,ESCC,0.37052987025411,1.80629439722644e-19,0.0547868313742854,0.288512169643852
GSE23400,ESCC,GSM573896,0.533788287517091,0.0081473051036738,0.109172150815262,0.348892256563973,50,ESCC,0.390094197527219,0.0895902876816276,0.0882358291065762,0.236595272115807
GSE23400,ESCC,GSM573897,0.52830311541739,0.0047214696575994,0.119419400238509,0.347556014686502,51,ESCC,0.347688743228989,0.0,0.0187270792972257,0.368615922497254
GSE23400,ESCC,GSM573898,0.526377385939849,0.0057959795592692,0.12427574071407,0.343550893786812,52,ESCC,0.37205801647612,0.0469291307414696,0.0631422183330808,0.31189766383384
GSE23400,ESCC,GSM573899,0.675221605533712,0.0314559281861021,0.0928973460940829,0.200425120186103,53,ESCC,0.374500978467509,4.58465906795706e-18,0.0579345519344921,0.237140215944111
GSE23400,ESCC,GSM573900,0.62829373275592,0.0190107185418362,0.132265980365791,0.220429568336453,54,ESCC,0.321668893045948,0.128345912232253,0.141237940482193,0.255838062516999
GSE23400,ESCC,GSM573901,0.661906886888975,0.0406978034765054,0.101362444994966,0.196032864639554,55,ESCC,0.285985401412746,0.130390192927395,0.0609156097405233,0.195891148484638
GSE23400,ESCC,GSM573902,0.66410884607405,0.0360544100556396,0.0812099683727474,0.218626775497563,56,ESCC,0.286294878675021,0.256984095988721,0.0950972867476477,0.0714844362937726
GSE23400,ESCC,GSM573903,0.701585068469478,0.0258508409095024,0.0989682366559501,0.17359585396507,57,ESCC,0.280318850635712,0.0710723486537949,0.0989043323354913,0.146065185837921
GSE23400,ESCC,GSM573904,0.601814257600836,0.0275519232816709,0.158995203783369,0.211638615334125,58,ESCC,0.229215924289407,0.202800851159923,0.160735766272807,0.34156959212282
GSE23400,ESCC,GSM573905,0.58080661588023,0.0308747591059206,0.154412407758902,0.233906217254947,59,ESCC,0.309387003840329,0.142904362685692,0.119331546396766,0.227475996214488
GSE23400,ESCC,GSM573906,0.781067932630788,0.0094466014406101,0.0499431021147625,0.159542363813839,60,ESCC,0.353769923652848,0.0,3.93399233930596e-19,0.183068519928155
GSE23400,ESCC,GSM573907,0.639730672430429,0.0178330164966632,0.0983862830494133,0.244050028023494,61,ESCC,0.347285081558863,0.0,0.0400092298297512,0.429043035368573
GSE23400,ESCC,GSM573908,0.647685699083061,0.0322038594888736,0.0726412892034168,0.247469152224649,62,ESCC,0.393216367050444,0.0,0.058397425523405,0.23331887629861
GSE23400,ESCC,GSM573909,0.69330243967941,0.0229063495858283,0.122262065669766,0.161529145064997,63,ESCC,0.304607513634572,1.44471773798539e-17,0.0888822921726315,0.196561715735997
GSE23400,ESCC,GSM573910,0.688407272145043,0.0330356122972297,0.0968321703225952,0.181724945235132,64,ESCC,0.356065174715532,0.0,0.0458116544679109,0.190922333042083
GSE23400,ESCC,GSM573911,0.693024540836269,0.0131590036558548,0.108037924479465,0.185778531028412,65,ESCC,0.330282165493223,7.185946374098661e-20,0.0929647792025234,0.296644228679027
GSE23400,ESCC,GSM573912,0.654442609251515,0.0157762338755109,0.0896290274583984,0.240152129414576,66,ESCC,0.383668952149214,1.69518219631927e-17,0.0438861613023507,0.178656132122081
GSE23400,ESCC,GSM573913,0.661494036023236,0.0290572661037175,0.0963910984065833,0.213057599466463,67,ESCC,0.341331777012299,3.6717983149308004e-20,0.0848020132351923,0.265896344547026
GSE23400,ESCC,GSM573914,0.740538811399698,0.0178811070601947,0.065986203709166,0.175593877830941,68,ESCC,0.345081799091347,0.0406134010696965,0.0205834731961909,0.128375796737108
GSE23400,ESCC,GSM573915,0.632598881700157,0.0113957404988486,0.0878327272200279,0.268172650580967,69,ESCC,0.400397212600099,6.2127133686545495e-18,0.0357067378495631,0.180202840660145
GSE23400,ESCC,GSM573916,0.665821739267223,0.0317828795934218,0.100039144706093,0.202356236433262,70,ESCC,0.328094469398007,0.10104631362669,0.10065963910719,0.265357753796741
GSE23400,ESCC,GSM573917,0.762251348253648,0.0223364125288184,0.0722457387579966,0.143166500459537,71,ESCC,0.282453532111747,0.0879649244747998,0.0429637032114089,0.162867167303893
GSE23400,ESCC,GSM573918,0.699434666232381,0.0226457715099173,0.0746854627489274,0.203234099508775,72,ESCC,0.400511529197025,0.0175903379581701,0.0449513405375548,0.147047832499358
GSE23400,ESCC,GSM573919,0.764742860208278,0.0214784247953313,0.0582990337732637,0.155479681223127,73,ESCC,0.346024619655972,0.0,0.0348730908684274,0.362340190723611
GSE23400,ESCC,GSM573920,0.574487888194092,0.0303224475585537,0.108965254721853,0.286224409525501,74,ESCC,0.350577929638858,0.163786993298559,0.0598551573531105,0.171121115944937
GSE23400,ESCC,GSM573921,0.762820359385764,0.0096789444054328,0.0591091870421597,0.168391509166644,75,ESCC,0.264135824723647,7.24641232459622e-18,0.0474094888795904,0.172755695329039
GSE23400,ESCC,GSM573922,0.692816824794591,0.0245914322784174,0.0754509916194521,0.207140751307539,76,ESCC,0.290305696432598,0.0187005170984451,0.0253429332537456,0.307266799993714
GSE23400,ESCC,GSM573923,0.687887759625877,0.018966787925257,0.0846867885741774,0.208458663874689,77,ESCC,0.301285547483099,0.0152951279322775,0.0721712350474637,0.173183478614816
GSE23400,ESCC,GSM573924,0.626751567473413,0.0302066263845773,0.102558215344372,0.240483590797638,78,ESCC,0.305655645552688,0.0,0.0695577207160358,0.625156888763313
GSE23400,ESCC,GSM573925,0.587067644564842,0.0240657867937871,0.177285386343089,0.211581182298282,79,ESCC,0.266400318325637,0.233966602291643,0.140745068263003,0.370936532310562
GSE23400,ESCC,GSM573926,0.562927173456869,0.0269868710356229,0.175883664670446,0.234202290837062,80,ESCC,0.31335807735738,0.164613537955107,0.0772438546513061,0.302162139823009
GSE23400,ESCC,GSM573927,0.65368977681822,0.0453426050355892,0.0829513383612373,0.218016279784954,81,ESCC,0.358964172181817,0.05632033928656,0.0986599532105987,0.282917303725107
GSE23400,ESCC,GSM573928,0.6279182610346,0.0262668752529385,0.0759805268390266,0.269834336873435,82,ESCC,0.330996349782507,0.0652337638169589,0.0512151084543849,0.341323558473881
GSE23400,ESCC,GSM573929,0.725105956051055,0.0194909522875414,0.072525885927228,0.182877205734175,83,ESCC,0.315340072439252,0.0376431464691872,0.081097355561883,0.276878007682435
GSE23400,ESCC,GSM573930,0.634955968103559,0.0252263148968352,0.0991566183591813,0.240661098640425,84,ESCC,0.35884178921103,0.0370196869387385,0.0777699712929305,0.301077114870531
GSE23400,ESCC,GSM573931,0.625470190906485,0.034563878936616,0.0829436674207374,0.257022262736162,85,ESCC,0.281837321148002,0.04643782176406,0.0660763841058036,0.297218100220911
GSE23400,ESCC,GSM573932,0.745766727998058,0.0226551829492434,0.0631608867728692,0.16841720227983,86,ESCC,0.362982591597175,0.0320092881123862,0.0534976720179794,0.073595935260675
GSE23400,ESCC,GSM573933,0.767854666666387,0.0168756895583603,0.0399316217008746,0.175338022074378,87,ESCC,0.329078149149699,0.0,1.83049394479473e-18,0.153198054395348
GSE23400,ESCC,GSM573934,0.705304491835933,0.0213749422765488,0.0859819843524074,0.187338581535111,88,ESCC,0.319246415839901,0.0884712356741726,0.0766145781536395,0.125234932892795
GSE23400,ESCC,GSM573935,0.600678865965358,0.0247621036917753,0.106680430603815,0.267878599739052,89,ESCC,0.355880604362881,0.0651099931906486,0.0639432280951776,0.285110016879547
GSE23400,ESCC,GSM573936,0.734813332533301,0.0242621510182344,0.0614139945615522,0.179510521886912,90,ESCC,0.347507712503858,0.0356482149798684,0.0649076126063044,0.130496142228934
GSE23400,ESCC,GSM573937,0.700357524651608,0.0264030613571621,0.0717515685798155,0.201487845411414,91,ESCC,0.363195176044845,1.16228150847668e-17,0.0623850184681067,0.11144615596817
GSE23400,ESCC,GSM573938,0.635980500171095,0.0171146983720685,0.106285166782824,0.240619634674012,92,ESCC,0.187586846413587,0.050683838002455,0.0935269518966706,0.350392892269357
GSE23400,ESCC,GSM573939,0.697465262143097,0.0196674085960175,0.0678832189089034,0.214984110351982,93,ESCC,0.362940804570987,2.5390932392951098e-18,0.0540111556439963,0.21438168847528
GSE23400,ESCC,GSM573940,0.703278130555837,0.0335317251806794,0.0753023358219393,0.187887808441544,94,ESCC,0.320043793468352,0.0597160423606327,0.0951205262748264,0.324952873731067
GSE23400,ESCC,GSM573941,0.704461229047263,0.0279873646567202,0.110529614999715,0.157021791296301,95,ESCC,0.339725744358844,0.0384236680807824,0.116608255216318,0.17517255628449
GSE23400,ESCC,GSM573942,0.717556566576759,0.0100649820177589,0.0772870768706748,0.195091374534807,96,ESCC,0.375302686709825,2.1964793112391802e-19,0.0424596503310987,0.258417738937132
GSE23400,ESCC,GSM573943,0.745693769535666,0.0176028556084973,0.062298809602384,0.174404565253452,97,ESCC,0.350157364679827,2.5703877352014704e-19,0.0551032842170342,0.299612051469973
GSE23400,ESCC,GSM573944,0.595065284769615,0.0080917131367706,0.103823250268072,0.293019751825542,98,ESCC,0.371606041911128,2.4406620328033e-20,0.0311809473545949,0.344516971115382
GSE23400,ESCC,GSM573945,0.679262147514963,0.0149121526503779,0.0745859312183781,0.231239768616281,99,ESCC,0.371573149930215,0.0,0.0248576857132518,0.299600379454631
GSE23400,ESCC,GSM573946,0.604416950496561,0.043215906126751,0.15228276424545,0.200084379131238,100,ESCC,0.277253442051619,0.221902205933914,0.132614612318285,0.430671124647786
GSE23400,ESCC,GSM573947,0.724903547651296,0.0122996365094024,0.0798073634726599,0.182989452366642,101,ESCC,0.299768485737498,0.0442581697045262,0.0599477342741597,0.291712040587869
GSE23400,ESCC,GSM573948,0.654133729215822,0.0364356154182167,0.098745509452658,0.210685145913304,102,ESCC,0.331164065726424,0.0121954805492948,0.0848657010377985,0.29608747174621
GSE23400,ESCC,GSM573949,0.617466677771962,0.0356462550380682,0.0896815250889187,0.257205542101051,103,ESCC,0.308320407472897,1.51509905413165e-19,0.0912390668043252,0.422430170181646
GSE23400,ESCC,GSM573950,0.719338807161817,0.0142115944585305,0.0771515073273992,0.189298091052254,104,ESCC,0.380405620872116,1.08911226966839e-18,0.107128966949804,0.101909528617508
GSE23400,ESCC,GSM573951,0.642823051031523,0.0155469601732984,0.132477220308753,0.209152768486426,105,ESCC,0.280507516087365,0.0,0.0,0.471381157411318
GSE20347,ESCC,GSM509787,0.495649720521255,0.0044206061301121,0.0894051544372311,0.410524518911401,0,ESCC,0.296061543905539,7.81012214168515e-18,0.0609035694467597,0.257255945004797
GSE20347,ESCC,GSM509788,0.509665909815877,0.0029875365703646,0.0806446013684534,0.406701952245305,1,ESCC,0.283006370090113,0.0389748059336853,0.0337713677967775,0.328484208726057
GSE20347,ESCC,GSM509789,0.524937288452313,0.0076606550379824,0.0829029989588391,0.384499057550866,2,ESCC,0.2884205956869,0.0304044178142092,0.0788440670866688,0.322484047480861
GSE20347,ESCC,GSM509790,0.505332118090997,0.0042954577391387,0.0803388757158732,0.410033548453991,3,ESCC,0.305600495771161,4.06773224822491e-18,0.0307139824239994,0.295240089293092
GSE20347,ESCC,GSM509791,0.518877393071776,0.0033298293047197,0.0788622512058651,0.398930526417639,4,ESCC,0.271264946824006,8.21752968409908e-18,0.0468008267265327,0.3925199840879
GSE20347,ESCC,GSM509792,0.501528893874429,0.0108354990323076,0.0983885774113864,0.389247029681877,5,ESCC,0.275990388606127,0.250730851205889,0.0511498605939335,0.353391850972373
GSE20347,ESCC,GSM509793,0.548719864126348,0.0080590602116454,0.0797850692195086,0.363436006442498,6,ESCC,0.269175134082116,0.0,0.0695202919332098,0.40231472457988
GSE20347,ESCC,GSM509794,0.520998404819139,0.00515664850609,0.0778392903614579,0.396005656313313,7,ESCC,0.302657411063309,1.50900197050615e-18,0.0498788486942444,0.245488575190492
GSE20347,ESCC,GSM509795,0.514750309495962,0.0153287071617033,0.0861798787625018,0.383741104579833,8,ESCC,0.291896956984169,0.0256841976877922,0.0641449087752652,0.261728872719521
GSE20347,ESCC,GSM509796,0.5211520788286,0.0046462175510564,0.0864143224148369,0.387787381205506,9,ESCC,0.297938004857569,2.5780084043320997e-19,0.0289002132886847,0.379586941465366
GSE20347,ESCC,GSM509797,0.602781177136679,0.0040381552758462,0.0728386676026608,0.320341999984814,10,ESCC,0.311460684921986,6.76397583525691e-18,0.0490068263804764,0.268708024908192
GSE20347,ESCC,GSM509798,0.563262416384714,0.0019219287270726,0.0653494237655137,0.3694662311227,11,ESCC,0.32338701628024,2.73654357504907e-18,0.0211098877738015,0.306439950751646
GSE20347,ESCC,GSM509799,0.448243031801634,0.0081178417337168,0.0974870558325572,0.446152070632092,12,ESCC,0.294576706626427,0.0,0.067936616836324,0.399911509840685
GSE20347,ESCC,GSM509800,0.546820929567556,0.0073452832761309,0.0790398255726815,0.366793961583632,13,ESCC,0.315130860738342,0.0047740600040803,0.0420168519009805,0.28899406465359
GSE20347,ESCC,GSM509801,0.532245115188009,0.0042294921240938,0.0775740469907221,0.385951345697175,14,ESCC,0.312270781892838,8.16171716975707e-18,0.0571167518906338,0.250627922824419
GSE20347,ESCC,GSM509802,0.469980884267079,0.0054593128628427,0.0825148891350572,0.442044913735021,15,ESCC,0.299359337156687,0.0,0.0220266922167781,0.262696877219442
GSE20347,ESCC,GSM509803,0.525110779779075,0.0038056359095144,0.0764656452996568,0.394617939011753,16,ESCC,0.318967022145401,1.2193071877388e-19,0.0381621831778348,0.230555510570372
GSE20347,ESCC,GSM509804,0.752680289786125,0.0308196140846296,0.0382324030052994,0.178267693123946,17,ESCC,0.209574366805054,6.567686280032779e-18,0.0,0.175564731531108
GSE20347,ESCC,GSM509805,0.738574888259097,0.0195853336683146,0.0418835808797781,0.19995619719281,18,ESCC,0.126267987923317,0.0,0.0333141536911892,0.189514181797114
GSE20347,ESCC,GSM509806,0.692717858747567,0.0083349279167875,0.0571554952278089,0.241791718107836,19,ESCC,0.231818703872564,3.55368962575165e-18,0.0271947511043353,0.350600481371735
GSE20347,ESCC,GSM509807,0.647715843464664,0.0053905243788599,0.0707799341611596,0.276113697995317,20,ESCC,0.158405928818084,0.0,0.0,0.191656286565081
GSE20347,ESCC,GSM509808,0.662786482558898,0.0031750476865856,0.0543121094762061,0.27972636027831,21,ESCC,0.260176909160641,0.0,1.61649685792196e-18,0.438137219264073
GSE20347,ESCC,GSM509809,0.684130769190889,0.0242863154836279,0.0494038965994728,0.24217901872601,22,ESCC,0.259287072319387,0.0079638350693346,0.0160752198486214,0.360051357475933
GSE20347,ESCC,GSM509810,0.705573984086195,0.0330934641221339,0.042556902568924,0.218775649222747,23,ESCC,0.215493343181235,0.136541224588356,0.0035407887293943,0.239525800770138
GSE20347,ESCC,GSM509811,0.724169904469223,0.0293451776315191,0.0388614883337135,0.207623429565545,24,ESCC,0.167010519989048,0.108628920438531,0.0346689162446267,0.15489845964688
GSE20347,ESCC,GSM509812,0.724734818262196,0.022490983943401,0.0540345425271754,0.198739655267228,25,ESCC,0.22289173124637,0.0904719415166493,0.0166263938761254,0.470729452270207
GSE20347,ESCC,GSM509813,0.757843661025993,0.0154404704831923,0.0376989281517241,0.18901694033909,26,ESCC,0.273201930356591,0.0636044880635651,0.0444355558048523,0.218753764673671
GSE20347,ESCC,GSM509814,0.733409975138587,0.0192164811474646,0.0492636579655023,0.198109885748446,27,ESCC,0.285092456979181,1.2055820962266899e-18,0.0208859944468621,0.276272349973199
GSE20347,ESCC,GSM509815,0.592204653754823,0.013146739113632,0.062924754925595,0.33172385220595,28,ESCC,0.0,0.0801946979315978,0.0,0.109019035880982
GSE20347,ESCC,GSM509816,0.699679475688606,0.0214880456432136,0.042020815246796,0.236811663421384,29,ESCC,0.209366020286041,0.0583029095120079,0.0322658185739339,0.118222509289414
GSE20347,ESCC,GSM509817,0.704627466511166,0.0366397007218346,0.0328311891238019,0.225901643643198,30,ESCC,0.246188491801321,0.147851234491834,0.0141193129248375,0.10627538744198
GSE20347,ESCC,GSM509818,0.668030029017156,0.0198727315205011,0.0701047537588822,0.241992485703461,31,ESCC,0.258219082517551,0.0173680670941024,0.0938802017860541,0.137061712292284
GSE20347,ESCC,GSM509819,0.677692532378238,0.0189810322348211,0.0307866407850661,0.272539794601875,32,ESCC,0.221183581327648,0.0118599860454119,0.0084376590541708,0.401349395130376
GSE20347,ESCC,GSM509820,0.736684117597908,0.0290517368571351,0.0376062468178368,0.196657898727121,33,ESCC,0.217590875746804,0.103335191919276,0.048029210774452,0.0918617665481267
GSE76925,COPD,GSM2040792,0.0941431310521435,0.033533677259832,0.731411478662816,0.140911713025209,0,COPD,0.145549319919463,0.048108044623058,0.246236582322163,0.239446230381999
GSE76925,COPD,GSM2040793,5.12773130184227e-08,0.0103647759471881,0.906823563649063,0.0828116091264363,1,COPD,0.123100310828916,0.0,0.260227481660923,0.428751211030726
GSE76925,COPD,GSM2040794,3.95249733597227e-08,0.0094343252299916,0.962176632233809,0.0283890030112257,2,COPD,0.147249641978505,0.0,0.270417078431937,0.303144830368414
GSE76925,COPD,GSM2040795,0.157140479440882,0.0149447000292518,0.585386743733131,0.242528076796736,3,COPD,0.126353033576886,1.05884138789094e-17,0.20074070611652,0.388411741580999
GSE76925,COPD,GSM2040796,0.220545784714848,0.0133970027470209,0.569967301097498,0.196089911440633,4,COPD,0.210335063381343,2.61363992368679e-18,0.0935895243116575,0.523291594856622
GSE76925,COPD,GSM2040797,0.0915433367934587,0.0061813741070867,0.61294704081077,0.289328248288684,5,COPD,0.255802801571026,0.0,0.215384889404458,0.389915186185064
GSE76925,COPD,GSM2040798,0.0936286655404128,0.0050951940930193,0.877378384141077,0.023897756225491,6,COPD,0.209255091901468,0.0,0.188639886348856,0.110528934679932
GSE76925,COPD,GSM2040799,9.65554902031719e-08,0.007089053285269,0.961698854307571,0.03121199585167,7,COPD,0.218196699044077,0.0,0.256112104487219,0.311183239617333
GSE76925,COPD,GSM2040800,1.90111565624949e-08,0.0267078318354052,0.946277755413897,0.0270143937395408,8,COPD,0.18584418465298,0.0179646625754279,0.259966911722854,0.37139892885125
GSE76925,COPD,GSM2040801,0.0769449697550885,0.0148093560743407,0.840660441917362,0.0675852322532086,9,COPD,0.222391414653556,2.89504942121064e-17,0.23429516369929,0.369472658780219
GSE76925,COPD,GSM2040802,0.0945173194241544,0.0066915874960184,0.608905053017805,0.289886040062023,10,COPD,0.159942637609744,1.2125289689600701e-17,0.101110063797695,0.850224373460497
GSE76925,COPD,GSM2040803,1.6221409384913e-06,0.0140383053972412,0.639046700279201,0.346913372182619,11,COPD,0.156081240761159,0.004760733782532,0.18007522422862,0.763901880757235
GSE76925,COPD,GSM2040804,0.245716892892261,0.0086458625812145,0.632627338544451,0.113009905982074,12,COPD,0.205488237244218,0.0,0.159937488259718,0.28765987088884
GSE76925,COPD,GSM2040805,0.0114237029006414,0.0897554239236618,0.731645119079925,0.167175754095771,13,COPD,0.188792470839711,0.0,0.216465471535139,0.499375705743538
GSE76925,COPD,GSM2040806,1.23624280487555e-08,0.037725541251045,0.827693454521776,0.134580991864751,14,COPD,0.0939735474465269,0.0,0.164076355142337,0.676673372662195
GSE76925,COPD,GSM2040807,0.189032746365387,0.0205400930920962,0.63340896777158,0.157018192770937,15,COPD,0.212399333638462,0.193332229097111,0.230969088986902,0.333168798119631
GSE76925,COPD,GSM2040808,0.337560393084272,0.0108487949200246,0.411800982134456,0.239789829861247,16,COPD,0.231049273735253,0.0335066554287831,0.113490972679411,0.822738768663518
GSE76925,COPD,GSM2040809,0.331475459428175,0.0489461708191205,0.374094815369364,0.245483554383341,17,COPD,0.198230420472967,0.0196371457559036,0.124788991839962,0.795033488752054
GSE76925,COPD,GSM2040810,0.0088144148770226,0.0174656236171639,0.764881148911691,0.208838812594123,18,COPD,0.203823233122701,0.038853766494425,0.213122090658467,0.62181731310202
GSE76925,COPD,GSM2040811,0.140570224938629,0.0249075174295415,0.632382712138122,0.202139545493707,19,COPD,0.164252326520307,0.1149410945461,0.158270416066531,0.668960966801079
GSE76925,COPD,GSM2040812,0.0726949466859255,0.0755891580944214,0.619475988342334,0.232239906877319,20,COPD,0.148578581458088,0.132751992972349,0.22942575009395,0.749324975256552
GSE76925,COPD,GSM2040813,0.185207210906494,0.0336646521427894,0.56829586161965,0.212832275331066,21,COPD,0.159862895870115,0.0934161609086949,0.146384370461369,0.836902201844188
GSE76925,COPD,GSM2040814,0.0768499443142372,0.0212817906720531,0.628455054194222,0.273413210819488,22,COPD,0.194181060716869,0.0118427958251411,0.157326763793984,0.770305684867665
GSE76925,COPD,GSM2040815,0.153617456980924,0.0263393267881449,0.629113935702308,0.190929280528623,23,COPD,0.204893662853533,0.0407933818295951,0.191643846959683,0.722157784604016
GSE76925,COPD,GSM2040816,1.73458758039811e-05,0.0192368284219925,0.773732538149418,0.207013287552785,24,COPD,0.188384252706138,0.0993716982768183,0.222497724828778,0.510322209924487
GSE76925,COPD,GSM2040817,2.00467483409143e-08,0.0190710446641288,0.941032801740016,0.0398961335491064,25,COPD,0.199388061087266,0.0750992335900384,0.237415397587536,0.540271276445754
GSE76925,COPD,GSM2040818,2.36183351179983e-07,0.0195039521749954,0.688968781916717,0.291527029724936,26,COPD,0.152298658812033,0.0517579675103305,0.189604678825149,0.865745859032279
GSE76925,COPD,GSM2040819,3.88432173020901e-08,0.0111784989241184,0.809289183809857,0.179532278422807,27,COPD,0.193742494120323,0.0635159868650453,0.207401901266869,0.488876852577377
GSE76925,COPD,GSM2040820,1.63966873013937e-08,0.0198581211367602,0.668996619855431,0.311145242611121,28,COPD,0.0863589921167984,0.15255693659736,0.222624175386025,0.715364968731737
GSE76925,COPD,GSM2040821,1.37846011093433e-06,0.0113033908461558,0.658845439076448,0.329849791617285,29,COPD,0.228939295577535,0.0874851523501628,0.197956670017527,0.543376136147311
GSE76925,COPD,GSM2040822,0.09066837761899,0.0134568829740558,0.64674592134513,0.249128818061824,30,COPD,0.200069829597063,0.104496301923719,0.236889516940417,0.655361846488196
GSE76925,COPD,GSM2040823,0.0987425357334378,0.0324091535099049,0.661130588749336,0.207717722007322,31,COPD,0.118139545432695,0.127156792592225,0.171427011835568,0.795652439561091
GSE76925,COPD,GSM2040824,0.422082484691514,0.0222941256529139,0.388010365252536,0.167613024403036,32,COPD,0.289840404170829,0.0,0.129054387648359,0.489042930749176
GSE76925,COPD,GSM2040825,0.0440801977557949,0.0506966728714603,0.649905320457698,0.255317808915047,33,COPD,0.180117336998278,0.0970064241516985,0.194070949674035,0.638185832842345
GSE76925,COPD,GSM2040826,0.260879126143886,0.0182168485891822,0.391383669379693,0.329520355887239,34,COPD,0.216426742875607,0.121891581765202,0.13887686794766,0.829670130101561
GSE76925,COPD,GSM2040827,0.323247441432014,0.228214414238113,0.260066990636043,0.18847115369383,35,COPD,0.171727815246713,0.306903083758094,0.111838625834039,0.317784500367998
GSE76925,COPD,GSM2040828,0.138165055179845,0.0351599317646176,0.559931600863694,0.266743412191843,36,COPD,0.132691901804935,0.0423295473943032,0.177109484377065,0.727523445003446
GSE76925,COPD,GSM2040829,0.297945279870066,0.0875415158057041,0.345123800091054,0.269389404233176,37,COPD,0.191935937744275,0.0312982087238476,0.157469372608313,0.51824362922154
GSE76925,COPD,GSM2040830,8.23030038400235e-06,0.0279924352033264,0.796028505369609,0.17597082912668,38,COPD,0.191014916991081,0.10091261656619,0.229570813696439,0.690398195452642
GSE76925,COPD,GSM2040831,0.0530739338883989,0.0081136290818395,0.662145266453806,0.276667170575956,39,COPD,0.221295541924896,0.0275335156606794,0.175902425985177,0.628628054936802
GSE76925,COPD,GSM2040832,0.226839082544683,0.0124781993213556,0.579318956704036,0.181363761429925,40,COPD,0.205422827517932,0.0699367542672483,0.170061419783749,0.649363976017838
GSE76925,COPD,GSM2040833,3.75137622403762e-09,0.0109523538014123,0.794711199991158,0.194336442456053,41,COPD,0.197375949258868,0.0353234552170099,0.240179571971857,0.540869933661746
GSE76925,COPD,GSM2040834,6.85805037594768e-07,0.033392096285707,0.771773505414112,0.194833712495144,42,COPD,0.184368627337604,0.167912247792488,0.215733423052394,0.420516048438641
GSE76925,COPD,GSM2040835,0.0605295408268865,0.158666624106872,0.610119430061585,0.170684405004657,43,COPD,0.147507677790586,0.152708370147673,0.187219913560697,0.549916505140321
GSE76925,COPD,GSM2040836,4.09040384867825e-07,0.0496739520256936,0.721687861210814,0.228637777723107,44,COPD,0.182836139268196,0.10862045652337,0.175418315350369,0.544569097866935
GSE76925,COPD,GSM2040837,0.0579807508787866,0.0222090250669489,0.700064637492191,0.219745586562074,45,COPD,0.230069736506244,0.113750528725855,0.197347886657987,0.502975741308046
GSE76925,COPD,GSM2040838,0.0367673658919266,0.016417471511112,0.754859698524005,0.191955464072956,46,COPD,0.170875904495592,0.198208608130752,0.218740179459334,0.431028871428599
GSE76925,COPD,GSM2040839,0.0789636981601784,0.0275479165757673,0.644434558710271,0.249053826553783,47,COPD,0.192042590137975,0.107673848089131,0.13515570010871,0.618499786673448
GSE76925,COPD,GSM2040840,0.123727288141145,0.0265599812030249,0.640827501100574,0.208885229555256,48,COPD,0.178863203024267,0.134431782283626,0.213487288696536,0.437344482371431
GSE76925,COPD,GSM2040841,2.93612031156248e-08,0.0115236440814707,0.78311087705937,0.205365449497956,49,COPD,0.236328220780476,0.107146025437506,0.249688182729512,0.499219996585263
GSE76925,COPD,GSM2040842,0.130957118289921,0.0099668149281832,0.455998878070299,0.403077188711596,50,COPD,0.184890836395597,0.004290322229101,0.100309765170062,0.674915041725459
GSE76925,COPD,GSM2040843,0.0001865244036623,0.0640608742665619,0.663679810901278,0.272072790428498,51,COPD,0.144558160658929,0.0953372500291347,0.179246826367145,0.838669015404158
GSE76925,COPD,GSM2040844,0.116325547952694,0.017885306947756,0.555284420707815,0.310504724391735,52,COPD,0.193266619892592,0.142521759504017,0.166049594729556,0.744602158259501
GSE76925,COPD,GSM2040845,0.205510987536221,0.0273371114964416,0.572898868458923,0.194253032508415,53,COPD,0.162241241919817,0.108639280489074,0.151235749538829,0.546051445239476
GSE76925,COPD,GSM2040846,0.254495217573853,0.0440474474067516,0.502288740823984,0.199168594195411,54,COPD,0.11377238132848,0.238635863848905,0.164852415291564,0.516982923554192
GSE76925,COPD,GSM2040847,0.0412020716705894,0.0127507314640845,0.573641838908717,0.372405357956609,55,COPD,0.1937503353811,0.0122057093063027,0.179318810296679,0.691558635954668
GSE76925,COPD,GSM2040848,5.04319174662471e-08,0.0115025994304952,0.960153621912645,0.0283437282249421,56,COPD,0.148897715544694,0.0,0.219844601470187,0.66559229595912
GSE76925,COPD,GSM2040849,0.0587850679686627,0.0325716207853149,0.532074964725108,0.376568346520915,57,COPD,0.121050966724395,0.0,0.0476353793242157,0.954405436870675
GSE76925,COPD,GSM2040850,0.0598939303472161,0.0100278224780405,0.615427193512163,0.314651053662581,58,COPD,0.21146161141533,0.0284044375028723,0.19565357627227,0.530260922399995
GSE76925,COPD,GSM2040851,3.66041851708826e-07,0.0096850646664035,0.627233557161779,0.363081012129966,59,COPD,0.189270983784742,3.33190846311574e-18,0.155791070321526,0.590111658278712
GSE76925,COPD,GSM2040852,0.330468347167589,0.0083891727634152,0.51626598940057,0.144876490668425,60,COPD,0.301985694207988,0.005287438551893,0.198428281325496,0.485749465836935
GSE76925,COPD,GSM2040853,1.65511632948459e-08,0.105139284344768,0.811639498859714,0.0832212002443551,61,COPD,0.13951667083041,0.0442602890295656,0.180566018613955,0.626885659273481
GSE76925,COPD,GSM2040854,2.07035135877321e-07,0.0136542646717995,0.654314403590276,0.332031124702789,62,COPD,0.164240049855033,1.08954976613684e-18,0.172966817466122,0.734001228362072
GSE76925,COPD,GSM2040855,0.0110296066162537,0.0156666332809233,0.635456840429343,0.33784691967348,63,COPD,0.184192343320851,0.01934844971276,0.221335756012725,0.467327041271628
GSE76925,COPD,GSM2040856,0.0531670227522073,0.0135305538600986,0.629428507295544,0.30387391609215,64,COPD,0.168841079958738,0.0,0.123329454762394,0.796757252187133
GSE76925,COPD,GSM2040857,3.3457613713046404e-09,0.014844726940971,0.93962972838461,0.0455255413286578,65,COPD,0.175984954465518,1.8573148947213797e-18,0.212093727126332,0.637086229938793
GSE76925,COPD,GSM2040858,7.19178468262476e-10,0.0034874108581271,0.65615644400515,0.340356144417544,66,COPD,0.148065120329571,3.34815494090251e-17,0.0974957325360926,0.822301324283575
GSE76925,COPD,GSM2040859,1.89709218890373e-06,0.0219599999455861,0.863315176670407,0.114722926291819,67,COPD,0.174873135921949,0.0,0.1385587575973,0.619718650092074
GSE76925,COPD,GSM2040860,2.01189062918964e-08,0.0133578279389043,0.89015644056786,0.0964857113743297,68,COPD,0.183478161219225,0.0,0.218967124530005,0.507819151264112
GSE76925,COPD,GSM2040861,2.1915109018095803e-09,0.0759052414872283,0.841550283671968,0.0825444726492933,69,COPD,0.0724048312604723,0.0,0.163895967765205,0.840652435056109
GSE76925,COPD,GSM2040862,2.55305946161685e-06,0.0121900211473657,0.706546219979125,0.281261205814048,70,COPD,0.168823340454512,0.0471824879823068,0.215041593583976,0.505374672794296
GSE76925,COPD,GSM2040863,0.0356591822280702,0.0155370254226349,0.729405195830357,0.219398596518938,71,COPD,0.173468024289677,0.0173581005804759,0.14149905322249,0.667478680470172
GSE76925,COPD,GSM2040864,6.4263038427018905e-09,0.0162844131602577,0.675959533254334,0.307756047159104,72,COPD,0.129209691823651,4.53035155950963e-20,0.176565213684197,0.625132656882646
GSE76925,COPD,GSM2040865,0.0108352035887668,0.021458965674415,0.699869979263351,0.267835851473467,73,COPD,0.147110065160171,0.0072359575942223,0.17045573923744,0.722781590197371
GSE76925,COPD,GSM2040866,6.12177271394983e-08,0.0448188009114653,0.723232047687904,0.231949090182904,74,COPD,0.186497560805309,0.0019861222818011,0.204260650981813,0.508283373521147
GSE76925,COPD,GSM2040867,0.0528514037547874,0.0299890598863965,0.754493433440201,0.162666102918615,75,COPD,0.199567693070206,0.0531489325352577,0.229895457455499,0.445042733053484
GSE76925,COPD,GSM2040868,6.05341188246125e-06,0.0171556456587045,0.685195955739673,0.29764234518974,76,COPD,0.11934119256985,0.0,0.189874467143477,0.923005755643137
GSE76925,COPD,GSM2040869,4.57141269337968e-08,0.0409558819545437,0.866108187959626,0.0929358843717031,77,COPD,0.149699475748126,0.164971489573705,0.226697324163735,0.587356510190515
GSE76925,COPD,GSM2040870,0.0585047898767097,0.0356324196878264,0.733080783412241,0.172782007023223,78,COPD,0.191412133264128,0.107129421081439,0.265791718378027,0.369064700254377
GSE76925,COPD,GSM2040871,3.09551141101922e-06,0.0102693304983515,0.679886976455924,0.309840597534314,79,COPD,0.197373054005062,0.0700172582604885,0.248024035315339,0.628670479494498
GSE76925,COPD,GSM2040872,0.30194752506057,0.0158298441073957,0.365357705271352,0.316864925560682,80,COPD,0.164612937430017,0.0,0.0380117787629014,0.900849461877697
GSE76925,COPD,GSM2040873,0.0732754427952511,0.0120682457031614,0.697125151822605,0.217531159678982,81,COPD,0.229915105587211,0.143246851574412,0.207887968283342,0.585565983568666
GSE76925,COPD,GSM2040874,0.238364322015056,0.0282658755605879,0.573366977674603,0.160002824749753,82,COPD,0.192920911247107,0.0796738371207544,0.16970139922617,0.590518667205796
GSE76925,COPD,GSM2040875,7.0626546051909e-06,0.0158735715268007,0.78700613975547,0.197113226063125,83,COPD,0.141188958682803,8.9550872088776e-18,0.168658362572728,0.652824318249914
GSE76925,COPD,GSM2040876,7.59814669328623e-07,0.0200416171224864,0.755705438920973,0.224252184141871,84,COPD,0.137081792601895,0.0,0.165104081851059,0.731523662962055
GSE76925,COPD,GSM2040877,4.50512542232447e-07,0.0370769950481793,0.820560434773846,0.142362119665433,85,COPD,0.124973952877582,0.0,0.109523533298146,0.749909529709927
GSE76925,COPD,GSM2040878,0.116021231534683,0.0322206400091744,0.598704044705777,0.253054083750366,86,COPD,0.178981878328775,1.0988576805818899e-18,0.157951156829256,0.706031674024932
GSE76925,COPD,GSM2040879,4.64256892116445e-08,0.0060065814581088,0.836940724181911,0.157052647934291,87,COPD,0.179556558297588,0.0427174871000151,0.197213782419305,0.482435593489401
GSE76925,COPD,GSM2040880,2.2657827044832e-05,0.0539616452362875,0.626018333052546,0.319997363884122,88,COPD,0.132851608807503,0.0,0.106711912452763,0.906280533970821
GSE76925,COPD,GSM2040881,5.91360465470389e-10,0.0106138435793914,0.933236129580128,0.0561500262491197,89,COPD,0.166578286420282,0.0,0.196020270337439,0.587131962100296
GSE76925,COPD,GSM2040882,3.78539323199857e-07,0.0165510886658909,0.75959876819495,0.223849764599836,90,COPD,0.165256304589963,4.76223463401804e-19,0.176748983779978,0.647557255688416
GSE76925,COPD,GSM2040883,1.21960715938247e-07,0.018555113336629,0.948429216841184,0.0330155478614713,91,COPD,0.158177883043263,0.0302164052386714,0.261581943880467,0.499718066628604
GSE76925,COPD,GSM2040884,4.65365974522837e-08,0.0217087918063351,0.796990658917228,0.18130050273984,92,COPD,0.235647165661152,0.110032781572288,0.276222195739495,0.444032036094259
GSE76925,COPD,GSM2040885,0.0727925369773138,0.0131517190552815,0.60913245842639,0.304923285541015,93,COPD,0.237588436889545,0.134120901351919,0.216627427626546,0.425345694894096
GSE76925,COPD,GSM2040886,1.4572896091453e-08,0.0140027704188185,0.717350517892187,0.268646697116098,94,COPD,0.171054319588132,0.113737938644953,0.226172746323507,0.685617367781455
GSE76925,COPD,GSM2040887,0.214602802316903,0.0349769843376394,0.530205760009144,0.220214453336314,95,COPD,0.211010085211642,0.119477304956919,0.213436362987031,0.581700823820158
GSE76925,COPD,GSM2040888,0.0444808323993664,0.020932947196397,0.823090517187906,0.11149570321633,96,COPD,0.238446608439736,0.127201036346812,0.260812731215281,0.241690578389251
GSE76925,COPD,GSM2040889,5.39577602472788e-10,0.0155712853868327,0.821084754223173,0.163343959850417,97,COPD,0.223045015351381,0.143990114403676,0.250235032224582,0.454674888460831
GSE76925,COPD,GSM2040890,1.43754167840892e-05,0.038842981472074,0.867549930916012,0.0935927121951303,98,COPD,0.128956449748659,0.243972081126797,0.318569546948388,0.285820090368464
GSE76925,COPD,GSM2040891,0.265908371536891,0.0155140557290044,0.454682507727059,0.263895065007045,99,COPD,0.237202906595164,0.0435954606974531,0.168592282865069,0.420612496120899
GSE76925,COPD,GSM2040892,3.85314134617628e-06,0.0906600368973079,0.606301853415421,0.303034256545925,100,COPD,0.181496013174288,0.188660164867757,0.23100151775286,0.638383996343657
GSE76925,COPD,GSM2040893,0.0755793434609584,0.0120246064349332,0.651280486183628,0.26111556392048,101,COPD,0.175414727055174,0.0076170126403962,0.17720881936127,0.544843743364362
GSE76925,COPD,GSM2040894,8.84429913451627e-08,0.109650950799865,0.719998805484451,0.170350155272693,102,COPD,0.181702699122622,0.189236756090356,0.203340519616364,0.584298879771712
GSE76925,COPD,GSM2040895,0.0495313196750427,0.0891830548474211,0.685973612034497,0.175312013443039,103,COPD,0.145116136093696,0.192823421661328,0.217341933199995,0.62506745420097
GSE76925,COPD,GSM2040896,9.65591004171528e-09,0.0123575994089721,0.593597214403717,0.394045176531401,104,COPD,0.186515364736056,0.0490198479486961,0.199889434328362,0.709201770357646
GSE76925,COPD,GSM2040897,0.103160442262782,0.0673452428446809,0.623650786655133,0.205843528237404,105,COPD,0.179123274835007,0.149301627080303,0.206929074543406,0.62401098773474
GSE76925,COPD,GSM2040898,0.0967252213197896,0.0206830856799843,0.610755181653239,0.271836511346987,106,COPD,0.194510307337371,0.0469840282981339,0.186794868482778,0.753245106270589
GSE76925,COPD,GSM2040899,0.117982525392916,0.0326776990318512,0.619387440856136,0.229952334719097,107,COPD,0.10404030232128,0.134888994303834,0.145282044192912,0.986834173106753
GSE76925,COPD,GSM2040900,0.0296424486346823,0.0415604142061467,0.616732284360691,0.31206485279848,108,COPD,0.0972754491776865,0.136315100930315,0.193606478945006,0.595015691853153
GSE76925,COPD,GSM2040901,0.142935510718888,0.0189413274604036,0.525658113265918,0.31246504855479,109,COPD,0.168387558967351,0.0,0.181847824870517,0.683623677747081
GSE76925,COPD,GSM2040902,0.139407873582871,0.111868022301155,0.602983709604124,0.14574039451185,110,COPD,0.13711044954638,0.137842359412979,0.222785585979958,0.739786609955112
GSE76925,COPD,GSM2040903,0.1497133767709,0.0092294246487493,0.640299348525641,0.200757850054709,111,COPD,0.188256080739525,0.218372877285633,0.202318399155533,0.448088583284048
GSE76925,COPD,GSM2040904,4.91415509541752e-09,0.0158224645327381,0.887319315723318,0.096858214829789,112,COPD,0.197036727652763,0.140030158252877,0.238133203463264,0.636737102867324
GSE76925,COPD,GSM2040905,0.199658308747617,0.0129708255344251,0.503057996376678,0.28431286934128,113,COPD,0.138930749091327,0.0,0.0969117116624418,0.829286286200041
GSE76925,COPD,GSM2040906,4.84321305151024e-07,0.0130238426056194,0.66674767230752,0.320228000765556,114,COPD,0.145423839879463,1.57584079117378e-17,0.18018159894192,0.572835865977792
GSE76925,COPD,GSM2040907,3.95830303469281e-10,0.0127981082868597,0.975791914262361,0.0114099770549489,115,COPD,0.10449060325378,0.0,0.234705933154408,0.376314471133137
GSE76925,COPD,GSM2040908,0.183076258851636,0.0176280404352338,0.502805065376859,0.296490635336271,116,COPD,0.193902774128269,0.0,0.13272700399091,0.493643105615038
GSE76925,COPD,GSM2040909,0.175618131080291,0.0095175967769162,0.541797025346831,0.273067246795962,117,COPD,0.219054692095503,0.0165987400760337,0.138688005952622,0.755882017450273
GSE76925,COPD,GSM2040910,0.110993141488776,0.012054903380064,0.561803900787567,0.315148054343593,118,COPD,0.147784859965133,1.3124049005132799e-18,0.169861495339107,0.78727360609084
GSE76925,COPD,GSM2040911,0.115657489394275,0.0093404323159913,0.380858125807448,0.494143952482286,119,COPD,6.49547367000612e-18,0.0,0.0,1.1879934961791
GSE76925,COPD,GSM2040912,0.254140295618283,0.020002857391421,0.530179920849351,0.195676926140945,120,COPD,0.137633938838439,0.0818192457888938,0.173845531398737,0.494461737605302
GSE76925,COPD,GSM2040913,0.247447613028724,0.0360504447454137,0.45591419011249,0.260587752113373,121,COPD,0.188521819024016,0.0,0.104883716782566,0.553738166959433
GSE76925,COPD,GSM2040914,0.107758600049764,0.0161339803061688,0.574923910304843,0.301183509339224,122,COPD,0.164617684502695,0.0058366731015514,0.134706442476758,0.670355619065505
GSE76925,COPD,GSM2040915,4.88037636450186e-07,0.245297160893495,0.661498973457582,0.0932033776112869,123,COPD,0.0,0.265607817063315,0.162645613966351,0.406431322861941
GSE76925,COPD,GSM2040916,5.341227036458401e-10,0.027227805979096,0.617537415244689,0.355234778242093,124,COPD,0.14289829955056,0.0,0.164264594657173,0.879356759707818
GSE76925,COPD,GSM2040917,0.368226578125523,0.0158937382830574,0.444963065052879,0.170916618538541,125,COPD,0.200319609447583,1.2264013492278499e-18,0.128957168509249,0.610476459668432
GSE76925,COPD,GSM2040918,2.69909761681596e-08,0.0060531467504934,0.894398042250729,0.0995487840078016,126,COPD,0.234981559308345,0.029717277333555,0.233235922273742,0.445576778407981
GSE76925,COPD,GSM2040919,0.0677938640720493,0.0249499678970333,0.788492156080498,0.11876401195042,127,COPD,0.143529507426824,0.120233748978716,0.216934758762111,0.66876728385487
GSE76925,COPD,GSM2040920,1.41908215057384e-08,0.0216976316409969,0.848211880550988,0.130090473617194,128,COPD,0.156977462776509,0.1010343418965,0.24410819620332,0.661520096914674
GSE76925,COPD,GSM2040921,0.0001084179196128,0.0774936316833564,0.811179114734074,0.111218835662957,129,COPD,0.209199814807229,0.135206439389661,0.276068090389081,0.483027840043872
GSE76925,COPD,GSM2040922,0.234809128580874,0.026502220960247,0.552593033904714,0.186095616554165,130,COPD,0.20734683140951,0.0893489541714875,0.200885305456481,0.701412795508975
GSE76925,COPD,GSM2040923,0.174666866596319,0.0131902089381635,0.732472078045064,0.0796708464204541,131,COPD,0.212724610875611,0.0572686959988999,0.221667035699781,0.507179958231697
GSE76925,COPD,GSM2040924,0.743580415119136,0.0099014307192956,0.0803238035312777,0.166194350630291,132,COPD,0.256695399323922,0.011765906078808,0.0,0.0031773056570687
GSE76925,COPD,GSM2040925,0.69003758170319,0.0082991474781423,0.0946964116830293,0.206966859135639,133,COPD,0.227243151322251,0.0,1.73163871224692e-18,0.631700366765301
GSE76925,COPD,GSM2040926,1.07967138168752e-06,0.0128213236989566,0.895533917509475,0.0916436791201864,134,COPD,0.166003204365434,0.0,0.224646807379626,0.530311400846251
GSE76925,COPD,GSM2040927,1.22569249884018e-05,0.0054969988441079,0.809696193460939,0.184794550769964,135,COPD,0.179596042888862,0.0,0.21373518254125,0.530910939680702
GSE76925,COPD,GSM2040928,2.13718754714361e-07,0.0103562150568751,0.743730314594291,0.245913256630079,136,COPD,0.159654235415708,1.5952199792985202e-17,0.169176316646452,0.598425046999358
GSE76925,COPD,GSM2040929,0.315532815336506,0.0308132453842544,0.46078216331316,0.19287177596608,137,COPD,0.18384883618261,4.40911380998196e-18,0.0789746080602872,0.844482601779908
GSE76925,COPD,GSM2040930,1.54903402503316e-09,0.0139886314680036,0.899003611340216,0.0870077556427462,138,COPD,0.168775490786953,0.0126645477773566,0.201491226464418,0.60277809478863
GSE76925,COPD,GSM2040931,1.21375141753038e-07,0.0158053963627204,0.675233719670881,0.308960762591256,139,COPD,0.138164445835016,4.38285411107093e-18,0.153748687613251,0.850127670351711
GSE76925,COPD,GSM2040932,0.416305602998617,0.0159270245237527,0.33517662084598,0.23259075163165,140,COPD,0.0972600943547727,0.0,0.0260371433164655,0.849288015405259
GSE76925,COPD,GSM2040933,0.23220244533255,0.0112753178581121,0.569340822866625,0.187181413942712,141,COPD,0.191152754501157,7.668252331253011e-19,0.165747296826599,0.641696556958657
GSE76925,COPD,GSM2040934,9.44820434684797e-07,0.0109578506179013,0.668448314639101,0.320592889922563,142,COPD,0.198785596943292,1.75029107708151e-17,0.140271621696362,0.787958817368828
GSE76925,COPD,GSM2040935,0.0468854013469367,0.0497668900982065,0.656248855737663,0.247098852817194,143,COPD,0.177531773401401,0.0,0.12972928287359,0.787022855893353
GSE76925,COPD,GSM2040936,0.0002006392619713,0.0581297058645883,0.856065413528036,0.0856042413454047,144,COPD,0.147004875842214,4.96264596054679e-20,0.14065925281475,0.70592614075307
GSE76925,COPD,GSM2040937,0.151665518005487,0.0454738433706634,0.495137767795466,0.307722870828384,145,COPD,0.150012171538592,0.0071079155493136,0.154361097471111,0.730016556360882
GSE76925,COPD,GSM2040938,7.96548967943834e-07,0.0259392878888551,0.762509440893885,0.211550474668291,146,COPD,0.118197688903207,1.43608981972308e-18,0.1758845993154,0.860734620696902
GSE76925,COPD,GSM2040939,9.13733536568558e-07,0.0175987236968725,0.740176360815556,0.242224001754035,147,COPD,0.156843823747843,0.0,0.143963390303113,0.711630123893258
GSE76925,COPD,GSM2040940,1.93237726299278e-08,0.0396766471054605,0.916963397436768,0.0433599361339992,148,COPD,0.16123209461352,0.029152922503986,0.210940513512502,0.570990567831255
GSE76925,COPD,GSM2040941,1.23043979472372e-08,0.0155522289218729,0.915376582520659,0.0690711762530701,149,COPD,0.0952674336932961,1.4852231475860802e-17,0.176516535747229,0.781199175338704
GSE76925,COPD,GSM2040942,1.7790001408231702e-09,0.0109866372786573,0.954293212509781,0.0347201484325619,150,COPD,0.162418006021046,1.0762649666428601e-17,0.195118254616141,0.530539546614074
GSE47460,COPD,GSM1149948,0.344564478644866,0.0061875940556311,0.427411088017859,0.221836839281644,0,COPD,0.348063698832957,0.143410113582114,0.100322265056451,0.377030695629075
GSE47460,COPD,GSM1149951,0.114216213043524,0.0093379807484197,0.663804109353681,0.212641696854375,1,COPD,0.338035908274366,0.13430212319079,0.16279549221355,0.298217354883064
GSE47460,COPD,GSM1149958,0.327650347436043,0.0279192260971225,0.408975721153687,0.235454705313148,2,COPD,0.336866062018611,0.0705227615152691,0.0508070058766354,0.555971553631771
GSE47460,COPD,GSM1149962,0.139324632894139,0.0075025960267657,0.582440163816315,0.270732607262779,3,COPD,0.322041158757974,0.0730941324646155,0.104687094833762,0.528038135722672
GSE47460,COPD,GSM1149963,0.494472517316511,0.0085809888634864,0.322743023421196,0.174203470398807,4,COPD,0.307652969768112,0.0,0.0712521308765836,0.48385923348501
GSE47460,COPD,GSM1149966,0.235289853225862,0.0179782037591053,0.651067986160386,0.0956639568546474,5,COPD,0.321087891979369,0.176502615313147,0.135445501260347,0.329467282408188
GSE47460,COPD,GSM1149971,0.0239198388178051,0.0104335863063153,0.626435442363813,0.339211132512067,6,COPD,0.307274901659922,0.110530253386516,0.119702757837606,0.540758616035079
GSE47460,COPD,GSM1149975,0.197393645522645,0.0154177603261839,0.5508303768147,0.236358217336471,7,COPD,0.312504604327813,0.0840946841797391,0.133539761437165,0.53714431005219
GSE47460,COPD,GSM1149981,0.196538702595114,0.0097083121829988,0.648781956719651,0.144971028502236,8,COPD,0.333437650331067,0.11173261890814,0.118499011941186,0.516831840321576
GSE47460,COPD,GSM1149987,0.228787462710191,0.0098134145539227,0.495328646966638,0.266070475769249,9,COPD,0.282147768455677,0.129978184836729,0.0777872467799679,0.591487965910581
GSE47460,COPD,GSM1149988,1.51176660752028e-07,0.0043826333252546,0.549963948075886,0.445653267422199,10,COPD,0.356381273035534,0.0055522138042734,0.125752964375183,0.173308964068466
GSE47460,COPD,GSM1149992,0.244274205976189,0.0105627868540912,0.578615233426975,0.166547773742745,11,COPD,0.322982374711366,0.120009773114041,0.156344187433629,0.345297956978978
GSE47460,COPD,GSM1149998,4.01116221635258e-08,0.0072504798393662,0.861809847454473,0.130939632594539,12,COPD,0.301418242353484,0.119427481579651,0.163267582021798,0.482584739718261
GSE47460,COPD,GSM1150001,0.140041404610914,0.00880182610288,0.569710912641664,0.281445856644542,13,COPD,0.297270118791329,0.0405718686423725,0.133678850994724,0.508273198418276
GSE47460,COPD,GSM1150012,0.0370758349566783,0.0065766883446667,0.808353956108826,0.147993520589829,14,COPD,0.323718061845117,0.0166442189363903,0.133203944258337,0.411781989690169
GSE47460,COPD,GSM1150014,0.276286865448416,0.0106137493808639,0.468432952395603,0.244666432775117,15,COPD,0.337869111026557,0.107374221424076,0.124755021650466,0.361353050550903
GSE47460,COPD,GSM1150017,0.311931131294792,0.0136796481956162,0.437099614444069,0.237289606065523,16,COPD,0.320605707160377,0.0638419243781327,0.0806868596353257,0.529496310583093
GSE47460,COPD,GSM1150030,5.3257154763238e-09,0.0100928331810142,0.725634164320915,0.264272997172356,17,COPD,0.306786148118341,0.0800672354606188,0.108322820580446,0.520344288601536
GSE47460,COPD,GSM1150031,0.219808919439197,0.0095025301291707,0.592298002113562,0.178390548318071,18,COPD,0.337367185386597,0.0602482064588539,0.140906204788458,0.351156026299889
GSE47460,COPD,GSM1150032,0.241643240429115,0.0087624344815654,0.473856874622329,0.27573745046699,19,COPD,0.359722125680998,0.0022973145549948,0.118354839939618,0.369315532741505
GSE47460,COPD,GSM1150037,0.285416481822534,0.0116014457962915,0.572107430950786,0.130874641430389,20,COPD,0.337171812108701,0.0370692951841842,0.076429489664137,0.511625579574147
GSE47460,COPD,GSM1150040,0.352459547417135,0.0066741576246189,0.459902222900372,0.180964072057874,21,COPD,0.377766174031943,0.0,0.120728587780879,0.458284261595263
GSE47460,COPD,GSM1150041,0.115635900509432,0.0102300432708476,0.615071876274293,0.259062179945427,22,COPD,0.307245081436331,0.0855735237212213,0.0832234180449444,0.541146019975679
GSE47460,COPD,GSM1150053,1.18576557500149e-05,0.0074020141433395,0.649987361043659,0.342598767157251,23,COPD,0.346930394661168,0.0308651096987573,0.165793358380576,0.328826582135059
GSE47460,COPD,GSM1150055,1.37352184592497e-05,0.0102700455996923,0.653657882120828,0.33605833706102,24,COPD,0.319653792114989,0.0271160536192476,0.151601087379984,0.494027947290927
GSE47460,COPD,GSM1150070,0.188826833848903,0.0062992132865958,0.644690777003346,0.160183175861155,25,COPD,0.314482217473976,0.0,0.0481615534821053,0.612202938603473
GSE47460,COPD,GSM1150075,0.125652796314291,0.0064941159758234,0.632645026329734,0.235208061380152,26,COPD,0.322463187339075,0.0503227611216754,0.117115313751201,0.518502902496854
GSE47460,COPD,GSM1150078,0.300486730032082,0.0123237511306804,0.521253794278146,0.165935724559091,27,COPD,0.335377511506915,0.108474783444581,0.133946286222366,0.466900525770605
GSE47460,COPD,GSM1150080,0.0637802096401269,0.015521459429501,0.783024972370782,0.13767335855959,28,COPD,0.306328365765571,0.179242869973419,0.123213789150001,0.435742315972063
GSE47460,COPD,GSM1150081,0.0401641876674556,0.0046637002390062,0.804323562976288,0.15084854911725,29,COPD,0.343206586054745,0.0,0.092706898900058,0.513486041625187
GSE47460,COPD,GSM1150085,0.36517700873289,0.0071915221168468,0.504701272768509,0.122930196381755,30,COPD,0.33316067203939,0.0,0.087751856011335,0.446091819968091
GSE47460,COPD,GSM1150090,0.145872498219399,0.0137935921524793,0.632281760171109,0.208052149457013,31,COPD,0.252060635387605,0.112327313873434,0.125581332706042,0.594919667906614
GSE47460,COPD,GSM1150143,0.269930394528061,0.0119161599144969,0.537616139928223,0.180537305629219,32,COPD,0.326176676969516,0.0787742157025609,0.1281607973115,0.432299417330972
GSE47460,COPD,GSM1150144,0.340255975361921,0.0051339084096291,0.303037914119438,0.351572202109012,33,COPD,0.282481765371492,9.342507720782e-19,0.0,0.736330635467282
GSE47460,COPD,GSM1150145,0.387138211049298,0.0076867173115966,0.350864610135161,0.254310461503944,34,COPD,0.358562613526334,0.072374822879448,0.104952033421723,0.619715751327744
GSE47460,COPD,GSM1150146,0.217771352207582,0.009243555937855,0.434988488045006,0.337996603809556,35,COPD,0.324410315145629,0.050519198035689,0.129145655804697,0.50598717175793
GSE47460,COPD,GSM1150147,0.280221926923245,0.014066202407841,0.543203461623136,0.162508409045778,36,COPD,0.342486939503586,0.0361887460392695,0.056554076690201,0.566447653941633
GSE47460,COPD,GSM1150148,0.18329174503255,0.0117340357781261,0.65409053720075,0.150883681988574,37,COPD,0.323679076978615,0.0470175874580942,0.109635393279702,0.549271606086767
GSE47460,COPD,GSM1150149,0.377856363098499,0.0104523400405482,0.428362952122135,0.183328344738818,38,COPD,0.340989951518141,0.0681580264192515,0.0783401935359608,0.350942807200666
GSE47460,COPD,GSM1150150,0.0214758788723019,0.0130125020842078,0.894993813470135,0.0705178055733557,39,COPD,0.29309138650279,0.174896169888921,0.179179720135573,0.447249910513456
GSE47460,COPD,GSM1150151,0.228604157993184,0.0111783483251058,0.482522079426008,0.277695414255702,40,COPD,0.308159250809141,0.115271851607799,0.12247033752086,0.544218877033358
GSE47460,COPD,GSM1150152,0.231669669331336,0.0105590853168489,0.494716874192299,0.263054371159516,41,COPD,0.311219168343182,0.125243848630953,0.117754737122854,0.550904062020049
GSE47460,COPD,GSM1150153,0.168323127799704,0.0112053391660042,0.588089980588789,0.232381552445502,42,COPD,0.301965060719735,0.216860977744923,0.139212470397734,0.485745074872193
GSE47460,COPD,GSM1150154,8.37227331076695e-08,4.51120799620567e-07,0.289287892717004,0.710711572439463,43,COPD,0.312194345507044,0.121390017310099,0.216430245486605,0.224379991301952
GSE47460,COPD,GSM1150156,0.119511974393818,0.0109924538249468,0.59214608544259,0.277349486338646,44,COPD,0.319507057307981,0.146090976316064,0.165548506446706,0.403602383781225
GSE47460,COPD,GSM1150157,0.263944256981932,0.0123382601597348,0.450135791380169,0.273581691478165,45,COPD,0.294216270325441,0.0607243837189373,0.0508032297568609,0.66374503180881
GSE47460,COPD,GSM1150158,0.452070900159794,0.0127049052069489,0.385556080970961,0.149668113662297,46,COPD,0.286147101312769,0.0,0.0,0.703470438449829
GSE47460,COPD,GSM1150159,0.297466584624788,0.0144573237526941,0.437852390236044,0.250223701386474,47,COPD,0.32347542843799,0.0551100354885616,0.0994487440599612,0.535191527148541
GSE47460,COPD,GSM1150160,0.0753164012729573,0.0092041120964273,0.677627680011995,0.23785180661862,48,COPD,0.331379010618095,0.11454490211442,0.150611439170481,0.414055294816939
GSE47460,COPD,GSM1150161,7.90030547004147e-07,0.0109952408062398,0.775400917862959,0.213603051300254,49,COPD,0.274015153797802,0.154635844696642,0.127120502743566,0.489234963617135
GSE47460,COPD,GSM1150162,0.226921161855309,0.0085276363856225,0.431334670869059,0.33321653089001,50,COPD,0.304522004768606,0.161900362610389,0.0972195633632472,0.566469118019723
GSE47460,COPD,GSM1150164,0.300105429320025,0.013427543955795,0.525947527872415,0.160519498851765,51,COPD,0.321374736342157,0.0286447059700642,0.100760237259066,0.467283855726528
GSE47460,COPD,GSM1150165,0.135871797520506,0.0090240578044687,0.63303748135646,0.222066663318565,52,COPD,0.331055170317848,0.105918246590896,0.171257714879369,0.423635483028273
GSE47460,COPD,GSM1150166,0.276229613164337,0.024576026250782,0.512669342213792,0.186525018371089,53,COPD,0.264845839109757,0.123734869374381,0.0843075237859841,0.609071776878185
GSE47460,COPD,GSM1150167,0.0779286423579958,0.0148600593063714,0.807202407718817,0.100008890616816,54,COPD,0.320949896987639,0.124343712772596,0.150076628667484,0.413001562913464
GSE47460,COPD,GSM1150168,0.13866078818444,0.0094038514652314,0.601619417592008,0.250315942758321,55,COPD,0.288868986454219,0.166970399988999,0.124390780668676,0.52662903041222
GSE47460,COPD,GSM1150170,0.319552499395502,0.0101872149709868,0.390368449578456,0.279891836055056,56,COPD,0.271917871426814,0.124036858132993,0.0866644240667099,0.620807600707742
GSE47460,COPD,GSM1150171,0.128590399290674,0.0135516855954775,0.698013239080445,0.159844676033404,57,COPD,0.311288257514241,0.180584828812991,0.157407669588781,0.261098099422477
GSE47460,COPD,GSM1150174,0.0100665301063138,0.0148573767879021,0.734266311809863,0.240809781295921,58,COPD,0.270366435559569,0.104316856408281,0.0966662812853946,0.550350903813236
GSE47460,COPD,GSM1150175,0.424746753595555,0.0074750948539418,0.396598061605679,0.171180089944824,59,COPD,0.325188246534258,0.0795122003206277,0.0908769816982317,0.466179002170618
GSE47460,COPD,GSM1150176,2.68586934149524e-06,0.0083273262450933,0.951573213134358,0.0400967747512068,60,COPD,0.328379146928683,0.133547739033652,0.184286336712669,0.295076520212143
GSE47460,COPD,GSM1150178,0.251755083933544,0.0157225370413417,0.482419271546504,0.25010310747861,61,COPD,0.315052401265656,0.062069530895124,0.0946616760850512,0.628600905484448
GSE47460,COPD,GSM1150182,0.207782651392793,0.0165875424611707,0.55163640778848,0.223993398357556,62,COPD,0.276134988050087,0.159649795668384,0.101651307457639,0.626383308210111
GSE47460,COPD,GSM1150184,0.125136647938669,0.0081210544394645,0.62681094982791,0.239931347793956,63,COPD,0.300211637537605,0.0100245521831141,0.0978306228046268,0.469801248704521
GSE47460,COPD,GSM1150185,0.335217502483304,0.013985471629997,0.497597388101271,0.153199637785428,64,COPD,0.333156039298761,0.0586799172742411,0.0819033847811665,0.421446746949653
GSE47460,COPD,GSM1150186,0.321222845134999,0.0113423268432306,0.520352399721476,0.147082428300294,65,COPD,0.315981506668054,0.041768340460545,0.107695479955028,0.565902529336586
GSE47460,COPD,GSM1150187,0.0549868130250106,0.043324637155907,0.314971436756991,0.586717113062091,66,COPD,0.0,0.0830813648699822,4.17699533110888e-18,0.812913710672096
GSE47460,COPD,GSM1150188,0.289801462730753,0.0172945767719303,0.450530784087397,0.242373176409919,67,COPD,0.291233494453593,0.152113605306385,0.0820375994558197,0.603332252778065
GSE47460,COPD,GSM1150189,0.251981240987665,0.0142511579359411,0.550393957801618,0.183373643274776,68,COPD,0.294352225246741,0.193459573062565,0.0948980041911642,0.495322635402658
GSE47460,COPD,GSM1150190,0.408052493512358,0.0121055010645396,0.390348099737466,0.189493905685636,69,COPD,0.287124959182943,0.0763705663551164,0.0745430119814393,0.581098180510045
GSE47460,COPD,GSM1150192,0.379627640235939,0.0118760113513962,0.398077545529346,0.210418802883319,70,COPD,0.293098309506836,0.193853138527501,0.101212940313925,0.563548751284049
GSE47460,COPD,GSM1150193,0.241292155335705,0.0132184998735342,0.539116351719259,0.206372993071502,71,COPD,0.293651941976817,0.0117309919174238,0.0446896131912242,0.728246326876195
GSE47460,COPD,GSM1150199,0.103554018070636,0.033050890023536,0.734030845075112,0.129364246830716,72,COPD,0.3150111825779,0.131453106306119,0.130378641367126,0.321426266374103
GSE47460,COPD,GSM1150200,0.269432721167752,0.0162965835883668,0.600042278191471,0.11422841705241,73,COPD,0.31776146163101,0.180705691717248,0.131559216359045,0.416112404559672
GSE47460,COPD,GSM1150201,0.203456094189219,0.0125416073627277,0.628778624769582,0.155223673678472,74,COPD,0.3149364300268,0.155981531818788,0.140161528310864,0.477746611905088
GSE47460,COPD,GSM1150203,0.0252195299808574,0.016046900135244,0.526295581641126,0.432437988242773,75,COPD,0.283679066754101,0.192311610992996,0.137834035597835,0.535012364246414
GSE47460,COPD,GSM1150204,0.135490284575466,0.023076735995343,0.594051121897431,0.247381857531761,76,COPD,0.272576911996994,0.0871406694084314,0.0965907512538546,0.715996354258226
GSE47460,COPD,GSM1150206,0.237219300956728,0.0126975100818549,0.533928725554483,0.216154463406934,77,COPD,0.228050530064936,0.147758345572442,0.0868708367275321,0.782891813166038
GSE47460,COPD,GSM1150210,0.199988362452038,0.0050574028361396,0.556333217977947,0.238621016733876,78,COPD,0.292311975541743,0.0616217421466673,0.0803536595091929,0.604412498125538
GSE47460,COPD,GSM1150211,0.238986096982023,0.0235219374467618,0.575698324051609,0.161793641519606,79,COPD,0.266096846012291,0.164834201021298,0.0923953901846947,0.64172765536508
GSE47460,COPD,GSM1150212,6.6890525070601e-06,0.0101804454207057,0.98019512062294,0.0096177449038466,80,COPD,0.228770305671367,0.140831300198263,0.177963146900726,0.736034837212774
GSE47460,COPD,GSM1150213,0.000386270810677,0.0071166809729789,0.716523506320523,0.275973541895821,81,COPD,0.282396333271947,0.0908667505282171,0.13507599700656,0.618332387679972
GSE47460,COPD,GSM1150214,0.318789496440497,0.0631805264079398,0.551384809306104,0.0666451678454589,82,COPD,0.312842591576681,0.136891397802957,0.1285320110565,0.207489559684558
GSE47460,COPD,GSM1150215,4.10746958875945e-07,0.00866487042743,0.764593441116302,0.226741277709309,83,COPD,0.329007627145415,0.0944912476470932,0.161186817247808,0.344562501962744
GSE47460,COPD,GSM1150220,0.124019384920956,0.0287119508732257,0.744480839325261,0.102787824880557,84,COPD,0.0668661354266492,0.171530441121041,0.185212120316795,0.405971032070095
GSE47460,COPD,GSM1150223,0.0632641970329055,0.0125486512112434,0.635524794734654,0.288662357021197,85,COPD,0.278622689545517,0.133272410357805,0.152196827114496,0.532483913890286
GSE47460,COPD,GSM1150224,0.301459598641999,0.0193051060692157,0.483378923132356,0.195856372156429,86,COPD,0.297743153917612,0.10639614814759,0.0724689999455308,0.695591735484899
GSE47460,COPD,GSM1150225,0.074427376529598,0.012694094254226,0.672690967012381,0.240187562203795,87,COPD,0.295851068523435,0.0715719861389528,0.115651258615457,0.472613328473178
GSE47460,COPD,GSM1150226,0.241143754810982,0.0095248237342791,0.583840392684273,0.165491028770465,88,COPD,0.316272167038226,0.164024784796294,0.136491581277377,0.519525859533129
GSE47460,COPD,GSM1150228,0.239800056594985,0.0111233824138675,0.533206841743182,0.215869719247966,89,COPD,0.274895104126875,0.260238973072689,0.150618008258543,0.396252299755748
GSE47460,COPD,GSM1150234,0.188736175498504,0.0084115328613997,0.517701257104756,0.285151034535341,90,COPD,0.307450454471248,0.0,0.0859563997026836,0.63722367072916
GSE47460,COPD,GSM1150235,0.220117358817854,0.0141208871299654,0.558783298314843,0.206978455737337,91,COPD,0.290053286781252,0.129350977150783,0.111921527446269,0.637417636771797
GSE47460,COPD,GSM1150236,2.11636939147382e-07,0.0090541318283768,0.79957761409598,0.191368042438704,92,COPD,0.331622472736716,0.0948429228638513,0.138096133836069,0.420010573174834
GSE47460,COPD,GSM1150237,0.0085861257353176,0.0140286289156474,0.74119109400671,0.236194151342325,93,COPD,0.284210649552616,0.211066233337302,0.12113171687199,0.594874930669909
GSE47460,COPD,GSM1150238,0.209762956931904,0.0444080494056757,0.573547407915475,0.172281585746945,94,COPD,0.256140866280218,0.140242410138966,0.0833705643151478,0.669679913809864
GSE47460,COPD,GSM1150239,0.0402189227921947,0.0116674381885517,0.541972395111508,0.406141243907746,95,COPD,0.256646679562564,0.0944673018856746,0.116128800577669,0.632910318431296
GSE47460,COPD,GSM1150240,0.175254969888145,0.0067249619850361,0.546117380554738,0.271902687572081,96,COPD,0.333216833402479,0.0,0.127269269906345,0.480802451796328
GSE47460,COPD,GSM1150242,0.303420151787757,0.0171738136784844,0.433902623098362,0.245503411435397,97,COPD,0.270889647635931,0.125362681654838,0.0411953873709881,0.696341866520026
GSE47460,COPD,GSM1150243,0.284839720421114,0.0128131138234664,0.599021827354154,0.103325338401266,98,COPD,0.313125874096909,0.162941717703443,0.135363843564372,0.370872419307515
GSE47460,COPD,GSM1150246,0.105406449580958,0.0253896348788988,0.717680894456157,0.151523021083987,99,COPD,0.269635172354225,0.186009374349803,0.124475742037846,0.502207590948118
GSE47460,COPD,GSM1150248,0.177207244121125,0.0147492600410648,0.585405323188954,0.222638172648856,100,COPD,0.278908836553313,0.128271399796829,0.0985743250983726,0.602896310744085
GSE47460,COPD,GSM1150249,0.442608807895362,0.0131168637262823,0.414413300606498,0.129861027771858,101,COPD,0.293325165431718,0.124940125660752,0.0670124471248385,0.43448477792999
GSE47460,COPD,GSM1150250,0.169516721561663,0.0100930230407553,0.658771771567398,0.161618483830184,102,COPD,0.290740258161967,0.110045953471033,0.110541684080134,0.575435105322884
GSE47460,COPD,GSM1150251,0.458568045758725,0.0110706268236036,0.293838133498719,0.236523193918952,103,COPD,0.354901333479569,0.014267443064313,0.0125562167555952,0.63808155552717
GSE47460,COPD,GSM1150253,0.154170221911222,0.0179402297329044,0.706717429880743,0.12117211847513,104,COPD,0.307741853283111,0.143615609596338,0.126972663536809,0.377947217353624
GSE47460,COPD,GSM1150254,0.0967627191387729,0.0098142942709876,0.588302501493929,0.305120485096311,105,COPD,0.301831838527363,0.0735238776533644,0.148506290692945,0.4933074986412
GSE47460,COPD,GSM1150255,3.32598174606896e-07,0.0197857875564227,0.861167822758137,0.119046057087265,106,COPD,0.251887920777816,0.176036990926728,0.153720657692249,0.566190588453359
GSE47460,COPD,GSM1150258,0.120504744453605,0.0134645181229369,0.54528523372035,0.320745503703108,107,COPD,0.269003652703421,0.117729611307648,0.138537399706099,0.51642655143324
GSE47460,COPD,GSM1150261,0.170048640230283,0.0111637580906785,0.526937165187706,0.291850436491333,108,COPD,0.300122946262828,0.100911028684538,0.127094580698322,0.535565490881324
GSE47460,COPD,GSM1150262,0.113314810711847,0.0373935783823202,0.656203798913074,0.19308781199276,109,COPD,0.186588089469369,0.131830526043095,0.0741746423418403,0.629447515795814
GSE47460,COPD,GSM1150263,0.0150139760771322,0.0152859711988467,0.682073719643864,0.287626333080157,110,COPD,0.27055193830082,0.113621596297825,0.106025495635036,0.707644320473448
GSE47460,COPD,GSM1150265,0.276410161958857,0.0130447771353713,0.532535692933656,0.178009367972117,111,COPD,0.299208498630189,0.155269899059418,0.117728871048729,0.544179466177165
GSE47460,COPD,GSM1150266,0.281600497806089,0.0197050948617576,0.570686701991462,0.128007705340691,112,COPD,0.264908307531441,0.281439368591769,0.133303394430953,0.494141334851373
GSE47460,COPD,GSM1150268,0.123768058380509,0.0130908769166811,0.666498584758469,0.196642479944341,113,COPD,0.297045926096251,0.160699461409751,0.135300218921307,0.421402836853051
GSE47460,COPD,GSM1150269,0.112244487157371,0.0130556979848883,0.687200067064397,0.187499747793344,114,COPD,0.289787862142849,0.0789298509455635,0.100224172670329,0.490919287806403
GSE47460,COPD,GSM1150272,0.152639010901739,0.0126478101799749,0.681227242196261,0.153485936722024,115,COPD,0.312649096762349,0.0816583756099156,0.136560419041465,0.485625295835512
GSE47460,COPD,GSM1150274,8.20282298564303e-07,0.008195986272819,0.723691572906562,0.26811162053832,116,COPD,0.316364536334587,0.101688497074311,0.106716359211704,0.596748965485203
GSE47460,COPD,GSM1150275,0.101575735931723,0.0120906730613681,0.73724079432517,0.149092796681738,117,COPD,0.311919783637347,0.133799383058525,0.1239109684013,0.573674899013736
GSE47460,COPD,GSM1150276,0.138721330014221,0.0116160882563722,0.774965251935342,0.074697329794065,118,COPD,0.296371258387996,0.0980457664804884,0.217085545474386,0.394180446109796
GSE47460,COPD,GSM1150278,0.232446027712791,0.0165973324732119,0.584563246457969,0.166393393356028,119,COPD,0.310027493730711,0.172318582273285,0.108090230870028,0.426472089143872
GSE47460,COPD,GSM1150279,0.32265058857876,0.0159476680630602,0.513352878872941,0.148048864485239,120,COPD,0.384218651943087,0.0156101346698739,0.0422399591320856,0.409394275963965
GSE47460,COPD,GSM1150283,0.237625947215173,0.0116415727697908,0.446877252297724,0.303855227717313,121,COPD,0.277159185577468,0.0498971341245059,0.0905525200162622,0.603714549419972
GSE47460,COPD,GSM1150284,0.259597083593575,0.0131990169035138,0.540248995196037,0.186954904306874,122,COPD,0.282700060942143,0.0643600394723319,0.094680694229891,0.572312652789707
GSE47460,COPD,GSM1150285,0.102124163870387,0.0151115947801432,0.66903138166672,0.213732859682749,123,COPD,0.336306821104014,0.0594776941588136,0.128909678293023,0.464019664281612
GSE47460,COPD,GSM1150288,0.502443572542911,0.0093803263375363,0.348238144951592,0.13993795616796,124,COPD,0.33070626410804,0.0082174688519095,0.069853689420193,0.548383593896843
GSE47460,COPD,GSM1150290,0.455186680086705,0.0151752547984071,0.356171466931549,0.173466598183339,125,COPD,0.276751031148914,0.0,1.94551373781621e-17,0.907107256409536
GSE47460,COPD,GSM1150291,0.270268962428939,0.0097253097574676,0.495451728245087,0.224553999568506,126,COPD,0.317167271160299,0.0,0.0354031919678477,0.716018052707823
GSE47460,COPD,GSM1150293,0.176352743970161,0.0128067248681136,0.646356486798889,0.164484044362837,127,COPD,0.300431434697462,0.0836961986967081,0.133736556553576,0.440281407125456
GSE47460,COPD,GSM1150294,0.178167096697458,0.0149343386796635,0.687246351685115,0.119652212937763,128,COPD,0.301213203618793,0.190328594460673,0.107075155049497,0.547529120648047
GSE47460,COPD,GSM1150295,0.476326835469333,0.0124722441896091,0.37809153750438,0.133109382836678,129,COPD,0.258911939544742,5.0064494610537494e-18,0.0123703430293834,0.731267705379925
GSE47460,COPD,GSM1150296,0.089953936020666,0.01110612525972,0.567977704987479,0.330962233732135,130,COPD,0.291074948295014,0.0,0.0801306400177508,0.64755579224996
GSE47460,COPD,GSM1150297,9.60982317438857e-07,0.0087983585017582,0.762688333291887,0.228512347224037,131,COPD,0.286292975159184,0.0966602200488712,0.126213816750509,0.540852864387466
GSE47460,COPD,GSM1150298,0.505245778772432,0.0147337918106107,0.254659682280551,0.225360747136406,132,COPD,0.259421514723596,0.0,0.0,0.843161187918103
GSE47460,COPD,GSM1150300,0.409396820640306,0.0081176781464935,0.366242794840637,0.216242706372563,133,COPD,0.287616333981474,0.0428384338852206,0.0802854535620247,0.632661583394162
GSE47460,COPD,GSM1150301,0.324914527855985,0.0136769914681664,0.434366064628852,0.227042416046996,134,COPD,0.293202630342744,0.0927444780209928,0.0896049675153285,0.597488023823412
GSE47460,COPD,GSM1150303,0.124113456152939,0.0139009585298934,0.661102455645684,0.200883129671484,135,COPD,0.309370203508363,0.072429072193575,0.0942519867551166,0.458261946259057
GSE47460,COPD,GSM1150304,0.233545590372354,0.0145010357139234,0.495262852541728,0.256690521371994,136,COPD,0.284829488823327,0.0999559491136802,0.0789058509705125,0.584949215419948
GSE47460,COPD,GSM1150305,0.247554977742858,0.0253506070157441,0.62200913756111,0.105085277680288,137,COPD,0.303220183475155,0.0525615750756509,0.111608184118699,0.468929517641528
GSE47460,COPD,GSM1150307,0.35966699324286,0.0144823011854981,0.465512182266146,0.160338523305495,138,COPD,0.323748057016674,0.151006373809381,0.0804232920705166,0.360524650873064
GSE47460,COPD,GSM1150308,0.243775512052765,0.0121181283248951,0.56627862175816,0.17782773786418,139,COPD,0.328765801358019,0.116765889973913,0.15982794570859,0.42546581603897
GSE47460,COPD,GSM1150309,1.4482527778589e-08,0.013568333052564,0.880192893167514,0.106238759297394,140,COPD,0.27346834707445,0.183444044089071,0.172557995837317,0.507733613190517
GSE47460,COPD,GSM1150311,0.278397646327025,0.0117925154658648,0.534444266928546,0.175365571278563,141,COPD,0.30283572299982,0.0702925986060082,0.100049225676985,0.468257179800728
GSE47460,COPD,GSM1150312,1.05639968677253e-06,0.0139103586672483,0.880804955038886,0.105283629894178,142,COPD,0.305883200215866,0.200303566264976,0.168354003451792,0.306748426381894
GSE47460,COPD,GSM1150315,0.0217314190850723,0.0198123244030429,0.747877977566551,0.210578278945334,143,COPD,0.255275226896472,0.195553549552954,0.148509857966018,0.446948081535791
GSE47460,COPD,GSM1150316,0.228522182557029,0.0160761895013691,0.591053594492043,0.164348033449559,144,COPD,0.300907727022074,0.0957491206906471,0.0781991507777226,0.563904446041025
GSE47460,COPD,GSM1150318,0.609806150216747,0.0096132514292833,0.225409058243258,0.155171540110712,145,COPD,0.342457841788822,0.0099219692542868,0.0175591406786504,0.481997257712651
GSE47460,COPD,GSM1150321,0.0469454414175579,0.0163856319524779,0.832199413743319,0.104469512886645,146,COPD,0.337974447644226,0.13561373695325,0.146357051448007,0.239350590426696
GSE47460,COPD,GSM1150331,0.196968360641339,0.0118261350464963,0.478599693793188,0.312605810518977,147,COPD,0.301877312190508,0.167765935097911,0.14527243308519,0.524372706392885
GSE47460,COPD,GSM1150332,0.286897686289282,0.0135545551168111,0.473316721884022,0.226231036709885,148,COPD,0.301491043017028,0.0690727028858198,0.0611101856957201,0.573566477899477
GSE47460,COPD,GSM1150334,0.0339969471128449,0.0106996347845271,0.706735262745436,0.248568155357192,149,COPD,0.322970785825061,0.0817348828581392,0.109617322247904,0.583345697878282
GSE47460,COPD,GSM1150336,0.116007487075157,0.0193123818126892,0.730850436671445,0.133829694440709,150,COPD,0.331050159726886,0.111935563406196,0.140049183177598,0.360565646988338
GSE47460,COPD,GSM1150338,0.27015143282836,0.0109704459569593,0.479222570856794,0.239655550357886,151,COPD,0.336611843814457,0.0,0.0899950805220042,0.530680664107078
GSE47460,COPD,GSM1150339,4.45209169445626e-07,0.0093885711951993,0.808750899598601,0.18186008399703,152,COPD,0.285043313263861,0.0939948932511533,0.159954905234617,0.535595272033479
GSE47460,COPD,GSM1150341,0.151617902223854,0.0193269046466436,0.56520251707809,0.263852676051413,153,COPD,0.298233435150332,0.105081743732515,0.104657535081294,0.4705844435926
GSE47460,COPD,GSM1150343,0.19178429364201,0.0063739890221747,0.522576359957234,0.279265357378581,154,COPD,0.315911331006977,3.67117013428157e-18,0.114979026439035,0.507147500905896
GSE47460,COPD,GSM1150344,0.113841724810409,0.0102699282221484,0.690280718623466,0.185607628343977,155,COPD,0.302310371912634,0.0294321691873445,0.110514152691864,0.476745041516117
GSE47460,COPD,GSM1150346,0.147911034974261,0.017062786437098,0.726522488344715,0.108503690243927,156,COPD,0.315785778881465,0.179385309023829,0.121517008367653,0.318872408152929
GSE47460,COPD,GSM1150349,0.173525736134483,0.0162150945546829,0.60235953494301,0.207899634367824,157,COPD,0.321697420242852,0.0860159000912873,0.116682731379865,0.445514176510386
GSE47460,COPD,GSM1150351,0.433221780242516,0.0140234984023183,0.425278920373871,0.127475800981295,158,COPD,0.310724353634174,0.137962088768423,0.0602021160299685,0.5276982495383
GSE47460,COPD,GSM1150352,0.307268620354158,0.0137222914895246,0.452166896845328,0.226842191310989,159,COPD,0.29166138939997,0.0603547955251502,0.111703132117359,0.554434035431736
GSE47460,COPD,GSM1150353,0.0776400272665344,0.0291866345918588,0.64314200294333,0.250031335198276,160,COPD,0.23315301353573,0.15737607252341,0.0730025787626369,0.647710345907537
GSE47460,COPD,GSM1150357,0.211901376984968,0.0267292827145296,0.574638956328615,0.186730383971888,161,COPD,0.235076170985891,0.117652673168246,0.0821291308432834,0.634175907270027
GSE47460,COPD,GSM1150358,0.423926130329538,0.0189969285853269,0.383990459773711,0.173086481311424,162,COPD,0.252315661549962,0.292994017103325,0.0927383499237484,0.600444673030742
GSE47460,COPD,GSM1150359,3.04516807370487e-08,0.0100850102364535,0.827163836726835,0.162751122585031,163,COPD,0.313093034551044,0.0507774180706184,0.132887979254965,0.473817287034317
GSE47460,COPD,GSM1150362,0.287310080317995,0.0118657436304723,0.480778296266996,0.220045879784537,164,COPD,0.290995370602488,0.0258887181542683,0.0622790497208145,0.67902919799603
GSE47460,COPD,GSM1150364,0.172118629797486,0.0126075344423222,0.620697531304812,0.19457630445538,165,COPD,0.30040225619894,0.104118651805923,0.0897774882853239,0.515420172721606
GSE47460,COPD,GSM1150369,0.404157557807534,0.0167987067216642,0.484367585395639,0.0946761500751626,166,COPD,0.31655084609968,0.126493941279596,0.0892279080266424,0.384623808658007
GSE47460,COPD,GSM1150373,0.126202250952432,0.017129592658116,0.721269576800873,0.135398579588579,167,COPD,0.299667969372273,0.224547494726972,0.162727873067578,0.329171746481647
GSE47460,COPD,GSM1150376,0.301640804129879,0.0157275330464664,0.568983975378084,0.113647687445571,168,COPD,0.340988685415591,0.0788254316442406,0.0949757400736523,0.404842727569085
GSE47460,COPD,GSM1150381,8.33797730380689e-07,0.0114431391238263,0.72328495863142,0.265271068447024,169,COPD,0.297278078282259,0.0927090176566773,0.133612156138946,0.538384463234526
GSE47460,COPD,GSM1150383,0.0268256072939021,0.0119434594111578,0.700932920285973,0.260298013008967,170,COPD,0.306363615114837,0.161577086668645,0.157506768137405,0.486317529576432
GSE47460,COPD,GSM1150388,0.212021793399328,0.0133034089532237,0.651368806574337,0.123305991073111,171,COPD,0.322262648302238,0.183069019670083,0.0875483989939001,0.53803728704212
GSE47460,COPD,GSM1150389,0.0566110221631534,0.0291742286455868,0.737526006911231,0.176688742280029,172,COPD,0.235412159652376,0.18921099732522,0.130089049421265,0.476007789863605
GSE47460,COPD,GSM1150393,0.197012841100478,0.0121157091463706,0.533314559052017,0.257556890701134,173,COPD,0.300784937655155,0.181747800288328,0.136283655238731,0.485516432062267
GSE47460,COPD,GSM1150394,0.110694057989039,0.0072155694263931,0.573730262620474,0.308360109964093,174,COPD,0.320132169868765,0.113820483356178,0.151676152723472,0.455916244357731
GSE47460,COPD,GSM1150396,0.107378316999329,0.0119057631073657,0.673529789413956,0.207186130479349,175,COPD,0.32747146331492,0.177440370427291,0.103174796358847,0.505941111120098
GSE47460,COPD,GSM1150402,1.91115573134134e-07,0.0095209554087442,0.731924415614254,0.258554437861428,176,COPD,0.29888187662187,0.114584393492137,0.178320698105831,0.438131975635731
GSE47460,COPD,GSM1150403,9.75833062012476e-10,0.0080878667221714,0.769098803543304,0.222813328758692,177,COPD,0.312891984518127,0.151383669163234,0.183530498784094,0.447900232539355
GSE47460,COPD,GSM1150405,0.148456075093396,0.0122573375223549,0.733911072581649,0.1053755148026,178,COPD,0.315277434737124,0.0815471555043942,0.124843560921084,0.454691866488208
GSE47460,COPD,GSM1150406,0.376522961026983,0.0151489715165865,0.428622627544835,0.179705439911595,179,COPD,0.293721078535702,0.162473382402906,0.059370395482458,0.734181071122263
GSE47460,COPD,GSM1150408,4.96258579465088e-07,0.0129200214008436,0.745651555393465,0.241427926947112,180,COPD,0.292121898462474,0.177553005109902,0.156246057949907,0.540405623397371
GSE47460,COPD,GSM1150409,0.0660679464127505,0.0126549217016773,0.598856526130878,0.322420605754695,181,COPD,0.254786989609195,0.189692941693646,0.124573071782366,0.676632000203235
GSE47460,COPD,GSM1150413,0.0570195284331496,0.0101750210862988,0.605027610738042,0.327777839742509,182,COPD,0.307170848264233,0.0830545538627199,0.137191296853419,0.372313008331506
GSE47460,COPD,GSM1150414,0.229600652842513,0.0073495170645677,0.427447739494038,0.335602090598882,183,COPD,0.34097772235103,0.0933990090960061,0.121664167951933,0.528127698429379
GSE47460,COPD,GSM1150417,0.223329137442197,0.0174836889482063,0.531010732810536,0.22817644079906,184,COPD,0.300707423423866,0.109883154457928,0.118318013498523,0.530654797372374
GSE47460,COPD,GSM1150419,0.201667262092276,0.0095992855976666,0.479165626121879,0.309567826188178,185,COPD,0.311206383236156,0.19224448503936,0.0817565685063809,0.5482358320257
GSE47460,COPD,GSM1150423,0.223109001661759,0.0154784439232457,0.652794174268923,0.108618380146072,186,COPD,0.283209460027915,0.0668376558314495,0.0930619194544163,0.465244150033445
GSE47460,COPD,GSM1150430,0.0332736400511456,0.0142071159963684,0.673403897411528,0.279115346540958,187,COPD,0.221510001357188,0.1892393523102,0.131417165125962,0.758561195805651
GSE47460,COPD,GSM1150433,0.259042065255248,0.0270273232625632,0.454226451456091,0.259704160026098,188,COPD,0.266189845739117,0.190985304397319,0.0977621314089811,0.752559082642884
GSE47460,COPD,GSM1150434,0.261727425475145,0.0080825398440389,0.465157130702945,0.265032903977871,189,COPD,0.342932542982335,0.149119662888329,0.112877451833263,0.513262036602444
GSE47460,COPD,GSM1150435,0.344036272318242,0.0120821421970697,0.443575617758167,0.200305967726521,190,COPD,0.27072809368725,0.119190176186268,0.0849443702096106,0.552481483974726
GSE47460,COPD,GSM1150437,3.05079370725917e-06,0.0097907121502199,0.663062673078419,0.327143563977654,191,COPD,0.279829994681795,0.216896444681199,0.140967973502077,0.482636348345501
GSE47460,COPD,GSM1150438,0.656271744337368,0.0066340311730739,0.241509731238375,0.0955844932511825,192,COPD,0.42852805261282,0.0,0.0033950921342824,0.289440359349958
GSE47460,COPD,GSM1150443,0.422692077709469,0.0156190974497682,0.366609564860708,0.195079259980055,193,COPD,0.276891763262016,0.0784036737970314,0.0,0.811571830279464
GSE47460,COPD,GSM1150444,0.182369070972169,0.006544925522422,0.48742626883589,0.323659734669518,194,COPD,0.302895887430921,0.137113551080625,0.112848566182085,0.538560804262155
GSE47460,COPD,GSM1150447,0.369226224501802,0.0160506893995455,0.455028468318696,0.159694617779957,195,COPD,0.291915271859082,0.0928443931158181,0.118300889664963,0.351653869711147
GSE47460,COPD,GSM1150450,0.470437803906266,0.030603328274768,0.312081500721326,0.18687736709764,196,COPD,0.329655982845163,0.0,0.0123890131140657,0.528160851812433
GSE47460,COPD,GSM1150452,0.0898399348678037,0.0116916829649534,0.648859250970357,0.249609131196886,197,COPD,0.308686299578341,0.0955354541559418,0.138853240733088,0.401044795648504
GSE47460,COPD,GSM1150457,1.95703458773099e-06,0.0076810683890057,0.629239829431704,0.363077145144702,198,COPD,0.329663813321968,0.0732440185395059,0.153349701725503,0.486695865227301
GSE47460,COPD,GSM1150458,0.190456725350549,0.0090974553775266,0.558971874471746,0.241473944800178,199,COPD,0.306596615317816,0.0740126238414106,0.127874790793577,0.467631782210226
GSE47460,COPD,GSM1150459,0.343425930877171,0.0141879308679598,0.393427750254077,0.248958388000791,200,COPD,0.288911147004117,0.100080550370845,0.102081269532365,0.691330502197952
GSE47460,COPD,GSM1150462,0.320947467729183,0.0094142155157531,0.371305118478172,0.298333198276891,201,COPD,0.289899092065182,0.0666022973860681,0.0312052995021364,0.713093921750483
GSE47460,COPD,GSM1150463,0.159887663838997,0.0319931776861759,0.636661015849561,0.171458142625266,202,COPD,0.29440785624464,0.135081095296247,0.139375965349878,0.431002368977383
GSE47460,COPD,GSM1150464,0.221091469402045,0.0172740065469981,0.616638327365947,0.14499619668501,203,COPD,0.326413076974373,0.15896899164091,0.121090425025667,0.487277465192827
GSE47460,COPD,GSM1150465,0.275093687907995,0.0089141354291638,0.530697446540239,0.185294730122602,204,COPD,0.3600365275834,0.119447517714008,0.122953472528831,0.321629857561389
GSE47460,COPD,GSM1150468,0.067342598184526,0.0120585283833319,0.733176463763395,0.187422409668748,205,COPD,0.293452040802138,0.135953776758369,0.119599150590616,0.537374373010831
GSE47460,COPD,GSM1150473,0.0126040316248946,0.0104137519475409,0.654821696430316,0.322160519997248,206,COPD,0.297206376824663,0.122613288675018,0.11756401014934,0.5184465048615
GSE47460,COPD,GSM1150476,0.0318564073789958,0.0078370838917032,0.75962994279807,0.20067656593123,207,COPD,0.338475026690617,0.105910422080743,0.067513877451696,0.388630297594289
GSE47460,COPD,GSM1150478,4.05703780029272e-08,0.0146837625823619,0.9561876950715,0.0291285017757597,208,COPD,0.279385974812307,0.133193934945073,0.158845406547562,0.478671146793905
GSE47460,COPD,GSM1150479,0.403464315545407,0.0127040648037695,0.415936059342505,0.167895560308319,209,COPD,0.3317718998857,0.0523785698365484,0.0515265261081961,0.561821693883796
GSE47460,COPD,GSM1150486,0.388048641945735,0.0147859614817552,0.351675926374578,0.245489470197932,210,COPD,0.244865282272503,0.144734002772419,0.0927450194438571,0.740594711920691
GSE47460,COPD,GSM1150491,0.219994969333635,0.0064865476172992,0.47738135281202,0.296137130237046,211,COPD,0.323775545790359,0.0,0.0835991942213968,0.572686368173652
GSE47460,COPD,GSM1150492,0.203993372538012,0.0094870446851479,0.577189284304171,0.209330298472669,212,COPD,0.296037371931234,0.272224224795799,0.107456548130155,0.595531397501536
GSE47460,COPD,GSM1150496,0.0593713899374247,0.0109371079037066,0.741058350872218,0.188633151286651,213,COPD,0.29567862406444,0.220433659107914,0.113016062324625,0.501625187479439
GSE47460,COPD,GSM1150498,0.118025647590154,0.0089490206036332,0.680756824003772,0.192268507802441,214,COPD,0.302938573478339,0.0547053493233847,0.101805506029452,0.465421186234824
GSE47460,COPD,GSM1150499,1.3026360904598e-07,0.0116328974124825,0.824040783036843,0.164326189287065,215,COPD,0.303877745078345,0.161444173020054,0.15670041831727,0.51734523175247
GSE47460,COPD,GSM1150501,0.0203456803195282,0.0107280348202507,0.633171806848789,0.335754478011432,216,COPD,0.278435102628644,0.224480809769712,0.165335456065529,0.500881146859514
GSE47460,COPD,GSM1150502,0.251216104551944,0.0309234082833246,0.577685339164085,0.140175148000646,217,COPD,0.26181052027754,0.147293277102997,0.100356557016115,0.513856457333372
GSE47460,COPD,GSM1150506,0.400279354339799,0.0158832049142607,0.456302871320844,0.127534569425097,218,COPD,0.384929186299186,0.0840866602916398,0.103352803557692,0.241247475130485
GSE47460,COPD,GSM1150507,0.122177587923195,0.0161748994819904,0.679845647858646,0.181801864736169,219,COPD,0.316707110186963,0.117509771219443,0.104945152156034,0.419235310529984
GSE47460,COPD,GSM1150508,0.371419322315703,0.0173764731031704,0.398981580418769,0.212222624162358,220,COPD,0.308650373938227,0.0596794761134922,0.0602596299353068,0.649875753723287
GSE47460,COPD,GSM1150509,0.130848307815413,0.01089130289811,0.431736887364378,0.426523501922099,221,COPD,0.304943859407294,0.176508242265642,0.113527426274204,0.563923934033803
GSE47460,COPD,GSM1150512,0.504776401602094,0.0085377697568474,0.337650056792532,0.149035771848526,222,COPD,0.336685492981456,0.0304612182406212,0.0522014227701761,0.565614521597129
GSE47460,COPD,GSM1150514,0.394693734422054,0.0166622251586672,0.417500326328587,0.171143714090692,223,COPD,0.310516961871668,0.0,0.0158941760201921,0.534052277215102
GSE47460,COPD,GSM1150515,0.0750962075124858,0.0121575341454525,0.724099844978205,0.188646413363857,224,COPD,0.290725372736772,0.241157119482771,0.126320361600962,0.458875037249602
GSE47460,COPD,GSM1150516,0.358535833826995,0.0134854174532287,0.542802072718378,0.0851766760013987,225,COPD,0.356514789789167,0.0749695340970134,0.137927759089295,0.276069217538011
GSE47460,COPD,GSM1150517,0.293549386037416,0.0088955297316801,0.517082005870191,0.180473078360712,226,COPD,0.321820901067644,0.0794211401718418,0.114321394306099,0.419644573156912
GSE47460,COPD,GSM1150520,0.209717851802542,0.0095787992595959,0.5877152996499,0.192988049287962,227,COPD,0.320617278572405,0.0767664315629602,0.108298692224407,0.599162946276962
GSE47460,COPD,GSM1150523,0.253065150352273,0.0117119433352706,0.50516855539896,0.230054350913497,228,COPD,0.271806587666452,0.105283299830666,0.0817192308767238,0.626185631901871
GSE47460,COPD,GSM1150526,0.341602790279956,0.0111193840269297,0.424857373572383,0.222420452120731,229,COPD,0.323486747663788,0.0287170775632183,0.0568573626462546,0.625034296447115
GSE47460,COPD,GSM1150527,3.31334700033701e-07,0.0093910295751411,0.807985423672864,0.182623215417295,230,COPD,0.315166033052793,0.148108529994321,0.158219126667874,0.503021988777615
GSE47460,COPD,GSM1150531,0.0377793164281532,0.0104569608769878,0.728880274377451,0.222883448317408,231,COPD,0.319257280392552,0.12960575714268,0.152352613087851,0.414606986825647
GSE47460,COPD,GSM1150537,0.414697987924607,0.0180396603869316,0.44928206822661,0.117980283461851,232,COPD,0.330543299599638,0.181346171226374,0.105175354403775,0.364774760157716
GSE47460,COPD,GSM1150539,0.0557357258320591,0.0108877048365673,0.59392153580122,0.339455033530153,233,COPD,0.27753785417085,0.2637716767042,0.141555797346239,0.561399726381419
GSE47460,COPD,GSM1150543,0.146558282544024,0.0094349292534448,0.545922449923862,0.29808433827867,234,COPD,0.30328448794128,0.132261412455325,0.112199764566343,0.451053488859993
GSE47460,COPD,GSM1150544,0.0186470270400727,0.0144134374629128,0.770978322832764,0.195961212664251,235,COPD,0.303169036820531,0.132881192406411,0.155788721292152,0.448459895922742
GSE33814,NAFLD,GSM836222,0.566497501692922,0.023887766614859,0.208193997427228,0.201420734264992,0,NAFLD,0.152218791229132,0.192885775654192,0.0897006990623587,0.259628340520154
GSE33814,NAFLD,GSM836223,0.741432866645559,0.0041047512817443,0.0754589945606736,0.179003387512023,1,NAFLD,0.0958883350690715,0.0,0.0732433312440477,0.200200321624547
GSE33814,NAFLD,GSM836224,0.705004139036644,0.007513268264479,0.115224335315612,0.172258257383264,2,NAFLD,0.089465273766135,0.0002453878721098,0.0834220552324331,0.21981587165784
GSE33814,NAFLD,GSM836225,0.711144506898177,0.0046108326669486,0.0810919412179287,0.203152719216945,3,NAFLD,0.0690641044812853,0.0376223226019185,0.0662017287818382,0.392084706533488
GSE33814,NAFLD,GSM836226,0.583807647138031,0.0123397053818375,0.164787675548424,0.239064971931708,4,NAFLD,0.0957792457416746,0.0714366412206751,0.135492411296914,0.337510423656071
GSE33814,NAFLD,GSM836227,0.746187789260906,0.0047483869180419,0.0691328786374507,0.179930945183602,5,NAFLD,0.0404115707960203,0.0,0.0335933997946229,0.270260956938275
GSE33814,NAFLD,GSM836228,0.527128516310338,0.0086646568869107,0.305970262527299,0.158236564275453,6,NAFLD,0.119539711064242,0.0025150021372199,0.0804786256507771,0.300637842628311
GSE33814,NAFLD,GSM836229,0.394387354309972,0.0313127951467176,0.395881388192053,0.178418462351258,7,NAFLD,0.128429128004667,0.0338087905529188,0.0565023230361285,0.468580563114953
GSE33814,NAFLD,GSM836230,0.553273315960398,0.0105791576040839,0.305401257705621,0.130746268729897,8,NAFLD,0.232211096692095,0.0684912220478415,0.137093478656576,0.0820684786728022
GSE33814,NAFLD,GSM836231,0.634433846381875,0.0145467603992245,0.149900667616233,0.201118725602667,9,NAFLD,0.124445659450231,0.050302652925999,0.0999932797383042,0.247496330746319
GSE33814,NAFLD,GSM836232,0.539603562056884,0.007692810332134,0.293085419117171,0.159618208493811,10,NAFLD,0.0587670234187244,0.0033219396071026,0.0973240231239881,0.283914242824634
GSE33814,NAFLD,GSM836233,0.693847087411525,0.0104820463986784,0.114702077750699,0.180968788439098,11,NAFLD,0.0924359313508496,0.0229803936978673,0.0666222903137082,0.375693370435883
GSE33814,NAFLD,GSM836234,0.346182054060957,0.0145041415361537,0.315678627658392,0.323635176744497,12,NAFLD,0.0817275821907818,0.166680674341528,0.0616765612223861,0.652621458809274
GSE33814,NAFLD,GSM836235,0.708936672410211,0.0053882398406737,0.102265463928638,0.183409623820477,13,NAFLD,0.0520822075016157,1.09272768435744e-17,0.0152986032731376,0.215276655500621
GSE33814,NAFLD,GSM836236,0.622511525107452,0.0304993516266886,0.182439203344578,0.164549919921282,14,NAFLD,0.124602602314547,0.15819820974885,0.0856779640142214,0.314992837068568
GSE33814,NAFLD,GSM836237,0.727407578649653,0.0041706562281174,0.0763960401511205,0.192025724971109,15,NAFLD,0.0363757717154186,2.2491102705342302e-19,0.0,0.358342694392896
GSE33814,NAFLD,GSM836238,0.716077722075257,0.0047599108929016,0.0965388684203732,0.182623498611468,16,NAFLD,0.0209458178922383,0.0,0.0522178593057458,0.301110901487175
GSE33814,NAFLD,GSM836239,0.729218350230901,0.0078339511231548,0.0986383489195988,0.164309349726345,17,NAFLD,0.134626121919216,0.0,6.24633726840353e-19,0.333501110233945
GSE33814,NAFLD,GSM836240,0.775435081632909,0.0168703231437962,0.0669664294962847,0.14072816572701,18,NAFLD,0.118554827430866,0.0,0.0465841290157004,0.0501381900219514
GSE33814,NAFLD,GSM836241,0.786497681303453,0.0030044730387003,0.0516708827367211,0.158826962921126,19,NAFLD,0.0491476276553284,0.0,3.85282051523214e-19,0.146975894977684
GSE33814,NAFLD,GSM836242,0.68642264863531,0.0100281538638076,0.118523503427254,0.185025694073627,20,NAFLD,0.0392865673046159,0.0417189043813505,0.0930821057515159,0.288690082074037
GSE33814,NAFLD,GSM836243,0.745878236257158,0.0050556068482554,0.0697880154325731,0.179278141462013,21,NAFLD,0.0715457574243301,0.0,0.0246540174240908,0.339858421644054
GSE33814,NAFLD,GSM836244,0.652530477093555,0.007543073060838,0.160870453495018,0.179055996350589,22,NAFLD,0.166269258962872,0.0612147900351392,0.0686732006085468,0.323668337676837
GSE33814,NAFLD,GSM836245,0.660587115455532,0.011397620503115,0.133998354523996,0.194016909517357,23,NAFLD,0.0342395043701318,8.12942292264869e-18,0.103187611081943,0.293834492487511
GSE33814,NAFLD,GSM836246,0.749714981977172,0.0049618377180587,0.0648707719565453,0.180452408348224,24,NAFLD,0.0,0.0,0.0551549283543522,0.246420042471248
GSE33814,NAFLD,GSM836247,0.730834713644044,0.0076111582596111,0.0809837745015752,0.18057035359477,25,NAFLD,0.000421257272435,1.0667071548195098e-18,0.114036910939956,0.202802697299477
GSE33814,NAFLD,GSM836248,0.741512599381664,0.0062422110268446,0.0878035773083681,0.164441612283123,26,NAFLD,0.0626939754051905,0.0125129215899813,0.0749840618966037,0.256592653041026
GSE33814,NAFLD,GSM836249,0.725530820236681,0.0062887579053501,0.0707366543366219,0.197443767521347,27,NAFLD,0.0338488528210749,0.0,0.0068593729065968,0.429093917230685
GSE33814,NAFLD,GSM836250,0.74172005776718,0.0053316987711109,0.0741188143483331,0.178829429113376,28,NAFLD,0.0169238453875583,0.0,0.0539654963681509,0.279149413108205
GSE33814,NAFLD,GSM836251,0.726913007814318,0.0058895889013961,0.0663390128362736,0.200858390448012,29,NAFLD,0.0026643131356914,0.0,0.0163819010392826,0.422464950677947
GSE33814,NAFLD,GSM836252,0.732235429173389,0.0069687045916588,0.0795907590061065,0.181205107228846,30,NAFLD,0.033709164246101,3.2865306772166103e-19,0.0171037678646182,0.362576786852709
GSE33814,NAFLD,GSM836253,0.781604726014389,0.0042827752985973,0.0605414628119518,0.153571035875062,31,NAFLD,0.0399463959737217,0.0,0.0,0.217160276868827
GSE33814,NAFLD,GSM836254,0.783375496833545,0.0053087817314449,0.0575041465718032,0.153811574863207,32,NAFLD,0.033196696598015,0.0032918307850852,0.0366257806384332,0.18200395960818
GSE33814,NAFLD,GSM836255,0.758244233425276,0.0056864167533041,0.0793077808207711,0.156761569000649,33,NAFLD,0.0253286718045456,0.0,0.0605058492862704,0.217935259566831
GSE33814,NAFLD,GSM836256,0.756430211229361,0.0042006271299481,0.0684565538460589,0.170912607794632,34,NAFLD,0.0224547557829056,7.087531201537459e-18,0.0284644543907019,0.24678585621955
GSE33814,NAFLD,GSM836257,0.696226304033821,0.0184372435685023,0.112468510050487,0.17286794234719,35,NAFLD,0.0563804521704868,0.0317991868267958,0.071890714921584,0.290140028119596
GSE33814,NAFLD,GSM836258,0.750648313777189,0.0061546211820564,0.0657453358755283,0.177451729165226,36,NAFLD,0.0284180349519257,0.0,0.0609729921478018,0.367098968535904
GSE33814,NAFLD,GSM836259,0.750401191328066,0.0049568739382778,0.0703066577639514,0.174335276969705,37,NAFLD,7.818697984076411e-20,0.0,0.0502750544361155,0.296256044933718
GSE33814,NAFLD,GSM836260,0.780096930855212,0.0033532569238715,0.0478120690196239,0.168737743201292,38,NAFLD,0.0118755995466812,0.0,9.74481220747513e-19,0.326494220644978
GSE33814,NAFLD,GSM836261,0.731600946548406,0.0080038662599782,0.0700544391018166,0.190340748089799,39,NAFLD,0.0065482983275207,0.0106928058988348,0.060007393341062,0.25841845171492
GSE33814,NAFLD,GSM836262,0.766929577837278,0.0072803144093178,0.0608971861937571,0.164892921559647,40,NAFLD,2.27033548991606e-20,0.0,0.0541971137433791,0.287125859137849
GSE33814,NAFLD,GSM836263,0.760309139445176,0.0040583689581172,0.0586815256875494,0.176950965909157,41,NAFLD,0.0,0.0,0.0497368936766983,0.296848330177531
GSE33814,NAFLD,GSM836264,0.752924350365669,0.0054116238174381,0.0611167369696963,0.180547288847196,42,NAFLD,0.0,0.0,0.0479749583460821,0.223731219703846
GSE33814,NAFLD,GSM836265,0.750002785933209,0.006719677408981,0.063660791109614,0.179616745548196,43,NAFLD,0.0156716812053452,1.4222098220023199e-18,0.0232693200363784,0.327251741193452
GSE66676,NAFLD,GSM1627740,0.8085622676564,0.0004286608193329,0.0560704678427264,0.134938603681541,0,NAFLD,0.38968639599796,0.0,0.0805221098012903,0.9065031864083
GSE66676,NAFLD,GSM1627741,0.579984876126692,0.0040144245944479,0.0446775880929199,0.37132311118594,1,NAFLD,0.419688703607621,3.44902037221418e-18,0.0,1.25880170014871
GSE66676,NAFLD,GSM1627742,0.797201278250526,0.0023418918309279,0.0176205674297945,0.182836262488751,2,NAFLD,0.327858669792329,0.0908103379937394,0.0309573267376738,0.97767521418777
GSE66676,NAFLD,GSM1627743,0.710147186923893,0.0012991903235842,0.123920525437441,0.164633097315082,3,NAFLD,0.392448998004563,0.0,0.154817390573291,1.06310860118575
GSE66676,NAFLD,GSM1627744,0.843952978235673,0.0014183341593701,0.0214879404513994,0.133140747153558,4,NAFLD,0.0438398786517549,0.0,0.0,0.84886785076975
GSE66676,NAFLD,GSM1627745,0.80548307564199,0.001695425669606,0.0364126689599526,0.156408829728452,5,NAFLD,0.333076994344238,0.0,0.0,0.955604147882972
GSE66676,NAFLD,GSM1627746,0.551344247816405,0.0008453413739085,0.0421607520676294,0.405649658742057,6,NAFLD,0.0978674822997189,0.0,0.0,0.810165866982292
GSE66676,NAFLD,GSM1627747,0.613188363238068,0.0114528286459383,0.0126880095987134,0.36267079851728,7,NAFLD,0.0600781397743585,0.231082992532715,1.2747430642072e-17,0.892994822403893
GSE66676,NAFLD,GSM1627748,0.67287795428554,0.0138105858324046,0.0420270734797709,0.271284386402285,8,NAFLD,0.185897612239413,0.0,0.0,1.31428429001597
GSE66676,NAFLD,GSM1627749,0.58295024505155,0.0083195613341486,0.042602340110001,0.3661278535043,9,NAFLD,0.0,0.051549856315001,0.0,1.26172657746602
GSE66676,NAFLD,GSM1627750,0.761240039167245,0.0124514344076,0.0177477815594451,0.20856074486571,10,NAFLD,0.099777052657881,0.0902920776145604,0.0,0.780020443456988
GSE66676,NAFLD,GSM1627751,0.83375039670692,0.0006786400284459,0.050173864877017,0.115397098387617,11,NAFLD,0.0013815722294268,0.0,0.0,0.85639575039209
GSE66676,NAFLD,GSM1627752,0.502098461085143,0.0133417999459323,0.14036723192396,0.344192507044965,12,NAFLD,0.0562901029688019,0.0573394987761933,0.0567673271068978,1.04443473865555
GSE66676,NAFLD,GSM1627753,0.157268948635585,0.0192733636710624,0.0687260400061257,0.754731647687227,13,NAFLD,0.289702477446064,9.01021729824403e-18,0.0,1.17291991000198
GSE66676,NAFLD,GSM1627754,0.745420271606546,0.0073876150366712,0.0998095972322023,0.147382516124581,14,NAFLD,0.35040873595662,0.0,0.115050312872727,1.00664647247249
GSE66676,NAFLD,GSM1627755,0.671326823373432,0.0029350524556526,0.0806102359453523,0.245127888225563,15,NAFLD,0.394609818565517,0.0,0.11325457568547,0.890216044901101
GSE66676,NAFLD,GSM1627756,0.664316742447024,0.0142397004816016,0.071718101498452,0.249725455572923,16,NAFLD,0.298158327462915,0.0116753839791345,0.217255231617592,0.629849863855147
GSE66676,NAFLD,GSM1627757,0.713515859514767,0.0025394549720479,0.0864676156286692,0.197477069884515,17,NAFLD,0.277304544123572,0.0,0.103054577942832,0.507958235132235
GSE66676,NAFLD,GSM1627758,0.757503210173717,2.86491229649564e-05,0.0804908884510518,0.161977252252266,18,NAFLD,4.7090747034153795e-18,7.977627045873279e-18,0.101746162478564,1.13705755098769
GSE66676,NAFLD,GSM1627759,0.266772644018883,0.0318502619534396,0.454508758259084,0.246868335768593,19,NAFLD,0.492166157267798,0.300889386921105,0.186574256742294,0.889602354604666
GSE66676,NAFLD,GSM1627760,0.585294275633513,0.0125100700742331,0.0628261470199699,0.339369507272284,20,NAFLD,0.0994898638033786,0.0,0.146368264821822,0.75667462154007
GSE66676,NAFLD,GSM1627761,0.622395812214955,2.12855027810231e-05,0.121052824712254,0.25653007757001,21,NAFLD,0.0919702467367356,0.0,4.74261463057212e-17,1.73949869929775
GSE66676,NAFLD,GSM1627762,0.737042269978036,0.0036086787199309,0.129515001221458,0.129834050080575,22,NAFLD,0.467000809033662,0.0,0.0,1.32526495139654
GSE66676,NAFLD,GSM1627763,0.759058743622679,0.0010933255910776,0.0377031741379997,0.202144756648244,23,NAFLD,0.377949908952992,0.0,0.129346961268143,0.921395072944024
GSE66676,NAFLD,GSM1627764,0.645328365969708,0.0124327664675232,0.171793232588786,0.170445634973983,24,NAFLD,0.383995115222331,0.0,0.0785481703004511,1.03033982867454
GSE66676,NAFLD,GSM1627765,0.478611127810842,0.0064911145154403,0.135375363204009,0.379522394469709,25,NAFLD,0.338541060290355,0.0,0.0813231431272914,0.832296808901851
GSE66676,NAFLD,GSM1627766,0.808934490808692,0.0028758695680136,0.120299255957981,0.0678903836653132,26,NAFLD,0.518622014718772,0.0,0.0312290284982915,1.01196248098911
GSE66676,NAFLD,GSM1627767,0.592957471494948,0.0053175983975741,0.163903588262496,0.237821341844982,27,NAFLD,0.426924190506294,0.0,0.216558629379615,1.12189539085843
GSE66676,NAFLD,GSM1627768,0.556359001827127,0.0319406161893817,0.174141712333847,0.237558669649645,28,NAFLD,0.364116937559829,0.0,0.133739825383925,1.00875413337259
GSE66676,NAFLD,GSM1627769,0.419054992604547,0.021059419371274,0.242977029821237,0.316908558202942,29,NAFLD,0.536888539907337,1.0072915838357801e-19,0.0,1.10995229622645
GSE66676,NAFLD,GSM1627770,0.734021032845496,0.005942693337011,0.135574565898455,0.124461707919038,30,NAFLD,0.345370438849927,0.0,1.912116260435e-16,1.12314498719257
GSE66676,NAFLD,GSM1627771,0.528650176903522,0.0196890580697218,0.175278647723746,0.27638211730301,31,NAFLD,0.387701948783654,0.162855045275064,0.147682763566541,0.874388033879779
GSE66676,NAFLD,GSM1627772,0.640659682593943,0.0009579001606227,0.0870410078324337,0.271341409413001,32,NAFLD,0.325061223741761,0.193574038000735,0.0,0.892760331404057
GSE66676,NAFLD,GSM1627773,0.780892455910358,0.0025695948862149,0.0367026730033933,0.179835276200033,33,NAFLD,0.529581115001221,1.26299077525791e-17,3.06772343989411e-18,1.07395257783719
GSE66676,NAFLD,GSM1627774,0.873925644694977,0.0033572467544478,0.0797156927548227,0.0430014157957527,34,NAFLD,0.327089739947351,0.0,0.0258774124782233,0.623779597854137
GSE66676,NAFLD,GSM1627775,0.702812895465586,0.0027010062190566,0.0320140684228069,0.26247202989255,35,NAFLD,0.331917937188847,6.07291166937065e-17,0.241167559459112,0.586289018219495
GSE66676,NAFLD,GSM1627776,0.744804510212308,2.6709936813247e-05,0.0598700887004964,0.195298691150382,36,NAFLD,0.128186311696298,0.0,4.3500232275824395e-18,0.86450171487038
GSE66676,NAFLD,GSM1627777,0.685984618204974,0.0120897572073586,0.0274392707440699,0.274486353843597,37,NAFLD,0.0787937506729551,7.3864188211675e-17,1.45360039130234e-17,0.964033753411239
GSE66676,NAFLD,GSM1627778,0.820234088320734,0.0012810220697349,0.0267627228684448,0.151722166741087,38,NAFLD,0.146035323825989,0.0,1.45184364194454e-17,0.736738980499503
GSE66676,NAFLD,GSM1627779,0.554547450526927,0.0090276824885313,0.0080851811484354,0.428339685836106,39,NAFLD,0.144543557471222,0.0828091711559414,4.26170359599641e-18,1.08406665662805
GSE66676,NAFLD,GSM1627780,0.748977692505084,0.0208960098736656,0.0612400683458463,0.168886229275404,40,NAFLD,0.11200749225808,0.0,0.0625424861401833,0.950300715019202
GSE66676,NAFLD,GSM1627781,0.400306304608216,0.009681019052504,0.0179509494728146,0.572061726866465,41,NAFLD,0.0725533966261396,0.0,0.0,1.11227099403275
GSE66676,NAFLD,GSM1627782,0.668666617244299,0.0112555714263546,0.0592501863460582,0.260827624983288,42,NAFLD,0.0220599138909824,1.46118985280152e-17,0.0011964914919421,0.815749208084569
GSE66676,NAFLD,GSM1627783,0.812828352954,0.0038334213827264,0.142661631420007,0.0406765942432666,43,NAFLD,0.281354754427437,0.0,0.145713204677471,0.726809823854142
GSE66676,NAFLD,GSM1627784,0.536819939057521,0.0044186324964583,0.0704629537181222,0.388298474727899,44,NAFLD,0.20759611498179,8.18457200395242e-18,0.21773650208998,0.859472388358973
GSE66676,NAFLD,GSM1627785,0.506728529074159,0.0128190736783569,0.133737528675344,0.34671486857214,45,NAFLD,0.288922375935008,0.0027159116802849,0.228718165857741,0.996134482274128
GSE66676,NAFLD,GSM1627786,0.69222202425742,0.0034778030349504,0.101558004167468,0.202742168540161,46,NAFLD,0.372330492389779,1.30022842281953e-17,0.0,1.07342238357085
GSE66676,NAFLD,GSM1627787,0.339996138870579,0.0161415043729011,0.0809328469630448,0.562929509793475,47,NAFLD,0.322090559093657,4.8607592803746e-18,4.06164935577423e-18,1.01831488182847
GSE66676,NAFLD,GSM1627788,0.368049594502107,0.0381726402329491,0.258255894861623,0.33552187040332,48,NAFLD,0.429497104558047,2.6398248653007098e-18,0.135999767727631,0.95187867574579
GSE66676,NAFLD,GSM1627789,0.867216010414623,0.0040964474201185,0.0578612088768818,0.0708263332883767,49,NAFLD,0.330882337924352,5.60503182970906e-17,0.0252633585377954,0.873814000137222
GSE66676,NAFLD,GSM1627790,0.533636601692408,0.0010055557246074,0.0826724685998281,0.382685373983156,50,NAFLD,0.377453429237317,1.27878296563313e-17,0.0716575340212735,1.08148207508082
GSE66676,NAFLD,GSM1627791,0.762390194114014,0.0081423658053987,0.0582313795774696,0.171236060503118,51,NAFLD,0.0892521257900056,1.3905874643426998e-17,0.0,0.907660888092511
GSE66676,NAFLD,GSM1627792,0.504064897662413,0.0031628008184874,0.119764873591584,0.373007427927516,52,NAFLD,0.276128304967908,0.0566779655892294,0.0753110768173733,1.08920317938322
GSE66676,NAFLD,GSM1627793,0.490299154886688,0.0166578018911288,0.0582048103024101,0.434838232919774,53,NAFLD,0.350059919912412,0.0,0.0066252510265955,1.46270059322763
GSE66676,NAFLD,GSM1627794,0.758166800791777,0.0020384556285172,0.0789909662222244,0.160803777357481,54,NAFLD,0.387897732225816,6.69327499262085e-17,0.111476284116964,0.807365049496118
GSE66676,NAFLD,GSM1627795,0.659812800092232,0.0016243145372211,0.0757589264601531,0.262803958910394,55,NAFLD,0.450165091099017,4.8690818827448e-17,0.0,1.29195853995097
GSE66676,NAFLD,GSM1627796,0.566957977324016,0.0098546318582335,0.0893193149522531,0.333868075865497,56,NAFLD,0.514001769003943,0.153355328596411,0.0,0.949303374151817
GSE66676,NAFLD,GSM1627797,0.9196717531979,0.0001141466436065,0.0383686573379705,0.0418454428205232,57,NAFLD,0.225702234655879,0.027124252290898,0.100790453735637,0.83357674310133
GSE66676,NAFLD,GSM1627798,0.582141973587201,0.0063140079386507,0.0818510193640105,0.329692999110137,58,NAFLD,0.34572333997901,0.0659471315658565,0.223047122724494,0.787059111602528
GSE66676,NAFLD,GSM1627799,0.68260066299565,0.0350437863118644,0.0249476858141211,0.257407864878364,59,NAFLD,0.181733278116639,0.169467237773062,0.0455251531904584,0.727300187896566
GSE66676,NAFLD,GSM1627800,0.745254376229073,0.0004125900737605,0.0124626522842528,0.241870381412914,60,NAFLD,0.0471112241045365,0.0,0.0,0.879946669494541
GSE66676,NAFLD,GSM1627801,0.348748924113016,0.010444834767389,0.0330962652701,0.607709975849495,61,NAFLD,0.134257925625664,0.0,0.0,1.08133594300892
GSE66676,NAFLD,GSM1627802,0.206359179249935,0.0201919996323515,0.104646335234843,0.66880248588287,62,NAFLD,0.0,0.0,0.110399079560719,0.873507833475333
GSE66676,NAFLD,GSM1627803,0.658791381366675,0.00530328814626,0.066892152423474,0.269013178063591,63,NAFLD,2.47447863464618e-17,0.270442894791442,0.0226352383859398,0.908510540514584
GSE66676,NAFLD,GSM1627804,0.693590657816504,0.0002955686831618,0.0376945079314233,0.26841926556891,64,NAFLD,0.271672997673305,1.28158159195079e-16,1.29178715520741e-17,1.51527599705045
