"accession","disease","module","left_out","n_genes","smd_loo"
"GSE32863","LUAD","EPH_RECEPTORS","EPHA1",3,1.06445779747923
"GSE32863","LUAD","EPH_RECEPTORS","EPHA2",3,1.43604546219857
"GSE32863","LUAD","EPH_RECEPTORS","EPHB2",3,0.993268294415839
"GSE32863","LUAD","EPH_RECEPTORS","EPHB4",3,1.50387047772841
"GSE32863","LUAD","ERBB_LIGANDS","EGF",5,-0.258075171956931
"GSE32863","LUAD","ERBB_LIGANDS","TGFA",5,-0.37271558367076
"GSE32863","LUAD","ERBB_LIGANDS","AREG",5,-0.0144998176819169
"GSE32863","LUAD","ERBB_LIGANDS","EREG",5,-0.051183720399848
"GSE32863","LUAD","ERBB_LIGANDS","HBEGF",5,0.599883741868443
"GSE32863","LUAD","ERBB_LIGANDS","NRG1",5,0.335903620508111
"GSE32863","LUAD","ERBB_RECEPTORS","EGFR",3,1.15307162672546
"GSE32863","LUAD","ERBB_RECEPTORS","ERBB2",3,0.962487526882671
"GSE32863","LUAD","ERBB_RECEPTORS","ERBB3",3,1.04949761270576
"GSE32863","LUAD","ERBB_RECEPTORS","ERBB4",3,1.80599275975665
"GSE32863","LUAD","FGFR_AXIS","FGFR1",6,-1.57133197957597
"GSE32863","LUAD","FGFR_AXIS","FGFR3",6,-1.73583235964918
"GSE32863","LUAD","FGFR_AXIS","FGFR4",6,-1.13202638869379
"GSE32863","LUAD","FGFR_AXIS","FGF1",6,-1.52845683795671
"GSE32863","LUAD","FGFR_AXIS","FGF2",6,-1.26804132845511
"GSE32863","LUAD","FGFR_AXIS","FGF7",6,-1.58212108121681
"GSE32863","LUAD","FGFR_AXIS","FGF10",6,-1.50156632539635
"GSE32863","LUAD","HGF_MET_AXIS","MET",2,0.85727833780837
"GSE32863","LUAD","HGF_MET_AXIS","MST1R",2,0.366588083295261
"GSE32863","LUAD","HGF_MET_AXIS","HGF",2,1.31354736226507
"GSE32863","LUAD","IGF_INSR_AXIS","IGF1R",3,-0.173921315369373
"GSE32863","LUAD","IGF_INSR_AXIS","INSR",3,-0.139999574808083
"GSE32863","LUAD","IGF_INSR_AXIS","IGF1",3,0.243195347893298
"GSE32863","LUAD","IGF_INSR_AXIS","IGF2",3,-0.189857082046052
"GSE32863","LUAD","JAK_STAT","JAK1",8,-0.444199160384539
"GSE32863","LUAD","JAK_STAT","JAK2",8,-0.518020385257409
"GSE32863","LUAD","JAK_STAT","JAK3",8,-0.787633945189836
"GSE32863","LUAD","JAK_STAT","TYK2",8,-0.853641039288488
"GSE32863","LUAD","JAK_STAT","STAT1",8,-1.0374829760465
"GSE32863","LUAD","JAK_STAT","STAT3",8,-0.686931440795499
"GSE32863","LUAD","JAK_STAT","STAT5A",8,-0.602444825813816
"GSE32863","LUAD","JAK_STAT","STAT5B",8,-0.535566710452483
"GSE32863","LUAD","JAK_STAT","STAT6",8,-0.612921193589493
"GSE32863","LUAD","PDGFR_KIT_CSF1R","PDGFRA",4,-1.04523993796904
"GSE32863","LUAD","PDGFR_KIT_CSF1R","PDGFRB",4,-1.37613863168652
"GSE32863","LUAD","PDGFR_KIT_CSF1R","KIT",4,-1.06237254337185
"GSE32863","LUAD","PDGFR_KIT_CSF1R","CSF1R",4,-1.07001170469042
"GSE32863","LUAD","PDGFR_KIT_CSF1R","FLT3",4,-1.41899395329259
"GSE32863","LUAD","PI3K_AKT","PIK3CA",8,1.11731281258768
"GSE32863","LUAD","PI3K_AKT","PIK3CB",8,1.03259074614809
"GSE32863","LUAD","PI3K_AKT","PIK3CD",8,1.02220297366742
"GSE32863","LUAD","PI3K_AKT","AKT1",8,0.984345273002425
"GSE32863","LUAD","PI3K_AKT","AKT2",8,0.966825876927678
"GSE32863","LUAD","PI3K_AKT","PDPK1",8,1.13711326693893
"GSE32863","LUAD","PI3K_AKT","MTOR",8,0.821341060366065
"GSE32863","LUAD","PI3K_AKT","RPTOR",8,0.842434714114499
"GSE32863","LUAD","PI3K_AKT","RPS6KB1",8,0.771693595563581
"GSE32863","LUAD","RAS_MAPK","KRAS",11,0.284588964077064
"GSE32863","LUAD","RAS_MAPK","NRAS",11,0.355173243453572
"GSE32863","LUAD","RAS_MAPK","HRAS",11,0.266373977055024
"GSE32863","LUAD","RAS_MAPK","BRAF",11,0.328007592080007
"GSE32863","LUAD","RAS_MAPK","RAF1",11,0.440285880743078
"GSE32863","LUAD","RAS_MAPK","MAP2K1",11,0.561270882372207
"GSE32863","LUAD","RAS_MAPK","MAP2K2",11,0.21755768964109
"GSE32863","LUAD","RAS_MAPK","MAPK1",11,0.717201129523665
"GSE32863","LUAD","RAS_MAPK","MAPK3",11,0.42739998030483
"GSE32863","LUAD","RAS_MAPK","DUSP6",11,0.301105563152035
"GSE32863","LUAD","RAS_MAPK","ETV4",11,0.0493768162581744
"GSE32863","LUAD","RAS_MAPK","ETV5",11,0.655197096653018
"GSE32863","LUAD","RET_ALK_NTRK","RET",5,-0.885809880907162
"GSE32863","LUAD","RET_ALK_NTRK","ALK",5,-0.965477471920517
"GSE32863","LUAD","RET_ALK_NTRK","ROS1",5,-0.538553900226756
"GSE32863","LUAD","RET_ALK_NTRK","NTRK1",5,-0.903368039483722
"GSE32863","LUAD","RET_ALK_NTRK","NTRK2",5,-0.551780985849747
"GSE32863","LUAD","RET_ALK_NTRK","NTRK3",5,-0.297919779551553
"GSE32863","LUAD","SRC_FAK","SRC",4,0.255264370391087
"GSE32863","LUAD","SRC_FAK","FYN",4,1.0725104565117
"GSE32863","LUAD","SRC_FAK","YES1",4,0.692789494665177
"GSE32863","LUAD","SRC_FAK","PTK2",4,0.506976432320494
"GSE32863","LUAD","SRC_FAK","PTK2B",4,0.750604835152537
"GSE32863","LUAD","TAM_AXL_AXIS","AXL",2,0.15229428859587
"GSE32863","LUAD","TAM_AXL_AXIS","TYRO3",2,-0.72072191057647
"GSE32863","LUAD","TAM_AXL_AXIS","MERTK",2,-0.463428347285468
"GSE32863","LUAD","TGFB_SMAD","TGFB1",4,-0.650517365624219
"GSE32863","LUAD","TGFB_SMAD","TGFBR1",4,-0.829648109975434
"GSE32863","LUAD","TGFB_SMAD","TGFBR2",4,-0.124471131785075
"GSE32863","LUAD","TGFB_SMAD","SMAD2",4,-0.462538214565844
"GSE32863","LUAD","TGFB_SMAD","SMAD3",4,-0.827442296783191
"GSE32863","LUAD","TIE_ANGPT_AXIS","TEK",2,-1.29970254220015
"GSE32863","LUAD","TIE_ANGPT_AXIS","ANGPT1",2,-1.4488606035111
"GSE32863","LUAD","TIE_ANGPT_AXIS","ANGPT2",2,-3.10835502346592
"GSE32863","LUAD","VEGF_PDGF_AXIS","FLT1",8,-0.685073951365426
"GSE32863","LUAD","VEGF_PDGF_AXIS","KDR",8,-0.747768392287759
"GSE32863","LUAD","VEGF_PDGF_AXIS","FLT4",8,-0.669486264067332
"GSE32863","LUAD","VEGF_PDGF_AXIS","VEGFA",8,-0.884547345125996
"GSE32863","LUAD","VEGF_PDGF_AXIS","VEGFB",8,-0.746547956623364
"GSE32863","LUAD","VEGF_PDGF_AXIS","VEGFC",8,-0.52319004659815
"GSE32863","LUAD","VEGF_PDGF_AXIS","PGF",8,-0.949600951089464
"GSE32863","LUAD","VEGF_PDGF_AXIS","PDGFA",8,-0.799891591904904
"GSE32863","LUAD","VEGF_PDGF_AXIS","PDGFB",8,-0.598291064986561
"GSE32863","LUAD","WNT_CTNNB1","CTNNB1",3,-1.06095436305341
"GSE32863","LUAD","WNT_CTNNB1","AXIN2",3,-0.339652686680754
"GSE32863","LUAD","WNT_CTNNB1","MYC",3,-0.676761544141254
"GSE32863","LUAD","WNT_CTNNB1","CCND1",3,-1.15063568731847
"GSE19804","LUAD","EPH_RECEPTORS","EPHA1",3,0.538141541184819
"GSE19804","LUAD","EPH_RECEPTORS","EPHA2",3,0.992061224333231
"GSE19804","LUAD","EPH_RECEPTORS","EPHB2",3,0.510432575883893
"GSE19804","LUAD","EPH_RECEPTORS","EPHB4",3,1.04904847253303
"GSE19804","LUAD","ERBB_LIGANDS","EGF",5,-0.938418586937487
"GSE19804","LUAD","ERBB_LIGANDS","TGFA",5,-0.865281380313862
"GSE19804","LUAD","ERBB_LIGANDS","AREG",5,-0.332713617027383
"GSE19804","LUAD","ERBB_LIGANDS","EREG",5,-0.556507340822626
"GSE19804","LUAD","ERBB_LIGANDS","HBEGF",5,-0.176941511575328
"GSE19804","LUAD","ERBB_LIGANDS","NRG1",5,-0.218116668483956
"GSE19804","LUAD","ERBB_RECEPTORS","EGFR",3,0.329996911443191
"GSE19804","LUAD","ERBB_RECEPTORS","ERBB2",3,0.435996412517828
"GSE19804","LUAD","ERBB_RECEPTORS","ERBB3",3,0.512260813719344
"GSE19804","LUAD","ERBB_RECEPTORS","ERBB4",3,0.851232757416991
"GSE19804","LUAD","FGFR_AXIS","FGFR1",7,-1.35164553858872
"GSE19804","LUAD","FGFR_AXIS","FGFR2",7,-1.37345542153981
"GSE19804","LUAD","FGFR_AXIS","FGFR3",7,-1.52794847290722
"GSE19804","LUAD","FGFR_AXIS","FGFR4",7,-1.18453928319435
"GSE19804","LUAD","FGFR_AXIS","FGF1",7,-1.55605585360124
"GSE19804","LUAD","FGFR_AXIS","FGF2",7,-1.17936240151007
"GSE19804","LUAD","FGFR_AXIS","FGF7",7,-1.451110216075
"GSE19804","LUAD","FGFR_AXIS","FGF10",7,-1.39205666738968
"GSE19804","LUAD","HGF_MET_AXIS","MET",2,0.261624119173408
"GSE19804","LUAD","HGF_MET_AXIS","MST1R",2,-0.189817600278295
"GSE19804","LUAD","HGF_MET_AXIS","HGF",2,0.953511695975083
"GSE19804","LUAD","IGF_INSR_AXIS","IGF1R",2,-0.0699583724632225
"GSE19804","LUAD","IGF_INSR_AXIS","INSR",2,-0.429836966098375
"GSE19804","LUAD","IGF_INSR_AXIS","IGF1",2,-0.302383789135799
"GSE19804","LUAD","JAK_STAT","JAK1",8,-0.807464172099362
"GSE19804","LUAD","JAK_STAT","JAK2",8,-0.693603089160746
"GSE19804","LUAD","JAK_STAT","JAK3",8,-1.0199474861156
"GSE19804","LUAD","JAK_STAT","TYK2",8,-0.944415076844647
"GSE19804","LUAD","JAK_STAT","STAT1",8,-1.03435983722375
"GSE19804","LUAD","JAK_STAT","STAT3",8,-0.733429404410736
"GSE19804","LUAD","JAK_STAT","STAT5A",8,-0.764907081521529
"GSE19804","LUAD","JAK_STAT","STAT5B",8,-0.639089930389748
"GSE19804","LUAD","JAK_STAT","STAT6",8,-0.684225759855527
"GSE19804","LUAD","PDGFR_KIT_CSF1R","PDGFRA",4,-0.418779683406608
"GSE19804","LUAD","PDGFR_KIT_CSF1R","PDGFRB",4,-0.450681647221416
"GSE19804","LUAD","PDGFR_KIT_CSF1R","KIT",4,-0.22508348922793
"GSE19804","LUAD","PDGFR_KIT_CSF1R","CSF1R",4,-0.557371963769264
"GSE19804","LUAD","PDGFR_KIT_CSF1R","FLT3",4,-0.501278302941262
"GSE19804","LUAD","PI3K_AKT","PIK3CA",8,0.517695478876972
"GSE19804","LUAD","PI3K_AKT","PIK3CB",8,0.0608155657576499
"GSE19804","LUAD","PI3K_AKT","PIK3CD",8,0.513088139969441
"GSE19804","LUAD","PI3K_AKT","AKT1",8,0.128348568506987
"GSE19804","LUAD","PI3K_AKT","AKT2",8,0.323739050588947
"GSE19804","LUAD","PI3K_AKT","PDPK1",8,0.407113049077417
"GSE19804","LUAD","PI3K_AKT","MTOR",8,-0.0130223957055506
"GSE19804","LUAD","PI3K_AKT","RPTOR",8,0.325588531624644
"GSE19804","LUAD","PI3K_AKT","RPS6KB1",8,0.243138845585598
"GSE19804","LUAD","RAS_MAPK","KRAS",11,-0.220194363801278
"GSE19804","LUAD","RAS_MAPK","NRAS",11,-0.293325760491246
"GSE19804","LUAD","RAS_MAPK","HRAS",11,-0.22095013923329
"GSE19804","LUAD","RAS_MAPK","BRAF",11,-0.208623933055327
"GSE19804","LUAD","RAS_MAPK","RAF1",11,-0.0840665185138587
"GSE19804","LUAD","RAS_MAPK","MAP2K1",11,-0.144214588479438
"GSE19804","LUAD","RAS_MAPK","MAP2K2",11,-0.339870275454291
"GSE19804","LUAD","RAS_MAPK","MAPK1",11,-0.0571281274134423
"GSE19804","LUAD","RAS_MAPK","MAPK3",11,-0.107604462623228
"GSE19804","LUAD","RAS_MAPK","DUSP6",11,-0.130578788813855
"GSE19804","LUAD","RAS_MAPK","ETV4",11,-0.646597351144607
"GSE19804","LUAD","RAS_MAPK","ETV5",11,-0.0891301580696605
"GSE19804","LUAD","RET_ALK_NTRK","RET",5,-0.286047968401861
"GSE19804","LUAD","RET_ALK_NTRK","ALK",5,-0.293736411545251
"GSE19804","LUAD","RET_ALK_NTRK","ROS1",5,-0.200404262204177
"GSE19804","LUAD","RET_ALK_NTRK","NTRK1",5,-0.123235658413064
"GSE19804","LUAD","RET_ALK_NTRK","NTRK2",5,0.110522924420061
"GSE19804","LUAD","RET_ALK_NTRK","NTRK3",5,0.337668918675325
"GSE19804","LUAD","SRC_FAK","SRC",4,-0.532108721890893
"GSE19804","LUAD","SRC_FAK","FYN",4,0.395993146646747
"GSE19804","LUAD","SRC_FAK","YES1",4,-0.185478743685386
"GSE19804","LUAD","SRC_FAK","PTK2",4,-0.765494333669536
"GSE19804","LUAD","SRC_FAK","PTK2B",4,-0.127821116813843
"GSE19804","LUAD","TAM_AXL_AXIS","AXL",2,0.369786642091672
"GSE19804","LUAD","TAM_AXL_AXIS","TYRO3",2,-0.19290781308803
"GSE19804","LUAD","TAM_AXL_AXIS","MERTK",2,-0.386979988397611
"GSE19804","LUAD","TGFB_SMAD","TGFB1",4,-0.779383691842357
"GSE19804","LUAD","TGFB_SMAD","TGFBR1",4,-0.953392797293608
"GSE19804","LUAD","TGFB_SMAD","TGFBR2",4,-0.491088556708343
"GSE19804","LUAD","TGFB_SMAD","SMAD2",4,-0.649427547459957
"GSE19804","LUAD","TGFB_SMAD","SMAD3",4,-0.828762500887459
"GSE19804","LUAD","TIE_ANGPT_AXIS","TEK",2,-1.0241327747579
"GSE19804","LUAD","TIE_ANGPT_AXIS","ANGPT1",2,-1.41766567793317
"GSE19804","LUAD","TIE_ANGPT_AXIS","ANGPT2",2,-1.65552431783088
"GSE19804","LUAD","VEGF_PDGF_AXIS","FLT1",8,-1.35209703760329
"GSE19804","LUAD","VEGF_PDGF_AXIS","KDR",8,-1.24828805735934
"GSE19804","LUAD","VEGF_PDGF_AXIS","FLT4",8,-1.27175176388724
"GSE19804","LUAD","VEGF_PDGF_AXIS","VEGFA",8,-1.3526704196655
"GSE19804","LUAD","VEGF_PDGF_AXIS","VEGFB",8,-1.36066316343131
"GSE19804","LUAD","VEGF_PDGF_AXIS","VEGFC",8,-1.29757077586501
"GSE19804","LUAD","VEGF_PDGF_AXIS","PGF",8,-1.54902985777261
"GSE19804","LUAD","VEGF_PDGF_AXIS","PDGFA",8,-1.38555243355127
"GSE19804","LUAD","VEGF_PDGF_AXIS","PDGFB",8,-1.29279138822362
"GSE19804","LUAD","WNT_CTNNB1","CTNNB1",3,-0.72039618298794
"GSE19804","LUAD","WNT_CTNNB1","AXIN2",3,-0.895325767622132
"GSE19804","LUAD","WNT_CTNNB1","MYC",3,-0.395003771941679
"GSE19804","LUAD","WNT_CTNNB1","CCND1",3,-0.708307296023181
"GSE10072","LUAD","EPH_RECEPTORS","EPHA1",3,0.83715433874632
"GSE10072","LUAD","EPH_RECEPTORS","EPHA2",3,1.22619549892179
"GSE10072","LUAD","EPH_RECEPTORS","EPHB2",3,0.664737430476882
"GSE10072","LUAD","EPH_RECEPTORS","EPHB4",3,0.969452187626425
"GSE10072","LUAD","ERBB_LIGANDS","EGF",5,0.0821473861916485
"GSE10072","LUAD","ERBB_LIGANDS","TGFA",5,0.108498552188892
"GSE10072","LUAD","ERBB_LIGANDS","AREG",5,0.392324690874542
"GSE10072","LUAD","ERBB_LIGANDS","EREG",5,0.142955688897574
"GSE10072","LUAD","ERBB_LIGANDS","HBEGF",5,0.774990275759284
"GSE10072","LUAD","ERBB_LIGANDS","NRG1",5,0.4330151317451
"GSE10072","LUAD","ERBB_RECEPTORS","EGFR",3,0.371670140214072
"GSE10072","LUAD","ERBB_RECEPTORS","ERBB2",3,0.0263119496653951
"GSE10072","LUAD","ERBB_RECEPTORS","ERBB3",3,0.405722966151119
"GSE10072","LUAD","ERBB_RECEPTORS","ERBB4",3,1.29349421212679
"GSE10072","LUAD","FGFR_AXIS","FGFR1",6,-1.91542661385113
"GSE10072","LUAD","FGFR_AXIS","FGFR2",6,-1.64327566500175
"GSE10072","LUAD","FGFR_AXIS","FGFR3",6,-1.95948829312004
"GSE10072","LUAD","FGFR_AXIS","FGFR4",6,-1.52687089617423
"GSE10072","LUAD","FGFR_AXIS","FGF1",6,-2.19448970930196
"GSE10072","LUAD","FGFR_AXIS","FGF2",6,-1.73474345763001
"GSE10072","LUAD","FGFR_AXIS","FGF7",6,-1.90021700807118
"GSE10072","LUAD","HGF_MET_AXIS","MET",2,0.243388183049645
"GSE10072","LUAD","HGF_MET_AXIS","MST1R",2,0.00145671335836712
"GSE10072","LUAD","HGF_MET_AXIS","HGF",2,1.18654160259661
"GSE10072","LUAD","IGF_INSR_AXIS","IGF1R",2,-0.173201457047074
"GSE10072","LUAD","IGF_INSR_AXIS","INSR",2,-0.258773187442338
"GSE10072","LUAD","IGF_INSR_AXIS","IGF1",2,-0.40502437539532
"GSE10072","LUAD","JAK_STAT","JAK1",8,-0.684544086137525
"GSE10072","LUAD","JAK_STAT","JAK2",8,-0.652032445333884
"GSE10072","LUAD","JAK_STAT","JAK3",8,-0.9004861331174
"GSE10072","LUAD","JAK_STAT","TYK2",8,-0.99677911389413
"GSE10072","LUAD","JAK_STAT","STAT1",8,-1.1638626151103
"GSE10072","LUAD","JAK_STAT","STAT3",8,-0.895908002779302
"GSE10072","LUAD","JAK_STAT","STAT5A",8,-0.558949612436839
"GSE10072","LUAD","JAK_STAT","STAT5B",8,-0.715077151700274
"GSE10072","LUAD","JAK_STAT","STAT6",8,-0.931598511130936
"GSE10072","LUAD","PDGFR_KIT_CSF1R","PDGFRA",4,-0.872290314855109
"GSE10072","LUAD","PDGFR_KIT_CSF1R","PDGFRB",4,-0.815577894577031
"GSE10072","LUAD","PDGFR_KIT_CSF1R","KIT",4,-0.546316733467557
"GSE10072","LUAD","PDGFR_KIT_CSF1R","CSF1R",4,-0.903719022155964
"GSE10072","LUAD","PDGFR_KIT_CSF1R","FLT3",4,-0.939447282878721
"GSE10072","LUAD","PI3K_AKT","PIK3CA",7,0.591736578802682
"GSE10072","LUAD","PI3K_AKT","PIK3CB",7,0.432651059373153
"GSE10072","LUAD","PI3K_AKT","PIK3CD",7,0.695723534101745
"GSE10072","LUAD","PI3K_AKT","AKT1",7,0.544093128296132
"GSE10072","LUAD","PI3K_AKT","AKT2",7,0.283806063064276
"GSE10072","LUAD","PI3K_AKT","PDPK1",7,0.581057262973485
"GSE10072","LUAD","PI3K_AKT","MTOR",7,0.522255152281874
"GSE10072","LUAD","PI3K_AKT","RPS6KB1",7,0.136760897893807
"GSE10072","LUAD","RAS_MAPK","KRAS",10,0.293574814929967
"GSE10072","LUAD","RAS_MAPK","NRAS",10,0.146375380781414
"GSE10072","LUAD","RAS_MAPK","HRAS",10,0.498190376967568
"GSE10072","LUAD","RAS_MAPK","RAF1",10,0.451794802534582
"GSE10072","LUAD","RAS_MAPK","MAP2K1",10,0.368604781256818
"GSE10072","LUAD","RAS_MAPK","MAP2K2",10,0.220874043569801
"GSE10072","LUAD","RAS_MAPK","MAPK1",10,0.35055023128693
"GSE10072","LUAD","RAS_MAPK","MAPK3",10,0.513887907409872
"GSE10072","LUAD","RAS_MAPK","DUSP6",10,0.472527622709001
"GSE10072","LUAD","RAS_MAPK","ETV4",10,0.122198395749283
"GSE10072","LUAD","RAS_MAPK","ETV5",10,0.52603731675378
"GSE10072","LUAD","RET_ALK_NTRK","RET",5,-1.0076544749504
"GSE10072","LUAD","RET_ALK_NTRK","ALK",5,-0.917727719308898
"GSE10072","LUAD","RET_ALK_NTRK","ROS1",5,-0.680642995618416
"GSE10072","LUAD","RET_ALK_NTRK","NTRK1",5,-0.842061478023777
"GSE10072","LUAD","RET_ALK_NTRK","NTRK2",5,-0.482975395440736
"GSE10072","LUAD","RET_ALK_NTRK","NTRK3",5,-0.551040817443382
"GSE10072","LUAD","SRC_FAK","SRC",4,-0.778100239569945
"GSE10072","LUAD","SRC_FAK","FYN",4,0.138071258028275
"GSE10072","LUAD","SRC_FAK","YES1",4,-0.751026583736702
"GSE10072","LUAD","SRC_FAK","PTK2",4,-0.686453940856425
"GSE10072","LUAD","SRC_FAK","PTK2B",4,-0.177650712753994
"GSE10072","LUAD","TAM_AXL_AXIS","AXL",2,0.378926830757019
"GSE10072","LUAD","TAM_AXL_AXIS","TYRO3",2,-0.425972736357972
"GSE10072","LUAD","TAM_AXL_AXIS","MERTK",2,-0.478342884880052
"GSE10072","LUAD","TGFB_SMAD","TGFB1",4,-0.606549215239423
"GSE10072","LUAD","TGFB_SMAD","TGFBR1",4,-0.680463769130056
"GSE10072","LUAD","TGFB_SMAD","TGFBR2",4,0.0185871360021062
"GSE10072","LUAD","TGFB_SMAD","SMAD2",4,-0.412966389710456
"GSE10072","LUAD","TGFB_SMAD","SMAD3",4,-0.890401222723605
"GSE10072","LUAD","TIE_ANGPT_AXIS","TEK",2,-1.25713516672801
"GSE10072","LUAD","TIE_ANGPT_AXIS","ANGPT1",2,-1.48017610928191
"GSE10072","LUAD","TIE_ANGPT_AXIS","ANGPT2",2,-3.01366614476199
"GSE10072","LUAD","VEGF_PDGF_AXIS","FLT1",8,-0.708308272500888
"GSE10072","LUAD","VEGF_PDGF_AXIS","KDR",8,-0.794383557500981
"GSE10072","LUAD","VEGF_PDGF_AXIS","FLT4",8,-0.624569822032313
"GSE10072","LUAD","VEGF_PDGF_AXIS","VEGFA",8,-1.1519463667048
"GSE10072","LUAD","VEGF_PDGF_AXIS","VEGFB",8,-0.832665802267982
"GSE10072","LUAD","VEGF_PDGF_AXIS","VEGFC",8,-0.764827318025041
"GSE10072","LUAD","VEGF_PDGF_AXIS","PGF",8,-0.883269606029476
"GSE10072","LUAD","VEGF_PDGF_AXIS","PDGFA",8,-0.753707552812929
"GSE10072","LUAD","VEGF_PDGF_AXIS","PDGFB",8,-0.65782264954717
"GSE10072","LUAD","WNT_CTNNB1","CTNNB1",2,-0.000323152733931314
"GSE10072","LUAD","WNT_CTNNB1","MYC",2,0.361837036200679
"GSE10072","LUAD","WNT_CTNNB1","CCND1",2,0.326209164728329
"GSE44076","CRC","EPH_RECEPTORS","EPHA1",3,1.78514737293289
"GSE44076","CRC","EPH_RECEPTORS","EPHA2",3,2.09653696708869
"GSE44076","CRC","EPH_RECEPTORS","EPHB2",3,1.63999108399179
"GSE44076","CRC","EPH_RECEPTORS","EPHB4",3,1.4160919983056
"GSE44076","CRC","ERBB_LIGANDS","EGF",5,-0.149160717927303
"GSE44076","CRC","ERBB_LIGANDS","TGFA",5,0.114263488443567
"GSE44076","CRC","ERBB_LIGANDS","AREG",5,-0.481040489119385
"GSE44076","CRC","ERBB_LIGANDS","EREG",5,-0.554782401729609
"GSE44076","CRC","ERBB_LIGANDS","HBEGF",5,-0.137109114752193
"GSE44076","CRC","ERBB_LIGANDS","NRG1",5,-0.0318496261837846
"GSE44076","CRC","ERBB_RECEPTORS","EGFR",3,-0.407166152575714
"GSE44076","CRC","ERBB_RECEPTORS","ERBB2",3,-0.514876214084068
"GSE44076","CRC","ERBB_RECEPTORS","ERBB3",3,-0.762407376701861
"GSE44076","CRC","ERBB_RECEPTORS","ERBB4",3,-0.488224228039854
"GSE44076","CRC","FGFR_AXIS","FGFR1",7,-1.14529397961113
"GSE44076","CRC","FGFR_AXIS","FGFR2",7,-0.833948292170408
"GSE44076","CRC","FGFR_AXIS","FGFR3",7,-0.870386632321658
"GSE44076","CRC","FGFR_AXIS","FGFR4",7,-1.32564610346754
"GSE44076","CRC","FGFR_AXIS","FGF1",7,-1.19672935077505
"GSE44076","CRC","FGFR_AXIS","FGF2",7,-1.20558976773695
"GSE44076","CRC","FGFR_AXIS","FGF7",7,-1.13637858674421
"GSE44076","CRC","FGFR_AXIS","FGF10",7,-1.09738568174157
"GSE44076","CRC","HGF_MET_AXIS","MET",2,0.0679029452856506
"GSE44076","CRC","HGF_MET_AXIS","MST1R",2,1.55682230175772
"GSE44076","CRC","HGF_MET_AXIS","HGF",2,0.744955783732997
"GSE44076","CRC","IGF_INSR_AXIS","IGF1R",3,-0.976318992409208
"GSE44076","CRC","IGF_INSR_AXIS","INSR",3,-0.351248010417862
"GSE44076","CRC","IGF_INSR_AXIS","IGF1",3,-0.24855241572002
"GSE44076","CRC","IGF_INSR_AXIS","IGF2",3,-1.05076576568751
"GSE44076","CRC","JAK_STAT","JAK1",8,-0.0364217455397083
"GSE44076","CRC","JAK_STAT","JAK2",8,0.05216767481905
"GSE44076","CRC","JAK_STAT","JAK3",8,-0.180754502051581
"GSE44076","CRC","JAK_STAT","TYK2",8,-0.177133007771469
"GSE44076","CRC","JAK_STAT","STAT1",8,-0.175300812689415
"GSE44076","CRC","JAK_STAT","STAT3",8,-0.0441794698873986
"GSE44076","CRC","JAK_STAT","STAT5A",8,-0.137083886737983
"GSE44076","CRC","JAK_STAT","STAT5B",8,-0.170046372393512
"GSE44076","CRC","JAK_STAT","STAT6",8,-0.0645925551398693
"GSE44076","CRC","PDGFR_KIT_CSF1R","PDGFRA",4,-0.572989605458654
"GSE44076","CRC","PDGFR_KIT_CSF1R","PDGFRB",4,-1.07869581872772
"GSE44076","CRC","PDGFR_KIT_CSF1R","KIT",4,-0.395344248264716
"GSE44076","CRC","PDGFR_KIT_CSF1R","CSF1R",4,-0.680932000068546
"GSE44076","CRC","PDGFR_KIT_CSF1R","FLT3",4,-0.599730046981489
"GSE44076","CRC","PI3K_AKT","PIK3CA",8,-0.00249270093895156
"GSE44076","CRC","PI3K_AKT","PIK3CB",8,0.0553152427045926
"GSE44076","CRC","PI3K_AKT","PIK3CD",8,0.166330906243219
"GSE44076","CRC","PI3K_AKT","AKT1",8,-0.0830930961931926
"GSE44076","CRC","PI3K_AKT","AKT2",8,-0.249479358194746
"GSE44076","CRC","PI3K_AKT","PDPK1",8,-0.014513906614059
"GSE44076","CRC","PI3K_AKT","MTOR",8,-0.0203151026975207
"GSE44076","CRC","PI3K_AKT","RPTOR",8,-0.0865870310339383
"GSE44076","CRC","PI3K_AKT","RPS6KB1",8,-0.250449976779461
"GSE44076","CRC","RAS_MAPK","KRAS",11,-0.174867565422479
"GSE44076","CRC","RAS_MAPK","NRAS",11,-0.404445570651572
"GSE44076","CRC","RAS_MAPK","HRAS",11,-0.434165015564342
"GSE44076","CRC","RAS_MAPK","BRAF",11,-0.512476128668518
"GSE44076","CRC","RAS_MAPK","RAF1",11,-0.187316784128083
"GSE44076","CRC","RAS_MAPK","MAP2K1",11,-0.493934420857915
"GSE44076","CRC","RAS_MAPK","MAP2K2",11,-0.241751027461367
"GSE44076","CRC","RAS_MAPK","MAPK1",11,-0.427009613353937
"GSE44076","CRC","RAS_MAPK","MAPK3",11,-0.147473027612406
"GSE44076","CRC","RAS_MAPK","DUSP6",11,-0.307743942420732
"GSE44076","CRC","RAS_MAPK","ETV4",11,-0.757815809563901
"GSE44076","CRC","RAS_MAPK","ETV5",11,-0.599374887701186
"GSE44076","CRC","RET_ALK_NTRK","RET",5,-0.770211479532485
"GSE44076","CRC","RET_ALK_NTRK","ALK",5,-1.02080201510198
"GSE44076","CRC","RET_ALK_NTRK","ROS1",5,-1.09859943293415
"GSE44076","CRC","RET_ALK_NTRK","NTRK1",5,-0.938385806890024
"GSE44076","CRC","RET_ALK_NTRK","NTRK2",5,-0.813899466577386
"GSE44076","CRC","RET_ALK_NTRK","NTRK3",5,-0.714780149507478
"GSE44076","CRC","SRC_FAK","SRC",4,-0.592288133825966
"GSE44076","CRC","SRC_FAK","FYN",4,0.0411372970320357
"GSE44076","CRC","SRC_FAK","YES1",4,-0.0713251042667263
"GSE44076","CRC","SRC_FAK","PTK2",4,-0.633244602859696
"GSE44076","CRC","SRC_FAK","PTK2B",4,0.444541359485321
"GSE44076","CRC","TAM_AXL_AXIS","AXL",2,0.597392078878463
"GSE44076","CRC","TAM_AXL_AXIS","TYRO3",2,-0.252833215550993
"GSE44076","CRC","TAM_AXL_AXIS","MERTK",2,0.200375596548143
"GSE44076","CRC","TGFB_SMAD","TGFB1",4,-0.571153872336675
"GSE44076","CRC","TGFB_SMAD","TGFBR1",4,-0.733896779755646
"GSE44076","CRC","TGFB_SMAD","TGFBR2",4,-0.373176605806308
"GSE44076","CRC","TGFB_SMAD","SMAD2",4,0.0155720774258047
"GSE44076","CRC","TGFB_SMAD","SMAD3",4,0.00893409460824245
"GSE44076","CRC","TIE_ANGPT_AXIS","TEK",2,0.253608595046207
"GSE44076","CRC","TIE_ANGPT_AXIS","ANGPT1",2,0.145970563875771
"GSE44076","CRC","TIE_ANGPT_AXIS","ANGPT2",2,-0.905887834598551
"GSE44076","CRC","VEGF_PDGF_AXIS","FLT1",8,0.400369859231974
"GSE44076","CRC","VEGF_PDGF_AXIS","KDR",8,0.438772644842346
"GSE44076","CRC","VEGF_PDGF_AXIS","FLT4",8,0.629134075647952
"GSE44076","CRC","VEGF_PDGF_AXIS","VEGFA",8,0.260068664061231
"GSE44076","CRC","VEGF_PDGF_AXIS","VEGFB",8,0.433361973120897
"GSE44076","CRC","VEGF_PDGF_AXIS","VEGFC",8,0.639647853407366
"GSE44076","CRC","VEGF_PDGF_AXIS","PGF",8,0.333847393792007
"GSE44076","CRC","VEGF_PDGF_AXIS","PDGFA",8,0.625920891399924
"GSE44076","CRC","VEGF_PDGF_AXIS","PDGFB",8,0.384033385914798
"GSE44076","CRC","WNT_CTNNB1","CTNNB1",3,2.98171426088703
"GSE44076","CRC","WNT_CTNNB1","AXIN2",3,2.78577390015739
"GSE44076","CRC","WNT_CTNNB1","MYC",3,2.50525342096751
"GSE44076","CRC","WNT_CTNNB1","CCND1",3,2.67421914915952
"GSE41258","CRC","EPH_RECEPTORS","EPHA1",3,1.89403129402686
"GSE41258","CRC","EPH_RECEPTORS","EPHA2",3,1.88325451887415
"GSE41258","CRC","EPH_RECEPTORS","EPHB2",3,1.75657802449781
"GSE41258","CRC","EPH_RECEPTORS","EPHB4",3,1.53287525395615
"GSE41258","CRC","ERBB_LIGANDS","EGF",5,0.0127047120366056
"GSE41258","CRC","ERBB_LIGANDS","TGFA",5,0.0457873839175425
"GSE41258","CRC","ERBB_LIGANDS","AREG",5,-0.418731850642927
"GSE41258","CRC","ERBB_LIGANDS","EREG",5,-0.423812673975391
"GSE41258","CRC","ERBB_LIGANDS","HBEGF",5,-0.132888534665509
"GSE41258","CRC","ERBB_LIGANDS","NRG1",5,0.400767311343075
"GSE41258","CRC","ERBB_RECEPTORS","EGFR",3,0.503549043019737
"GSE41258","CRC","ERBB_RECEPTORS","ERBB2",3,0.360395795000658
"GSE41258","CRC","ERBB_RECEPTORS","ERBB3",3,0.213468416541176
"GSE41258","CRC","ERBB_RECEPTORS","ERBB4",3,0.369509946097168
"GSE41258","CRC","FGFR_AXIS","FGFR1",6,-1.43859448038496
"GSE41258","CRC","FGFR_AXIS","FGFR2",6,-1.02959624765797
"GSE41258","CRC","FGFR_AXIS","FGFR3",6,-1.2149117652001
"GSE41258","CRC","FGFR_AXIS","FGFR4",6,-1.65124966091607
"GSE41258","CRC","FGFR_AXIS","FGF1",6,-1.76117810630504
"GSE41258","CRC","FGFR_AXIS","FGF2",6,-1.19788312688906
"GSE41258","CRC","FGFR_AXIS","FGF7",6,-1.15683330644486
"GSE41258","CRC","HGF_MET_AXIS","MET",2,0.165161959410405
"GSE41258","CRC","HGF_MET_AXIS","MST1R",2,1.2617712122449
"GSE41258","CRC","HGF_MET_AXIS","HGF",2,1.37126382870638
"GSE41258","CRC","IGF_INSR_AXIS","IGF1R",2,-1.02079408840875
"GSE41258","CRC","IGF_INSR_AXIS","INSR",2,-0.801159051384591
"GSE41258","CRC","IGF_INSR_AXIS","IGF1",2,-0.17926944873575
"GSE41258","CRC","JAK_STAT","JAK1",8,0.0848837675959279
"GSE41258","CRC","JAK_STAT","JAK2",8,0.0808545952524701
"GSE41258","CRC","JAK_STAT","JAK3",8,-0.28473898346784
"GSE41258","CRC","JAK_STAT","TYK2",8,-0.213576395026367
"GSE41258","CRC","JAK_STAT","STAT1",8,-0.210223999726113
"GSE41258","CRC","JAK_STAT","STAT3",8,0.23642656550002
"GSE41258","CRC","JAK_STAT","STAT5A",8,-0.0272756551706466
"GSE41258","CRC","JAK_STAT","STAT5B",8,0.0636753750609555
"GSE41258","CRC","JAK_STAT","STAT6",8,0.0567056732302827
"GSE41258","CRC","PDGFR_KIT_CSF1R","PDGFRA",4,-0.898802946400784
"GSE41258","CRC","PDGFR_KIT_CSF1R","PDGFRB",4,-1.9136539615995
"GSE41258","CRC","PDGFR_KIT_CSF1R","KIT",4,-0.555287995581319
"GSE41258","CRC","PDGFR_KIT_CSF1R","CSF1R",4,-0.989497880301789
"GSE41258","CRC","PDGFR_KIT_CSF1R","FLT3",4,-1.02952648330806
"GSE41258","CRC","PI3K_AKT","PIK3CA",7,0.206996156923805
"GSE41258","CRC","PI3K_AKT","PIK3CB",7,0.104379916450965
"GSE41258","CRC","PI3K_AKT","PIK3CD",7,0.382393838873152
"GSE41258","CRC","PI3K_AKT","AKT1",7,0.370556214808005
"GSE41258","CRC","PI3K_AKT","AKT2",7,-0.164705759004121
"GSE41258","CRC","PI3K_AKT","PDPK1",7,0.0962266401937535
"GSE41258","CRC","PI3K_AKT","MTOR",7,0.411506880902642
"GSE41258","CRC","PI3K_AKT","RPS6KB1",7,0.0573651480376655
"GSE41258","CRC","RAS_MAPK","KRAS",10,0.113735426955239
"GSE41258","CRC","RAS_MAPK","NRAS",10,-0.147727848728033
"GSE41258","CRC","RAS_MAPK","HRAS",10,-0.230785824153369
"GSE41258","CRC","RAS_MAPK","RAF1",10,0.184364471254006
"GSE41258","CRC","RAS_MAPK","MAP2K1",10,-0.174027405380333
"GSE41258","CRC","RAS_MAPK","MAP2K2",10,-0.0520714227293049
"GSE41258","CRC","RAS_MAPK","MAPK1",10,-0.0718493547749023
"GSE41258","CRC","RAS_MAPK","MAPK3",10,0.193225355037858
"GSE41258","CRC","RAS_MAPK","DUSP6",10,-0.0558774390698108
"GSE41258","CRC","RAS_MAPK","ETV4",10,-0.593332982754381
"GSE41258","CRC","RAS_MAPK","ETV5",10,-0.300843027146738
"GSE41258","CRC","RET_ALK_NTRK","RET",5,-0.588298332143548
"GSE41258","CRC","RET_ALK_NTRK","ALK",5,-0.850385206069153
"GSE41258","CRC","RET_ALK_NTRK","ROS1",5,-0.643842473497621
"GSE41258","CRC","RET_ALK_NTRK","NTRK1",5,-0.921669107241779
"GSE41258","CRC","RET_ALK_NTRK","NTRK2",5,-0.568497302419105
"GSE41258","CRC","RET_ALK_NTRK","NTRK3",5,-0.786229176086038
"GSE41258","CRC","SRC_FAK","SRC",4,-1.06339019002038
"GSE41258","CRC","SRC_FAK","FYN",4,-0.18716336656429
"GSE41258","CRC","SRC_FAK","YES1",4,-0.241336648629569
"GSE41258","CRC","SRC_FAK","PTK2",4,-1.00642425573129
"GSE41258","CRC","SRC_FAK","PTK2B",4,0.130744718663931
"GSE41258","CRC","TAM_AXL_AXIS","AXL",2,0.518601507003432
"GSE41258","CRC","TAM_AXL_AXIS","TYRO3",2,-0.654395845187459
"GSE41258","CRC","TAM_AXL_AXIS","MERTK",2,-0.046078944948625
"GSE41258","CRC","TGFB_SMAD","TGFB1",4,-0.684974847897195
"GSE41258","CRC","TGFB_SMAD","TGFBR1",4,-0.760112587966654
"GSE41258","CRC","TGFB_SMAD","TGFBR2",4,-0.191412657495699
"GSE41258","CRC","TGFB_SMAD","SMAD2",4,0.139309944450584
"GSE41258","CRC","TGFB_SMAD","SMAD3",4,-0.136505916212525
"GSE41258","CRC","TIE_ANGPT_AXIS","TEK",2,0.336950229814125
"GSE41258","CRC","TIE_ANGPT_AXIS","ANGPT1",2,0.247252182410533
"GSE41258","CRC","TIE_ANGPT_AXIS","ANGPT2",2,-1.39386886275455
"GSE41258","CRC","VEGF_PDGF_AXIS","FLT1",8,1.33098076552999
"GSE41258","CRC","VEGF_PDGF_AXIS","KDR",8,1.3150662482325
"GSE41258","CRC","VEGF_PDGF_AXIS","FLT4",8,1.22935986614284
"GSE41258","CRC","VEGF_PDGF_AXIS","VEGFA",8,0.874074817715533
"GSE41258","CRC","VEGF_PDGF_AXIS","VEGFB",8,1.191245387682
"GSE41258","CRC","VEGF_PDGF_AXIS","VEGFC",8,1.36864503786221
"GSE41258","CRC","VEGF_PDGF_AXIS","PGF",8,0.9811464495258
"GSE41258","CRC","VEGF_PDGF_AXIS","PDGFA",8,1.28637829562718
"GSE41258","CRC","VEGF_PDGF_AXIS","PDGFB",8,1.13463829840178
"GSE41258","CRC","WNT_CTNNB1","CTNNB1",2,3.08636180341301
"GSE41258","CRC","WNT_CTNNB1","MYC",2,2.67141442780251
"GSE41258","CRC","WNT_CTNNB1","CCND1",2,2.30390692222632
"GSE23878","CRC","EPH_RECEPTORS","EPHA1",3,1.10692696429079
"GSE23878","CRC","EPH_RECEPTORS","EPHA2",3,1.99215247632034
"GSE23878","CRC","EPH_RECEPTORS","EPHB2",3,1.53481205779323
"GSE23878","CRC","EPH_RECEPTORS","EPHB4",3,1.03171934471993
"GSE23878","CRC","ERBB_LIGANDS","EGF",5,-0.505593875615636
"GSE23878","CRC","ERBB_LIGANDS","TGFA",5,-0.457450693723465
"GSE23878","CRC","ERBB_LIGANDS","AREG",5,-0.840210782806595
"GSE23878","CRC","ERBB_LIGANDS","EREG",5,-0.979995133877011
"GSE23878","CRC","ERBB_LIGANDS","HBEGF",5,-0.489921818789333
"GSE23878","CRC","ERBB_LIGANDS","NRG1",5,-0.646176342192727
"GSE23878","CRC","ERBB_RECEPTORS","EGFR",3,0.0490758411160999
"GSE23878","CRC","ERBB_RECEPTORS","ERBB2",3,-0.112384715950076
"GSE23878","CRC","ERBB_RECEPTORS","ERBB3",3,-0.279743259480419
"GSE23878","CRC","ERBB_RECEPTORS","ERBB4",3,0.0481147822861661
"GSE23878","CRC","FGFR_AXIS","FGFR1",7,-1.90842566932224
"GSE23878","CRC","FGFR_AXIS","FGFR2",7,-1.4332995171931
"GSE23878","CRC","FGFR_AXIS","FGFR3",7,-1.57263812944786
"GSE23878","CRC","FGFR_AXIS","FGFR4",7,-2.14748107726032
"GSE23878","CRC","FGFR_AXIS","FGF1",7,-1.88080459545413
"GSE23878","CRC","FGFR_AXIS","FGF2",7,-1.71314617597512
"GSE23878","CRC","FGFR_AXIS","FGF7",7,-1.75803863117309
"GSE23878","CRC","FGFR_AXIS","FGF10",7,-1.77570864076384
"GSE23878","CRC","HGF_MET_AXIS","MET",2,-0.303607610054471
"GSE23878","CRC","HGF_MET_AXIS","MST1R",2,0.0971457334594424
"GSE23878","CRC","HGF_MET_AXIS","HGF",2,0.632545918585209
"GSE23878","CRC","IGF_INSR_AXIS","IGF1R",2,-1.27777917332998
"GSE23878","CRC","IGF_INSR_AXIS","INSR",2,-0.928862991006748
"GSE23878","CRC","IGF_INSR_AXIS","IGF1",2,-0.26002749000054
"GSE23878","CRC","JAK_STAT","JAK1",8,-0.380396507964338
"GSE23878","CRC","JAK_STAT","JAK2",8,-0.227705851984485
"GSE23878","CRC","JAK_STAT","JAK3",8,-0.4087626299094
"GSE23878","CRC","JAK_STAT","TYK2",8,-0.529469311631379
"GSE23878","CRC","JAK_STAT","STAT1",8,-0.386082975240773
"GSE23878","CRC","JAK_STAT","STAT3",8,-0.43317519863218
"GSE23878","CRC","JAK_STAT","STAT5A",8,-0.335507528386901
"GSE23878","CRC","JAK_STAT","STAT5B",8,-0.378576880109485
"GSE23878","CRC","JAK_STAT","STAT6",8,-0.436643651799734
"GSE23878","CRC","PDGFR_KIT_CSF1R","PDGFRA",4,-1.2425269431269
"GSE23878","CRC","PDGFR_KIT_CSF1R","PDGFRB",4,-1.81132538939992
"GSE23878","CRC","PDGFR_KIT_CSF1R","KIT",4,-0.722352562705167
"GSE23878","CRC","PDGFR_KIT_CSF1R","CSF1R",4,-0.976184493211275
"GSE23878","CRC","PDGFR_KIT_CSF1R","FLT3",4,-0.936577861005422
"GSE23878","CRC","PI3K_AKT","PIK3CA",8,0.0818866390794963
"GSE23878","CRC","PI3K_AKT","PIK3CB",8,-0.195602170053627
"GSE23878","CRC","PI3K_AKT","PIK3CD",8,-0.0399157706902574
"GSE23878","CRC","PI3K_AKT","AKT1",8,-0.166554344984523
"GSE23878","CRC","PI3K_AKT","AKT2",8,-0.35929743674157
"GSE23878","CRC","PI3K_AKT","PDPK1",8,-0.138748070960742
"GSE23878","CRC","PI3K_AKT","MTOR",8,-0.0850386897746927
"GSE23878","CRC","PI3K_AKT","RPTOR",8,-0.225621606976762
"GSE23878","CRC","PI3K_AKT","RPS6KB1",8,-0.0889627336456353
"GSE23878","CRC","RAS_MAPK","KRAS",11,0.168072473609768
"GSE23878","CRC","RAS_MAPK","NRAS",11,-0.00600126046711053
"GSE23878","CRC","RAS_MAPK","HRAS",11,-0.247376519732155
"GSE23878","CRC","RAS_MAPK","BRAF",11,0.0405233224931886
"GSE23878","CRC","RAS_MAPK","RAF1",11,0.0171022325342594
"GSE23878","CRC","RAS_MAPK","MAP2K1",11,-0.0953046176987983
"GSE23878","CRC","RAS_MAPK","MAP2K2",11,-0.0757398245218033
"GSE23878","CRC","RAS_MAPK","MAPK1",11,0.121600944143991
"GSE23878","CRC","RAS_MAPK","MAPK3",11,0.0878985594459849
"GSE23878","CRC","RAS_MAPK","DUSP6",11,0.0472748044857638
"GSE23878","CRC","RAS_MAPK","ETV4",11,-0.407324441117335
"GSE23878","CRC","RAS_MAPK","ETV5",11,-0.147175939255492
"GSE23878","CRC","RET_ALK_NTRK","RET",5,-0.652931615380865
"GSE23878","CRC","RET_ALK_NTRK","ALK",5,-0.783119494359553
"GSE23878","CRC","RET_ALK_NTRK","ROS1",5,-0.848794682255635
"GSE23878","CRC","RET_ALK_NTRK","NTRK1",5,-0.667598761392953
"GSE23878","CRC","RET_ALK_NTRK","NTRK2",5,-0.493299425600045
"GSE23878","CRC","RET_ALK_NTRK","NTRK3",5,-0.678470810431742
"GSE23878","CRC","SRC_FAK","SRC",4,-0.803058873035498
"GSE23878","CRC","SRC_FAK","FYN",4,-0.191362530721912
"GSE23878","CRC","SRC_FAK","YES1",4,-0.233088737830839
"GSE23878","CRC","SRC_FAK","PTK2",4,-0.831170413494592
"GSE23878","CRC","SRC_FAK","PTK2B",4,-0.187698464289055
"GSE23878","CRC","TAM_AXL_AXIS","AXL",2,0.229613891530208
"GSE23878","CRC","TAM_AXL_AXIS","TYRO3",2,-1.27457607274804
"GSE23878","CRC","TAM_AXL_AXIS","MERTK",2,-0.0652838346409976
"GSE23878","CRC","TGFB_SMAD","TGFB1",4,-0.973560120224732
"GSE23878","CRC","TGFB_SMAD","TGFBR1",4,-0.953121260054814
"GSE23878","CRC","TGFB_SMAD","TGFBR2",4,-0.829180682505518
"GSE23878","CRC","TGFB_SMAD","SMAD2",4,-0.597985275920425
"GSE23878","CRC","TGFB_SMAD","SMAD3",4,-0.83437811246196
"GSE23878","CRC","TIE_ANGPT_AXIS","TEK",2,0.246815740953397
"GSE23878","CRC","TIE_ANGPT_AXIS","ANGPT1",2,0.03139345950804
"GSE23878","CRC","TIE_ANGPT_AXIS","ANGPT2",2,-1.42102452855247
"GSE23878","CRC","VEGF_PDGF_AXIS","FLT1",8,0.51292965580923
"GSE23878","CRC","VEGF_PDGF_AXIS","KDR",8,0.549128221523625
"GSE23878","CRC","VEGF_PDGF_AXIS","FLT4",8,0.5202289228092
"GSE23878","CRC","VEGF_PDGF_AXIS","VEGFA",8,0.354146139100011
"GSE23878","CRC","VEGF_PDGF_AXIS","VEGFB",8,0.478956741710939
"GSE23878","CRC","VEGF_PDGF_AXIS","VEGFC",8,0.628983489512204
"GSE23878","CRC","VEGF_PDGF_AXIS","PGF",8,0.286362463374848
"GSE23878","CRC","VEGF_PDGF_AXIS","PDGFA",8,0.529240497143735
"GSE23878","CRC","VEGF_PDGF_AXIS","PDGFB",8,0.459071864668538
"GSE23878","CRC","WNT_CTNNB1","CTNNB1",3,2.4521366443205
"GSE23878","CRC","WNT_CTNNB1","AXIN2",3,1.55310575771438
"GSE23878","CRC","WNT_CTNNB1","MYC",3,1.87071142538301
"GSE23878","CRC","WNT_CTNNB1","CCND1",3,1.38850233069476
"GSE75214","IBD","EPH_RECEPTORS","EPHA1",3,-0.677890607903635
"GSE75214","IBD","EPH_RECEPTORS","EPHA2",3,-1.23096167754577
"GSE75214","IBD","EPH_RECEPTORS","EPHB2",3,-0.554333697923385
"GSE75214","IBD","EPH_RECEPTORS","EPHB4",3,-0.484642958166433
"GSE75214","IBD","ERBB_LIGANDS","EGF",5,0.711164987673549
"GSE75214","IBD","ERBB_LIGANDS","TGFA",5,0.687733867197674
"GSE75214","IBD","ERBB_LIGANDS","AREG",5,0.40495649624959
"GSE75214","IBD","ERBB_LIGANDS","EREG",5,0.497423369899549
"GSE75214","IBD","ERBB_LIGANDS","HBEGF",5,0.519033043525438
"GSE75214","IBD","ERBB_LIGANDS","NRG1",5,0.0655793954595884
"GSE75214","IBD","ERBB_RECEPTORS","EGFR",3,-1.43856746398847
"GSE75214","IBD","ERBB_RECEPTORS","ERBB2",3,-1.11461286476925
"GSE75214","IBD","ERBB_RECEPTORS","ERBB3",3,-1.38465075119217
"GSE75214","IBD","ERBB_RECEPTORS","ERBB4",3,-1.38794755255924
"GSE75214","IBD","FGFR_AXIS","FGFR1",7,-0.441386116219989
"GSE75214","IBD","FGFR_AXIS","FGFR2",7,0.427760571827625
"GSE75214","IBD","FGFR_AXIS","FGFR3",7,0.431861832488964
"GSE75214","IBD","FGFR_AXIS","FGFR4",7,0.113162799956838
"GSE75214","IBD","FGFR_AXIS","FGF1",7,-0.165294436994332
"GSE75214","IBD","FGFR_AXIS","FGF2",7,-0.654745171115285
"GSE75214","IBD","FGFR_AXIS","FGF7",7,-0.767443126157623
"GSE75214","IBD","FGFR_AXIS","FGF10",7,-0.618497172956569
"GSE75214","IBD","HGF_MET_AXIS","MET",2,2.0175805927283
"GSE75214","IBD","HGF_MET_AXIS","MST1R",2,2.15544146090725
"GSE75214","IBD","HGF_MET_AXIS","HGF",2,0.703722628538568
"GSE75214","IBD","IGF_INSR_AXIS","IGF1R",2,-0.750612865920322
"GSE75214","IBD","IGF_INSR_AXIS","INSR",2,-0.557438933516785
"GSE75214","IBD","IGF_INSR_AXIS","IGF1",2,-1.77068599276454
"GSE75214","IBD","JAK_STAT","JAK1",8,2.03498186973148
"GSE75214","IBD","JAK_STAT","JAK2",8,2.03571811962368
"GSE75214","IBD","JAK_STAT","JAK3",8,2.17801535530543
"GSE75214","IBD","JAK_STAT","TYK2",8,2.20239931190901
"GSE75214","IBD","JAK_STAT","STAT1",8,2.07509475940226
"GSE75214","IBD","JAK_STAT","STAT3",8,2.0249475977647
"GSE75214","IBD","JAK_STAT","STAT5A",8,2.30387642797128
"GSE75214","IBD","JAK_STAT","STAT5B",8,2.40282632300831
"GSE75214","IBD","JAK_STAT","STAT6",8,2.47662925514983
"GSE75214","IBD","PDGFR_KIT_CSF1R","PDGFRA",3,1.44300707650045
"GSE75214","IBD","PDGFR_KIT_CSF1R","KIT",3,1.34679923636035
"GSE75214","IBD","PDGFR_KIT_CSF1R","CSF1R",3,1.4586757201141
"GSE75214","IBD","PDGFR_KIT_CSF1R","FLT3",3,1.66693674814794
"GSE75214","IBD","PI3K_AKT","PIK3CA",8,-0.458697887982553
"GSE75214","IBD","PI3K_AKT","PIK3CB",8,-0.269155462044187
"GSE75214","IBD","PI3K_AKT","PIK3CD",8,-0.617814705434561
"GSE75214","IBD","PI3K_AKT","AKT1",8,-0.0361935449616865
"GSE75214","IBD","PI3K_AKT","AKT2",8,-0.347828299773942
"GSE75214","IBD","PI3K_AKT","PDPK1",8,0.047478722989923
"GSE75214","IBD","PI3K_AKT","MTOR",8,-0.495357595017245
"GSE75214","IBD","PI3K_AKT","RPTOR",8,-0.00207145550558518
"GSE75214","IBD","PI3K_AKT","RPS6KB1",8,-0.354422657353362
"GSE75214","IBD","RAS_MAPK","KRAS",9,0.538887568466547
"GSE75214","IBD","RAS_MAPK","NRAS",9,0.295796182444529
"GSE75214","IBD","RAS_MAPK","HRAS",9,0.443506620998824
"GSE75214","IBD","RAS_MAPK","MAP2K1",9,0.068296620665237
"GSE75214","IBD","RAS_MAPK","MAP2K2",9,0.431127882393865
"GSE75214","IBD","RAS_MAPK","MAPK1",9,0.43557146477501
"GSE75214","IBD","RAS_MAPK","MAPK3",9,0.536488310375475
"GSE75214","IBD","RAS_MAPK","DUSP6",9,0.108929245285875
"GSE75214","IBD","RAS_MAPK","ETV4",9,0.166310876046806
"GSE75214","IBD","RAS_MAPK","ETV5",9,-0.00491422657360028
"GSE75214","IBD","SRC_FAK","SRC",4,0.594541696091797
"GSE75214","IBD","SRC_FAK","FYN",4,-0.273750527834511
"GSE75214","IBD","SRC_FAK","YES1",4,0.252954367041186
"GSE75214","IBD","SRC_FAK","PTK2",4,0.997678997209863
"GSE75214","IBD","SRC_FAK","PTK2B",4,-0.207208058734821
"GSE75214","IBD","TAM_AXL_AXIS","AXL",2,0.460803730026877
"GSE75214","IBD","TAM_AXL_AXIS","TYRO3",2,0.536563699093461
"GSE75214","IBD","TAM_AXL_AXIS","MERTK",2,0.297013174629139
"GSE75214","IBD","TGFB_SMAD","TGFB1",4,0.685538859080222
"GSE75214","IBD","TGFB_SMAD","TGFBR1",4,1.02629461072517
"GSE75214","IBD","TGFB_SMAD","TGFBR2",4,0.782797112469788
"GSE75214","IBD","TGFB_SMAD","SMAD2",4,1.62092628148697
"GSE75214","IBD","TGFB_SMAD","SMAD3",4,0.932569126557553
"GSE75214","IBD","TIE_ANGPT_AXIS","TEK",2,0.94337968314679
"GSE75214","IBD","TIE_ANGPT_AXIS","ANGPT1",2,1.6543687182307
"GSE75214","IBD","TIE_ANGPT_AXIS","ANGPT2",2,0.7572968269113
"GSE75214","IBD","VEGF_PDGF_AXIS","FLT1",8,0.868345860690223
"GSE75214","IBD","VEGF_PDGF_AXIS","KDR",8,0.868270001719523
"GSE75214","IBD","VEGF_PDGF_AXIS","FLT4",8,1.16814340518128
"GSE75214","IBD","VEGF_PDGF_AXIS","VEGFA",8,0.87407977553668
"GSE75214","IBD","VEGF_PDGF_AXIS","VEGFB",8,1.24347956760847
"GSE75214","IBD","VEGF_PDGF_AXIS","VEGFC",8,1.07294655227593
"GSE75214","IBD","VEGF_PDGF_AXIS","PGF",8,1.05003748415023
"GSE75214","IBD","VEGF_PDGF_AXIS","PDGFA",8,1.24547840947511
"GSE75214","IBD","VEGF_PDGF_AXIS","PDGFB",8,1.12029797217286
"GSE75214","IBD","WNT_CTNNB1","CTNNB1",3,-1.14788563969987
"GSE75214","IBD","WNT_CTNNB1","AXIN2",3,0.146659272125333
"GSE75214","IBD","WNT_CTNNB1","MYC",3,-0.55169265941318
"GSE75214","IBD","WNT_CTNNB1","CCND1",3,-0.528329173944532
"GSE87473","IBD","EPH_RECEPTORS","EPHA1",3,0.333900141489535
"GSE87473","IBD","EPH_RECEPTORS","EPHA2",3,-0.394940797300215
"GSE87473","IBD","EPH_RECEPTORS","EPHB2",3,0.272581742351299
"GSE87473","IBD","EPH_RECEPTORS","EPHB4",3,0.285181786017044
"GSE87473","IBD","ERBB_LIGANDS","EGF",5,0.857623488117243
"GSE87473","IBD","ERBB_LIGANDS","TGFA",5,1.21730964651388
"GSE87473","IBD","ERBB_LIGANDS","AREG",5,0.561165016729844
"GSE87473","IBD","ERBB_LIGANDS","EREG",5,0.884734418930955
"GSE87473","IBD","ERBB_LIGANDS","HBEGF",5,0.799763370494496
"GSE87473","IBD","ERBB_LIGANDS","NRG1",5,0.571142790067611
"GSE87473","IBD","ERBB_RECEPTORS","EGFR",3,-1.39986798536454
"GSE87473","IBD","ERBB_RECEPTORS","ERBB2",3,-1.20387919464122
"GSE87473","IBD","ERBB_RECEPTORS","ERBB3",3,-0.741413109357868
"GSE87473","IBD","ERBB_RECEPTORS","ERBB4",3,-0.854588142849697
"GSE87473","IBD","FGFR_AXIS","FGFR1",7,-1.06083475004962
"GSE87473","IBD","FGFR_AXIS","FGFR2",7,0.154268431354323
"GSE87473","IBD","FGFR_AXIS","FGFR3",7,0.0861040244158463
"GSE87473","IBD","FGFR_AXIS","FGFR4",7,-0.222537116562253
"GSE87473","IBD","FGFR_AXIS","FGF1",7,-0.693302313606355
"GSE87473","IBD","FGFR_AXIS","FGF2",7,-0.723227970482304
"GSE87473","IBD","FGFR_AXIS","FGF7",7,-0.985399937097166
"GSE87473","IBD","FGFR_AXIS","FGF10",7,-0.743841361052609
"GSE87473","IBD","HGF_MET_AXIS","MET",2,0.660250355257747
"GSE87473","IBD","HGF_MET_AXIS","MST1R",2,1.63042277216677
"GSE87473","IBD","HGF_MET_AXIS","HGF",2,0.402478387506947
"GSE87473","IBD","IGF_INSR_AXIS","IGF1R",2,-1.27813769122228
"GSE87473","IBD","IGF_INSR_AXIS","INSR",2,-0.023521440979375
"GSE87473","IBD","IGF_INSR_AXIS","IGF1",2,-0.908376743460099
"GSE87473","IBD","JAK_STAT","JAK1",8,1.86268287638066
"GSE87473","IBD","JAK_STAT","JAK2",8,1.81756774424535
"GSE87473","IBD","JAK_STAT","JAK3",8,1.78073798813204
"GSE87473","IBD","JAK_STAT","TYK2",8,2.11602567719443
"GSE87473","IBD","JAK_STAT","STAT1",8,1.88018822974284
"GSE87473","IBD","JAK_STAT","STAT3",8,1.72790326245359
"GSE87473","IBD","JAK_STAT","STAT5A",8,2.0495891874922
"GSE87473","IBD","JAK_STAT","STAT5B",8,2.00616954319013
"GSE87473","IBD","JAK_STAT","STAT6",8,2.12995061104766
"GSE87473","IBD","PDGFR_KIT_CSF1R","PDGFRA",4,1.28081215575955
"GSE87473","IBD","PDGFR_KIT_CSF1R","PDGFRB",4,0.978989226377182
"GSE87473","IBD","PDGFR_KIT_CSF1R","KIT",4,1.15470484780818
"GSE87473","IBD","PDGFR_KIT_CSF1R","CSF1R",4,1.00545630691777
"GSE87473","IBD","PDGFR_KIT_CSF1R","FLT3",4,0.779246199547037
"GSE87473","IBD","PI3K_AKT","PIK3CA",8,0.0151746920445939
"GSE87473","IBD","PI3K_AKT","PIK3CB",8,0.114882720551395
"GSE87473","IBD","PI3K_AKT","PIK3CD",8,-0.421644614573648
"GSE87473","IBD","PI3K_AKT","AKT1",8,0.239285396537935
"GSE87473","IBD","PI3K_AKT","AKT2",8,0.0133091818986142
"GSE87473","IBD","PI3K_AKT","PDPK1",8,0.41713145343551
"GSE87473","IBD","PI3K_AKT","MTOR",8,0.336530374236393
"GSE87473","IBD","PI3K_AKT","RPTOR",8,0.335665871406148
"GSE87473","IBD","PI3K_AKT","RPS6KB1",8,0.0714375124905326
"GSE87473","IBD","RAS_MAPK","KRAS",11,-0.477862943733803
"GSE87473","IBD","RAS_MAPK","NRAS",11,-0.432671276240045
"GSE87473","IBD","RAS_MAPK","HRAS",11,-0.440094085773693
"GSE87473","IBD","RAS_MAPK","BRAF",11,-0.516593230361487
"GSE87473","IBD","RAS_MAPK","RAF1",11,-0.541538570982503
"GSE87473","IBD","RAS_MAPK","MAP2K1",11,-0.543012577431101
"GSE87473","IBD","RAS_MAPK","MAP2K2",11,-0.46286844619249
"GSE87473","IBD","RAS_MAPK","MAPK1",11,-0.575075379278525
"GSE87473","IBD","RAS_MAPK","MAPK3",11,-0.2885453708577
"GSE87473","IBD","RAS_MAPK","DUSP6",11,-0.670210633181768
"GSE87473","IBD","RAS_MAPK","ETV4",11,-0.463207427599946
"GSE87473","IBD","RAS_MAPK","ETV5",11,-0.530565046534363
"GSE87473","IBD","RET_ALK_NTRK","RET",5,-0.555657425673353
"GSE87473","IBD","RET_ALK_NTRK","ALK",5,-0.594087944472661
"GSE87473","IBD","RET_ALK_NTRK","ROS1",5,-0.3661183739054
"GSE87473","IBD","RET_ALK_NTRK","NTRK1",5,-0.890334819952474
"GSE87473","IBD","RET_ALK_NTRK","NTRK2",5,-0.532144195664457
"GSE87473","IBD","RET_ALK_NTRK","NTRK3",5,-0.511486615815032
"GSE87473","IBD","SRC_FAK","SRC",4,0.116670847219911
"GSE87473","IBD","SRC_FAK","FYN",4,-0.31947883917273
"GSE87473","IBD","SRC_FAK","YES1",4,0.601166828983156
"GSE87473","IBD","SRC_FAK","PTK2",4,0.602841805541666
"GSE87473","IBD","SRC_FAK","PTK2B",4,0.163878663370396
"GSE87473","IBD","TAM_AXL_AXIS","AXL",2,0.536533747688899
"GSE87473","IBD","TAM_AXL_AXIS","TYRO3",2,0.161956484278718
"GSE87473","IBD","TAM_AXL_AXIS","MERTK",2,0.561009036460647
"GSE87473","IBD","TGFB_SMAD","TGFB1",4,0.446400740968446
"GSE87473","IBD","TGFB_SMAD","TGFBR1",4,1.2551444955807
"GSE87473","IBD","TGFB_SMAD","TGFBR2",4,0.909484779942468
"GSE87473","IBD","TGFB_SMAD","SMAD2",4,1.60775911220538
"GSE87473","IBD","TGFB_SMAD","SMAD3",4,0.776152169997404
"GSE87473","IBD","TIE_ANGPT_AXIS","TEK",2,0.558639219381874
"GSE87473","IBD","TIE_ANGPT_AXIS","ANGPT1",2,1.5222192513869
"GSE87473","IBD","TIE_ANGPT_AXIS","ANGPT2",2,0.406638783085102
"GSE87473","IBD","VEGF_PDGF_AXIS","FLT1",8,0.501208476280353
"GSE87473","IBD","VEGF_PDGF_AXIS","KDR",8,0.294869786908018
"GSE87473","IBD","VEGF_PDGF_AXIS","FLT4",8,0.515862211682317
"GSE87473","IBD","VEGF_PDGF_AXIS","VEGFA",8,0.401456921476794
"GSE87473","IBD","VEGF_PDGF_AXIS","VEGFB",8,0.55146389206656
"GSE87473","IBD","VEGF_PDGF_AXIS","VEGFC",8,0.315546127741573
"GSE87473","IBD","VEGF_PDGF_AXIS","PGF",8,0.433404086756096
"GSE87473","IBD","VEGF_PDGF_AXIS","PDGFA",8,0.711813123338547
"GSE87473","IBD","VEGF_PDGF_AXIS","PDGFB",8,0.602838492534289
"GSE87473","IBD","WNT_CTNNB1","CTNNB1",3,0.503362635029208
"GSE87473","IBD","WNT_CTNNB1","AXIN2",3,0.970974420766335
"GSE87473","IBD","WNT_CTNNB1","MYC",3,0.716917105297189
"GSE87473","IBD","WNT_CTNNB1","CCND1",3,0.497512424550506
"GSE179285","IBD","EPH_RECEPTORS","EPHA1",3,0.706397657262198
"GSE179285","IBD","EPH_RECEPTORS","EPHA2",3,0.0671805845565411
"GSE179285","IBD","EPH_RECEPTORS","EPHB2",3,0.465006478305994
"GSE179285","IBD","EPH_RECEPTORS","EPHB4",3,0.25900654312267
"GSE179285","IBD","ERBB_LIGANDS","EGF",5,0.322856631361741
"GSE179285","IBD","ERBB_LIGANDS","TGFA",5,0.839779134919112
"GSE179285","IBD","ERBB_LIGANDS","AREG",5,0.27301604784034
"GSE179285","IBD","ERBB_LIGANDS","EREG",5,0.540476204202722
"GSE179285","IBD","ERBB_LIGANDS","HBEGF",5,0.242501351467799
"GSE179285","IBD","ERBB_LIGANDS","NRG1",5,0.15748708921552
"GSE179285","IBD","ERBB_RECEPTORS","EGFR",3,-1.11726596870115
"GSE179285","IBD","ERBB_RECEPTORS","ERBB2",3,-1.18767679568429
"GSE179285","IBD","ERBB_RECEPTORS","ERBB3",3,-0.955131364256875
"GSE179285","IBD","ERBB_RECEPTORS","ERBB4",3,-0.968920114084099
"GSE179285","IBD","FGFR_AXIS","FGFR1",7,-0.113839458530167
"GSE179285","IBD","FGFR_AXIS","FGFR2",7,0.662176444799251
"GSE179285","IBD","FGFR_AXIS","FGFR3",7,0.772849007503866
"GSE179285","IBD","FGFR_AXIS","FGFR4",7,0.470442195599135
"GSE179285","IBD","FGFR_AXIS","FGF1",7,0.154289411241984
"GSE179285","IBD","FGFR_AXIS","FGF2",7,-0.225854471505592
"GSE179285","IBD","FGFR_AXIS","FGF7",7,-0.0530468615550025
"GSE179285","IBD","FGFR_AXIS","FGF10",7,0.0400517811551959
"GSE179285","IBD","HGF_MET_AXIS","MET",2,0.872100694836485
"GSE179285","IBD","HGF_MET_AXIS","MST1R",2,1.35891696207884
"GSE179285","IBD","HGF_MET_AXIS","HGF",2,0.619726095877295
"GSE179285","IBD","IGF_INSR_AXIS","IGF1R",3,-0.0959675859698872
"GSE179285","IBD","IGF_INSR_AXIS","INSR",3,0.00205108754159422
"GSE179285","IBD","IGF_INSR_AXIS","IGF1",3,-0.265984165088299
"GSE179285","IBD","IGF_INSR_AXIS","IGF2",3,-0.559013935900346
"GSE179285","IBD","JAK_STAT","JAK1",8,1.2395113139253
"GSE179285","IBD","JAK_STAT","JAK2",8,1.2424603135615
"GSE179285","IBD","JAK_STAT","JAK3",8,1.30255617320171
"GSE179285","IBD","JAK_STAT","TYK2",8,1.30913455137278
"GSE179285","IBD","JAK_STAT","STAT1",8,1.2466728710171
"GSE179285","IBD","JAK_STAT","STAT3",8,1.27664911847061
"GSE179285","IBD","JAK_STAT","STAT5A",8,1.23239068163928
"GSE179285","IBD","JAK_STAT","STAT5B",8,1.32507450496561
"GSE179285","IBD","JAK_STAT","STAT6",8,1.32087444426983
"GSE179285","IBD","PDGFR_KIT_CSF1R","PDGFRA",4,1.01893492480368
"GSE179285","IBD","PDGFR_KIT_CSF1R","PDGFRB",4,0.858535666471154
"GSE179285","IBD","PDGFR_KIT_CSF1R","KIT",4,1.04587308604967
"GSE179285","IBD","PDGFR_KIT_CSF1R","CSF1R",4,1.05594236694814
"GSE179285","IBD","PDGFR_KIT_CSF1R","FLT3",4,1.23940024381414
"GSE179285","IBD","PI3K_AKT","PIK3CA",8,0.0247336761434335
"GSE179285","IBD","PI3K_AKT","PIK3CB",8,0.0962233868038768
"GSE179285","IBD","PI3K_AKT","PIK3CD",8,-0.171457924117887
"GSE179285","IBD","PI3K_AKT","AKT1",8,0.0600453040639627
"GSE179285","IBD","PI3K_AKT","AKT2",8,-0.0353936328932057
"GSE179285","IBD","PI3K_AKT","PDPK1",8,0.360305451212678
"GSE179285","IBD","PI3K_AKT","MTOR",8,-0.102406734593198
"GSE179285","IBD","PI3K_AKT","RPTOR",8,0.149361482618205
"GSE179285","IBD","PI3K_AKT","RPS6KB1",8,-0.0406397234629562
"GSE179285","IBD","RAS_MAPK","KRAS",11,0.163022673652573
"GSE179285","IBD","RAS_MAPK","NRAS",11,0.159077510263643
"GSE179285","IBD","RAS_MAPK","HRAS",11,0.163117321836642
"GSE179285","IBD","RAS_MAPK","BRAF",11,0.139187308121773
"GSE179285","IBD","RAS_MAPK","RAF1",11,0.245986957978612
"GSE179285","IBD","RAS_MAPK","MAP2K1",11,-0.0638194727733035
"GSE179285","IBD","RAS_MAPK","MAP2K2",11,0.232853429564962
"GSE179285","IBD","RAS_MAPK","MAPK1",11,0.0468795618785357
"GSE179285","IBD","RAS_MAPK","MAPK3",11,0.270102419372377
"GSE179285","IBD","RAS_MAPK","DUSP6",11,-0.0373421125990884
"GSE179285","IBD","RAS_MAPK","ETV4",11,-0.0163317657257313
"GSE179285","IBD","RAS_MAPK","ETV5",11,-0.0225517654138784
"GSE179285","IBD","RET_ALK_NTRK","RET",5,0.414209149713422
"GSE179285","IBD","RET_ALK_NTRK","ALK",5,0.234883301243025
"GSE179285","IBD","RET_ALK_NTRK","ROS1",5,0.598161054596009
"GSE179285","IBD","RET_ALK_NTRK","NTRK1",5,0.103379257899264
"GSE179285","IBD","RET_ALK_NTRK","NTRK2",5,0.655355616644403
"GSE179285","IBD","RET_ALK_NTRK","NTRK3",5,0.391244121361129
"GSE179285","IBD","SRC_FAK","SRC",4,0.629856218352006
"GSE179285","IBD","SRC_FAK","FYN",4,-0.0563234999065378
"GSE179285","IBD","SRC_FAK","YES1",4,0.485332174357617
"GSE179285","IBD","SRC_FAK","PTK2",4,0.434842898129347
"GSE179285","IBD","SRC_FAK","PTK2B",4,0.484041426267427
"GSE179285","IBD","TAM_AXL_AXIS","AXL",2,0.671723123208679
"GSE179285","IBD","TAM_AXL_AXIS","TYRO3",2,0.0844221558832254
"GSE179285","IBD","TAM_AXL_AXIS","MERTK",2,0.714416541032667
"GSE179285","IBD","TGFB_SMAD","TGFB1",4,0.590339042152285
"GSE179285","IBD","TGFB_SMAD","TGFBR1",4,0.720431189504548
"GSE179285","IBD","TGFB_SMAD","TGFBR2",4,0.487009224143699
"GSE179285","IBD","TGFB_SMAD","SMAD2",4,1.03255188493377
"GSE179285","IBD","TGFB_SMAD","SMAD3",4,1.07354458176682
"GSE179285","IBD","TIE_ANGPT_AXIS","TEK",2,0.96353970049843
"GSE179285","IBD","TIE_ANGPT_AXIS","ANGPT1",2,1.53331836673217
"GSE179285","IBD","TIE_ANGPT_AXIS","ANGPT2",2,0.836031529767271
"GSE179285","IBD","VEGF_PDGF_AXIS","FLT1",8,1.4090378315479
"GSE179285","IBD","VEGF_PDGF_AXIS","KDR",8,1.41820372283071
"GSE179285","IBD","VEGF_PDGF_AXIS","FLT4",8,1.30578262106196
"GSE179285","IBD","VEGF_PDGF_AXIS","VEGFA",8,1.4374405773279
"GSE179285","IBD","VEGF_PDGF_AXIS","VEGFB",8,1.52022440778916
"GSE179285","IBD","VEGF_PDGF_AXIS","VEGFC",8,1.41465757200071
"GSE179285","IBD","VEGF_PDGF_AXIS","PGF",8,1.44089366560289
"GSE179285","IBD","VEGF_PDGF_AXIS","PDGFA",8,1.4815630981011
"GSE179285","IBD","VEGF_PDGF_AXIS","PDGFB",8,1.41440641591245
"GSE179285","IBD","WNT_CTNNB1","CTNNB1",3,0.263565184752062
"GSE179285","IBD","WNT_CTNNB1","AXIN2",3,0.41749654862353
"GSE179285","IBD","WNT_CTNNB1","MYC",3,0.473863776071849
"GSE179285","IBD","WNT_CTNNB1","CCND1",3,-0.0730661858523016
"GSE4302","Asthma","EPH_RECEPTORS","EPHA1",3,0.518870839818736
"GSE4302","Asthma","EPH_RECEPTORS","EPHA2",3,0.688072337668812
"GSE4302","Asthma","EPH_RECEPTORS","EPHB2",3,0.480786837674836
"GSE4302","Asthma","EPH_RECEPTORS","EPHB4",3,0.237383209843532
"GSE4302","Asthma","ERBB_LIGANDS","EGF",5,-0.0804768754946265
"GSE4302","Asthma","ERBB_LIGANDS","TGFA",5,-0.333563220209365
"GSE4302","Asthma","ERBB_LIGANDS","AREG",5,-0.0765985074888179
"GSE4302","Asthma","ERBB_LIGANDS","EREG",5,-0.122671622527915
"GSE4302","Asthma","ERBB_LIGANDS","HBEGF",5,-0.228913251752599
"GSE4302","Asthma","ERBB_LIGANDS","NRG1",5,-0.320944015148947
"GSE4302","Asthma","ERBB_RECEPTORS","EGFR",3,-0.261437191003437
"GSE4302","Asthma","ERBB_RECEPTORS","ERBB2",3,-0.112884191060123
"GSE4302","Asthma","ERBB_RECEPTORS","ERBB3",3,-0.0296339439605207
"GSE4302","Asthma","ERBB_RECEPTORS","ERBB4",3,-0.0695886182565309
"GSE4302","Asthma","FGFR_AXIS","FGFR1",7,0.201017443561972
"GSE4302","Asthma","FGFR_AXIS","FGFR2",7,0.379417068426749
"GSE4302","Asthma","FGFR_AXIS","FGFR3",7,0.371480940931066
"GSE4302","Asthma","FGFR_AXIS","FGFR4",7,0.10798343052732
"GSE4302","Asthma","FGFR_AXIS","FGF1",7,0.395023077275374
"GSE4302","Asthma","FGFR_AXIS","FGF2",7,0.424414696779354
"GSE4302","Asthma","FGFR_AXIS","FGF7",7,0.476166359850041
"GSE4302","Asthma","FGFR_AXIS","FGF10",7,0.361998920230476
"GSE4302","Asthma","HGF_MET_AXIS","MET",2,-0.15166511716705
"GSE4302","Asthma","HGF_MET_AXIS","MST1R",2,-0.352228288723253
"GSE4302","Asthma","HGF_MET_AXIS","HGF",2,0.127301110096378
"GSE4302","Asthma","IGF_INSR_AXIS","IGF1R",2,-0.729930315104617
"GSE4302","Asthma","IGF_INSR_AXIS","INSR",2,-0.188715026701036
"GSE4302","Asthma","IGF_INSR_AXIS","IGF1",2,-0.523335402758864
"GSE4302","Asthma","JAK_STAT","JAK1",8,-0.0332488138362321
"GSE4302","Asthma","JAK_STAT","JAK2",8,0.312516032884797
"GSE4302","Asthma","JAK_STAT","JAK3",8,-0.0836169811821614
"GSE4302","Asthma","JAK_STAT","TYK2",8,0.0724080592989725
"GSE4302","Asthma","JAK_STAT","STAT1",8,0.0512346571177837
"GSE4302","Asthma","JAK_STAT","STAT3",8,-0.0346691524238188
"GSE4302","Asthma","JAK_STAT","STAT5A",8,0.0420414970541357
"GSE4302","Asthma","JAK_STAT","STAT5B",8,0.0255567609371689
"GSE4302","Asthma","JAK_STAT","STAT6",8,0.210794937377026
"GSE4302","Asthma","PDGFR_KIT_CSF1R","PDGFRA",4,0.709382200096354
"GSE4302","Asthma","PDGFR_KIT_CSF1R","PDGFRB",4,0.545175513261298
"GSE4302","Asthma","PDGFR_KIT_CSF1R","KIT",4,0.0902621383718074
"GSE4302","Asthma","PDGFR_KIT_CSF1R","CSF1R",4,0.432940121807774
"GSE4302","Asthma","PDGFR_KIT_CSF1R","FLT3",4,0.560331916831503
"GSE4302","Asthma","PI3K_AKT","PIK3CA",8,0.567465770078474
"GSE4302","Asthma","PI3K_AKT","PIK3CB",8,0.373701395912573
"GSE4302","Asthma","PI3K_AKT","PIK3CD",8,0.349197451309887
"GSE4302","Asthma","PI3K_AKT","AKT1",8,0.306819932648137
"GSE4302","Asthma","PI3K_AKT","AKT2",8,0.52966182068151
"GSE4302","Asthma","PI3K_AKT","PDPK1",8,0.425448079306846
"GSE4302","Asthma","PI3K_AKT","MTOR",8,0.547166755999877
"GSE4302","Asthma","PI3K_AKT","RPTOR",8,0.424940079847339
"GSE4302","Asthma","PI3K_AKT","RPS6KB1",8,0.429040406010912
"GSE4302","Asthma","RAS_MAPK","KRAS",11,0.621560297949741
"GSE4302","Asthma","RAS_MAPK","NRAS",11,0.550667271427477
"GSE4302","Asthma","RAS_MAPK","HRAS",11,0.49562732412885
"GSE4302","Asthma","RAS_MAPK","BRAF",11,0.665004519938217
"GSE4302","Asthma","RAS_MAPK","RAF1",11,0.659121643531102
"GSE4302","Asthma","RAS_MAPK","MAP2K1",11,0.637601617127641
"GSE4302","Asthma","RAS_MAPK","MAP2K2",11,0.574967159338888
"GSE4302","Asthma","RAS_MAPK","MAPK1",11,0.672770064826252
"GSE4302","Asthma","RAS_MAPK","MAPK3",11,0.524068387486787
"GSE4302","Asthma","RAS_MAPK","DUSP6",11,0.779287939129278
"GSE4302","Asthma","RAS_MAPK","ETV4",11,0.494198906047462
"GSE4302","Asthma","RAS_MAPK","ETV5",11,0.546843662753561
"GSE4302","Asthma","RET_ALK_NTRK","RET",5,0.117693094637514
"GSE4302","Asthma","RET_ALK_NTRK","ALK",5,0.101177315843974
"GSE4302","Asthma","RET_ALK_NTRK","ROS1",5,0.101598036921653
"GSE4302","Asthma","RET_ALK_NTRK","NTRK1",5,-0.119230136520364
"GSE4302","Asthma","RET_ALK_NTRK","NTRK2",5,-0.0424493063819844
"GSE4302","Asthma","RET_ALK_NTRK","NTRK3",5,0.100941851711653
"GSE4302","Asthma","SRC_FAK","SRC",4,0.331670080658848
"GSE4302","Asthma","SRC_FAK","FYN",4,0.435893196600994
"GSE4302","Asthma","SRC_FAK","YES1",4,0.447744445651037
"GSE4302","Asthma","SRC_FAK","PTK2",4,0.83265787857484
"GSE4302","Asthma","SRC_FAK","PTK2B",4,0.533690408095538
"GSE4302","Asthma","TAM_AXL_AXIS","AXL",2,0.591480285112935
"GSE4302","Asthma","TAM_AXL_AXIS","TYRO3",2,0.272110229159036
"GSE4302","Asthma","TAM_AXL_AXIS","MERTK",2,0.343051138929679
"GSE4302","Asthma","TGFB_SMAD","TGFB1",4,-0.0275079384421846
"GSE4302","Asthma","TGFB_SMAD","TGFBR1",4,0.254704015149182
"GSE4302","Asthma","TGFB_SMAD","TGFBR2",4,0.103926698273494
"GSE4302","Asthma","TGFB_SMAD","SMAD2",4,0.261245966958913
"GSE4302","Asthma","TGFB_SMAD","SMAD3",4,0.356496898105916
"GSE4302","Asthma","TIE_ANGPT_AXIS","TEK",2,-0.445767591245016
"GSE4302","Asthma","TIE_ANGPT_AXIS","ANGPT1",2,-0.109308402556513
"GSE4302","Asthma","TIE_ANGPT_AXIS","ANGPT2",2,-0.34772819295891
"GSE4302","Asthma","VEGF_PDGF_AXIS","FLT1",8,0.0259741645057996
"GSE4302","Asthma","VEGF_PDGF_AXIS","KDR",8,0.0378460396135073
"GSE4302","Asthma","VEGF_PDGF_AXIS","FLT4",8,-0.209859887591388
"GSE4302","Asthma","VEGF_PDGF_AXIS","VEGFA",8,0.121474814556321
"GSE4302","Asthma","VEGF_PDGF_AXIS","VEGFB",8,-0.150737401325134
"GSE4302","Asthma","VEGF_PDGF_AXIS","VEGFC",8,-0.128703471593193
"GSE4302","Asthma","VEGF_PDGF_AXIS","PGF",8,-0.150293930588922
"GSE4302","Asthma","VEGF_PDGF_AXIS","PDGFA",8,-0.170751419455074
"GSE4302","Asthma","VEGF_PDGF_AXIS","PDGFB",8,-0.187369724470341
"GSE4302","Asthma","WNT_CTNNB1","CTNNB1",3,-0.0307145320682751
"GSE4302","Asthma","WNT_CTNNB1","AXIN2",3,-0.304840503343752
"GSE4302","Asthma","WNT_CTNNB1","MYC",3,-0.407745262637313
"GSE4302","Asthma","WNT_CTNNB1","CCND1",3,-0.160350202566024
"GSE43696","Asthma","EPH_RECEPTORS","EPHA1",3,-0.1186615129522
"GSE43696","Asthma","EPH_RECEPTORS","EPHA2",3,0.286065932678927
"GSE43696","Asthma","EPH_RECEPTORS","EPHB2",3,0.117014691037169
"GSE43696","Asthma","EPH_RECEPTORS","EPHB4",3,-0.00264185207062165
"GSE43696","Asthma","ERBB_LIGANDS","EGF",5,-0.374480832231034
"GSE43696","Asthma","ERBB_LIGANDS","TGFA",5,-0.41093606202757
"GSE43696","Asthma","ERBB_LIGANDS","AREG",5,-0.277332324862692
"GSE43696","Asthma","ERBB_LIGANDS","EREG",5,-0.291164693287965
"GSE43696","Asthma","ERBB_LIGANDS","HBEGF",5,-0.400384523414893
"GSE43696","Asthma","ERBB_LIGANDS","NRG1",5,-0.204476350437085
"GSE43696","Asthma","ERBB_RECEPTORS","EGFR",3,-0.393914841292991
"GSE43696","Asthma","ERBB_RECEPTORS","ERBB2",3,-0.00506960845244493
"GSE43696","Asthma","ERBB_RECEPTORS","ERBB3",3,-0.38889203441037
"GSE43696","Asthma","ERBB_RECEPTORS","ERBB4",3,-0.53103434377892
"GSE43696","Asthma","FGFR_AXIS","FGFR1",7,-0.363177496185384
"GSE43696","Asthma","FGFR_AXIS","FGFR2",7,0.235292830171012
"GSE43696","Asthma","FGFR_AXIS","FGFR3",7,-0.0670147212218919
"GSE43696","Asthma","FGFR_AXIS","FGFR4",7,-0.295196526624457
"GSE43696","Asthma","FGFR_AXIS","FGF1",7,0.000501673826072409
"GSE43696","Asthma","FGFR_AXIS","FGF2",7,-0.0935318862204278
"GSE43696","Asthma","FGFR_AXIS","FGF7",7,-0.176828066674916
"GSE43696","Asthma","FGFR_AXIS","FGF10",7,-0.0215860243444771
"GSE43696","Asthma","HGF_MET_AXIS","MET",2,0.317975583091552
"GSE43696","Asthma","HGF_MET_AXIS","MST1R",2,-0.114242973604358
"GSE43696","Asthma","HGF_MET_AXIS","HGF",2,-0.227825246085249
"GSE43696","Asthma","IGF_INSR_AXIS","IGF1R",3,-0.344548618216962
"GSE43696","Asthma","IGF_INSR_AXIS","INSR",3,0.0985397037295921
"GSE43696","Asthma","IGF_INSR_AXIS","IGF1",3,-0.403171092097224
"GSE43696","Asthma","IGF_INSR_AXIS","IGF2",3,-0.569518667850272
"GSE43696","Asthma","JAK_STAT","JAK1",8,-0.350739546264383
"GSE43696","Asthma","JAK_STAT","JAK2",8,-0.291171931686249
"GSE43696","Asthma","JAK_STAT","JAK3",8,-0.481255614822859
"GSE43696","Asthma","JAK_STAT","TYK2",8,-0.509505848413156
"GSE43696","Asthma","JAK_STAT","STAT1",8,-0.560518003248599
"GSE43696","Asthma","JAK_STAT","STAT3",8,-0.312125947889691
"GSE43696","Asthma","JAK_STAT","STAT5A",8,-0.612295830217695
"GSE43696","Asthma","JAK_STAT","STAT5B",8,-0.521009372691304
"GSE43696","Asthma","JAK_STAT","STAT6",8,-0.407849510753036
"GSE43696","Asthma","PDGFR_KIT_CSF1R","PDGFRA",4,0.116054356442693
"GSE43696","Asthma","PDGFR_KIT_CSF1R","PDGFRB",4,0.390738494185307
"GSE43696","Asthma","PDGFR_KIT_CSF1R","KIT",4,-0.286277008082685
"GSE43696","Asthma","PDGFR_KIT_CSF1R","CSF1R",4,0.369070004793776
"GSE43696","Asthma","PDGFR_KIT_CSF1R","FLT3",4,0.0343181530218234
"GSE43696","Asthma","PI3K_AKT","PIK3CA",8,0.203575019507053
"GSE43696","Asthma","PI3K_AKT","PIK3CB",8,0.0575806219591317
"GSE43696","Asthma","PI3K_AKT","PIK3CD",8,0.225809924919793
"GSE43696","Asthma","PI3K_AKT","AKT1",8,0.2175902488055
"GSE43696","Asthma","PI3K_AKT","AKT2",8,0.162157839503216
"GSE43696","Asthma","PI3K_AKT","PDPK1",8,0.22118165619946
"GSE43696","Asthma","PI3K_AKT","MTOR",8,0.0675428990275266
"GSE43696","Asthma","PI3K_AKT","RPTOR",8,0.234932163414289
"GSE43696","Asthma","PI3K_AKT","RPS6KB1",8,0.291382047169013
"GSE43696","Asthma","RAS_MAPK","KRAS",11,0.0964727863572948
"GSE43696","Asthma","RAS_MAPK","NRAS",11,0.0373763561554534
"GSE43696","Asthma","RAS_MAPK","HRAS",11,0.0656497857852013
"GSE43696","Asthma","RAS_MAPK","BRAF",11,0.0824468664878918
"GSE43696","Asthma","RAS_MAPK","RAF1",11,0.0850249442211078
"GSE43696","Asthma","RAS_MAPK","MAP2K1",11,0.169224461185279
"GSE43696","Asthma","RAS_MAPK","MAP2K2",11,0.0229437167224502
"GSE43696","Asthma","RAS_MAPK","MAPK1",11,0.230145912741871
"GSE43696","Asthma","RAS_MAPK","MAPK3",11,0.125938781511267
"GSE43696","Asthma","RAS_MAPK","DUSP6",11,0.166195643470164
"GSE43696","Asthma","RAS_MAPK","ETV4",11,0.0496715085614865
"GSE43696","Asthma","RAS_MAPK","ETV5",11,0.156804030200237
"GSE43696","Asthma","RET_ALK_NTRK","RET",5,0.372408406046253
"GSE43696","Asthma","RET_ALK_NTRK","ALK",5,0.624870109866878
"GSE43696","Asthma","RET_ALK_NTRK","ROS1",5,0.377511464857837
"GSE43696","Asthma","RET_ALK_NTRK","NTRK1",5,0.187786739842177
"GSE43696","Asthma","RET_ALK_NTRK","NTRK2",5,0.0250796084932615
"GSE43696","Asthma","RET_ALK_NTRK","NTRK3",5,0.366315928446594
"GSE43696","Asthma","SRC_FAK","SRC",4,-0.213454997702297
"GSE43696","Asthma","SRC_FAK","FYN",4,-0.0228736521827747
"GSE43696","Asthma","SRC_FAK","YES1",4,-0.148533406273966
"GSE43696","Asthma","SRC_FAK","PTK2",4,0.0742698984495303
"GSE43696","Asthma","SRC_FAK","PTK2B",4,-0.413619898944335
"GSE43696","Asthma","TAM_AXL_AXIS","AXL",2,0.477776162705818
"GSE43696","Asthma","TAM_AXL_AXIS","TYRO3",2,-0.189353867698413
"GSE43696","Asthma","TAM_AXL_AXIS","MERTK",2,0.173543250219003
"GSE43696","Asthma","TGFB_SMAD","TGFB1",4,-0.47638412001465
"GSE43696","Asthma","TGFB_SMAD","TGFBR1",4,-0.468985160357573
"GSE43696","Asthma","TGFB_SMAD","TGFBR2",4,-0.438975376889525
"GSE43696","Asthma","TGFB_SMAD","SMAD2",4,-0.255197314466574
"GSE43696","Asthma","TGFB_SMAD","SMAD3",4,-0.205120908953763
"GSE43696","Asthma","TIE_ANGPT_AXIS","TEK",2,0.272700543301392
"GSE43696","Asthma","TIE_ANGPT_AXIS","ANGPT1",2,-0.0319958983271039
"GSE43696","Asthma","TIE_ANGPT_AXIS","ANGPT2",2,0.25046688341657
"GSE43696","Asthma","VEGF_PDGF_AXIS","FLT1",8,-0.101227936269063
"GSE43696","Asthma","VEGF_PDGF_AXIS","KDR",8,-0.0306635173436621
"GSE43696","Asthma","VEGF_PDGF_AXIS","FLT4",8,-0.179750814190138
"GSE43696","Asthma","VEGF_PDGF_AXIS","VEGFA",8,0.228599231821592
"GSE43696","Asthma","VEGF_PDGF_AXIS","VEGFB",8,0.050920509081395
"GSE43696","Asthma","VEGF_PDGF_AXIS","VEGFC",8,0.00978712381996813
"GSE43696","Asthma","VEGF_PDGF_AXIS","PGF",8,-0.0653678218866938
"GSE43696","Asthma","VEGF_PDGF_AXIS","PDGFA",8,-0.0446690816510625
"GSE43696","Asthma","VEGF_PDGF_AXIS","PDGFB",8,-0.108607017534967
"GSE43696","Asthma","WNT_CTNNB1","CTNNB1",3,-0.70655403167897
"GSE43696","Asthma","WNT_CTNNB1","AXIN2",3,-0.430723029953022
"GSE43696","Asthma","WNT_CTNNB1","MYC",3,-0.581965593748084
"GSE43696","Asthma","WNT_CTNNB1","CCND1",3,-0.631058665211908
"GSE67472","Asthma","EPH_RECEPTORS","EPHA1",3,-0.130571590811524
"GSE67472","Asthma","EPH_RECEPTORS","EPHA2",3,0.144405185279004
"GSE67472","Asthma","EPH_RECEPTORS","EPHB2",3,0.183042444550694
"GSE67472","Asthma","EPH_RECEPTORS","EPHB4",3,-0.150323720479893
"GSE67472","Asthma","ERBB_LIGANDS","EGF",4,-0.196072789447487
"GSE67472","Asthma","ERBB_LIGANDS","TGFA",4,-0.242629980766152
"GSE67472","Asthma","ERBB_LIGANDS","EREG",4,-0.0988782386401992
"GSE67472","Asthma","ERBB_LIGANDS","HBEGF",4,-0.254536433097847
"GSE67472","Asthma","ERBB_LIGANDS","NRG1",4,-0.16958828884637
"GSE67472","Asthma","ERBB_RECEPTORS","EGFR",3,-0.34484196836623
"GSE67472","Asthma","ERBB_RECEPTORS","ERBB2",3,-0.512256800814939
"GSE67472","Asthma","ERBB_RECEPTORS","ERBB3",3,-0.258448317065853
"GSE67472","Asthma","ERBB_RECEPTORS","ERBB4",3,-0.450496518624645
"GSE67472","Asthma","FGFR_AXIS","FGFR1",7,-0.599930209125412
"GSE67472","Asthma","FGFR_AXIS","FGFR2",7,-0.208063316341321
"GSE67472","Asthma","FGFR_AXIS","FGFR3",7,-0.280002111999839
"GSE67472","Asthma","FGFR_AXIS","FGFR4",7,-0.414702917389645
"GSE67472","Asthma","FGFR_AXIS","FGF1",7,-0.414160961706109
"GSE67472","Asthma","FGFR_AXIS","FGF2",7,-0.361470721773595
"GSE67472","Asthma","FGFR_AXIS","FGF7",7,-0.25114471579501
"GSE67472","Asthma","FGFR_AXIS","FGF10",7,-0.314092205679951
"GSE67472","Asthma","HGF_MET_AXIS","MET",2,-0.132175897877029
"GSE67472","Asthma","HGF_MET_AXIS","MST1R",2,-0.273975383545083
"GSE67472","Asthma","HGF_MET_AXIS","HGF",2,-0.0510096013238918
"GSE67472","Asthma","IGF_INSR_AXIS","IGF1R",2,-1.08358604131134
"GSE67472","Asthma","IGF_INSR_AXIS","INSR",2,-0.543197080800529
"GSE67472","Asthma","IGF_INSR_AXIS","IGF1",2,-1.15667892887746
"GSE67472","Asthma","JAK_STAT","JAK1",8,0.0699440109691597
"GSE67472","Asthma","JAK_STAT","JAK2",8,0.164728763430827
"GSE67472","Asthma","JAK_STAT","JAK3",8,-0.0203292103133742
"GSE67472","Asthma","JAK_STAT","TYK2",8,0.0522557801298796
"GSE67472","Asthma","JAK_STAT","STAT1",8,0.0098130018421585
"GSE67472","Asthma","JAK_STAT","STAT3",8,-0.00732280385586288
"GSE67472","Asthma","JAK_STAT","STAT5A",8,-0.0199880878231012
"GSE67472","Asthma","JAK_STAT","STAT5B",8,0.0419193622826859
"GSE67472","Asthma","JAK_STAT","STAT6",8,0.13156448000788
"GSE67472","Asthma","PDGFR_KIT_CSF1R","PDGFRA",4,0.501465025504754
"GSE67472","Asthma","PDGFR_KIT_CSF1R","PDGFRB",4,0.74369620084835
"GSE67472","Asthma","PDGFR_KIT_CSF1R","KIT",4,0.182576815417287
"GSE67472","Asthma","PDGFR_KIT_CSF1R","CSF1R",4,0.592791171747502
"GSE67472","Asthma","PDGFR_KIT_CSF1R","FLT3",4,0.730096769962187
"GSE67472","Asthma","PI3K_AKT","PIK3CA",8,0.567974281140386
"GSE67472","Asthma","PI3K_AKT","PIK3CB",8,0.490030319271304
"GSE67472","Asthma","PI3K_AKT","PIK3CD",8,0.23125759378106
"GSE67472","Asthma","PI3K_AKT","AKT1",8,0.133834488807392
"GSE67472","Asthma","PI3K_AKT","AKT2",8,0.48849555528037
"GSE67472","Asthma","PI3K_AKT","PDPK1",8,0.506843910721133
"GSE67472","Asthma","PI3K_AKT","MTOR",8,0.290342555264821
"GSE67472","Asthma","PI3K_AKT","RPTOR",8,0.394880634121367
"GSE67472","Asthma","PI3K_AKT","RPS6KB1",8,0.342528915841836
"GSE67472","Asthma","RAS_MAPK","KRAS",11,0.191035525381445
"GSE67472","Asthma","RAS_MAPK","NRAS",11,0.170723042624554
"GSE67472","Asthma","RAS_MAPK","HRAS",11,0.220381124484795
"GSE67472","Asthma","RAS_MAPK","BRAF",11,0.437830999013989
"GSE67472","Asthma","RAS_MAPK","RAF1",11,0.393652209466905
"GSE67472","Asthma","RAS_MAPK","MAP2K1",11,0.328735589057213
"GSE67472","Asthma","RAS_MAPK","MAP2K2",11,0.343540863058996
"GSE67472","Asthma","RAS_MAPK","MAPK1",11,0.329670219299727
"GSE67472","Asthma","RAS_MAPK","MAPK3",11,0.335715574810176
"GSE67472","Asthma","RAS_MAPK","DUSP6",11,0.527435539772231
"GSE67472","Asthma","RAS_MAPK","ETV4",11,0.348504701495981
"GSE67472","Asthma","RAS_MAPK","ETV5",11,0.327416929154909
"GSE67472","Asthma","RET_ALK_NTRK","RET",5,-0.0475906897148168
"GSE67472","Asthma","RET_ALK_NTRK","ALK",5,-0.0683357909040585
"GSE67472","Asthma","RET_ALK_NTRK","ROS1",5,-0.142002593028277
"GSE67472","Asthma","RET_ALK_NTRK","NTRK1",5,-0.172593006582708
"GSE67472","Asthma","RET_ALK_NTRK","NTRK2",5,-0.345441933771306
"GSE67472","Asthma","RET_ALK_NTRK","NTRK3",5,-0.0585535988622491
"GSE67472","Asthma","SRC_FAK","SRC",4,0.337823502906695
"GSE67472","Asthma","SRC_FAK","FYN",4,0.178067103294395
"GSE67472","Asthma","SRC_FAK","YES1",4,0.0546977770344843
"GSE67472","Asthma","SRC_FAK","PTK2",4,0.435607536790969
"GSE67472","Asthma","SRC_FAK","PTK2B",4,0.185151604787471
"GSE67472","Asthma","TAM_AXL_AXIS","AXL",2,0.0796488526003564
"GSE67472","Asthma","TAM_AXL_AXIS","TYRO3",2,-0.0080081199851044
"GSE67472","Asthma","TAM_AXL_AXIS","MERTK",2,-0.0761289674778666
"GSE67472","Asthma","TGFB_SMAD","TGFB1",4,-0.0849255676390766
"GSE67472","Asthma","TGFB_SMAD","TGFBR1",4,-0.0112143734649963
"GSE67472","Asthma","TGFB_SMAD","TGFBR2",4,0.217904739933115
"GSE67472","Asthma","TGFB_SMAD","SMAD2",4,0.345690763490804
"GSE67472","Asthma","TGFB_SMAD","SMAD3",4,0.411150437339406
"GSE67472","Asthma","TIE_ANGPT_AXIS","TEK",2,-0.514851815455515
"GSE67472","Asthma","TIE_ANGPT_AXIS","ANGPT1",2,-0.538520845664411
"GSE67472","Asthma","TIE_ANGPT_AXIS","ANGPT2",2,-0.194594644654955
"GSE67472","Asthma","VEGF_PDGF_AXIS","FLT1",8,-0.311153555284999
"GSE67472","Asthma","VEGF_PDGF_AXIS","KDR",8,-0.333721724976609
"GSE67472","Asthma","VEGF_PDGF_AXIS","FLT4",8,-0.337477251034968
"GSE67472","Asthma","VEGF_PDGF_AXIS","VEGFA",8,-0.154922032906984
"GSE67472","Asthma","VEGF_PDGF_AXIS","VEGFB",8,-0.314126946940388
"GSE67472","Asthma","VEGF_PDGF_AXIS","VEGFC",8,-0.311322814925711
"GSE67472","Asthma","VEGF_PDGF_AXIS","PGF",8,-0.357636446141122
"GSE67472","Asthma","VEGF_PDGF_AXIS","PDGFA",8,-0.277000734045489
"GSE67472","Asthma","VEGF_PDGF_AXIS","PDGFB",8,-0.293341988506334
"GSE67472","Asthma","WNT_CTNNB1","CTNNB1",3,-0.429613850394455
"GSE67472","Asthma","WNT_CTNNB1","AXIN2",3,-0.691779802703337
"GSE67472","Asthma","WNT_CTNNB1","MYC",3,-0.597830002904723
"GSE67472","Asthma","WNT_CTNNB1","CCND1",3,-0.412363079677444
"GSE27342","STAD","EPH_RECEPTORS","EPHA1",3,0.470471966813302
"GSE27342","STAD","EPH_RECEPTORS","EPHA2",3,0.586029741594994
"GSE27342","STAD","EPH_RECEPTORS","EPHB2",3,0.421796562463873
"GSE27342","STAD","EPH_RECEPTORS","EPHB4",3,0.491149729323725
"GSE27342","STAD","ERBB_LIGANDS","EGF",5,0.116235929420623
"GSE27342","STAD","ERBB_LIGANDS","TGFA",5,0.111405410692394
"GSE27342","STAD","ERBB_LIGANDS","AREG",5,0.0911919875375653
"GSE27342","STAD","ERBB_LIGANDS","EREG",5,0.0440234997102051
"GSE27342","STAD","ERBB_LIGANDS","HBEGF",5,0.180387440681931
"GSE27342","STAD","ERBB_LIGANDS","NRG1",5,0.162809929299366
"GSE27342","STAD","ERBB_RECEPTORS","EGFR",3,0.280767235376337
"GSE27342","STAD","ERBB_RECEPTORS","ERBB2",3,0.203252194442098
"GSE27342","STAD","ERBB_RECEPTORS","ERBB3",3,0.274614888078194
"GSE27342","STAD","ERBB_RECEPTORS","ERBB4",3,0.243454134090741
"GSE27342","STAD","FGFR_AXIS","FGFR1",4,0.281636797924092
"GSE27342","STAD","FGFR_AXIS","FGFR3",4,0.197701626960361
"GSE27342","STAD","FGFR_AXIS","FGFR4",4,0.048363744022378
"GSE27342","STAD","FGFR_AXIS","FGF1",4,0.143218447768555
"GSE27342","STAD","FGFR_AXIS","FGF10",4,0.282719517277888
"GSE27342","STAD","HGF_MET_AXIS","MET",2,0.322417017143255
"GSE27342","STAD","HGF_MET_AXIS","MST1R",2,0.543640729845744
"GSE27342","STAD","HGF_MET_AXIS","HGF",2,0.230487101802303
"GSE27342","STAD","IGF_INSR_AXIS","IGF1R",3,0.289840992536368
"GSE27342","STAD","IGF_INSR_AXIS","INSR",3,0.162345319739647
"GSE27342","STAD","IGF_INSR_AXIS","IGF1",3,0.130897739037852
"GSE27342","STAD","IGF_INSR_AXIS","IGF2",3,0.111806311334921
"GSE27342","STAD","JAK_STAT","JAK1",6,0.293293900240276
"GSE27342","STAD","JAK_STAT","JAK2",6,0.296458364690113
"GSE27342","STAD","JAK_STAT","JAK3",6,0.266593545614337
"GSE27342","STAD","JAK_STAT","TYK2",6,0.270073385451776
"GSE27342","STAD","JAK_STAT","STAT1",6,0.24476306849026
"GSE27342","STAD","JAK_STAT","STAT3",6,0.27212242791578
"GSE27342","STAD","JAK_STAT","STAT6",6,0.2918833090554
"GSE27342","STAD","PDGFR_KIT_CSF1R","PDGFRB",3,-0.15790636833338
"GSE27342","STAD","PDGFR_KIT_CSF1R","KIT",3,0.299138070683336
"GSE27342","STAD","PDGFR_KIT_CSF1R","CSF1R",3,0.0457744622601032
"GSE27342","STAD","PDGFR_KIT_CSF1R","FLT3",3,0.109697824449016
"GSE27342","STAD","PI3K_AKT","PIK3CA",7,0.232405524913683
"GSE27342","STAD","PI3K_AKT","PIK3CB",7,0.209660228373203
"GSE27342","STAD","PI3K_AKT","PIK3CD",7,0.226067413833071
"GSE27342","STAD","PI3K_AKT","AKT1",7,0.231095062080589
"GSE27342","STAD","PI3K_AKT","AKT2",7,0.203132858831771
"GSE27342","STAD","PI3K_AKT","MTOR",7,0.211870471387838
"GSE27342","STAD","PI3K_AKT","RPTOR",7,0.224892895000795
"GSE27342","STAD","PI3K_AKT","RPS6KB1",7,0.232706611143401
"GSE27342","STAD","RAS_MAPK","NRAS",7,0.206986527309792
"GSE27342","STAD","RAS_MAPK","HRAS",7,0.220589924228866
"GSE27342","STAD","RAS_MAPK","BRAF",7,0.222835945004912
"GSE27342","STAD","RAS_MAPK","RAF1",7,0.27015466450425
"GSE27342","STAD","RAS_MAPK","MAPK1",7,0.247424284098676
"GSE27342","STAD","RAS_MAPK","MAPK3",7,0.274825158320873
"GSE27342","STAD","RAS_MAPK","ETV4",7,0.114568882754548
"GSE27342","STAD","RAS_MAPK","ETV5",7,0.215681279688178
"GSE27342","STAD","RET_ALK_NTRK","RET",5,-0.291197025123997
"GSE27342","STAD","RET_ALK_NTRK","ALK",5,-0.420247669377641
"GSE27342","STAD","RET_ALK_NTRK","ROS1",5,-0.481428416861695
"GSE27342","STAD","RET_ALK_NTRK","NTRK1",5,-0.179098169802399
"GSE27342","STAD","RET_ALK_NTRK","NTRK2",5,-0.449427617872783
"GSE27342","STAD","RET_ALK_NTRK","NTRK3",5,-0.376112597250873
"GSE27342","STAD","SRC_FAK","SRC",3,0.177355708993409
"GSE27342","STAD","SRC_FAK","YES1",3,0.191140672269153
"GSE27342","STAD","SRC_FAK","PTK2",3,0.145659520566919
"GSE27342","STAD","SRC_FAK","PTK2B",3,0.227501028476345
"GSE27342","STAD","TGFB_SMAD","TGFB1",4,0.116693444854856
"GSE27342","STAD","TGFB_SMAD","TGFBR1",4,0.154983797243794
"GSE27342","STAD","TGFB_SMAD","TGFBR2",4,0.202237349328115
"GSE27342","STAD","TGFB_SMAD","SMAD2",4,0.197225056425565
"GSE27342","STAD","TGFB_SMAD","SMAD3",4,0.1767997925977
"GSE27342","STAD","TIE_ANGPT_AXIS","TEK",2,0.0591991537741778
"GSE27342","STAD","TIE_ANGPT_AXIS","ANGPT1",2,0.288415395529935
"GSE27342","STAD","TIE_ANGPT_AXIS","ANGPT2",2,-0.116107560590545
"GSE27342","STAD","VEGF_PDGF_AXIS","FLT1",8,0.216905589245607
"GSE27342","STAD","VEGF_PDGF_AXIS","KDR",8,0.231778907908132
"GSE27342","STAD","VEGF_PDGF_AXIS","FLT4",8,0.292517937097678
"GSE27342","STAD","VEGF_PDGF_AXIS","VEGFA",8,0.236501712407246
"GSE27342","STAD","VEGF_PDGF_AXIS","VEGFB",8,0.270433143812052
"GSE27342","STAD","VEGF_PDGF_AXIS","VEGFC",8,0.21012587853466
"GSE27342","STAD","VEGF_PDGF_AXIS","PGF",8,0.144337406708129
"GSE27342","STAD","VEGF_PDGF_AXIS","PDGFA",8,0.265815259322004
"GSE27342","STAD","VEGF_PDGF_AXIS","PDGFB",8,0.177855170078151
"GSE27342","STAD","WNT_CTNNB1","CTNNB1",3,0.123254207922329
"GSE27342","STAD","WNT_CTNNB1","AXIN2",3,0.199853339626555
"GSE27342","STAD","WNT_CTNNB1","MYC",3,0.208634140983244
"GSE27342","STAD","WNT_CTNNB1","CCND1",3,0.207603967798685
"GSE63089","STAD","EPH_RECEPTORS","EPHA1",3,1.82834026110472
"GSE63089","STAD","EPH_RECEPTORS","EPHA2",3,1.75278238353063
"GSE63089","STAD","EPH_RECEPTORS","EPHB2",3,1.40466688994567
"GSE63089","STAD","EPH_RECEPTORS","EPHB4",3,1.48199593143512
"GSE63089","STAD","ERBB_LIGANDS","EGF",5,0.659382516790111
"GSE63089","STAD","ERBB_LIGANDS","TGFA",5,0.471195864188322
"GSE63089","STAD","ERBB_LIGANDS","AREG",5,0.759144454912075
"GSE63089","STAD","ERBB_LIGANDS","EREG",5,0.422562094208882
"GSE63089","STAD","ERBB_LIGANDS","HBEGF",5,0.725018831431142
"GSE63089","STAD","ERBB_LIGANDS","NRG1",5,0.663030984038854
"GSE63089","STAD","ERBB_RECEPTORS","EGFR",3,0.46353466197461
"GSE63089","STAD","ERBB_RECEPTORS","ERBB2",3,0.331672193000369
"GSE63089","STAD","ERBB_RECEPTORS","ERBB3",3,0.352586934827195
"GSE63089","STAD","ERBB_RECEPTORS","ERBB4",3,0.80396706548785
"GSE63089","STAD","FGFR_AXIS","FGFR1",4,0.658533855566379
"GSE63089","STAD","FGFR_AXIS","FGFR3",4,0.517615749432219
"GSE63089","STAD","FGFR_AXIS","FGFR4",4,0.176251954995643
"GSE63089","STAD","FGFR_AXIS","FGF1",4,0.694303874235828
"GSE63089","STAD","FGFR_AXIS","FGF10",4,0.636283626332547
"GSE63089","STAD","HGF_MET_AXIS","MET",2,1.2419592441508
"GSE63089","STAD","HGF_MET_AXIS","MST1R",2,1.68225991681505
"GSE63089","STAD","HGF_MET_AXIS","HGF",2,0.79334859567407
"GSE63089","STAD","IGF_INSR_AXIS","IGF1R",2,0.780925547360504
"GSE63089","STAD","IGF_INSR_AXIS","INSR",2,0.523349518014764
"GSE63089","STAD","IGF_INSR_AXIS","IGF1",2,0.495656668700209
"GSE63089","STAD","JAK_STAT","JAK1",6,1.31213134350085
"GSE63089","STAD","JAK_STAT","JAK2",6,1.3050910799654
"GSE63089","STAD","JAK_STAT","JAK3",6,1.26948469885699
"GSE63089","STAD","JAK_STAT","TYK2",6,1.15701714056829
"GSE63089","STAD","JAK_STAT","STAT1",6,1.13042013160596
"GSE63089","STAD","JAK_STAT","STAT3",6,1.20997113202682
"GSE63089","STAD","JAK_STAT","STAT6",6,1.25813669569752
"GSE63089","STAD","PDGFR_KIT_CSF1R","PDGFRB",3,0.0863897467166477
"GSE63089","STAD","PDGFR_KIT_CSF1R","KIT",3,0.835901068496878
"GSE63089","STAD","PDGFR_KIT_CSF1R","CSF1R",3,0.454003765456909
"GSE63089","STAD","PDGFR_KIT_CSF1R","FLT3",3,0.430442619592155
"GSE63089","STAD","PI3K_AKT","PIK3CA",7,1.50410255396656
"GSE63089","STAD","PI3K_AKT","PIK3CB",7,1.40609247526291
"GSE63089","STAD","PI3K_AKT","PIK3CD",7,1.50982122695553
"GSE63089","STAD","PI3K_AKT","AKT1",7,1.44639864888071
"GSE63089","STAD","PI3K_AKT","AKT2",7,1.26910022924847
"GSE63089","STAD","PI3K_AKT","MTOR",7,1.44588183204434
"GSE63089","STAD","PI3K_AKT","RPTOR",7,1.39637725804612
"GSE63089","STAD","PI3K_AKT","RPS6KB1",7,1.46100739530162
"GSE63089","STAD","RAS_MAPK","NRAS",6,1.32834173025852
"GSE63089","STAD","RAS_MAPK","HRAS",6,1.2625654764743
"GSE63089","STAD","RAS_MAPK","RAF1",6,1.50409673863185
"GSE63089","STAD","RAS_MAPK","MAPK1",6,1.51559832057442
"GSE63089","STAD","RAS_MAPK","MAPK3",6,1.54914093685447
"GSE63089","STAD","RAS_MAPK","ETV4",6,1.05013317951361
"GSE63089","STAD","RAS_MAPK","ETV5",6,1.27505327268027
"GSE63089","STAD","RET_ALK_NTRK","RET",5,-0.0401221771026728
"GSE63089","STAD","RET_ALK_NTRK","ALK",5,0.00438473482331849
"GSE63089","STAD","RET_ALK_NTRK","ROS1",5,-0.169789475855135
"GSE63089","STAD","RET_ALK_NTRK","NTRK1",5,-0.12021592552802
"GSE63089","STAD","RET_ALK_NTRK","NTRK2",5,-0.101058029438002
"GSE63089","STAD","RET_ALK_NTRK","NTRK3",5,0.174550729328829
"GSE63089","STAD","SRC_FAK","SRC",3,1.28962838180011
"GSE63089","STAD","SRC_FAK","YES1",3,1.16558669151602
"GSE63089","STAD","SRC_FAK","PTK2",3,0.900637761684318
"GSE63089","STAD","SRC_FAK","PTK2B",3,1.48065580140468
"GSE63089","STAD","TGFB_SMAD","TGFB1",4,0.923391557512735
"GSE63089","STAD","TGFB_SMAD","TGFBR1",4,0.957555460323399
"GSE63089","STAD","TGFB_SMAD","TGFBR2",4,1.19753910317619
"GSE63089","STAD","TGFB_SMAD","SMAD2",4,1.14657799491813
"GSE63089","STAD","TGFB_SMAD","SMAD3",4,0.94606283916217
"GSE63089","STAD","TIE_ANGPT_AXIS","TEK",2,0.634417015263932
"GSE63089","STAD","TIE_ANGPT_AXIS","ANGPT1",2,1.18710587638481
"GSE63089","STAD","TIE_ANGPT_AXIS","ANGPT2",2,0.0843843001584806
"GSE63089","STAD","VEGF_PDGF_AXIS","FLT1",7,0.967085911664121
"GSE63089","STAD","VEGF_PDGF_AXIS","KDR",7,0.965481641771168
"GSE63089","STAD","VEGF_PDGF_AXIS","FLT4",7,0.994341471862555
"GSE63089","STAD","VEGF_PDGF_AXIS","VEGFA",7,0.976619663546102
"GSE63089","STAD","VEGF_PDGF_AXIS","VEGFB",7,1.06729610200815
"GSE63089","STAD","VEGF_PDGF_AXIS","VEGFC",7,0.933796787439966
"GSE63089","STAD","VEGF_PDGF_AXIS","PGF",7,0.77192675215961
"GSE63089","STAD","VEGF_PDGF_AXIS","PDGFB",7,0.911917462805376
"GSE63089","STAD","WNT_CTNNB1","CTNNB1",3,0.736356967582789
"GSE63089","STAD","WNT_CTNNB1","AXIN2",3,1.12913038676629
"GSE63089","STAD","WNT_CTNNB1","MYC",3,1.21390150836171
"GSE63089","STAD","WNT_CTNNB1","CCND1",3,1.03267442407632
"GSE13911","STAD","EPH_RECEPTORS","EPHA1",3,1.57478018828375
"GSE13911","STAD","EPH_RECEPTORS","EPHA2",3,1.29508276482215
"GSE13911","STAD","EPH_RECEPTORS","EPHB2",3,0.92314855950045
"GSE13911","STAD","EPH_RECEPTORS","EPHB4",3,0.862648267098902
"GSE13911","STAD","ERBB_LIGANDS","EGF",5,-0.873312710717823
"GSE13911","STAD","ERBB_LIGANDS","TGFA",5,-1.02587827874483
"GSE13911","STAD","ERBB_LIGANDS","AREG",5,-1.10107254000811
"GSE13911","STAD","ERBB_LIGANDS","EREG",5,-1.4965313244928
"GSE13911","STAD","ERBB_LIGANDS","HBEGF",5,-0.779935999925856
"GSE13911","STAD","ERBB_LIGANDS","NRG1",5,-0.874188282209162
"GSE13911","STAD","ERBB_RECEPTORS","EGFR",3,-0.688952033044359
"GSE13911","STAD","ERBB_RECEPTORS","ERBB2",3,-1.4480276980707
"GSE13911","STAD","ERBB_RECEPTORS","ERBB3",3,-1.01302606167173
"GSE13911","STAD","ERBB_RECEPTORS","ERBB4",3,-0.623861097616473
"GSE13911","STAD","FGFR_AXIS","FGFR1",7,-0.503688776185893
"GSE13911","STAD","FGFR_AXIS","FGFR2",7,-0.23562034750982
"GSE13911","STAD","FGFR_AXIS","FGFR3",7,-0.451460203848313
"GSE13911","STAD","FGFR_AXIS","FGFR4",7,-0.648049877264422
"GSE13911","STAD","FGFR_AXIS","FGF1",7,-0.431908636620514
"GSE13911","STAD","FGFR_AXIS","FGF2",7,-0.372732950724248
"GSE13911","STAD","FGFR_AXIS","FGF7",7,-0.37957577190662
"GSE13911","STAD","FGFR_AXIS","FGF10",7,-0.321427238045721
"GSE13911","STAD","HGF_MET_AXIS","MET",2,-0.256507236702421
"GSE13911","STAD","HGF_MET_AXIS","MST1R",2,0.722463898503128
"GSE13911","STAD","HGF_MET_AXIS","HGF",2,0.0503713771105106
"GSE13911","STAD","IGF_INSR_AXIS","IGF1R",2,-0.448949458405371
"GSE13911","STAD","IGF_INSR_AXIS","INSR",2,-0.378309983007111
"GSE13911","STAD","IGF_INSR_AXIS","IGF1",2,-0.412880445897268
"GSE13911","STAD","JAK_STAT","JAK1",8,0.7109753538011
"GSE13911","STAD","JAK_STAT","JAK2",8,0.836808721153757
"GSE13911","STAD","JAK_STAT","JAK3",8,0.696414708200076
"GSE13911","STAD","JAK_STAT","TYK2",8,0.654866605730353
"GSE13911","STAD","JAK_STAT","STAT1",8,0.457104149891829
"GSE13911","STAD","JAK_STAT","STAT3",8,0.472189968816461
"GSE13911","STAD","JAK_STAT","STAT5A",8,0.431943955134975
"GSE13911","STAD","JAK_STAT","STAT5B",8,0.619276553491546
"GSE13911","STAD","JAK_STAT","STAT6",8,0.571486104221087
"GSE13911","STAD","PDGFR_KIT_CSF1R","PDGFRA",4,-0.776633289319477
"GSE13911","STAD","PDGFR_KIT_CSF1R","PDGFRB",4,-1.64244042497335
"GSE13911","STAD","PDGFR_KIT_CSF1R","KIT",4,-0.64167077396348
"GSE13911","STAD","PDGFR_KIT_CSF1R","CSF1R",4,-1.08449268196133
"GSE13911","STAD","PDGFR_KIT_CSF1R","FLT3",4,-1.03481372082804
"GSE13911","STAD","PI3K_AKT","PIK3CA",8,0.378958657184701
"GSE13911","STAD","PI3K_AKT","PIK3CB",8,0.11683590841209
"GSE13911","STAD","PI3K_AKT","PIK3CD",8,0.476873105263542
"GSE13911","STAD","PI3K_AKT","AKT1",8,0.302137637722871
"GSE13911","STAD","PI3K_AKT","AKT2",8,0.476358282039341
"GSE13911","STAD","PI3K_AKT","PDPK1",8,0.101966272484123
"GSE13911","STAD","PI3K_AKT","MTOR",8,0.32723890323053
"GSE13911","STAD","PI3K_AKT","RPTOR",8,0.246215931720753
"GSE13911","STAD","PI3K_AKT","RPS6KB1",8,0.233819865501706
"GSE13911","STAD","RAS_MAPK","KRAS",11,0.868469319976332
"GSE13911","STAD","RAS_MAPK","NRAS",11,0.56597563453161
"GSE13911","STAD","RAS_MAPK","HRAS",11,0.418571494719454
"GSE13911","STAD","RAS_MAPK","BRAF",11,0.653304701539551
"GSE13911","STAD","RAS_MAPK","RAF1",11,0.8113935978396
"GSE13911","STAD","RAS_MAPK","MAP2K1",11,0.441557628885713
"GSE13911","STAD","RAS_MAPK","MAP2K2",11,0.672155609569793
"GSE13911","STAD","RAS_MAPK","MAPK1",11,0.721284474642753
"GSE13911","STAD","RAS_MAPK","MAPK3",11,0.956038683164881
"GSE13911","STAD","RAS_MAPK","DUSP6",11,0.427747514579048
"GSE13911","STAD","RAS_MAPK","ETV4",11,0.373749683362666
"GSE13911","STAD","RAS_MAPK","ETV5",11,0.790210873261029
"GSE13911","STAD","RET_ALK_NTRK","RET",5,-1.00761330909924
"GSE13911","STAD","RET_ALK_NTRK","ALK",5,-1.15523202040008
"GSE13911","STAD","RET_ALK_NTRK","ROS1",5,-1.04775132365479
"GSE13911","STAD","RET_ALK_NTRK","NTRK1",5,-0.822352290106584
"GSE13911","STAD","RET_ALK_NTRK","NTRK2",5,-1.13288033095492
"GSE13911","STAD","RET_ALK_NTRK","NTRK3",5,-0.779406236029292
"GSE13911","STAD","SRC_FAK","SRC",4,-0.418517839493174
"GSE13911","STAD","SRC_FAK","FYN",4,-0.2455929520906
"GSE13911","STAD","SRC_FAK","YES1",4,-0.262812642404733
"GSE13911","STAD","SRC_FAK","PTK2",4,-0.890163245617816
"GSE13911","STAD","SRC_FAK","PTK2B",4,-0.380233343675711
"GSE13911","STAD","TAM_AXL_AXIS","AXL",2,-0.501341552208739
"GSE13911","STAD","TAM_AXL_AXIS","TYRO3",2,-0.192871683491102
"GSE13911","STAD","TAM_AXL_AXIS","MERTK",2,-0.399958905824312
"GSE13911","STAD","TGFB_SMAD","TGFB1",4,-0.214787743162134
"GSE13911","STAD","TGFB_SMAD","TGFBR1",4,-0.555208493676541
"GSE13911","STAD","TGFB_SMAD","TGFBR2",4,-0.0640852889828854
"GSE13911","STAD","TGFB_SMAD","SMAD2",4,0.194893471776477
"GSE13911","STAD","TGFB_SMAD","SMAD3",4,0.057419347123659
"GSE13911","STAD","TIE_ANGPT_AXIS","TEK",2,0.107551592668941
"GSE13911","STAD","TIE_ANGPT_AXIS","ANGPT1",2,0.907800488362764
"GSE13911","STAD","TIE_ANGPT_AXIS","ANGPT2",2,-0.821186646618994
"GSE13911","STAD","VEGF_PDGF_AXIS","FLT1",8,0.429808037386446
"GSE13911","STAD","VEGF_PDGF_AXIS","KDR",8,0.353428680805482
"GSE13911","STAD","VEGF_PDGF_AXIS","FLT4",8,0.425933812170984
"GSE13911","STAD","VEGF_PDGF_AXIS","VEGFA",8,0.229382178467878
"GSE13911","STAD","VEGF_PDGF_AXIS","VEGFB",8,0.312467189271177
"GSE13911","STAD","VEGF_PDGF_AXIS","VEGFC",8,0.174853442008188
"GSE13911","STAD","VEGF_PDGF_AXIS","PGF",8,0.0561674774929867
"GSE13911","STAD","VEGF_PDGF_AXIS","PDGFA",8,0.195360686978855
"GSE13911","STAD","VEGF_PDGF_AXIS","PDGFB",8,0.299471232215034
"GSE13911","STAD","WNT_CTNNB1","CTNNB1",3,0.794903637684152
"GSE13911","STAD","WNT_CTNNB1","AXIN2",3,1.49115431464922
"GSE13911","STAD","WNT_CTNNB1","MYC",3,0.801689069678159
"GSE13911","STAD","WNT_CTNNB1","CCND1",3,1.11065738306911
"GSE15471","PAAD","EPH_RECEPTORS","EPHA1",3,0.158729244230431
"GSE15471","PAAD","EPH_RECEPTORS","EPHA2",3,-0.548780272981375
"GSE15471","PAAD","EPH_RECEPTORS","EPHB2",3,0.00638274796079783
"GSE15471","PAAD","EPH_RECEPTORS","EPHB4",3,-0.369018939760723
"GSE15471","PAAD","ERBB_LIGANDS","EGF",5,0.312349796471929
"GSE15471","PAAD","ERBB_LIGANDS","TGFA",5,-0.016036768174887
"GSE15471","PAAD","ERBB_LIGANDS","AREG",5,-0.106527236277728
"GSE15471","PAAD","ERBB_LIGANDS","EREG",5,-0.0821099444198421
"GSE15471","PAAD","ERBB_LIGANDS","HBEGF",5,0.0094652248931509
"GSE15471","PAAD","ERBB_LIGANDS","NRG1",5,0.441785764853195
"GSE15471","PAAD","ERBB_RECEPTORS","EGFR",3,0.012721352799166
"GSE15471","PAAD","ERBB_RECEPTORS","ERBB2",3,-0.410995867304396
"GSE15471","PAAD","ERBB_RECEPTORS","ERBB3",3,-0.259379062937566
"GSE15471","PAAD","ERBB_RECEPTORS","ERBB4",3,0.202783519555266
"GSE15471","PAAD","FGFR_AXIS","FGFR1",7,-0.0564515697634944
"GSE15471","PAAD","FGFR_AXIS","FGFR2",7,-0.0649373268931822
"GSE15471","PAAD","FGFR_AXIS","FGFR3",7,-0.10335685085505
"GSE15471","PAAD","FGFR_AXIS","FGFR4",7,-0.0827953354423758
"GSE15471","PAAD","FGFR_AXIS","FGF1",7,-0.325622728115825
"GSE15471","PAAD","FGFR_AXIS","FGF2",7,-0.264401505291627
"GSE15471","PAAD","FGFR_AXIS","FGF7",7,-0.326154408267208
"GSE15471","PAAD","FGFR_AXIS","FGF10",7,0.0125304602945121
"GSE15471","PAAD","HGF_MET_AXIS","MET",2,1.16848854620666
"GSE15471","PAAD","HGF_MET_AXIS","MST1R",2,1.18548783358287
"GSE15471","PAAD","HGF_MET_AXIS","HGF",2,0.948544850582669
"GSE15471","PAAD","IGF_INSR_AXIS","IGF1R",2,-0.0892318941107169
"GSE15471","PAAD","IGF_INSR_AXIS","INSR",2,0.195981762858251
"GSE15471","PAAD","IGF_INSR_AXIS","IGF1",2,-0.375804468661946
"GSE15471","PAAD","JAK_STAT","JAK1",8,0.769487040888696
"GSE15471","PAAD","JAK_STAT","JAK2",8,0.744454202284604
"GSE15471","PAAD","JAK_STAT","JAK3",8,0.845079984375965
"GSE15471","PAAD","JAK_STAT","TYK2",8,0.727377562579438
"GSE15471","PAAD","JAK_STAT","STAT1",8,0.734365649942989
"GSE15471","PAAD","JAK_STAT","STAT3",8,0.712207061757767
"GSE15471","PAAD","JAK_STAT","STAT5A",8,0.768418028479488
"GSE15471","PAAD","JAK_STAT","STAT5B",8,0.859503606534199
"GSE15471","PAAD","JAK_STAT","STAT6",8,0.744146693522216
"GSE15471","PAAD","PDGFR_KIT_CSF1R","PDGFRA",4,0.793232607124915
"GSE15471","PAAD","PDGFR_KIT_CSF1R","PDGFRB",4,0.613841707874239
"GSE15471","PAAD","PDGFR_KIT_CSF1R","KIT",4,1.06241094116114
"GSE15471","PAAD","PDGFR_KIT_CSF1R","CSF1R",4,0.886001574968296
"GSE15471","PAAD","PDGFR_KIT_CSF1R","FLT3",4,1.29691609840506
"GSE15471","PAAD","PI3K_AKT","PIK3CA",8,-0.168718022758507
"GSE15471","PAAD","PI3K_AKT","PIK3CB",8,0.100928454197894
"GSE15471","PAAD","PI3K_AKT","PIK3CD",8,0.0839354313725896
"GSE15471","PAAD","PI3K_AKT","AKT1",8,-0.00110391098992627
"GSE15471","PAAD","PI3K_AKT","AKT2",8,0.379805187272922
"GSE15471","PAAD","PI3K_AKT","PDPK1",8,0.380943972352779
"GSE15471","PAAD","PI3K_AKT","MTOR",8,0.192235807146313
"GSE15471","PAAD","PI3K_AKT","RPTOR",8,0.170364673605968
"GSE15471","PAAD","PI3K_AKT","RPS6KB1",8,0.0531120147152852
"GSE15471","PAAD","RAS_MAPK","KRAS",11,0.586196740532374
"GSE15471","PAAD","RAS_MAPK","NRAS",11,0.585787553509831
"GSE15471","PAAD","RAS_MAPK","HRAS",11,0.544971928450296
"GSE15471","PAAD","RAS_MAPK","BRAF",11,0.649771693619861
"GSE15471","PAAD","RAS_MAPK","RAF1",11,0.611707384508021
"GSE15471","PAAD","RAS_MAPK","MAP2K1",11,0.554648183727727
"GSE15471","PAAD","RAS_MAPK","MAP2K2",11,0.756233530645382
"GSE15471","PAAD","RAS_MAPK","MAPK1",11,0.660715828952238
"GSE15471","PAAD","RAS_MAPK","MAPK3",11,0.712954937678739
"GSE15471","PAAD","RAS_MAPK","DUSP6",11,0.548979052394525
"GSE15471","PAAD","RAS_MAPK","ETV4",11,0.624824226874592
"GSE15471","PAAD","RAS_MAPK","ETV5",11,0.626613168528
"GSE15471","PAAD","RET_ALK_NTRK","RET",5,-0.867899284629004
"GSE15471","PAAD","RET_ALK_NTRK","ALK",5,-0.890707420093508
"GSE15471","PAAD","RET_ALK_NTRK","ROS1",5,-0.869702820417771
"GSE15471","PAAD","RET_ALK_NTRK","NTRK1",5,-0.882054718569797
"GSE15471","PAAD","RET_ALK_NTRK","NTRK2",5,-0.986296573987827
"GSE15471","PAAD","RET_ALK_NTRK","NTRK3",5,-0.921044939687174
"GSE15471","PAAD","SRC_FAK","SRC",4,0.330693301712054
"GSE15471","PAAD","SRC_FAK","FYN",4,-0.744806981590193
"GSE15471","PAAD","SRC_FAK","YES1",4,-0.0434888230196519
"GSE15471","PAAD","SRC_FAK","PTK2",4,-1.19352753465746
"GSE15471","PAAD","SRC_FAK","PTK2B",4,0.274439347130687
"GSE15471","PAAD","TAM_AXL_AXIS","AXL",2,-0.625700883773429
"GSE15471","PAAD","TAM_AXL_AXIS","TYRO3",2,0.840533561804069
"GSE15471","PAAD","TAM_AXL_AXIS","MERTK",2,0.166252389531827
"GSE15471","PAAD","TGFB_SMAD","TGFB1",4,1.06278967089693
"GSE15471","PAAD","TGFB_SMAD","TGFBR1",4,0.997066519567096
"GSE15471","PAAD","TGFB_SMAD","TGFBR2",4,1.13271833325064
"GSE15471","PAAD","TGFB_SMAD","SMAD2",4,1.07820183522913
"GSE15471","PAAD","TGFB_SMAD","SMAD3",4,1.13513653060055
"GSE15471","PAAD","TIE_ANGPT_AXIS","TEK",2,0.593418315812234
"GSE15471","PAAD","TIE_ANGPT_AXIS","ANGPT1",2,0.451395181378776
"GSE15471","PAAD","TIE_ANGPT_AXIS","ANGPT2",2,0.226895903374518
"GSE15471","PAAD","VEGF_PDGF_AXIS","FLT1",8,0.236843522454845
"GSE15471","PAAD","VEGF_PDGF_AXIS","KDR",8,0.276080578114632
"GSE15471","PAAD","VEGF_PDGF_AXIS","FLT4",8,0.659900058185189
"GSE15471","PAAD","VEGF_PDGF_AXIS","VEGFA",8,0.295411100555959
"GSE15471","PAAD","VEGF_PDGF_AXIS","VEGFB",8,0.528652321747841
"GSE15471","PAAD","VEGF_PDGF_AXIS","VEGFC",8,0.171836463087369
"GSE15471","PAAD","VEGF_PDGF_AXIS","PGF",8,0.166893971450295
"GSE15471","PAAD","VEGF_PDGF_AXIS","PDGFA",8,0.696715304051622
"GSE15471","PAAD","VEGF_PDGF_AXIS","PDGFB",8,0.694837012826704
"GSE15471","PAAD","WNT_CTNNB1","CTNNB1",3,0.278126049208477
"GSE15471","PAAD","WNT_CTNNB1","AXIN2",3,1.0582062609896
"GSE15471","PAAD","WNT_CTNNB1","MYC",3,0.922905900241505
"GSE15471","PAAD","WNT_CTNNB1","CCND1",3,0.536259542276799
"GSE28735","PAAD","EPH_RECEPTORS","EPHA1",3,0.9545676613393
"GSE28735","PAAD","EPH_RECEPTORS","EPHA2",3,0.707165257269472
"GSE28735","PAAD","EPH_RECEPTORS","EPHB2",3,1.05252325698584
"GSE28735","PAAD","EPH_RECEPTORS","EPHB4",3,0.834412606666085
"GSE28735","PAAD","ERBB_LIGANDS","EGF",5,0.614054269537434
"GSE28735","PAAD","ERBB_LIGANDS","TGFA",5,0.211811937834329
"GSE28735","PAAD","ERBB_LIGANDS","AREG",5,0.312689620690834
"GSE28735","PAAD","ERBB_LIGANDS","EREG",5,0.354591622302355
"GSE28735","PAAD","ERBB_LIGANDS","HBEGF",5,0.37716139563606
"GSE28735","PAAD","ERBB_LIGANDS","NRG1",5,0.44941819516016
"GSE28735","PAAD","ERBB_RECEPTORS","EGFR",3,0.192499414553203
"GSE28735","PAAD","ERBB_RECEPTORS","ERBB2",3,-0.154802185820364
"GSE28735","PAAD","ERBB_RECEPTORS","ERBB3",3,0.0995032830815832
"GSE28735","PAAD","ERBB_RECEPTORS","ERBB4",3,0.790665746053715
"GSE28735","PAAD","FGFR_AXIS","FGFR1",7,-0.376550592704169
"GSE28735","PAAD","FGFR_AXIS","FGFR2",7,-0.540777778710291
"GSE28735","PAAD","FGFR_AXIS","FGFR3",7,-0.456628233888309
"GSE28735","PAAD","FGFR_AXIS","FGFR4",7,-0.457432718703813
"GSE28735","PAAD","FGFR_AXIS","FGF1",7,-0.781902187745557
"GSE28735","PAAD","FGFR_AXIS","FGF2",7,-0.553085939489211
"GSE28735","PAAD","FGFR_AXIS","FGF7",7,-0.500033884479039
"GSE28735","PAAD","FGFR_AXIS","FGF10",7,-0.374873748191817
"GSE28735","PAAD","HGF_MET_AXIS","MET",2,0.767683552800334
"GSE28735","PAAD","HGF_MET_AXIS","MST1R",2,0.68884969409922
"GSE28735","PAAD","HGF_MET_AXIS","HGF",2,1.70000761336958
"GSE28735","PAAD","IGF_INSR_AXIS","IGF1R",2,-0.763675772369565
"GSE28735","PAAD","IGF_INSR_AXIS","INSR",2,-0.694821493550125
"GSE28735","PAAD","IGF_INSR_AXIS","IGF1",2,-0.432652859919844
"GSE28735","PAAD","JAK_STAT","JAK1",8,0.402881618262503
"GSE28735","PAAD","JAK_STAT","JAK2",8,0.375778992316365
"GSE28735","PAAD","JAK_STAT","JAK3",8,0.396343076713354
"GSE28735","PAAD","JAK_STAT","TYK2",8,0.378536405382812
"GSE28735","PAAD","JAK_STAT","STAT1",8,0.312469078626796
"GSE28735","PAAD","JAK_STAT","STAT3",8,0.396588720603296
"GSE28735","PAAD","JAK_STAT","STAT5A",8,0.403739920518957
"GSE28735","PAAD","JAK_STAT","STAT5B",8,0.431258628655703
"GSE28735","PAAD","JAK_STAT","STAT6",8,0.341986354684428
"GSE28735","PAAD","PDGFR_KIT_CSF1R","PDGFRA",3,-0.373776056558819
"GSE28735","PAAD","PDGFR_KIT_CSF1R","KIT",3,-0.277807904772833
"GSE28735","PAAD","PDGFR_KIT_CSF1R","CSF1R",3,-0.223309565288479
"GSE28735","PAAD","PDGFR_KIT_CSF1R","FLT3",3,0.103012125558364
"GSE28735","PAAD","PI3K_AKT","PIK3CA",8,0.116056091326528
"GSE28735","PAAD","PI3K_AKT","PIK3CB",8,0.233317900493892
"GSE28735","PAAD","PI3K_AKT","PIK3CD",8,0.391027155857477
"GSE28735","PAAD","PI3K_AKT","AKT1",8,0.311327721626742
"GSE28735","PAAD","PI3K_AKT","AKT2",8,0.40069259109791
"GSE28735","PAAD","PI3K_AKT","PDPK1",8,0.266559617116041
"GSE28735","PAAD","PI3K_AKT","MTOR",8,0.311349785593388
"GSE28735","PAAD","PI3K_AKT","RPTOR",8,0.281989883601153
"GSE28735","PAAD","PI3K_AKT","RPS6KB1",8,0.441450009126672
"GSE28735","PAAD","RAS_MAPK","KRAS",9,0.673697180659239
"GSE28735","PAAD","RAS_MAPK","NRAS",9,0.744307996143041
"GSE28735","PAAD","RAS_MAPK","HRAS",9,0.858019031315051
"GSE28735","PAAD","RAS_MAPK","MAP2K1",9,0.737477144261944
"GSE28735","PAAD","RAS_MAPK","MAP2K2",9,0.856981538369286
"GSE28735","PAAD","RAS_MAPK","MAPK1",9,0.971903671646886
"GSE28735","PAAD","RAS_MAPK","MAPK3",9,0.730783009551951
"GSE28735","PAAD","RAS_MAPK","DUSP6",9,0.814123186855081
"GSE28735","PAAD","RAS_MAPK","ETV4",9,0.789524806451176
"GSE28735","PAAD","RAS_MAPK","ETV5",9,0.890835921294089
"GSE28735","PAAD","SRC_FAK","SRC",4,0.448989099142993
"GSE28735","PAAD","SRC_FAK","FYN",4,0.678119740926366
"GSE28735","PAAD","SRC_FAK","YES1",4,0.757223378195481
"GSE28735","PAAD","SRC_FAK","PTK2",4,0.641861880332144
"GSE28735","PAAD","SRC_FAK","PTK2B",4,0.732604844470206
"GSE28735","PAAD","TAM_AXL_AXIS","AXL",2,-0.816797785171065
"GSE28735","PAAD","TAM_AXL_AXIS","TYRO3",2,0.293025089737183
"GSE28735","PAAD","TAM_AXL_AXIS","MERTK",2,-0.16564674395104
"GSE28735","PAAD","TGFB_SMAD","TGFB1",4,0.512540590371618
"GSE28735","PAAD","TGFB_SMAD","TGFBR1",4,0.550256180456102
"GSE28735","PAAD","TGFB_SMAD","TGFBR2",4,0.673197415443843
"GSE28735","PAAD","TGFB_SMAD","SMAD2",4,0.699045669427838
"GSE28735","PAAD","TGFB_SMAD","SMAD3",4,0.457630008602215
"GSE28735","PAAD","TIE_ANGPT_AXIS","TEK",2,0.267996870631191
"GSE28735","PAAD","TIE_ANGPT_AXIS","ANGPT1",2,0.293886314733021
"GSE28735","PAAD","TIE_ANGPT_AXIS","ANGPT2",2,-0.303934151501724
"GSE28735","PAAD","VEGF_PDGF_AXIS","FLT1",8,-0.0312604767507941
"GSE28735","PAAD","VEGF_PDGF_AXIS","KDR",8,0.0998600663904241
"GSE28735","PAAD","VEGF_PDGF_AXIS","FLT4",8,0.0181572757721572
"GSE28735","PAAD","VEGF_PDGF_AXIS","VEGFA",8,-0.0901326041346947
"GSE28735","PAAD","VEGF_PDGF_AXIS","VEGFB",8,0.0753115258436409
"GSE28735","PAAD","VEGF_PDGF_AXIS","VEGFC",8,-0.0820905529173457
"GSE28735","PAAD","VEGF_PDGF_AXIS","PGF",8,-0.0583500718284374
"GSE28735","PAAD","VEGF_PDGF_AXIS","PDGFA",8,0.0896082034702373
"GSE28735","PAAD","VEGF_PDGF_AXIS","PDGFB",8,-0.0713707729012807
"GSE28735","PAAD","WNT_CTNNB1","CTNNB1",3,0.183751675465816
"GSE28735","PAAD","WNT_CTNNB1","AXIN2",3,0.501360894571445
"GSE28735","PAAD","WNT_CTNNB1","MYC",3,1.00746700500781
"GSE28735","PAAD","WNT_CTNNB1","CCND1",3,0.389607842671194
"GSE62452","PAAD","EPH_RECEPTORS","EPHA1",3,0.96818149136489
"GSE62452","PAAD","EPH_RECEPTORS","EPHA2",3,0.726571898033467
"GSE62452","PAAD","EPH_RECEPTORS","EPHB2",3,1.11055710268904
"GSE62452","PAAD","EPH_RECEPTORS","EPHB4",3,0.849455033479548
"GSE62452","PAAD","ERBB_LIGANDS","EGF",5,0.617319901106449
"GSE62452","PAAD","ERBB_LIGANDS","TGFA",5,0.224726884848828
"GSE62452","PAAD","ERBB_LIGANDS","AREG",5,0.308001286574719
"GSE62452","PAAD","ERBB_LIGANDS","EREG",5,0.362909693269956
"GSE62452","PAAD","ERBB_LIGANDS","HBEGF",5,0.363312560254082
"GSE62452","PAAD","ERBB_LIGANDS","NRG1",5,0.452565186280192
"GSE62452","PAAD","ERBB_RECEPTORS","EGFR",3,0.209099700967395
"GSE62452","PAAD","ERBB_RECEPTORS","ERBB2",3,-0.186279990183389
"GSE62452","PAAD","ERBB_RECEPTORS","ERBB3",3,0.0886759301421261
"GSE62452","PAAD","ERBB_RECEPTORS","ERBB4",3,0.799076673653119
"GSE62452","PAAD","FGFR_AXIS","FGFR1",7,-0.283657505127555
"GSE62452","PAAD","FGFR_AXIS","FGFR2",7,-0.47119422121209
"GSE62452","PAAD","FGFR_AXIS","FGFR3",7,-0.37696641106757
"GSE62452","PAAD","FGFR_AXIS","FGFR4",7,-0.389072066906642
"GSE62452","PAAD","FGFR_AXIS","FGF1",7,-0.727979952924318
"GSE62452","PAAD","FGFR_AXIS","FGF2",7,-0.485913059642374
"GSE62452","PAAD","FGFR_AXIS","FGF7",7,-0.429174388339553
"GSE62452","PAAD","FGFR_AXIS","FGF10",7,-0.287550655118453
"GSE62452","PAAD","HGF_MET_AXIS","MET",2,0.849422044608485
"GSE62452","PAAD","HGF_MET_AXIS","MST1R",2,0.723448768603589
"GSE62452","PAAD","HGF_MET_AXIS","HGF",2,1.78368129672161
"GSE62452","PAAD","IGF_INSR_AXIS","IGF1R",2,-0.744455775743124
"GSE62452","PAAD","IGF_INSR_AXIS","INSR",2,-0.69461820939537
"GSE62452","PAAD","IGF_INSR_AXIS","IGF1",2,-0.457422098409624
"GSE62452","PAAD","JAK_STAT","JAK1",8,0.493930959713406
"GSE62452","PAAD","JAK_STAT","JAK2",8,0.442094552754509
"GSE62452","PAAD","JAK_STAT","JAK3",8,0.466268041841676
"GSE62452","PAAD","JAK_STAT","TYK2",8,0.461949189422855
"GSE62452","PAAD","JAK_STAT","STAT1",8,0.394521171710847
"GSE62452","PAAD","JAK_STAT","STAT3",8,0.485022565534126
"GSE62452","PAAD","JAK_STAT","STAT5A",8,0.481693839365786
"GSE62452","PAAD","JAK_STAT","STAT5B",8,0.508616030307989
"GSE62452","PAAD","JAK_STAT","STAT6",8,0.42552585588217
"GSE62452","PAAD","PDGFR_KIT_CSF1R","PDGFRA",3,-0.309775325503608
"GSE62452","PAAD","PDGFR_KIT_CSF1R","KIT",3,-0.194113522350614
"GSE62452","PAAD","PDGFR_KIT_CSF1R","CSF1R",3,-0.159857032045271
"GSE62452","PAAD","PDGFR_KIT_CSF1R","FLT3",3,0.178568017723821
"GSE62452","PAAD","PI3K_AKT","PIK3CA",8,0.0798964987944088
"GSE62452","PAAD","PI3K_AKT","PIK3CB",8,0.206534681277001
"GSE62452","PAAD","PI3K_AKT","PIK3CD",8,0.333454792207721
"GSE62452","PAAD","PI3K_AKT","AKT1",8,0.256834189883389
"GSE62452","PAAD","PI3K_AKT","AKT2",8,0.382522714557752
"GSE62452","PAAD","PI3K_AKT","PDPK1",8,0.226128412450583
"GSE62452","PAAD","PI3K_AKT","MTOR",8,0.272418151473947
"GSE62452","PAAD","PI3K_AKT","RPTOR",8,0.244538917425129
"GSE62452","PAAD","PI3K_AKT","RPS6KB1",8,0.403369300011492
"GSE62452","PAAD","RAS_MAPK","KRAS",9,0.683566912632406
"GSE62452","PAAD","RAS_MAPK","NRAS",9,0.765251064400894
"GSE62452","PAAD","RAS_MAPK","HRAS",9,0.847149374344235
"GSE62452","PAAD","RAS_MAPK","MAP2K1",9,0.771003760618949
"GSE62452","PAAD","RAS_MAPK","MAP2K2",9,0.881584178670516
"GSE62452","PAAD","RAS_MAPK","MAPK1",9,1.01643947204595
"GSE62452","PAAD","RAS_MAPK","MAPK3",9,0.756515981347574
"GSE62452","PAAD","RAS_MAPK","DUSP6",9,0.846661231033676
"GSE62452","PAAD","RAS_MAPK","ETV4",9,0.80361903811637
"GSE62452","PAAD","RAS_MAPK","ETV5",9,0.905109201781166
"GSE62452","PAAD","SRC_FAK","SRC",4,0.46076668107337
"GSE62452","PAAD","SRC_FAK","FYN",4,0.677257316150465
"GSE62452","PAAD","SRC_FAK","YES1",4,0.759518668419567
"GSE62452","PAAD","SRC_FAK","PTK2",4,0.67597620424598
"GSE62452","PAAD","SRC_FAK","PTK2B",4,0.723458164991418
"GSE62452","PAAD","TAM_AXL_AXIS","AXL",2,-0.779784958208858
"GSE62452","PAAD","TAM_AXL_AXIS","TYRO3",2,0.335933076811768
"GSE62452","PAAD","TAM_AXL_AXIS","MERTK",2,-0.140866497943261
"GSE62452","PAAD","TGFB_SMAD","TGFB1",4,0.540005909474315
"GSE62452","PAAD","TGFB_SMAD","TGFBR1",4,0.54715486006172
"GSE62452","PAAD","TGFB_SMAD","TGFBR2",4,0.653449751798805
"GSE62452","PAAD","TGFB_SMAD","SMAD2",4,0.689916702662327
"GSE62452","PAAD","TGFB_SMAD","SMAD3",4,0.48752079311447
"GSE62452","PAAD","TIE_ANGPT_AXIS","TEK",2,0.313924215078926
"GSE62452","PAAD","TIE_ANGPT_AXIS","ANGPT1",2,0.358017146724076
"GSE62452","PAAD","TIE_ANGPT_AXIS","ANGPT2",2,-0.250062734765047
"GSE62452","PAAD","VEGF_PDGF_AXIS","FLT1",8,-0.00537579773832312
"GSE62452","PAAD","VEGF_PDGF_AXIS","KDR",8,0.118628966485966
"GSE62452","PAAD","VEGF_PDGF_AXIS","FLT4",8,0.0340928230203355
"GSE62452","PAAD","VEGF_PDGF_AXIS","VEGFA",8,-0.0526553313877744
"GSE62452","PAAD","VEGF_PDGF_AXIS","VEGFB",8,0.0940483014530156
"GSE62452","PAAD","VEGF_PDGF_AXIS","VEGFC",8,-0.0613278517335909
"GSE62452","PAAD","VEGF_PDGF_AXIS","PGF",8,-0.036256226882659
"GSE62452","PAAD","VEGF_PDGF_AXIS","PDGFA",8,0.114969647226684
"GSE62452","PAAD","VEGF_PDGF_AXIS","PDGFB",8,-0.0244785980654216
"GSE62452","PAAD","WNT_CTNNB1","CTNNB1",3,0.204054885852684
"GSE62452","PAAD","WNT_CTNNB1","AXIN2",3,0.496870018464296
"GSE62452","PAAD","WNT_CTNNB1","MYC",3,1.04954914012617
"GSE62452","PAAD","WNT_CTNNB1","CCND1",3,0.412811239995727
"GSE57957","HCC","EPH_RECEPTORS","EPHA1",3,-0.115836388975288
"GSE57957","HCC","EPH_RECEPTORS","EPHA2",3,0.647221243116002
"GSE57957","HCC","EPH_RECEPTORS","EPHB2",3,-0.445556398255365
"GSE57957","HCC","EPH_RECEPTORS","EPHB4",3,-0.245397462782384
"GSE57957","HCC","ERBB_LIGANDS","EGF",5,-0.480348300393699
"GSE57957","HCC","ERBB_LIGANDS","TGFA",5,-0.269926609397257
"GSE57957","HCC","ERBB_LIGANDS","AREG",5,-0.432197896666422
"GSE57957","HCC","ERBB_LIGANDS","EREG",5,-0.294921865307499
"GSE57957","HCC","ERBB_LIGANDS","HBEGF",5,-0.324719234928772
"GSE57957","HCC","ERBB_LIGANDS","NRG1",5,-0.102664618985675
"GSE57957","HCC","ERBB_RECEPTORS","EGFR",3,-0.122065217989802
"GSE57957","HCC","ERBB_RECEPTORS","ERBB2",3,-0.221843697255457
"GSE57957","HCC","ERBB_RECEPTORS","ERBB3",3,-0.641178604435135
"GSE57957","HCC","ERBB_RECEPTORS","ERBB4",3,-0.348859377595869
"GSE57957","HCC","FGFR_AXIS","FGFR1",7,0.0103310968995121
"GSE57957","HCC","FGFR_AXIS","FGFR2",7,-0.100807501793598
"GSE57957","HCC","FGFR_AXIS","FGFR3",7,-0.0192094730639369
"GSE57957","HCC","FGFR_AXIS","FGFR4",7,-0.302432965509418
"GSE57957","HCC","FGFR_AXIS","FGF1",7,-0.0299028204011799
"GSE57957","HCC","FGFR_AXIS","FGF2",7,-0.137653639590223
"GSE57957","HCC","FGFR_AXIS","FGF7",7,0.0158615431458419
"GSE57957","HCC","FGFR_AXIS","FGF10",7,-0.161233748174885
"GSE57957","HCC","HGF_MET_AXIS","MET",2,-0.328935323763877
"GSE57957","HCC","HGF_MET_AXIS","MST1R",2,-0.40833108238532
"GSE57957","HCC","HGF_MET_AXIS","HGF",2,0.0957113060750194
"GSE57957","HCC","IGF_INSR_AXIS","IGF1R",3,-0.719965347956211
"GSE57957","HCC","IGF_INSR_AXIS","INSR",3,-0.670799227565303
"GSE57957","HCC","IGF_INSR_AXIS","IGF1",3,-0.0383566390048055
"GSE57957","HCC","IGF_INSR_AXIS","IGF2",3,-0.282029235534128
"GSE57957","HCC","JAK_STAT","JAK1",8,0.120395917861671
"GSE57957","HCC","JAK_STAT","JAK2",8,0.190257302127345
"GSE57957","HCC","JAK_STAT","JAK3",8,0.217035891891679
"GSE57957","HCC","JAK_STAT","TYK2",8,0.177181047901871
"GSE57957","HCC","JAK_STAT","STAT1",8,0.142701916974848
"GSE57957","HCC","JAK_STAT","STAT3",8,0.322236396588285
"GSE57957","HCC","JAK_STAT","STAT5A",8,0.179277923365035
"GSE57957","HCC","JAK_STAT","STAT5B",8,0.296374278787434
"GSE57957","HCC","JAK_STAT","STAT6",8,0.198239330646716
"GSE57957","HCC","PDGFR_KIT_CSF1R","PDGFRA",4,0.227737656482781
"GSE57957","HCC","PDGFR_KIT_CSF1R","PDGFRB",4,-0.193505191565171
"GSE57957","HCC","PDGFR_KIT_CSF1R","KIT",4,-0.152112795569152
"GSE57957","HCC","PDGFR_KIT_CSF1R","CSF1R",4,0.172345139654376
"GSE57957","HCC","PDGFR_KIT_CSF1R","FLT3",4,0.0537914126376705
"GSE57957","HCC","PI3K_AKT","PIK3CA",8,0.172330542672669
"GSE57957","HCC","PI3K_AKT","PIK3CB",8,-0.203568290041875
"GSE57957","HCC","PI3K_AKT","PIK3CD",8,0.299188778709001
"GSE57957","HCC","PI3K_AKT","AKT1",8,0.4199341108598
"GSE57957","HCC","PI3K_AKT","AKT2",8,0.107124086667303
"GSE57957","HCC","PI3K_AKT","PDPK1",8,-0.0686553590486806
"GSE57957","HCC","PI3K_AKT","MTOR",8,0.01458719687224
"GSE57957","HCC","PI3K_AKT","RPTOR",8,0.154378909025149
"GSE57957","HCC","PI3K_AKT","RPS6KB1",8,0.132007165003901
"GSE57957","HCC","RAS_MAPK","KRAS",11,0.710455806975193
"GSE57957","HCC","RAS_MAPK","NRAS",11,0.56293508265895
"GSE57957","HCC","RAS_MAPK","HRAS",11,0.602471316747393
"GSE57957","HCC","RAS_MAPK","BRAF",11,0.648976681734876
"GSE57957","HCC","RAS_MAPK","RAF1",11,0.69302118847285
"GSE57957","HCC","RAS_MAPK","MAP2K1",11,0.911103892632801
"GSE57957","HCC","RAS_MAPK","MAP2K2",11,0.671912686256225
"GSE57957","HCC","RAS_MAPK","MAPK1",11,0.608031862980975
"GSE57957","HCC","RAS_MAPK","MAPK3",11,0.63224112532799
"GSE57957","HCC","RAS_MAPK","DUSP6",11,0.823455950680442
"GSE57957","HCC","RAS_MAPK","ETV4",11,0.649048275437018
"GSE57957","HCC","RAS_MAPK","ETV5",11,0.683090537687327
"GSE57957","HCC","RET_ALK_NTRK","RET",5,-0.229793940383714
"GSE57957","HCC","RET_ALK_NTRK","ALK",5,-0.560996504689098
"GSE57957","HCC","RET_ALK_NTRK","ROS1",5,-0.640369919917603
"GSE57957","HCC","RET_ALK_NTRK","NTRK1",5,-0.480081704931303
"GSE57957","HCC","RET_ALK_NTRK","NTRK2",5,-0.248378704146257
"GSE57957","HCC","RET_ALK_NTRK","NTRK3",5,-0.36263652089478
"GSE57957","HCC","SRC_FAK","SRC",4,-0.773107381323687
"GSE57957","HCC","SRC_FAK","FYN",4,0.310766014443396
"GSE57957","HCC","SRC_FAK","YES1",4,-0.125716725104371
"GSE57957","HCC","SRC_FAK","PTK2",4,-1.10963823452143
"GSE57957","HCC","SRC_FAK","PTK2B",4,0.139900841259461
"GSE57957","HCC","TAM_AXL_AXIS","AXL",2,0.459120317427143
"GSE57957","HCC","TAM_AXL_AXIS","TYRO3",2,-0.28881794007578
"GSE57957","HCC","TAM_AXL_AXIS","MERTK",2,-0.180092823460771
"GSE57957","HCC","TGFB_SMAD","TGFB1",4,0.428694421676013
"GSE57957","HCC","TGFB_SMAD","TGFBR1",4,0.429534911845686
"GSE57957","HCC","TGFB_SMAD","TGFBR2",4,0.141228145385726
"GSE57957","HCC","TGFB_SMAD","SMAD2",4,0.517611027256282
"GSE57957","HCC","TGFB_SMAD","SMAD3",4,0.236283180492044
"GSE57957","HCC","TIE_ANGPT_AXIS","TEK",2,1.24513232154584
"GSE57957","HCC","TIE_ANGPT_AXIS","ANGPT1",2,0.0692856170485602
"GSE57957","HCC","TIE_ANGPT_AXIS","ANGPT2",2,-0.065229283487139
"GSE57957","HCC","VEGF_PDGF_AXIS","FLT1",8,0.712742582978931
"GSE57957","HCC","VEGF_PDGF_AXIS","KDR",8,0.716051979716128
"GSE57957","HCC","VEGF_PDGF_AXIS","FLT4",8,0.832116317753088
"GSE57957","HCC","VEGF_PDGF_AXIS","VEGFA",8,0.890958454985204
"GSE57957","HCC","VEGF_PDGF_AXIS","VEGFB",8,0.880431817927053
"GSE57957","HCC","VEGF_PDGF_AXIS","VEGFC",8,0.749483531403982
"GSE57957","HCC","VEGF_PDGF_AXIS","PGF",8,0.757149146337487
"GSE57957","HCC","VEGF_PDGF_AXIS","PDGFA",8,0.544851444194924
"GSE57957","HCC","VEGF_PDGF_AXIS","PDGFB",8,0.510601060655219
"GSE57957","HCC","WNT_CTNNB1","CTNNB1",3,-0.015339014648034
"GSE57957","HCC","WNT_CTNNB1","AXIN2",3,0.138704577875153
"GSE57957","HCC","WNT_CTNNB1","MYC",3,0.367225413452378
"GSE57957","HCC","WNT_CTNNB1","CCND1",3,0.454193699985314
"GSE62232","HCC","EPH_RECEPTORS","EPHA1",3,-0.644607526939233
"GSE62232","HCC","EPH_RECEPTORS","EPHA2",3,0.562225695804916
"GSE62232","HCC","EPH_RECEPTORS","EPHB2",3,-0.36325915606689
"GSE62232","HCC","EPH_RECEPTORS","EPHB4",3,-0.66299295680748
"GSE62232","HCC","ERBB_LIGANDS","EGF",5,-1.4225152645257
"GSE62232","HCC","ERBB_LIGANDS","TGFA",5,-0.858709067711934
"GSE62232","HCC","ERBB_LIGANDS","AREG",5,-1.29206421305301
"GSE62232","HCC","ERBB_LIGANDS","EREG",5,-1.47278907941167
"GSE62232","HCC","ERBB_LIGANDS","HBEGF",5,-1.15094221485475
"GSE62232","HCC","ERBB_LIGANDS","NRG1",5,-0.918084124979067
"GSE62232","HCC","ERBB_RECEPTORS","EGFR",3,-0.370838316449928
"GSE62232","HCC","ERBB_RECEPTORS","ERBB2",3,-1.30397575158853
"GSE62232","HCC","ERBB_RECEPTORS","ERBB3",3,-1.40708250075287
"GSE62232","HCC","ERBB_RECEPTORS","ERBB4",3,0.0691251515966154
"GSE62232","HCC","FGFR_AXIS","FGFR1",7,-0.290890085350438
"GSE62232","HCC","FGFR_AXIS","FGFR2",7,-0.711570065552653
"GSE62232","HCC","FGFR_AXIS","FGFR3",7,-0.906375073285867
"GSE62232","HCC","FGFR_AXIS","FGFR4",7,-0.974924015042262
"GSE62232","HCC","FGFR_AXIS","FGF1",7,-0.5444212963647
"GSE62232","HCC","FGFR_AXIS","FGF2",7,-0.782650020030111
"GSE62232","HCC","FGFR_AXIS","FGF7",7,-0.836323701058702
"GSE62232","HCC","FGFR_AXIS","FGF10",7,-0.467253696805271
"GSE62232","HCC","HGF_MET_AXIS","MET",2,-0.950733900556866
"GSE62232","HCC","HGF_MET_AXIS","MST1R",2,-0.795916734029103
"GSE62232","HCC","HGF_MET_AXIS","HGF",2,-0.306896398224349
"GSE62232","HCC","IGF_INSR_AXIS","IGF1R",2,-0.953575383309054
"GSE62232","HCC","IGF_INSR_AXIS","INSR",2,-1.35593822900859
"GSE62232","HCC","IGF_INSR_AXIS","IGF1",2,-0.587451798070663
"GSE62232","HCC","JAK_STAT","JAK1",8,0.633404788477468
"GSE62232","HCC","JAK_STAT","JAK2",8,0.521062416489709
"GSE62232","HCC","JAK_STAT","JAK3",8,0.747594415890117
"GSE62232","HCC","JAK_STAT","TYK2",8,0.319513048658787
"GSE62232","HCC","JAK_STAT","STAT1",8,0.30453261800522
"GSE62232","HCC","JAK_STAT","STAT3",8,0.644726786883578
"GSE62232","HCC","JAK_STAT","STAT5A",8,0.589583113999596
"GSE62232","HCC","JAK_STAT","STAT5B",8,0.483921101039251
"GSE62232","HCC","JAK_STAT","STAT6",8,0.529256993364024
"GSE62232","HCC","PDGFR_KIT_CSF1R","PDGFRA",4,0.0695161264751636
"GSE62232","HCC","PDGFR_KIT_CSF1R","PDGFRB",4,-0.638336960343956
"GSE62232","HCC","PDGFR_KIT_CSF1R","KIT",4,-0.6433419035587
"GSE62232","HCC","PDGFR_KIT_CSF1R","CSF1R",4,-0.180097512439235
"GSE62232","HCC","PDGFR_KIT_CSF1R","FLT3",4,0.0856056758068445
"GSE62232","HCC","PI3K_AKT","PIK3CA",8,1.17650208110105
"GSE62232","HCC","PI3K_AKT","PIK3CB",8,0.726885926689361
"GSE62232","HCC","PI3K_AKT","PIK3CD",8,1.06166865491221
"GSE62232","HCC","PI3K_AKT","AKT1",8,1.33601095441007
"GSE62232","HCC","PI3K_AKT","AKT2",8,1.47308883022158
"GSE62232","HCC","PI3K_AKT","PDPK1",8,1.29023275549129
"GSE62232","HCC","PI3K_AKT","MTOR",8,1.09595374131801
"GSE62232","HCC","PI3K_AKT","RPTOR",8,0.82760008367714
"GSE62232","HCC","PI3K_AKT","RPS6KB1",8,1.09715687001732
"GSE62232","HCC","RAS_MAPK","KRAS",11,0.75595273471468
"GSE62232","HCC","RAS_MAPK","NRAS",11,0.333266940779215
"GSE62232","HCC","RAS_MAPK","HRAS",11,0.453043329128655
"GSE62232","HCC","RAS_MAPK","BRAF",11,0.586133853823065
"GSE62232","HCC","RAS_MAPK","RAF1",11,0.574289667895371
"GSE62232","HCC","RAS_MAPK","MAP2K1",11,1.17675856124779
"GSE62232","HCC","RAS_MAPK","MAP2K2",11,0.435058780150683
"GSE62232","HCC","RAS_MAPK","MAPK1",11,0.346033173025163
"GSE62232","HCC","RAS_MAPK","MAPK3",11,0.484141785207736
"GSE62232","HCC","RAS_MAPK","DUSP6",11,0.802232316269945
"GSE62232","HCC","RAS_MAPK","ETV4",11,0.603132612607312
"GSE62232","HCC","RAS_MAPK","ETV5",11,0.715691569188482
"GSE62232","HCC","RET_ALK_NTRK","RET",5,-1.80226514914814
"GSE62232","HCC","RET_ALK_NTRK","ALK",5,-2.01993215263187
"GSE62232","HCC","RET_ALK_NTRK","ROS1",5,-2.39725377413938
"GSE62232","HCC","RET_ALK_NTRK","NTRK1",5,-2.18046911573878
"GSE62232","HCC","RET_ALK_NTRK","NTRK2",5,-2.07142043821111
"GSE62232","HCC","RET_ALK_NTRK","NTRK3",5,-1.70786901708946
"GSE62232","HCC","SRC_FAK","SRC",4,-1.02427933027801
"GSE62232","HCC","SRC_FAK","FYN",4,-0.810980308099698
"GSE62232","HCC","SRC_FAK","YES1",4,-0.941098192007633
"GSE62232","HCC","SRC_FAK","PTK2",4,-2.0986377493931
"GSE62232","HCC","SRC_FAK","PTK2B",4,-1.29320317957515
"GSE62232","HCC","TAM_AXL_AXIS","AXL",2,-0.291179915316697
"GSE62232","HCC","TAM_AXL_AXIS","TYRO3",2,-1.17176713180014
"GSE62232","HCC","TAM_AXL_AXIS","MERTK",2,-0.862559339582433
"GSE62232","HCC","TGFB_SMAD","TGFB1",4,1.471536428335
"GSE62232","HCC","TGFB_SMAD","TGFBR1",4,1.15245689710121
"GSE62232","HCC","TGFB_SMAD","TGFBR2",4,1.68279414740472
"GSE62232","HCC","TGFB_SMAD","SMAD2",4,0.934603437897686
"GSE62232","HCC","TGFB_SMAD","SMAD3",4,1.2274381891762
"GSE62232","HCC","TIE_ANGPT_AXIS","TEK",2,0.965457689545301
"GSE62232","HCC","TIE_ANGPT_AXIS","ANGPT1",2,-0.66077180289897
"GSE62232","HCC","TIE_ANGPT_AXIS","ANGPT2",2,-0.302893892267558
"GSE62232","HCC","VEGF_PDGF_AXIS","FLT1",8,0.00610839056015103
"GSE62232","HCC","VEGF_PDGF_AXIS","KDR",8,0.239178119660705
"GSE62232","HCC","VEGF_PDGF_AXIS","FLT4",8,0.166271918502779
"GSE62232","HCC","VEGF_PDGF_AXIS","VEGFA",8,0.103798064172753
"GSE62232","HCC","VEGF_PDGF_AXIS","VEGFB",8,0.104233689804709
"GSE62232","HCC","VEGF_PDGF_AXIS","VEGFC",8,0.0636559032224595
"GSE62232","HCC","VEGF_PDGF_AXIS","PGF",8,0.0389855589782875
"GSE62232","HCC","VEGF_PDGF_AXIS","PDGFA",8,-0.191820940704157
"GSE62232","HCC","VEGF_PDGF_AXIS","PDGFB",8,0.168463738285248
"GSE62232","HCC","WNT_CTNNB1","CTNNB1",3,-0.245508424618624
"GSE62232","HCC","WNT_CTNNB1","AXIN2",3,0.130878011033563
"GSE62232","HCC","WNT_CTNNB1","MYC",3,0.48435838726028
"GSE62232","HCC","WNT_CTNNB1","CCND1",3,0.302976018104407
"GSE23400","ESCC","EPH_RECEPTORS","EPHA1",3,0.221940304604298
"GSE23400","ESCC","EPH_RECEPTORS","EPHA2",3,0.142746887572073
"GSE23400","ESCC","EPH_RECEPTORS","EPHB2",3,-0.573325266495967
"GSE23400","ESCC","EPH_RECEPTORS","EPHB4",3,-0.730848655998862
"GSE23400","ESCC","ERBB_LIGANDS","EGF",5,-0.500853857970509
"GSE23400","ESCC","ERBB_LIGANDS","TGFA",5,-0.477707171198009
"GSE23400","ESCC","ERBB_LIGANDS","AREG",5,-0.381481816152241
"GSE23400","ESCC","ERBB_LIGANDS","EREG",5,-0.289480731982222
"GSE23400","ESCC","ERBB_LIGANDS","HBEGF",5,-0.33228601088875
"GSE23400","ESCC","ERBB_LIGANDS","NRG1",5,-0.653688460866062
"GSE23400","ESCC","ERBB_RECEPTORS","EGFR",3,-0.998679409707593
"GSE23400","ESCC","ERBB_RECEPTORS","ERBB2",3,-0.41251597038375
"GSE23400","ESCC","ERBB_RECEPTORS","ERBB3",3,-0.285522175745315
"GSE23400","ESCC","ERBB_RECEPTORS","ERBB4",3,-0.811203577133708
"GSE23400","ESCC","FGFR_AXIS","FGFR1",6,-0.568974176216205
"GSE23400","ESCC","FGFR_AXIS","FGFR2",6,-0.91109181262771
"GSE23400","ESCC","FGFR_AXIS","FGFR3",6,-0.517192406539167
"GSE23400","ESCC","FGFR_AXIS","FGFR4",6,-0.653175845557231
"GSE23400","ESCC","FGFR_AXIS","FGF1",6,-0.532940992337986
"GSE23400","ESCC","FGFR_AXIS","FGF2",6,-0.566563970755374
"GSE23400","ESCC","FGFR_AXIS","FGF7",6,-0.523147529727522
"GSE23400","ESCC","HGF_MET_AXIS","MET",2,-0.131119856452148
"GSE23400","ESCC","HGF_MET_AXIS","MST1R",2,0.584013252529305
"GSE23400","ESCC","HGF_MET_AXIS","HGF",2,0.925776238941092
"GSE23400","ESCC","IGF_INSR_AXIS","IGF1R",2,0.117620473354297
"GSE23400","ESCC","IGF_INSR_AXIS","INSR",2,0.479850208606479
"GSE23400","ESCC","IGF_INSR_AXIS","IGF1",2,0.748044068998468
"GSE23400","ESCC","JAK_STAT","JAK1",8,-0.099274377962051
"GSE23400","ESCC","JAK_STAT","JAK2",8,0.180368438523561
"GSE23400","ESCC","JAK_STAT","JAK3",8,0.140561575434969
"GSE23400","ESCC","JAK_STAT","TYK2",8,-0.28142700275136
"GSE23400","ESCC","JAK_STAT","STAT1",8,-0.286580553881544
"GSE23400","ESCC","JAK_STAT","STAT3",8,-0.0222104151698494
"GSE23400","ESCC","JAK_STAT","STAT5A",8,0.0980755044354104
"GSE23400","ESCC","JAK_STAT","STAT5B",8,0.0377908811860004
"GSE23400","ESCC","JAK_STAT","STAT6",8,0.0305596384602119
"GSE23400","ESCC","PDGFR_KIT_CSF1R","PDGFRA",4,-0.217050503761929
"GSE23400","ESCC","PDGFR_KIT_CSF1R","PDGFRB",4,-0.688141393956242
"GSE23400","ESCC","PDGFR_KIT_CSF1R","KIT",4,-0.102952783281613
"GSE23400","ESCC","PDGFR_KIT_CSF1R","CSF1R",4,-0.451196684172214
"GSE23400","ESCC","PDGFR_KIT_CSF1R","FLT3",4,-0.125940272882786
"GSE23400","ESCC","PI3K_AKT","PIK3CA",7,0.092529732874977
"GSE23400","ESCC","PI3K_AKT","PIK3CB",7,0.404703606481837
"GSE23400","ESCC","PI3K_AKT","PIK3CD",7,0.116731264237904
"GSE23400","ESCC","PI3K_AKT","AKT1",7,0.144188083194756
"GSE23400","ESCC","PI3K_AKT","AKT2",7,0.559919044562288
"GSE23400","ESCC","PI3K_AKT","PDPK1",7,0.719863280373182
"GSE23400","ESCC","PI3K_AKT","MTOR",7,0.450579737122429
"GSE23400","ESCC","PI3K_AKT","RPS6KB1",7,0.43437116027905
"GSE23400","ESCC","RAS_MAPK","KRAS",10,-0.129119505239624
"GSE23400","ESCC","RAS_MAPK","NRAS",10,-0.37620209439068
"GSE23400","ESCC","RAS_MAPK","HRAS",10,-0.193681153410068
"GSE23400","ESCC","RAS_MAPK","RAF1",10,0.0326829554940659
"GSE23400","ESCC","RAS_MAPK","MAP2K1",10,-0.0436237118651175
"GSE23400","ESCC","RAS_MAPK","MAP2K2",10,-0.0658283523403634
"GSE23400","ESCC","RAS_MAPK","MAPK1",10,-0.18096174430634
"GSE23400","ESCC","RAS_MAPK","MAPK3",10,0.0904538929095487
"GSE23400","ESCC","RAS_MAPK","DUSP6",10,-0.313207935966124
"GSE23400","ESCC","RAS_MAPK","ETV4",10,-0.361794583407389
"GSE23400","ESCC","RAS_MAPK","ETV5",10,-0.342405088492752
"GSE23400","ESCC","RET_ALK_NTRK","RET",5,-0.518526250228929
"GSE23400","ESCC","RET_ALK_NTRK","ALK",5,-0.388302357770533
"GSE23400","ESCC","RET_ALK_NTRK","ROS1",5,-0.495543403848052
"GSE23400","ESCC","RET_ALK_NTRK","NTRK1",5,-0.234336272675862
"GSE23400","ESCC","RET_ALK_NTRK","NTRK2",5,-0.700373836508159
"GSE23400","ESCC","RET_ALK_NTRK","NTRK3",5,-0.267371960183959
"GSE23400","ESCC","SRC_FAK","SRC",4,1.31823115639081
"GSE23400","ESCC","SRC_FAK","FYN",4,0.955880893598586
"GSE23400","ESCC","SRC_FAK","YES1",4,0.872966600761659
"GSE23400","ESCC","SRC_FAK","PTK2",4,0.516532291947528
"GSE23400","ESCC","SRC_FAK","PTK2B",4,1.11900173201136
"GSE23400","ESCC","TAM_AXL_AXIS","AXL",2,-0.481865499126331
"GSE23400","ESCC","TAM_AXL_AXIS","TYRO3",2,0.11254393747578
"GSE23400","ESCC","TAM_AXL_AXIS","MERTK",2,-1.26329854263922
"GSE23400","ESCC","TGFB_SMAD","TGFB1",4,0.472079927307214
"GSE23400","ESCC","TGFB_SMAD","TGFBR1",4,0.54681573195544
"GSE23400","ESCC","TGFB_SMAD","TGFBR2",4,0.835309614228372
"GSE23400","ESCC","TGFB_SMAD","SMAD2",4,0.782217046173906
"GSE23400","ESCC","TGFB_SMAD","SMAD3",4,0.720038075011938
"GSE23400","ESCC","TIE_ANGPT_AXIS","TEK",2,0.323615522010228
"GSE23400","ESCC","TIE_ANGPT_AXIS","ANGPT1",2,0.226302147569173
"GSE23400","ESCC","TIE_ANGPT_AXIS","ANGPT2",2,-0.557127270343099
"GSE23400","ESCC","VEGF_PDGF_AXIS","FLT1",8,0.581823148901551
"GSE23400","ESCC","VEGF_PDGF_AXIS","KDR",8,0.504588337528391
"GSE23400","ESCC","VEGF_PDGF_AXIS","FLT4",8,0.517669885205712
"GSE23400","ESCC","VEGF_PDGF_AXIS","VEGFA",8,0.357511651602562
"GSE23400","ESCC","VEGF_PDGF_AXIS","VEGFB",8,0.514541828774048
"GSE23400","ESCC","VEGF_PDGF_AXIS","VEGFC",8,0.455001123531571
"GSE23400","ESCC","VEGF_PDGF_AXIS","PGF",8,0.415452384106177
"GSE23400","ESCC","VEGF_PDGF_AXIS","PDGFA",8,0.441785936522689
"GSE23400","ESCC","VEGF_PDGF_AXIS","PDGFB",8,0.586058020336813
"GSE23400","ESCC","WNT_CTNNB1","CTNNB1",2,0.449948037556743
"GSE23400","ESCC","WNT_CTNNB1","MYC",2,0.381932948336727
"GSE23400","ESCC","WNT_CTNNB1","CCND1",2,0.567905686614981
"GSE20347","ESCC","EPH_RECEPTORS","EPHA1",3,0.409353168416967
"GSE20347","ESCC","EPH_RECEPTORS","EPHA2",3,0.286703028215038
"GSE20347","ESCC","EPH_RECEPTORS","EPHB2",3,-1.3818722658935
"GSE20347","ESCC","EPH_RECEPTORS","EPHB4",3,-1.37680899374409
"GSE20347","ESCC","ERBB_LIGANDS","EGF",5,-0.841451830316943
"GSE20347","ESCC","ERBB_LIGANDS","TGFA",5,-0.516366687027274
"GSE20347","ESCC","ERBB_LIGANDS","AREG",5,-0.221541869809456
"GSE20347","ESCC","ERBB_LIGANDS","EREG",5,-0.036393219099834
"GSE20347","ESCC","ERBB_LIGANDS","HBEGF",5,-0.417352237685367
"GSE20347","ESCC","ERBB_LIGANDS","NRG1",5,-0.866678308849956
"GSE20347","ESCC","ERBB_RECEPTORS","EGFR",3,-1.1872358595899
"GSE20347","ESCC","ERBB_RECEPTORS","ERBB2",3,-0.0284743289377168
"GSE20347","ESCC","ERBB_RECEPTORS","ERBB3",3,-0.125686161334316
"GSE20347","ESCC","ERBB_RECEPTORS","ERBB4",3,-0.986643964170533
"GSE20347","ESCC","FGFR_AXIS","FGFR1",6,0.281613976511307
"GSE20347","ESCC","FGFR_AXIS","FGFR2",6,0.259556640699469
"GSE20347","ESCC","FGFR_AXIS","FGFR3",6,0.51692215594762
"GSE20347","ESCC","FGFR_AXIS","FGFR4",6,0.263612751437938
"GSE20347","ESCC","FGFR_AXIS","FGF1",6,0.421677508231742
"GSE20347","ESCC","FGFR_AXIS","FGF2",6,0.426681959525076
"GSE20347","ESCC","FGFR_AXIS","FGF7",6,0.381288477233504
"GSE20347","ESCC","HGF_MET_AXIS","MET",2,-0.502776741851294
"GSE20347","ESCC","HGF_MET_AXIS","MST1R",2,0.535899388916059
"GSE20347","ESCC","HGF_MET_AXIS","HGF",2,0.620637356161067
"GSE20347","ESCC","IGF_INSR_AXIS","IGF1R",2,0.253707829103869
"GSE20347","ESCC","IGF_INSR_AXIS","INSR",2,0.315616199287784
"GSE20347","ESCC","IGF_INSR_AXIS","IGF1",2,1.60699218472386
"GSE20347","ESCC","JAK_STAT","JAK1",8,-0.303946580715772
"GSE20347","ESCC","JAK_STAT","JAK2",8,-0.00349186166588167
"GSE20347","ESCC","JAK_STAT","JAK3",8,-0.329993680364012
"GSE20347","ESCC","JAK_STAT","TYK2",8,-0.68868357882045
"GSE20347","ESCC","JAK_STAT","STAT1",8,-0.573318072017684
"GSE20347","ESCC","JAK_STAT","STAT3",8,-0.3013524459248
"GSE20347","ESCC","JAK_STAT","STAT5A",8,-0.368321894551523
"GSE20347","ESCC","JAK_STAT","STAT5B",8,-0.373837228577831
"GSE20347","ESCC","JAK_STAT","STAT6",8,-0.243788600202904
"GSE20347","ESCC","PDGFR_KIT_CSF1R","PDGFRA",4,-0.0948153897329927
"GSE20347","ESCC","PDGFR_KIT_CSF1R","PDGFRB",4,-0.681406855851098
"GSE20347","ESCC","PDGFR_KIT_CSF1R","KIT",4,0.116486505193566
"GSE20347","ESCC","PDGFR_KIT_CSF1R","CSF1R",4,-0.197819840991106
"GSE20347","ESCC","PDGFR_KIT_CSF1R","FLT3",4,0.00884469040615912
"GSE20347","ESCC","PI3K_AKT","PIK3CA",7,-0.164416932146429
"GSE20347","ESCC","PI3K_AKT","PIK3CB",7,0.0451179578817862
"GSE20347","ESCC","PI3K_AKT","PIK3CD",7,-0.189748486875152
"GSE20347","ESCC","PI3K_AKT","AKT1",7,-0.0403362377746189
"GSE20347","ESCC","PI3K_AKT","AKT2",7,0.395688555820918
"GSE20347","ESCC","PI3K_AKT","PDPK1",7,0.707812718207477
"GSE20347","ESCC","PI3K_AKT","MTOR",7,0.259644818372156
"GSE20347","ESCC","PI3K_AKT","RPS6KB1",7,0.347527409678752
"GSE20347","ESCC","RAS_MAPK","KRAS",10,-0.990831035904408
"GSE20347","ESCC","RAS_MAPK","NRAS",10,-1.37048176562611
"GSE20347","ESCC","RAS_MAPK","HRAS",10,-0.876738681532868
"GSE20347","ESCC","RAS_MAPK","RAF1",10,-0.749121070908288
"GSE20347","ESCC","RAS_MAPK","MAP2K1",10,-0.858761365889934
"GSE20347","ESCC","RAS_MAPK","MAP2K2",10,-0.962362390458452
"GSE20347","ESCC","RAS_MAPK","MAPK1",10,-0.868685604244941
"GSE20347","ESCC","RAS_MAPK","MAPK3",10,-0.692766884680931
"GSE20347","ESCC","RAS_MAPK","DUSP6",10,-1.37317513152214
"GSE20347","ESCC","RAS_MAPK","ETV4",10,-1.32377371347274
"GSE20347","ESCC","RAS_MAPK","ETV5",10,-1.27596354019962
"GSE20347","ESCC","RET_ALK_NTRK","RET",5,0.0663675088098666
"GSE20347","ESCC","RET_ALK_NTRK","ALK",5,0.367674996686176
"GSE20347","ESCC","RET_ALK_NTRK","ROS1",5,-0.0205092641959081
"GSE20347","ESCC","RET_ALK_NTRK","NTRK1",5,0.356399523201697
"GSE20347","ESCC","RET_ALK_NTRK","NTRK2",5,-0.0972604219469809
"GSE20347","ESCC","RET_ALK_NTRK","NTRK3",5,-0.0730929282740449
"GSE20347","ESCC","SRC_FAK","SRC",4,2.01375551589641
"GSE20347","ESCC","SRC_FAK","FYN",4,0.997394503430675
"GSE20347","ESCC","SRC_FAK","YES1",4,1.7770741811772
"GSE20347","ESCC","SRC_FAK","PTK2",4,0.889164131198651
"GSE20347","ESCC","SRC_FAK","PTK2B",4,1.82715223767705
"GSE20347","ESCC","TAM_AXL_AXIS","AXL",2,-0.471653882998863
"GSE20347","ESCC","TAM_AXL_AXIS","TYRO3",2,0.261243052111827
"GSE20347","ESCC","TAM_AXL_AXIS","MERTK",2,-1.28151040996861
"GSE20347","ESCC","TGFB_SMAD","TGFB1",4,-0.0337576174598505
"GSE20347","ESCC","TGFB_SMAD","TGFBR1",4,0.000727935553812701
"GSE20347","ESCC","TGFB_SMAD","TGFBR2",4,0.188904257432196
"GSE20347","ESCC","TGFB_SMAD","SMAD2",4,0.211984169071005
"GSE20347","ESCC","TGFB_SMAD","SMAD3",4,0.319358384931296
"GSE20347","ESCC","TIE_ANGPT_AXIS","TEK",2,0.981354709944128
"GSE20347","ESCC","TIE_ANGPT_AXIS","ANGPT1",2,0.42725144661158
"GSE20347","ESCC","TIE_ANGPT_AXIS","ANGPT2",2,-0.280702659673999
"GSE20347","ESCC","VEGF_PDGF_AXIS","FLT1",8,1.5385708848922
"GSE20347","ESCC","VEGF_PDGF_AXIS","KDR",8,1.66828195427111
"GSE20347","ESCC","VEGF_PDGF_AXIS","FLT4",8,1.11105309467738
"GSE20347","ESCC","VEGF_PDGF_AXIS","VEGFA",8,1.23738397562421
"GSE20347","ESCC","VEGF_PDGF_AXIS","VEGFB",8,1.11636737316133
"GSE20347","ESCC","VEGF_PDGF_AXIS","VEGFC",8,1.22691432690335
"GSE20347","ESCC","VEGF_PDGF_AXIS","PGF",8,1.10654619989979
"GSE20347","ESCC","VEGF_PDGF_AXIS","PDGFA",8,1.13739102054437
"GSE20347","ESCC","VEGF_PDGF_AXIS","PDGFB",8,1.16866702908395
"GSE20347","ESCC","WNT_CTNNB1","CTNNB1",2,0.736221438255255
"GSE20347","ESCC","WNT_CTNNB1","MYC",2,0.00956615175951795
"GSE20347","ESCC","WNT_CTNNB1","CCND1",2,0.505659499840004
"GSE76925","COPD","EPH_RECEPTORS","EPHA1",3,0.510862487124651
"GSE76925","COPD","EPH_RECEPTORS","EPHA2",3,0.664360337258375
"GSE76925","COPD","EPH_RECEPTORS","EPHB2",3,0.310610617204396
"GSE76925","COPD","EPH_RECEPTORS","EPHB4",3,0.613619170675215
"GSE76925","COPD","ERBB_LIGANDS","EGF",4,-0.12097709071154
"GSE76925","COPD","ERBB_LIGANDS","TGFA",4,-0.0428698630348818
"GSE76925","COPD","ERBB_LIGANDS","EREG",4,0.0610444593401091
"GSE76925","COPD","ERBB_LIGANDS","HBEGF",4,0.0471855838470985
"GSE76925","COPD","ERBB_LIGANDS","NRG1",4,-0.045994795032106
"GSE76925","COPD","ERBB_RECEPTORS","EGFR",2,0.126928573834054
"GSE76925","COPD","ERBB_RECEPTORS","ERBB2",2,0.193728180921761
"GSE76925","COPD","ERBB_RECEPTORS","ERBB3",2,0.402392515324588
"GSE76925","COPD","FGFR_AXIS","FGFR1",7,-0.193788644816147
"GSE76925","COPD","FGFR_AXIS","FGFR2",7,-0.314196138430401
"GSE76925","COPD","FGFR_AXIS","FGFR3",7,-0.324107876914607
"GSE76925","COPD","FGFR_AXIS","FGFR4",7,-0.446665881880285
"GSE76925","COPD","FGFR_AXIS","FGF1",7,-0.391358210718751
"GSE76925","COPD","FGFR_AXIS","FGF2",7,-0.326445448936889
"GSE76925","COPD","FGFR_AXIS","FGF7",7,-0.256475910236093
"GSE76925","COPD","FGFR_AXIS","FGF10",7,-0.113086056871982
"GSE76925","COPD","HGF_MET_AXIS","MET",2,-0.00360328520650589
"GSE76925","COPD","HGF_MET_AXIS","MST1R",2,-0.483417455075631
"GSE76925","COPD","HGF_MET_AXIS","HGF",2,-0.504021037805508
"GSE76925","COPD","IGF_INSR_AXIS","IGF1R",3,-0.625028418492385
"GSE76925","COPD","IGF_INSR_AXIS","INSR",3,-0.186820303681438
"GSE76925","COPD","IGF_INSR_AXIS","IGF1",3,-0.369018724932918
"GSE76925","COPD","IGF_INSR_AXIS","IGF2",3,-0.28128022563835
"GSE76925","COPD","JAK_STAT","JAK1",7,0.475743448722215
"GSE76925","COPD","JAK_STAT","JAK2",7,0.417502790761914
"GSE76925","COPD","JAK_STAT","TYK2",7,0.466991572446472
"GSE76925","COPD","JAK_STAT","STAT1",7,0.522701391613563
"GSE76925","COPD","JAK_STAT","STAT3",7,0.337600270699801
"GSE76925","COPD","JAK_STAT","STAT5A",7,0.343953537657871
"GSE76925","COPD","JAK_STAT","STAT5B",7,0.323388812064209
"GSE76925","COPD","JAK_STAT","STAT6",7,0.679685303258291
"GSE76925","COPD","PDGFR_KIT_CSF1R","PDGFRA",4,0.455812763843398
"GSE76925","COPD","PDGFR_KIT_CSF1R","PDGFRB",4,0.309220863721355
"GSE76925","COPD","PDGFR_KIT_CSF1R","KIT",4,0.66558308895882
"GSE76925","COPD","PDGFR_KIT_CSF1R","CSF1R",4,0.434836369604636
"GSE76925","COPD","PDGFR_KIT_CSF1R","FLT3",4,0.289988370560644
"GSE76925","COPD","PI3K_AKT","PIK3CA",8,0.605856553308706
"GSE76925","COPD","PI3K_AKT","PIK3CB",8,0.307784910425015
"GSE76925","COPD","PI3K_AKT","PIK3CD",8,0.269976803513386
"GSE76925","COPD","PI3K_AKT","AKT1",8,0.373783633536393
"GSE76925","COPD","PI3K_AKT","AKT2",8,0.337072460478744
"GSE76925","COPD","PI3K_AKT","PDPK1",8,0.358518592168265
"GSE76925","COPD","PI3K_AKT","MTOR",8,0.224987034010903
"GSE76925","COPD","PI3K_AKT","RPTOR",8,0.510739856375047
"GSE76925","COPD","PI3K_AKT","RPS6KB1",8,0.343186984622542
"GSE76925","COPD","RAS_MAPK","KRAS",11,0.279084275791154
"GSE76925","COPD","RAS_MAPK","NRAS",11,0.24289532699281
"GSE76925","COPD","RAS_MAPK","HRAS",11,0.333211731594543
"GSE76925","COPD","RAS_MAPK","BRAF",11,0.252644405434472
"GSE76925","COPD","RAS_MAPK","RAF1",11,0.208851912248145
"GSE76925","COPD","RAS_MAPK","MAP2K1",11,0.203584416354837
"GSE76925","COPD","RAS_MAPK","MAP2K2",11,0.190736935899739
"GSE76925","COPD","RAS_MAPK","MAPK1",11,0.306472699801217
"GSE76925","COPD","RAS_MAPK","MAPK3",11,0.259045285026332
"GSE76925","COPD","RAS_MAPK","DUSP6",11,0.4564222059882
"GSE76925","COPD","RAS_MAPK","ETV4",11,0.256150247131419
"GSE76925","COPD","RAS_MAPK","ETV5",11,0.349938261087169
"GSE76925","COPD","RET_ALK_NTRK","RET",4,0.578297479059359
"GSE76925","COPD","RET_ALK_NTRK","ALK",4,0.645920190316966
"GSE76925","COPD","RET_ALK_NTRK","ROS1",4,0.616095379005636
"GSE76925","COPD","RET_ALK_NTRK","NTRK2",4,0.635195333108721
"GSE76925","COPD","RET_ALK_NTRK","NTRK3",4,0.546709562098669
"GSE76925","COPD","SRC_FAK","SRC",4,-0.079239407100528
"GSE76925","COPD","SRC_FAK","FYN",4,-0.0706995107892326
"GSE76925","COPD","SRC_FAK","YES1",4,0.337728240186544
"GSE76925","COPD","SRC_FAK","PTK2",4,0.103617705626162
"GSE76925","COPD","SRC_FAK","PTK2B",4,-0.149035646454783
"GSE76925","COPD","TAM_AXL_AXIS","AXL",2,0.622875094549563
"GSE76925","COPD","TAM_AXL_AXIS","TYRO3",2,0.135864441595472
"GSE76925","COPD","TAM_AXL_AXIS","MERTK",2,0.065025463894824
"GSE76925","COPD","TGFB_SMAD","TGFBR1",3,0.0774777821917961
"GSE76925","COPD","TGFB_SMAD","TGFBR2",3,0.0626177603685775
"GSE76925","COPD","TGFB_SMAD","SMAD2",3,0.399612129662333
"GSE76925","COPD","TGFB_SMAD","SMAD3",3,0.0672211058436825
"GSE76925","COPD","TIE_ANGPT_AXIS","TEK",2,0.0298863483773552
"GSE76925","COPD","TIE_ANGPT_AXIS","ANGPT1",2,0.10610929314702
"GSE76925","COPD","TIE_ANGPT_AXIS","ANGPT2",2,0.204478339041065
"GSE76925","COPD","VEGF_PDGF_AXIS","FLT1",7,0.000683507534095941
"GSE76925","COPD","VEGF_PDGF_AXIS","KDR",7,-0.134475350007067
"GSE76925","COPD","VEGF_PDGF_AXIS","VEGFA",7,0.0681936304088551
"GSE76925","COPD","VEGF_PDGF_AXIS","VEGFB",7,-0.192792365984984
"GSE76925","COPD","VEGF_PDGF_AXIS","VEGFC",7,-0.290318680359345
"GSE76925","COPD","VEGF_PDGF_AXIS","PGF",7,-0.137183898638667
"GSE76925","COPD","VEGF_PDGF_AXIS","PDGFA",7,-0.0707690923808112
"GSE76925","COPD","VEGF_PDGF_AXIS","PDGFB",7,-0.0288476555515905
"GSE76925","COPD","WNT_CTNNB1","CTNNB1",3,0.0473841490322567
"GSE76925","COPD","WNT_CTNNB1","AXIN2",3,-0.75752164359529
"GSE76925","COPD","WNT_CTNNB1","MYC",3,-0.283986189315666
"GSE76925","COPD","WNT_CTNNB1","CCND1",3,-0.48664313979221
"GSE47460","COPD","EPH_RECEPTORS","EPHA1",2,-0.169692980360428
"GSE47460","COPD","EPH_RECEPTORS","EPHA2",2,-0.2389407336712
"GSE47460","COPD","EPH_RECEPTORS","EPHB4",2,-0.300029101798012
"GSE47460","COPD","ERBB_LIGANDS","EGF",5,-0.118752754050253
"GSE47460","COPD","ERBB_LIGANDS","TGFA",5,-0.0697924149462514
"GSE47460","COPD","ERBB_LIGANDS","AREG",5,-0.018897627352523
"GSE47460","COPD","ERBB_LIGANDS","EREG",5,-0.117540530531736
"GSE47460","COPD","ERBB_LIGANDS","HBEGF",5,-0.103820839131297
"GSE47460","COPD","ERBB_LIGANDS","NRG1",5,0.0315155078706585
"GSE47460","COPD","ERBB_RECEPTORS","EGFR",3,-0.567782573284458
"GSE47460","COPD","ERBB_RECEPTORS","ERBB2",3,-0.446697221212058
"GSE47460","COPD","ERBB_RECEPTORS","ERBB3",3,-0.498459754181825
"GSE47460","COPD","ERBB_RECEPTORS","ERBB4",3,-0.763883891350166
"GSE47460","COPD","FGFR_AXIS","FGFR1",6,-0.0564012194049424
"GSE47460","COPD","FGFR_AXIS","FGFR2",6,0.160196895639595
"GSE47460","COPD","FGFR_AXIS","FGFR3",6,-0.00502219955325822
"GSE47460","COPD","FGFR_AXIS","FGFR4",6,0.028211896175824
"GSE47460","COPD","FGFR_AXIS","FGF1",6,-0.146305905965498
"GSE47460","COPD","FGFR_AXIS","FGF7",6,-0.200219824553369
"GSE47460","COPD","FGFR_AXIS","FGF10",6,0.141759208522956
"GSE47460","COPD","IGF_INSR_AXIS","IGF1R",2,0.40053980338803
"GSE47460","COPD","IGF_INSR_AXIS","IGF1",2,-0.200796616458224
"GSE47460","COPD","IGF_INSR_AXIS","IGF2",2,0.0863112389505496
"GSE47460","COPD","JAK_STAT","JAK3",5,0.0557098566594076
"GSE47460","COPD","JAK_STAT","TYK2",5,0.258198828808649
"GSE47460","COPD","JAK_STAT","STAT1",5,0.246002264360663
"GSE47460","COPD","JAK_STAT","STAT3",5,0.224172249792874
"GSE47460","COPD","JAK_STAT","STAT5A",5,0.160614887035749
"GSE47460","COPD","JAK_STAT","STAT6",5,0.214212015812563
"GSE47460","COPD","PDGFR_KIT_CSF1R","PDGFRA",4,0.580807287546145
"GSE47460","COPD","PDGFR_KIT_CSF1R","PDGFRB",4,0.587996818709142
"GSE47460","COPD","PDGFR_KIT_CSF1R","KIT",4,0.690904351852301
"GSE47460","COPD","PDGFR_KIT_CSF1R","CSF1R",4,0.544542268280622
"GSE47460","COPD","PDGFR_KIT_CSF1R","FLT3",4,0.612753853981412
"GSE47460","COPD","PI3K_AKT","PIK3CA",7,-0.0711952134803347
"GSE47460","COPD","PI3K_AKT","PIK3CB",7,-0.038261789433492
"GSE47460","COPD","PI3K_AKT","PIK3CD",7,-0.164162896747339
"GSE47460","COPD","PI3K_AKT","AKT2",7,0.139594269054829
"GSE47460","COPD","PI3K_AKT","PDPK1",7,0.144085925596316
"GSE47460","COPD","PI3K_AKT","MTOR",7,0.151942736380474
"GSE47460","COPD","PI3K_AKT","RPTOR",7,0.0322768254624378
"GSE47460","COPD","PI3K_AKT","RPS6KB1",7,-0.114962179838306
"GSE47460","COPD","RAS_MAPK","KRAS",11,-0.418091303544223
"GSE47460","COPD","RAS_MAPK","NRAS",11,-0.430482366591745
"GSE47460","COPD","RAS_MAPK","HRAS",11,-0.32695019844231
"GSE47460","COPD","RAS_MAPK","BRAF",11,-0.301785381898196
"GSE47460","COPD","RAS_MAPK","RAF1",11,-0.300956778183774
"GSE47460","COPD","RAS_MAPK","MAP2K1",11,-0.364560484399195
"GSE47460","COPD","RAS_MAPK","MAP2K2",11,-0.451271113850063
"GSE47460","COPD","RAS_MAPK","MAPK1",11,-0.389331247072617
"GSE47460","COPD","RAS_MAPK","MAPK3",11,-0.267229414490639
"GSE47460","COPD","RAS_MAPK","DUSP6",11,-0.308243593554932
"GSE47460","COPD","RAS_MAPK","ETV4",11,-0.329107439572914
"GSE47460","COPD","RAS_MAPK","ETV5",11,-0.228646533214878
"GSE47460","COPD","RET_ALK_NTRK","RET",5,0.444527909008969
"GSE47460","COPD","RET_ALK_NTRK","ALK",5,0.595275476735354
"GSE47460","COPD","RET_ALK_NTRK","ROS1",5,0.744573961085073
"GSE47460","COPD","RET_ALK_NTRK","NTRK1",5,0.609056537887375
"GSE47460","COPD","RET_ALK_NTRK","NTRK2",5,0.660198934858044
"GSE47460","COPD","RET_ALK_NTRK","NTRK3",5,0.741933128935182
"GSE47460","COPD","SRC_FAK","SRC",3,-0.184238526609732
"GSE47460","COPD","SRC_FAK","FYN",3,-0.1644674705947
"GSE47460","COPD","SRC_FAK","YES1",3,-0.425082723694038
"GSE47460","COPD","SRC_FAK","PTK2",3,-0.11568264650183
"GSE47460","COPD","TGFB_SMAD","TGFB1",3,-0.306720100202974
"GSE47460","COPD","TGFB_SMAD","TGFBR2",3,0.10833869120851
"GSE47460","COPD","TGFB_SMAD","SMAD2",3,-0.261960963364278
"GSE47460","COPD","TGFB_SMAD","SMAD3",3,-0.065976511382057
"GSE47460","COPD","TIE_ANGPT_AXIS","TEK",2,0.468740205979538
"GSE47460","COPD","TIE_ANGPT_AXIS","ANGPT1",2,0.122472443428431
"GSE47460","COPD","TIE_ANGPT_AXIS","ANGPT2",2,-0.071313277345419
"GSE47460","COPD","VEGF_PDGF_AXIS","KDR",6,-0.352731965026329
"GSE47460","COPD","VEGF_PDGF_AXIS","FLT4",6,-0.298394717978488
"GSE47460","COPD","VEGF_PDGF_AXIS","VEGFA",6,-0.26100002203739
"GSE47460","COPD","VEGF_PDGF_AXIS","VEGFB",6,-0.531639788950228
"GSE47460","COPD","VEGF_PDGF_AXIS","VEGFC",6,-0.466777761825831
"GSE47460","COPD","VEGF_PDGF_AXIS","PDGFA",6,-0.471104493423154
"GSE47460","COPD","VEGF_PDGF_AXIS","PDGFB",6,-0.358707010132817
"GSE47460","COPD","WNT_CTNNB1","CTNNB1",3,-0.364862169278927
"GSE47460","COPD","WNT_CTNNB1","AXIN2",3,-0.239682054893668
"GSE47460","COPD","WNT_CTNNB1","MYC",3,-0.457700427725213
"GSE47460","COPD","WNT_CTNNB1","CCND1",3,-0.380752276475599
"GSE33814","NAFLD","EPH_RECEPTORS","EPHA1",3,-0.0747902402768463
"GSE33814","NAFLD","EPH_RECEPTORS","EPHA2",3,0.338206365906217
"GSE33814","NAFLD","EPH_RECEPTORS","EPHB2",3,0.727070251252444
"GSE33814","NAFLD","EPH_RECEPTORS","EPHB4",3,0.721446997716465
"GSE33814","NAFLD","ERBB_LIGANDS","EGF",5,0.433974992466126
"GSE33814","NAFLD","ERBB_LIGANDS","TGFA",5,0.122882323948338
"GSE33814","NAFLD","ERBB_LIGANDS","AREG",5,0.333780144591761
"GSE33814","NAFLD","ERBB_LIGANDS","EREG",5,0.524538125779421
"GSE33814","NAFLD","ERBB_LIGANDS","HBEGF",5,0.532927650689469
"GSE33814","NAFLD","ERBB_LIGANDS","NRG1",5,0.59109467057256
"GSE33814","NAFLD","ERBB_RECEPTORS","EGFR",3,0.696161200071988
"GSE33814","NAFLD","ERBB_RECEPTORS","ERBB2",3,-0.264562822037873
"GSE33814","NAFLD","ERBB_RECEPTORS","ERBB3",3,0.209788378067644
"GSE33814","NAFLD","ERBB_RECEPTORS","ERBB4",3,-0.0929106074359616
"GSE33814","NAFLD","FGFR_AXIS","FGFR1",6,0.257474650233669
"GSE33814","NAFLD","FGFR_AXIS","FGFR3",6,0.022725873869956
"GSE33814","NAFLD","FGFR_AXIS","FGFR4",6,0.212979994803424
"GSE33814","NAFLD","FGFR_AXIS","FGF1",6,0.137159984724104
"GSE33814","NAFLD","FGFR_AXIS","FGF2",6,0.20685124169081
"GSE33814","NAFLD","FGFR_AXIS","FGF7",6,0.190334034916668
"GSE33814","NAFLD","FGFR_AXIS","FGF10",6,0.314331067512386
"GSE33814","NAFLD","HGF_MET_AXIS","MET",2,0.542959345942865
"GSE33814","NAFLD","HGF_MET_AXIS","MST1R",2,-0.846222188927161
"GSE33814","NAFLD","HGF_MET_AXIS","HGF",2,-0.634060425464508
"GSE33814","NAFLD","IGF_INSR_AXIS","IGF1R",3,-1.56340158182595
"GSE33814","NAFLD","IGF_INSR_AXIS","INSR",3,-1.58497095318635
"GSE33814","NAFLD","IGF_INSR_AXIS","IGF1",3,-1.26622762646651
"GSE33814","NAFLD","IGF_INSR_AXIS","IGF2",3,-1.37812150324242
"GSE33814","NAFLD","JAK_STAT","JAK1",8,0.522799867184151
"GSE33814","NAFLD","JAK_STAT","JAK2",8,0.49526472690714
"GSE33814","NAFLD","JAK_STAT","JAK3",8,0.303512355527229
"GSE33814","NAFLD","JAK_STAT","TYK2",8,0.100049922766265
"GSE33814","NAFLD","JAK_STAT","STAT1",8,0.378394782230331
"GSE33814","NAFLD","JAK_STAT","STAT3",8,0.122632334934285
"GSE33814","NAFLD","JAK_STAT","STAT5A",8,0.0288000563666793
"GSE33814","NAFLD","JAK_STAT","STAT5B",8,0.207988293452831
"GSE33814","NAFLD","JAK_STAT","STAT6",8,0.287999560014346
"GSE33814","NAFLD","PDGFR_KIT_CSF1R","PDGFRA",4,0.265885960597236
"GSE33814","NAFLD","PDGFR_KIT_CSF1R","PDGFRB",4,0.185616814274506
"GSE33814","NAFLD","PDGFR_KIT_CSF1R","KIT",4,0.345932586401709
"GSE33814","NAFLD","PDGFR_KIT_CSF1R","CSF1R",4,0.490265967094056
"GSE33814","NAFLD","PDGFR_KIT_CSF1R","FLT3",4,0.720142074299449
"GSE33814","NAFLD","PI3K_AKT","PIK3CA",8,-0.103758225985922
"GSE33814","NAFLD","PI3K_AKT","PIK3CB",8,-0.353281288958897
"GSE33814","NAFLD","PI3K_AKT","PIK3CD",8,-0.608520488909779
"GSE33814","NAFLD","PI3K_AKT","AKT1",8,-0.552457033759973
"GSE33814","NAFLD","PI3K_AKT","AKT2",8,-0.264063720808027
"GSE33814","NAFLD","PI3K_AKT","PDPK1",8,-0.00230789244700439
"GSE33814","NAFLD","PI3K_AKT","MTOR",8,-0.748611848801145
"GSE33814","NAFLD","PI3K_AKT","RPTOR",8,-0.30911802754194
"GSE33814","NAFLD","PI3K_AKT","RPS6KB1",8,-0.490493490385248
"GSE33814","NAFLD","RAS_MAPK","KRAS",11,0.871393516564756
"GSE33814","NAFLD","RAS_MAPK","NRAS",11,0.885906798052891
"GSE33814","NAFLD","RAS_MAPK","HRAS",11,0.819607743649193
"GSE33814","NAFLD","RAS_MAPK","BRAF",11,0.933145780720035
"GSE33814","NAFLD","RAS_MAPK","RAF1",11,1.0061893586577
"GSE33814","NAFLD","RAS_MAPK","MAP2K1",11,1.13485378123934
"GSE33814","NAFLD","RAS_MAPK","MAP2K2",11,0.530244531981925
"GSE33814","NAFLD","RAS_MAPK","MAPK1",11,0.994232664052552
"GSE33814","NAFLD","RAS_MAPK","MAPK3",11,0.667111112802539
"GSE33814","NAFLD","RAS_MAPK","DUSP6",11,0.902600032860762
"GSE33814","NAFLD","RAS_MAPK","ETV4",11,0.586991903607463
"GSE33814","NAFLD","RAS_MAPK","ETV5",11,0.689393810925259
"GSE33814","NAFLD","RET_ALK_NTRK","RET",5,-0.318852650218572
"GSE33814","NAFLD","RET_ALK_NTRK","ALK",5,-0.0196150067330177
"GSE33814","NAFLD","RET_ALK_NTRK","ROS1",5,-0.290271752870978
"GSE33814","NAFLD","RET_ALK_NTRK","NTRK1",5,-0.33963404976228
"GSE33814","NAFLD","RET_ALK_NTRK","NTRK2",5,-0.105788510801915
"GSE33814","NAFLD","RET_ALK_NTRK","NTRK3",5,-0.149624930737105
"GSE33814","NAFLD","SRC_FAK","SRC",4,-0.738350558752217
"GSE33814","NAFLD","SRC_FAK","FYN",4,-0.215023599307768
"GSE33814","NAFLD","SRC_FAK","YES1",4,0.441245442703266
"GSE33814","NAFLD","SRC_FAK","PTK2",4,-0.0517071653381097
"GSE33814","NAFLD","SRC_FAK","PTK2B",4,0.194554272693932
"GSE33814","NAFLD","TAM_AXL_AXIS","AXL",2,0.182532169129165
"GSE33814","NAFLD","TAM_AXL_AXIS","TYRO3",2,-0.694599994146709
"GSE33814","NAFLD","TAM_AXL_AXIS","MERTK",2,-0.068229228006099
"GSE33814","NAFLD","TGFB_SMAD","TGFB1",4,-0.793492310516189
"GSE33814","NAFLD","TGFB_SMAD","TGFBR1",4,-0.57910944233041
"GSE33814","NAFLD","TGFB_SMAD","TGFBR2",4,-0.423892295616096
"GSE33814","NAFLD","TGFB_SMAD","SMAD2",4,-0.606494823623869
"GSE33814","NAFLD","TGFB_SMAD","SMAD3",4,-0.976407375149043
"GSE33814","NAFLD","TIE_ANGPT_AXIS","TEK",2,0.620324307246495
"GSE33814","NAFLD","TIE_ANGPT_AXIS","ANGPT1",2,-0.753612718190424
"GSE33814","NAFLD","TIE_ANGPT_AXIS","ANGPT2",2,-0.625511719414038
"GSE33814","NAFLD","VEGF_PDGF_AXIS","FLT1",8,0.677150044157771
"GSE33814","NAFLD","VEGF_PDGF_AXIS","KDR",8,0.733926899396951
"GSE33814","NAFLD","VEGF_PDGF_AXIS","FLT4",8,0.376078746609806
"GSE33814","NAFLD","VEGF_PDGF_AXIS","VEGFA",8,0.411445382210354
"GSE33814","NAFLD","VEGF_PDGF_AXIS","VEGFB",8,0.48367781398226
"GSE33814","NAFLD","VEGF_PDGF_AXIS","VEGFC",8,0.592950598513847
"GSE33814","NAFLD","VEGF_PDGF_AXIS","PGF",8,0.479319483579695
"GSE33814","NAFLD","VEGF_PDGF_AXIS","PDGFA",8,0.465629975074267
"GSE33814","NAFLD","VEGF_PDGF_AXIS","PDGFB",8,0.440891538001839
"GSE33814","NAFLD","WNT_CTNNB1","CTNNB1",3,0.148480162303521
"GSE33814","NAFLD","WNT_CTNNB1","AXIN2",3,0.395965720677573
"GSE33814","NAFLD","WNT_CTNNB1","MYC",3,0.279020655016921
"GSE33814","NAFLD","WNT_CTNNB1","CCND1",3,-0.289752234912938
"GSE66676","NAFLD","EPH_RECEPTORS","EPHA1",3,-0.811289528490189
"GSE66676","NAFLD","EPH_RECEPTORS","EPHA2",3,-0.595055062167593
"GSE66676","NAFLD","EPH_RECEPTORS","EPHB2",3,-0.553338145360081
"GSE66676","NAFLD","EPH_RECEPTORS","EPHB4",3,-0.687434055493103
"GSE66676","NAFLD","ERBB_LIGANDS","EGF",5,-0.189205227804061
"GSE66676","NAFLD","ERBB_LIGANDS","TGFA",5,-0.0732737305840523
"GSE66676","NAFLD","ERBB_LIGANDS","AREG",5,-0.0672138078611395
"GSE66676","NAFLD","ERBB_LIGANDS","EREG",5,-0.0499333689587764
"GSE66676","NAFLD","ERBB_LIGANDS","HBEGF",5,-0.16099260998793
"GSE66676","NAFLD","ERBB_LIGANDS","NRG1",5,-0.20012575513877
"GSE66676","NAFLD","ERBB_RECEPTORS","EGFR",3,-0.266330617096393
"GSE66676","NAFLD","ERBB_RECEPTORS","ERBB2",3,-0.394344395225141
"GSE66676","NAFLD","ERBB_RECEPTORS","ERBB3",3,-0.624817638526601
"GSE66676","NAFLD","ERBB_RECEPTORS","ERBB4",3,-0.420328141644807
"GSE66676","NAFLD","FGFR_AXIS","FGFR1",7,-0.417037403855528
"GSE66676","NAFLD","FGFR_AXIS","FGFR2",7,-0.360809845620291
"GSE66676","NAFLD","FGFR_AXIS","FGFR3",7,-0.414718305373121
"GSE66676","NAFLD","FGFR_AXIS","FGFR4",7,-0.467600038572177
"GSE66676","NAFLD","FGFR_AXIS","FGF1",7,-0.577622923907708
"GSE66676","NAFLD","FGFR_AXIS","FGF2",7,-0.4807897285152
"GSE66676","NAFLD","FGFR_AXIS","FGF7",7,-0.480270979875102
"GSE66676","NAFLD","FGFR_AXIS","FGF10",7,-0.368696875867942
"GSE66676","NAFLD","HGF_MET_AXIS","MET",2,0.00934366687210921
"GSE66676","NAFLD","HGF_MET_AXIS","MST1R",2,0.0700565559058215
"GSE66676","NAFLD","HGF_MET_AXIS","HGF",2,-0.395374314524964
"GSE66676","NAFLD","IGF_INSR_AXIS","IGF1R",2,-0.390759854935337
"GSE66676","NAFLD","IGF_INSR_AXIS","INSR",2,-0.139222984532239
"GSE66676","NAFLD","IGF_INSR_AXIS","IGF1",2,-0.392605532796572
"GSE66676","NAFLD","JAK_STAT","JAK1",8,-0.40122861337456
"GSE66676","NAFLD","JAK_STAT","JAK2",8,-0.520904632586964
"GSE66676","NAFLD","JAK_STAT","JAK3",8,-0.332367757062487
"GSE66676","NAFLD","JAK_STAT","TYK2",8,-0.445177969599889
"GSE66676","NAFLD","JAK_STAT","STAT1",8,-0.530064260423445
"GSE66676","NAFLD","JAK_STAT","STAT3",8,-0.453910360102812
"GSE66676","NAFLD","JAK_STAT","STAT5A",8,-0.354311428606228
"GSE66676","NAFLD","JAK_STAT","STAT5B",8,-0.372861093529524
"GSE66676","NAFLD","JAK_STAT","STAT6",8,-0.345696623795865
"GSE66676","NAFLD","PDGFR_KIT_CSF1R","PDGFRA",3,-0.361834321718087
"GSE66676","NAFLD","PDGFR_KIT_CSF1R","KIT",3,-0.274429932733261
"GSE66676","NAFLD","PDGFR_KIT_CSF1R","CSF1R",3,-0.114041350075771
"GSE66676","NAFLD","PDGFR_KIT_CSF1R","FLT3",3,0.0410522032350155
"GSE66676","NAFLD","PI3K_AKT","PIK3CA",8,-0.335712914471858
"GSE66676","NAFLD","PI3K_AKT","PIK3CB",8,-0.342543293572159
"GSE66676","NAFLD","PI3K_AKT","PIK3CD",8,-0.176109044923089
"GSE66676","NAFLD","PI3K_AKT","AKT1",8,-0.137696545393335
"GSE66676","NAFLD","PI3K_AKT","AKT2",8,-0.186377524441673
"GSE66676","NAFLD","PI3K_AKT","PDPK1",8,-0.19404207643335
"GSE66676","NAFLD","PI3K_AKT","MTOR",8,-0.205246782930493
"GSE66676","NAFLD","PI3K_AKT","RPTOR",8,-0.123699446209828
"GSE66676","NAFLD","PI3K_AKT","RPS6KB1",8,-0.3276501934958
"GSE66676","NAFLD","RAS_MAPK","KRAS",9,-0.0758194388955777
"GSE66676","NAFLD","RAS_MAPK","NRAS",9,-0.102120716775287
"GSE66676","NAFLD","RAS_MAPK","HRAS",9,0.0353090375639931
"GSE66676","NAFLD","RAS_MAPK","MAP2K1",9,-0.117983275693948
"GSE66676","NAFLD","RAS_MAPK","MAP2K2",9,0.0659589363720974
"GSE66676","NAFLD","RAS_MAPK","MAPK1",9,0.0298198643845304
"GSE66676","NAFLD","RAS_MAPK","MAPK3",9,0.0228327593199843
"GSE66676","NAFLD","RAS_MAPK","DUSP6",9,0.111626242084066
"GSE66676","NAFLD","RAS_MAPK","ETV4",9,0.0744570559065102
"GSE66676","NAFLD","RAS_MAPK","ETV5",9,0.163603183790208
"GSE66676","NAFLD","SRC_FAK","SRC",4,-0.0857038558871792
"GSE66676","NAFLD","SRC_FAK","FYN",4,-0.185376234665393
"GSE66676","NAFLD","SRC_FAK","YES1",4,-0.33597463507093
"GSE66676","NAFLD","SRC_FAK","PTK2",4,-0.138644144330022
"GSE66676","NAFLD","SRC_FAK","PTK2B",4,-0.26120981668585
"GSE66676","NAFLD","TAM_AXL_AXIS","AXL",2,-0.59647168863764
"GSE66676","NAFLD","TAM_AXL_AXIS","TYRO3",2,-0.306297821824228
"GSE66676","NAFLD","TAM_AXL_AXIS","MERTK",2,-0.437198417058667
"GSE66676","NAFLD","TGFB_SMAD","TGFB1",4,-0.13365254115218
"GSE66676","NAFLD","TGFB_SMAD","TGFBR1",4,-0.406023124984863
"GSE66676","NAFLD","TGFB_SMAD","TGFBR2",4,-0.22130891419353
"GSE66676","NAFLD","TGFB_SMAD","SMAD2",4,-0.540764413373539
"GSE66676","NAFLD","TGFB_SMAD","SMAD3",4,-0.0588779121532032
"GSE66676","NAFLD","TIE_ANGPT_AXIS","TEK",2,0.29985709880566
"GSE66676","NAFLD","TIE_ANGPT_AXIS","ANGPT1",2,0.578513875252189
"GSE66676","NAFLD","TIE_ANGPT_AXIS","ANGPT2",2,0.237051364341745
"GSE66676","NAFLD","VEGF_PDGF_AXIS","FLT1",8,-0.375494429519356
"GSE66676","NAFLD","VEGF_PDGF_AXIS","KDR",8,-0.259604820750135
"GSE66676","NAFLD","VEGF_PDGF_AXIS","FLT4",8,-0.332794639564812
"GSE66676","NAFLD","VEGF_PDGF_AXIS","VEGFA",8,-0.398850709116353
"GSE66676","NAFLD","VEGF_PDGF_AXIS","VEGFB",8,-0.289328310127412
"GSE66676","NAFLD","VEGF_PDGF_AXIS","VEGFC",8,-0.314482588639082
"GSE66676","NAFLD","VEGF_PDGF_AXIS","PGF",8,-0.284000596919174
"GSE66676","NAFLD","VEGF_PDGF_AXIS","PDGFA",8,-0.399153005911727
"GSE66676","NAFLD","VEGF_PDGF_AXIS","PDGFB",8,-0.322250279309995
"GSE66676","NAFLD","WNT_CTNNB1","CTNNB1",3,-0.0776791964193115
"GSE66676","NAFLD","WNT_CTNNB1","AXIN2",3,-0.0745040714988128
"GSE66676","NAFLD","WNT_CTNNB1","MYC",3,0.0865325291842227
"GSE66676","NAFLD","WNT_CTNNB1","CCND1",3,0.0300178732401611
