"accession","sample_id","patient_id","group"
"GSE13911","GSM350411","105","Case"
"GSE13911","GSM350412","105","Control"
"GSE13911","GSM350413","114","Case"
"GSE13911","GSM350414","114","Control"
"GSE13911","GSM350415","115","Case"
"GSE13911","GSM350416","117","Case"
"GSE13911","GSM350417","117","Control"
"GSE13911","GSM350418","118","Case"
"GSE13911","GSM350419","118","Control"
"GSE13911","GSM350420","123","Case"
"GSE13911","GSM350421","123","Control"
"GSE13911","GSM350422","124","Case"
"GSE13911","GSM350423","127","Case"
"GSE13911","GSM350424","127","Control"
"GSE13911","GSM350425","129","Case"
"GSE13911","GSM350426","129","Control"
"GSE13911","GSM350427","130","Case"
"GSE13911","GSM350428","130","Control"
"GSE13911","GSM350429","146","Case"
"GSE13911","GSM350430","146","Control"
"GSE13911","GSM350431","148","Case"
"GSE13911","GSM350432","149","Case"
"GSE13911","GSM350433","149","Control"
"GSE13911","GSM350434","154","Case"
"GSE13911","GSM350435","154","Control"
"GSE13911","GSM350436","158","Case"
"GSE13911","GSM350437","158","Control"
"GSE13911","GSM350438","159","Case"
"GSE13911","GSM350439","159","Control"
"GSE13911","GSM350440","174","Case"
"GSE13911","GSM350441","174","Control"
"GSE13911","GSM350442","177","Case"
"GSE13911","GSM350443","17","Case"
"GSE13911","GSM350444","17","Control"
"GSE13911","GSM350445","183","Case"
"GSE13911","GSM350446","183","Control"
"GSE13911","GSM350447","186","Case"
"GSE13911","GSM350448","186","Control"
"GSE13911","GSM350449","189","Case"
"GSE13911","GSM350450","189","Control"
"GSE13911","GSM350451","192","Case"
"GSE13911","GSM350452","192","Control"
"GSE13911","GSM350453","195","Case"
"GSE13911","GSM350454","195","Control"
"GSE13911","GSM350455","196","Case"
"GSE13911","GSM350456","196","Control"
"GSE13911","GSM350457","202","Case"
"GSE13911","GSM350458","202","Control"
"GSE13911","GSM350459","203","Case"
"GSE13911","GSM350460","203","Control"
"GSE13911","GSM350461","22","Case"
"GSE13911","GSM350462","22","Control"
"GSE13911","GSM350463","39","Case"
"GSE13911","GSM350464","39","Control"
"GSE13911","GSM350465","43","Case"
"GSE13911","GSM350466","46","Case"
"GSE13911","GSM350467","46","Control"
"GSE13911","GSM350468","53","Case"
"GSE13911","GSM350469","53","Control"
"GSE13911","GSM350470","58","Case"
"GSE13911","GSM350471","60","Case"
"GSE13911","GSM350472","60","Control"
"GSE13911","GSM350473","61","Case"
"GSE13911","GSM350474","63","Case"
"GSE13911","GSM350475","63","Control"
"GSE13911","GSM350476","91","Case"
"GSE13911","GSM350477","91","Control"
"GSE13911","GSM350478","96","Case"
"GSE13911","GSM350479","96","Control"
"GSE27342","GSM675890","1","Control"
"GSE27342","GSM675891","1","Case"
"GSE27342","GSM675892","2","Control"
"GSE27342","GSM675893","2","Case"
"GSE27342","GSM675894","3","Control"
"GSE27342","GSM675895","3","Case"
"GSE27342","GSM675896","4","Control"
"GSE27342","GSM675897","4","Case"
"GSE27342","GSM675898","5","Control"
"GSE27342","GSM675899","5","Case"
"GSE27342","GSM675900","6","Control"
"GSE27342","GSM675901","6","Case"
"GSE27342","GSM675902","7","Control"
"GSE27342","GSM675903","7","Case"
"GSE27342","GSM675904","8","Control"
"GSE27342","GSM675905","8","Case"
"GSE27342","GSM675906","9","Control"
"GSE27342","GSM675907","9","Case"
"GSE27342","GSM675908","10","Control"
"GSE27342","GSM675909","10","Case"
"GSE27342","GSM675910","11","Control"
"GSE27342","GSM675911","11","Case"
"GSE27342","GSM675912","12","Control"
"GSE27342","GSM675913","12","Case"
"GSE27342","GSM675914","13","Control"
"GSE27342","GSM675915","13","Case"
"GSE27342","GSM675916","14","Control"
"GSE27342","GSM675917","14","Case"
"GSE27342","GSM675918","15","Control"
"GSE27342","GSM675919","15","Case"
"GSE27342","GSM675920","16","Case"
"GSE27342","GSM675921","16","Control"
"GSE27342","GSM675922","17","Case"
"GSE27342","GSM675923","17","Control"
"GSE27342","GSM675924","18","Case"
"GSE27342","GSM675925","18","Control"
"GSE27342","GSM675926","19","Case"
"GSE27342","GSM675927","19","Control"
"GSE27342","GSM675928","20","Case"
"GSE27342","GSM675929","20","Control"
"GSE27342","GSM675930","21","Control"
"GSE27342","GSM675931","21","Case"
"GSE27342","GSM675932","22","Control"
"GSE27342","GSM675933","22","Case"
"GSE27342","GSM675934","23","Control"
"GSE27342","GSM675935","23","Case"
"GSE27342","GSM675936","24","Control"
"GSE27342","GSM675937","24","Case"
"GSE27342","GSM675938","25","Control"
"GSE27342","GSM675939","25","Case"
"GSE27342","GSM675940","26","Control"
"GSE27342","GSM675941","26","Case"
"GSE27342","GSM675942","27","Control"
"GSE27342","GSM675943","27","Case"
"GSE27342","GSM675944","28","Control"
"GSE27342","GSM675945","28","Case"
"GSE27342","GSM675946","29","Control"
"GSE27342","GSM675947","29","Case"
"GSE27342","GSM675948","30","Control"
"GSE27342","GSM675949","30","Case"
"GSE27342","GSM675950","31","Control"
"GSE27342","GSM675951","31","Case"
"GSE27342","GSM675952","32","Control"
"GSE27342","GSM675953","32","Case"
"GSE27342","GSM675954","33","Control"
"GSE27342","GSM675955","33","Case"
"GSE27342","GSM675956","34","Control"
"GSE27342","GSM675957","34","Case"
"GSE27342","GSM675958","35","Control"
"GSE27342","GSM675959","35","Case"
"GSE27342","GSM675960","36","Control"
"GSE27342","GSM675961","36","Case"
"GSE27342","GSM675962","37","Control"
"GSE27342","GSM675963","37","Case"
"GSE27342","GSM675964","38","Control"
"GSE27342","GSM675965","38","Case"
"GSE27342","GSM675966","39","Control"
"GSE27342","GSM675967","39","Case"
"GSE27342","GSM675968","40","Control"
"GSE27342","GSM675969","40","Case"
"GSE27342","GSM675970","41","Control"
"GSE27342","GSM675971","41","Case"
"GSE27342","GSM675972","42","Control"
"GSE27342","GSM675973","42","Case"
"GSE27342","GSM675974","43","Control"
"GSE27342","GSM675975","43","Case"
"GSE27342","GSM675976","44","Control"
"GSE27342","GSM675977","44","Case"
"GSE27342","GSM675978","45","Control"
"GSE27342","GSM675979","45","Case"
"GSE27342","GSM675980","46","Control"
"GSE27342","GSM675981","46","Case"
"GSE27342","GSM675982","47","Control"
"GSE27342","GSM675983","47","Case"
"GSE27342","GSM675984","48","Case"
"GSE27342","GSM675985","48","Control"
"GSE27342","GSM675986","49","Case"
"GSE27342","GSM675987","49","Control"
"GSE27342","GSM675988","50","Control"
"GSE27342","GSM675989","50","Case"
"GSE27342","GSM675990","51","Control"
"GSE27342","GSM675991","51","Case"
"GSE27342","GSM675992","52","Control"
"GSE27342","GSM675993","52","Case"
"GSE27342","GSM675994","53","Control"
"GSE27342","GSM675995","53","Case"
"GSE27342","GSM675996","54","Control"
"GSE27342","GSM675997","54","Case"
"GSE27342","GSM675998","55","Control"
"GSE27342","GSM675999","55","Case"
"GSE27342","GSM676000","56","Control"
"GSE27342","GSM676001","56","Case"
"GSE27342","GSM676002","57","Control"
"GSE27342","GSM676003","57","Case"
"GSE27342","GSM676004","58","Control"
"GSE27342","GSM676005","58","Case"
"GSE27342","GSM676006","59","Control"
"GSE27342","GSM676007","59","Case"
"GSE27342","GSM676008","60","Control"
"GSE27342","GSM676009","60","Case"
"GSE27342","GSM676010","61","Control"
"GSE27342","GSM676011","61","Case"
"GSE27342","GSM676012","62","Control"
"GSE27342","GSM676013","62","Case"
"GSE27342","GSM676014","63","Case"
"GSE27342","GSM676015","63","Control"
"GSE27342","GSM676016","64","Case"
"GSE27342","GSM676017","64","Control"
"GSE27342","GSM676018","65","Control"
"GSE27342","GSM676019","65","Case"
"GSE27342","GSM676020","66","Case"
"GSE27342","GSM676021","66","Control"
"GSE27342","GSM676022","67","Case"
"GSE27342","GSM676023","67","Control"
"GSE27342","GSM676024","68","Control"
"GSE27342","GSM676025","68","Case"
"GSE27342","GSM676026","69","Control"
"GSE27342","GSM676027","69","Case"
"GSE27342","GSM676028","70","Control"
"GSE27342","GSM676029","70","Case"
"GSE27342","GSM676030","71","Control"
"GSE27342","GSM676031","71","Case"
"GSE27342","GSM676032","72","Control"
"GSE27342","GSM676033","72","Case"
"GSE27342","GSM676034","73","Control"
"GSE27342","GSM676035","73","Case"
"GSE27342","GSM676036","74","Control"
"GSE27342","GSM676037","74","Case"
"GSE27342","GSM676038","75","Control"
"GSE27342","GSM676039","75","Case"
"GSE27342","GSM676040","76","Control"
"GSE27342","GSM676041","76","Case"
"GSE27342","GSM676042","77","Control"
"GSE27342","GSM676043","77","Case"
"GSE27342","GSM676044","78","Control"
"GSE27342","GSM676045","78","Case"
"GSE27342","GSM676046","79","Control"
"GSE27342","GSM676047","79","Case"
"GSE27342","GSM676048","80","Control"
"GSE27342","GSM676049","80","Case"
"GSE63089","GSM1540871","1","Case"
"GSE63089","GSM1540872","2","Case"
"GSE63089","GSM1540873","3","Case"
"GSE63089","GSM1540874","4","Case"
"GSE63089","GSM1540875","5","Case"
"GSE63089","GSM1540876","6","Case"
"GSE63089","GSM1540877","7","Case"
"GSE63089","GSM1540878","8","Case"
"GSE63089","GSM1540879","9","Case"
"GSE63089","GSM1540880","10","Case"
"GSE63089","GSM1540881","11","Case"
"GSE63089","GSM1540882","12","Case"
"GSE63089","GSM1540883","13","Case"
"GSE63089","GSM1540884","14","Case"
"GSE63089","GSM1540885","15","Case"
"GSE63089","GSM1540886","16","Case"
"GSE63089","GSM1540887","17","Case"
"GSE63089","GSM1540888","18","Case"
"GSE63089","GSM1540889","19","Case"
"GSE63089","GSM1540890","20","Case"
"GSE63089","GSM1540891","21","Case"
"GSE63089","GSM1540892","22","Case"
"GSE63089","GSM1540893","23","Case"
"GSE63089","GSM1540894","24","Case"
"GSE63089","GSM1540895","25","Case"
"GSE63089","GSM1540896","26","Case"
"GSE63089","GSM1540897","27","Case"
"GSE63089","GSM1540898","28","Case"
"GSE63089","GSM1540899","29","Case"
"GSE63089","GSM1540900","30","Case"
"GSE63089","GSM1540901","31","Case"
"GSE63089","GSM1540902","32","Case"
"GSE63089","GSM1540903","33","Case"
"GSE63089","GSM1540904","34","Case"
"GSE63089","GSM1540905","35","Case"
"GSE63089","GSM1540906","36","Case"
"GSE63089","GSM1540907","37","Case"
"GSE63089","GSM1540908","38","Case"
"GSE63089","GSM1540909","39","Case"
"GSE63089","GSM1540910","40","Case"
"GSE63089","GSM1540911","41","Case"
"GSE63089","GSM1540912","42","Case"
"GSE63089","GSM1540913","43","Case"
"GSE63089","GSM1540914","44","Case"
"GSE63089","GSM1540915","45","Case"
"GSE63089","GSM1540916","1","Control"
"GSE63089","GSM1540917","2","Control"
"GSE63089","GSM1540918","3","Control"
"GSE63089","GSM1540919","4","Control"
"GSE63089","GSM1540920","5","Control"
"GSE63089","GSM1540921","6","Control"
"GSE63089","GSM1540922","7","Control"
"GSE63089","GSM1540923","8","Control"
"GSE63089","GSM1540924","9","Control"
"GSE63089","GSM1540925","10","Control"
"GSE63089","GSM1540926","11","Control"
"GSE63089","GSM1540927","12","Control"
"GSE63089","GSM1540928","13","Control"
"GSE63089","GSM1540929","14","Control"
"GSE63089","GSM1540930","15","Control"
"GSE63089","GSM1540931","16","Control"
"GSE63089","GSM1540932","17","Control"
"GSE63089","GSM1540933","18","Control"
"GSE63089","GSM1540934","19","Control"
"GSE63089","GSM1540935","20","Control"
"GSE63089","GSM1540936","21","Control"
"GSE63089","GSM1540937","22","Control"
"GSE63089","GSM1540938","23","Control"
"GSE63089","GSM1540939","24","Control"
"GSE63089","GSM1540940","25","Control"
"GSE63089","GSM1540941","26","Control"
"GSE63089","GSM1540942","27","Control"
"GSE63089","GSM1540943","28","Control"
"GSE63089","GSM1540944","29","Control"
"GSE63089","GSM1540945","30","Control"
"GSE63089","GSM1540946","31","Control"
"GSE63089","GSM1540947","32","Control"
"GSE63089","GSM1540948","33","Control"
"GSE63089","GSM1540949","34","Control"
"GSE63089","GSM1540950","35","Control"
"GSE63089","GSM1540951","36","Control"
"GSE63089","GSM1540952","37","Control"
"GSE63089","GSM1540953","38","Control"
"GSE63089","GSM1540954","39","Control"
"GSE63089","GSM1540955","40","Control"
"GSE63089","GSM1540956","41","Control"
"GSE63089","GSM1540957","42","Control"
"GSE63089","GSM1540958","43","Control"
"GSE63089","GSM1540959","44","Control"
"GSE63089","GSM1540960","45","Control"
"GSE15471","GSM388076","30162","Control"
"GSE15471","GSM388078","40728","Control"
"GSE15471","GSM388080","41027","Control"
"GSE15471","GSM388082","30057","Control"
"GSE15471","GSM388083","30068","Control"
"GSE15471","GSM388084","30277","Control"
"GSE15471","GSM388085","30308","Control"
"GSE15471","GSM388086","30364","Control"
"GSE15471","GSM388087","30582","Control"
"GSE15471","GSM388088","30617","Control"
"GSE15471","GSM388089","40645","Control"
"GSE15471","GSM388090","40656","Control"
"GSE15471","GSM388091","40726","Control"
"GSE15471","GSM388092","40730","Control"
"GSE15471","GSM388093","40741","Control"
"GSE15471","GSM388094","40836","Control"
"GSE15471","GSM388095","40843","Control"
"GSE15471","GSM388096","40875","Control"
"GSE15471","GSM388097","40892","Control"
"GSE15471","GSM388098","40899","Control"
"GSE15471","GSM388099","40975","Control"
"GSE15471","GSM388100","40977","Control"
"GSE15471","GSM388101","51084","Control"
"GSE15471","GSM388102","51091","Control"
"GSE15471","GSM388103","51176","Control"
"GSE15471","GSM388104","51292","Control"
"GSE15471","GSM388105","51294","Control"
"GSE15471","GSM388106","51308","Control"
"GSE15471","GSM388107","51315","Control"
"GSE15471","GSM388108","51572","Control"
"GSE15471","GSM388109","51628","Control"
"GSE15471","GSM388110","51677","Control"
"GSE15471","GSM388111","51681","Control"
"GSE15471","GSM388112","51721","Control"
"GSE15471","GSM388113","51722","Control"
"GSE15471","GSM388114","51783","Control"
"GSE15471","GSM388115","30162","Case"
"GSE15471","GSM388117","40728","Case"
"GSE15471","GSM388119","41027","Case"
"GSE15471","GSM388121","30057","Case"
"GSE15471","GSM388122","30068","Case"
"GSE15471","GSM388123","30277","Case"
"GSE15471","GSM388124","30308","Case"
"GSE15471","GSM388125","30364","Case"
"GSE15471","GSM388126","30582","Case"
"GSE15471","GSM388127","30617","Case"
"GSE15471","GSM388128","40645","Case"
"GSE15471","GSM388129","40656","Case"
"GSE15471","GSM388130","40726","Case"
"GSE15471","GSM388131","40730","Case"
"GSE15471","GSM388132","40741","Case"
"GSE15471","GSM388133","40836","Case"
"GSE15471","GSM388134","40843","Case"
"GSE15471","GSM388135","40875","Case"
"GSE15471","GSM388136","40892","Case"
"GSE15471","GSM388137","40899","Case"
"GSE15471","GSM388138","40975","Case"
"GSE15471","GSM388139","40977","Case"
"GSE15471","GSM388140","51084","Case"
"GSE15471","GSM388141","51091","Case"
"GSE15471","GSM388142","51176","Case"
"GSE15471","GSM388143","51292","Case"
"GSE15471","GSM388144","51294","Case"
"GSE15471","GSM388145","51308","Case"
"GSE15471","GSM388146","51315","Case"
"GSE15471","GSM388147","51572","Case"
"GSE15471","GSM388148","51628","Case"
"GSE15471","GSM388149","51677","Case"
"GSE15471","GSM388150","51681","Case"
"GSE15471","GSM388151","51721","Case"
"GSE15471","GSM388152","51722","Case"
"GSE15471","GSM388153","51783","Case"
"GSE20347","GSM509787","E1507","Control"
"GSE20347","GSM509788","E1520","Control"
"GSE20347","GSM509789","E1521","Control"
"GSE20347","GSM509790","E1532","Control"
"GSE20347","GSM509791","E1535","Control"
"GSE20347","GSM509792","E1542","Control"
"GSE20347","GSM509793","E1546","Control"
"GSE20347","GSM509794","E1566","Control"
"GSE20347","GSM509795","E1584","Control"
"GSE20347","GSM509796","E1589","Control"
"GSE20347","GSM509797","E1603","Control"
"GSE20347","GSM509798","E1610","Control"
"GSE20347","GSM509799","E1614","Control"
"GSE20347","GSM509800","E1635","Control"
"GSE20347","GSM509801","E1709","Control"
"GSE20347","GSM509802","E1796","Control"
"GSE20347","GSM509803","E2644","Control"
"GSE20347","GSM509804","E1507","Case"
"GSE20347","GSM509805","E1520","Case"
"GSE20347","GSM509806","E1521","Case"
"GSE20347","GSM509807","E1532","Case"
"GSE20347","GSM509808","E1535","Case"
"GSE20347","GSM509809","E1542","Case"
"GSE20347","GSM509810","E1546","Case"
"GSE20347","GSM509811","E1566","Case"
"GSE20347","GSM509812","E1584","Case"
"GSE20347","GSM509813","E1589","Case"
"GSE20347","GSM509814","E1603","Case"
"GSE20347","GSM509815","E1610","Case"
"GSE20347","GSM509816","E1614","Case"
"GSE20347","GSM509817","E1635","Case"
"GSE20347","GSM509818","E1709","Case"
"GSE20347","GSM509819","E1796","Case"
"GSE20347","GSM509820","E2644","Case"
"GSE23400","GSM573846","01","Control"
"GSE23400","GSM573847","02","Control"
"GSE23400","GSM573848","03","Control"
"GSE23400","GSM573849","04","Control"
"GSE23400","GSM573850","05","Control"
"GSE23400","GSM573851","06","Control"
"GSE23400","GSM573852","07","Control"
"GSE23400","GSM573853","08","Control"
"GSE23400","GSM573854","09","Control"
"GSE23400","GSM573855","10","Control"
"GSE23400","GSM573856","11","Control"
"GSE23400","GSM573857","12","Control"
"GSE23400","GSM573858","13","Control"
"GSE23400","GSM573859","14","Control"
"GSE23400","GSM573860","15","Control"
"GSE23400","GSM573861","16","Control"
"GSE23400","GSM573862","17","Control"
"GSE23400","GSM573863","18","Control"
"GSE23400","GSM573864","19","Control"
"GSE23400","GSM573865","20","Control"
"GSE23400","GSM573866","21","Control"
"GSE23400","GSM573867","22","Control"
"GSE23400","GSM573868","23","Control"
"GSE23400","GSM573869","24","Control"
"GSE23400","GSM573870","25","Control"
"GSE23400","GSM573871","26","Control"
"GSE23400","GSM573872","27","Control"
"GSE23400","GSM573873","28","Control"
"GSE23400","GSM573874","29","Control"
"GSE23400","GSM573875","30","Control"
"GSE23400","GSM573876","31","Control"
"GSE23400","GSM573877","32","Control"
"GSE23400","GSM573878","33","Control"
"GSE23400","GSM573879","34","Control"
"GSE23400","GSM573880","35","Control"
"GSE23400","GSM573881","36","Control"
"GSE23400","GSM573882","37","Control"
"GSE23400","GSM573883","38","Control"
"GSE23400","GSM573884","39","Control"
"GSE23400","GSM573885","40","Control"
"GSE23400","GSM573886","41","Control"
"GSE23400","GSM573887","42","Control"
"GSE23400","GSM573888","43","Control"
"GSE23400","GSM573889","44","Control"
"GSE23400","GSM573890","45","Control"
"GSE23400","GSM573891","46","Control"
"GSE23400","GSM573892","47","Control"
"GSE23400","GSM573893","48","Control"
"GSE23400","GSM573894","49","Control"
"GSE23400","GSM573895","50","Control"
"GSE23400","GSM573896","51","Control"
"GSE23400","GSM573897","52","Control"
"GSE23400","GSM573898","53","Control"
"GSE23400","GSM573899","01","Case"
"GSE23400","GSM573900","02","Case"
"GSE23400","GSM573901","03","Case"
"GSE23400","GSM573902","04","Case"
"GSE23400","GSM573903","05","Case"
"GSE23400","GSM573904","06","Case"
"GSE23400","GSM573905","07","Case"
"GSE23400","GSM573906","08","Case"
"GSE23400","GSM573907","09","Case"
"GSE23400","GSM573908","10","Case"
"GSE23400","GSM573909","11","Case"
"GSE23400","GSM573910","12","Case"
"GSE23400","GSM573911","13","Case"
"GSE23400","GSM573912","14","Case"
"GSE23400","GSM573913","15","Case"
"GSE23400","GSM573914","16","Case"
"GSE23400","GSM573915","17","Case"
"GSE23400","GSM573916","18","Case"
"GSE23400","GSM573917","19","Case"
"GSE23400","GSM573918","20","Case"
"GSE23400","GSM573919","21","Case"
"GSE23400","GSM573920","22","Case"
"GSE23400","GSM573921","23","Case"
"GSE23400","GSM573922","24","Case"
"GSE23400","GSM573923","25","Case"
"GSE23400","GSM573924","26","Case"
"GSE23400","GSM573925","27","Case"
"GSE23400","GSM573926","28","Case"
"GSE23400","GSM573927","29","Case"
"GSE23400","GSM573928","30","Case"
"GSE23400","GSM573929","31","Case"
"GSE23400","GSM573930","32","Case"
"GSE23400","GSM573931","33","Case"
"GSE23400","GSM573932","34","Case"
"GSE23400","GSM573933","35","Case"
"GSE23400","GSM573934","36","Case"
"GSE23400","GSM573935","37","Case"
"GSE23400","GSM573936","38","Case"
"GSE23400","GSM573937","39","Case"
"GSE23400","GSM573938","40","Case"
"GSE23400","GSM573939","41","Case"
"GSE23400","GSM573940","42","Case"
"GSE23400","GSM573941","43","Case"
"GSE23400","GSM573942","44","Case"
"GSE23400","GSM573943","45","Case"
"GSE23400","GSM573944","46","Case"
"GSE23400","GSM573945","47","Case"
"GSE23400","GSM573946","48","Case"
"GSE23400","GSM573947","49","Case"
"GSE23400","GSM573948","50","Case"
"GSE23400","GSM573949","51","Case"
"GSE23400","GSM573950","52","Case"
"GSE23400","GSM573951","53","Case"
"GSE28735","GSM711904","1","Case"
"GSE28735","GSM711905","1","Control"
"GSE28735","GSM711906","2","Case"
"GSE28735","GSM711907","2","Control"
"GSE28735","GSM711908","3","Case"
"GSE28735","GSM711909","3","Control"
"GSE28735","GSM711910","4","Case"
"GSE28735","GSM711911","4","Control"
"GSE28735","GSM711912","5","Case"
"GSE28735","GSM711913","5","Control"
"GSE28735","GSM711914","6","Case"
"GSE28735","GSM711915","6","Control"
"GSE28735","GSM711916","7","Case"
"GSE28735","GSM711917","7","Control"
"GSE28735","GSM711918","8","Case"
"GSE28735","GSM711919","8","Control"
"GSE28735","GSM711920","9","Case"
"GSE28735","GSM711921","9","Control"
"GSE28735","GSM711922","10","Case"
"GSE28735","GSM711923","10","Control"
"GSE28735","GSM711924","11","Case"
"GSE28735","GSM711925","11","Control"
"GSE28735","GSM711926","12","Case"
"GSE28735","GSM711927","12","Control"
"GSE28735","GSM711928","13","Case"
"GSE28735","GSM711929","13","Control"
"GSE28735","GSM711930","14","Case"
"GSE28735","GSM711931","14","Control"
"GSE28735","GSM711932","15","Case"
"GSE28735","GSM711933","15","Control"
"GSE28735","GSM711934","16","Case"
"GSE28735","GSM711935","16","Control"
"GSE28735","GSM711936","17","Case"
"GSE28735","GSM711937","17","Control"
"GSE28735","GSM711938","18","Case"
"GSE28735","GSM711939","18","Control"
"GSE28735","GSM711940","19","Case"
"GSE28735","GSM711941","19","Control"
"GSE28735","GSM711942","20","Case"
"GSE28735","GSM711943","20","Control"
"GSE28735","GSM711944","21","Case"
"GSE28735","GSM711945","21","Control"
"GSE28735","GSM711946","22","Case"
"GSE28735","GSM711947","22","Control"
"GSE28735","GSM711948","23","Case"
"GSE28735","GSM711949","23","Control"
"GSE28735","GSM711950","24","Case"
"GSE28735","GSM711951","24","Control"
"GSE28735","GSM711952","25","Case"
"GSE28735","GSM711953","25","Control"
"GSE28735","GSM711954","26","Case"
"GSE28735","GSM711955","26","Control"
"GSE28735","GSM711956","27","Case"
"GSE28735","GSM711957","27","Control"
"GSE28735","GSM711958","28","Case"
"GSE28735","GSM711959","28","Control"
"GSE28735","GSM711960","29","Case"
"GSE28735","GSM711961","29","Control"
"GSE28735","GSM711962","30","Case"
"GSE28735","GSM711963","30","Control"
"GSE28735","GSM711964","31","Case"
"GSE28735","GSM711965","31","Control"
"GSE28735","GSM711966","32","Case"
"GSE28735","GSM711967","32","Control"
"GSE28735","GSM711968","33","Case"
"GSE28735","GSM711969","33","Control"
"GSE28735","GSM711970","34","Case"
"GSE28735","GSM711971","34","Control"
"GSE28735","GSM711972","35","Case"
"GSE28735","GSM711973","35","Control"
"GSE28735","GSM711974","36","Case"
"GSE28735","GSM711975","36","Control"
"GSE28735","GSM711976","37","Case"
"GSE28735","GSM711977","37","Control"
"GSE28735","GSM711978","38","Case"
"GSE28735","GSM711979","38","Control"
"GSE28735","GSM711980","42","Case"
"GSE28735","GSM711981","42","Control"
"GSE28735","GSM711982","43","Case"
"GSE28735","GSM711983","43","Control"
"GSE28735","GSM711984","44","Case"
"GSE28735","GSM711985","44","Control"
"GSE28735","GSM711986","45","Case"
"GSE28735","GSM711987","45","Control"
"GSE28735","GSM711988","39","Case"
"GSE28735","GSM711989","39","Control"
"GSE28735","GSM711990","40","Case"
"GSE28735","GSM711991","40","Control"
"GSE28735","GSM711992","41","Case"
"GSE28735","GSM711993","41","Control"
"GSE33814","GSM836222",NA,"Case"
"GSE33814","GSM836223",NA,"Case"
"GSE33814","GSM836224",NA,"Case"
"GSE33814","GSM836225",NA,"Case"
"GSE33814","GSM836226",NA,"Case"
"GSE33814","GSM836227",NA,"Case"
"GSE33814","GSM836228",NA,"Case"
"GSE33814","GSM836229",NA,"Case"
"GSE33814","GSM836230",NA,"Case"
"GSE33814","GSM836231",NA,"Case"
"GSE33814","GSM836232",NA,"Case"
"GSE33814","GSM836233",NA,"Case"
"GSE33814","GSM836234",NA,"Case"
"GSE33814","GSM836235",NA,"Case"
"GSE33814","GSM836236",NA,"Case"
"GSE33814","GSM836237",NA,"Case"
"GSE33814","GSM836238",NA,"Case"
"GSE33814","GSM836239",NA,"Case"
"GSE33814","GSM836240",NA,"Case"
"GSE33814","GSM836241",NA,"Case"
"GSE33814","GSM836242",NA,"Case"
"GSE33814","GSM836243",NA,"Case"
"GSE33814","GSM836244",NA,"Case"
"GSE33814","GSM836245",NA,"Case"
"GSE33814","GSM836246",NA,"Control"
"GSE33814","GSM836247",NA,"Control"
"GSE33814","GSM836248",NA,"Control"
"GSE33814","GSM836249",NA,"Case"
"GSE33814","GSM836250",NA,"Case"
"GSE33814","GSM836251",NA,"Control"
"GSE33814","GSM836252",NA,"Case"
"GSE33814","GSM836253",NA,"Case"
"GSE33814","GSM836254",NA,"Case"
"GSE33814","GSM836255",NA,"Control"
"GSE33814","GSM836256",NA,"Control"
"GSE33814","GSM836257",NA,"Control"
"GSE33814","GSM836258",NA,"Control"
"GSE33814","GSM836259",NA,"Control"
"GSE33814","GSM836260",NA,"Case"
"GSE33814","GSM836261",NA,"Control"
"GSE33814","GSM836262",NA,"Control"
"GSE33814","GSM836263",NA,"Case"
"GSE33814","GSM836264",NA,"Control"
"GSE33814","GSM836265",NA,"Control"
"GSE47460","GSM1149948",NA,"Control"
"GSE47460","GSM1149951",NA,"Control"
"GSE47460","GSM1149958",NA,"Control"
"GSE47460","GSM1149962",NA,"Control"
"GSE47460","GSM1149963",NA,"Control"
"GSE47460","GSM1149966",NA,"Control"
"GSE47460","GSM1149971",NA,"Control"
"GSE47460","GSM1149975",NA,"Control"
"GSE47460","GSM1149981",NA,"Control"
"GSE47460","GSM1149987",NA,"Control"
"GSE47460","GSM1149988",NA,"Control"
"GSE47460","GSM1149992",NA,"Control"
"GSE47460","GSM1149998",NA,"Control"
"GSE47460","GSM1150001",NA,"Control"
"GSE47460","GSM1150012",NA,"Control"
"GSE47460","GSM1150014",NA,"Control"
"GSE47460","GSM1150017",NA,"Control"
"GSE47460","GSM1150030",NA,"Control"
"GSE47460","GSM1150031",NA,"Control"
"GSE47460","GSM1150032",NA,"Control"
"GSE47460","GSM1150037",NA,"Control"
"GSE47460","GSM1150040",NA,"Control"
"GSE47460","GSM1150041",NA,"Control"
"GSE47460","GSM1150053",NA,"Control"
"GSE47460","GSM1150055",NA,"Control"
"GSE47460","GSM1150070",NA,"Control"
"GSE47460","GSM1150075",NA,"Control"
"GSE47460","GSM1150078",NA,"Control"
"GSE47460","GSM1150080",NA,"Control"
"GSE47460","GSM1150081",NA,"Control"
"GSE47460","GSM1150085",NA,"Control"
"GSE47460","GSM1150090",NA,"Control"
"GSE47460","GSM1150143",NA,"Control"
"GSE47460","GSM1150144",NA,"Control"
"GSE47460","GSM1150145",NA,"Case"
"GSE47460","GSM1150146",NA,"Control"
"GSE47460","GSM1150147",NA,"Case"
"GSE47460","GSM1150148",NA,"Control"
"GSE47460","GSM1150149",NA,"Control"
"GSE47460","GSM1150150",NA,"Control"
"GSE47460","GSM1150151",NA,"Control"
"GSE47460","GSM1150152",NA,"Control"
"GSE47460","GSM1150153",NA,"Control"
"GSE47460","GSM1150154",NA,"Control"
"GSE47460","GSM1150156",NA,"Control"
"GSE47460","GSM1150157",NA,"Control"
"GSE47460","GSM1150158",NA,"Control"
"GSE47460","GSM1150159",NA,"Control"
"GSE47460","GSM1150160",NA,"Control"
"GSE47460","GSM1150161",NA,"Control"
"GSE47460","GSM1150162",NA,"Case"
"GSE47460","GSM1150164",NA,"Case"
"GSE47460","GSM1150165",NA,"Control"
"GSE47460","GSM1150166",NA,"Case"
"GSE47460","GSM1150167",NA,"Control"
"GSE47460","GSM1150168",NA,"Control"
"GSE47460","GSM1150170",NA,"Case"
"GSE47460","GSM1150171",NA,"Control"
"GSE47460","GSM1150174",NA,"Control"
"GSE47460","GSM1150175",NA,"Control"
"GSE47460","GSM1150176",NA,"Control"
"GSE47460","GSM1150178",NA,"Case"
"GSE47460","GSM1150182",NA,"Case"
"GSE47460","GSM1150184",NA,"Case"
"GSE47460","GSM1150185",NA,"Case"
"GSE47460","GSM1150186",NA,"Case"
"GSE47460","GSM1150187",NA,"Case"
"GSE47460","GSM1150188",NA,"Case"
"GSE47460","GSM1150189",NA,"Case"
"GSE47460","GSM1150190",NA,"Case"
"GSE47460","GSM1150192",NA,"Case"
"GSE47460","GSM1150193",NA,"Case"
"GSE47460","GSM1150199",NA,"Case"
"GSE47460","GSM1150200",NA,"Case"
"GSE47460","GSM1150201",NA,"Case"
"GSE47460","GSM1150203",NA,"Case"
"GSE47460","GSM1150204",NA,"Case"
"GSE47460","GSM1150206",NA,"Case"
"GSE47460","GSM1150210",NA,"Case"
"GSE47460","GSM1150211",NA,"Case"
"GSE47460","GSM1150212",NA,"Case"
"GSE47460","GSM1150213",NA,"Case"
"GSE47460","GSM1150214",NA,"Case"
"GSE47460","GSM1150215",NA,"Case"
"GSE47460","GSM1150220",NA,"Case"
"GSE47460","GSM1150223",NA,"Case"
"GSE47460","GSM1150224",NA,"Case"
"GSE47460","GSM1150225",NA,"Case"
"GSE47460","GSM1150226",NA,"Case"
"GSE47460","GSM1150228",NA,"Case"
"GSE47460","GSM1150234",NA,"Case"
"GSE47460","GSM1150235",NA,"Case"
"GSE47460","GSM1150236",NA,"Case"
"GSE47460","GSM1150237",NA,"Case"
"GSE47460","GSM1150238",NA,"Case"
"GSE47460","GSM1150239",NA,"Case"
"GSE47460","GSM1150240",NA,"Case"
"GSE47460","GSM1150242",NA,"Case"
"GSE47460","GSM1150243",NA,"Case"
"GSE47460","GSM1150246",NA,"Case"
"GSE47460","GSM1150248",NA,"Case"
"GSE47460","GSM1150249",NA,"Case"
"GSE47460","GSM1150250",NA,"Case"
"GSE47460","GSM1150251",NA,"Case"
"GSE47460","GSM1150253",NA,"Case"
"GSE47460","GSM1150254",NA,"Case"
"GSE47460","GSM1150255",NA,"Case"
"GSE47460","GSM1150258",NA,"Case"
"GSE47460","GSM1150261",NA,"Case"
"GSE47460","GSM1150262",NA,"Case"
"GSE47460","GSM1150263",NA,"Case"
"GSE47460","GSM1150265",NA,"Case"
"GSE47460","GSM1150266",NA,"Case"
"GSE47460","GSM1150268",NA,"Case"
"GSE47460","GSM1150269",NA,"Case"
"GSE47460","GSM1150272",NA,"Case"
"GSE47460","GSM1150274",NA,"Case"
"GSE47460","GSM1150275",NA,"Case"
"GSE47460","GSM1150276",NA,"Case"
"GSE47460","GSM1150278",NA,"Case"
"GSE47460","GSM1150279",NA,"Case"
"GSE47460","GSM1150283",NA,"Case"
"GSE47460","GSM1150284",NA,"Case"
"GSE47460","GSM1150285",NA,"Case"
"GSE47460","GSM1150288",NA,"Case"
"GSE47460","GSM1150290",NA,"Case"
"GSE47460","GSM1150291",NA,"Case"
"GSE47460","GSM1150293",NA,"Case"
"GSE47460","GSM1150294",NA,"Case"
"GSE47460","GSM1150295",NA,"Case"
"GSE47460","GSM1150296",NA,"Case"
"GSE47460","GSM1150297",NA,"Case"
"GSE47460","GSM1150298",NA,"Case"
"GSE47460","GSM1150300",NA,"Case"
"GSE47460","GSM1150301",NA,"Case"
"GSE47460","GSM1150303",NA,"Case"
"GSE47460","GSM1150304",NA,"Case"
"GSE47460","GSM1150305",NA,"Case"
"GSE47460","GSM1150307",NA,"Case"
"GSE47460","GSM1150308",NA,"Case"
"GSE47460","GSM1150309",NA,"Case"
"GSE47460","GSM1150311",NA,"Case"
"GSE47460","GSM1150312",NA,"Case"
"GSE47460","GSM1150315",NA,"Case"
"GSE47460","GSM1150316",NA,"Case"
"GSE47460","GSM1150318",NA,"Case"
"GSE47460","GSM1150321",NA,"Case"
"GSE47460","GSM1150331",NA,"Case"
"GSE47460","GSM1150332",NA,"Case"
"GSE47460","GSM1150334",NA,"Case"
"GSE47460","GSM1150336",NA,"Case"
"GSE47460","GSM1150338",NA,"Case"
"GSE47460","GSM1150339",NA,"Case"
"GSE47460","GSM1150341",NA,"Case"
"GSE47460","GSM1150343",NA,"Case"
"GSE47460","GSM1150344",NA,"Case"
"GSE47460","GSM1150346",NA,"Case"
"GSE47460","GSM1150349",NA,"Case"
"GSE47460","GSM1150351",NA,"Case"
"GSE47460","GSM1150352",NA,"Case"
"GSE47460","GSM1150353",NA,"Case"
"GSE47460","GSM1150357",NA,"Case"
"GSE47460","GSM1150358",NA,"Case"
"GSE47460","GSM1150359",NA,"Case"
"GSE47460","GSM1150362",NA,"Case"
"GSE47460","GSM1150364",NA,"Case"
"GSE47460","GSM1150369",NA,"Case"
"GSE47460","GSM1150373",NA,"Control"
"GSE47460","GSM1150376",NA,"Control"
"GSE47460","GSM1150381",NA,"Control"
"GSE47460","GSM1150383",NA,"Case"
"GSE47460","GSM1150388",NA,"Case"
"GSE47460","GSM1150389",NA,"Case"
"GSE47460","GSM1150393",NA,"Case"
"GSE47460","GSM1150394",NA,"Control"
"GSE47460","GSM1150396",NA,"Case"
"GSE47460","GSM1150402",NA,"Control"
"GSE47460","GSM1150403",NA,"Control"
"GSE47460","GSM1150405",NA,"Control"
"GSE47460","GSM1150406",NA,"Case"
"GSE47460","GSM1150408",NA,"Case"
"GSE47460","GSM1150409",NA,"Case"
"GSE47460","GSM1150413",NA,"Control"
"GSE47460","GSM1150414",NA,"Case"
"GSE47460","GSM1150417",NA,"Control"
"GSE47460","GSM1150419",NA,"Case"
"GSE47460","GSM1150423",NA,"Control"
"GSE47460","GSM1150430",NA,"Case"
"GSE47460","GSM1150433",NA,"Control"
"GSE47460","GSM1150434",NA,"Case"
"GSE47460","GSM1150435",NA,"Control"
"GSE47460","GSM1150437",NA,"Case"
"GSE47460","GSM1150438",NA,"Control"
"GSE47460","GSM1150443",NA,"Control"
"GSE47460","GSM1150444",NA,"Control"
"GSE47460","GSM1150447",NA,"Control"
"GSE47460","GSM1150450",NA,"Case"
"GSE47460","GSM1150452",NA,"Control"
"GSE47460","GSM1150457",NA,"Control"
"GSE47460","GSM1150458",NA,"Case"
"GSE47460","GSM1150459",NA,"Control"
"GSE47460","GSM1150462",NA,"Case"
"GSE47460","GSM1150463",NA,"Control"
"GSE47460","GSM1150464",NA,"Case"
"GSE47460","GSM1150465",NA,"Case"
"GSE47460","GSM1150468",NA,"Control"
"GSE47460","GSM1150473",NA,"Control"
"GSE47460","GSM1150476",NA,"Case"
"GSE47460","GSM1150478",NA,"Control"
"GSE47460","GSM1150479",NA,"Case"
"GSE47460","GSM1150486",NA,"Case"
"GSE47460","GSM1150491",NA,"Control"
"GSE47460","GSM1150492",NA,"Case"
"GSE47460","GSM1150496",NA,"Case"
"GSE47460","GSM1150498",NA,"Control"
"GSE47460","GSM1150499",NA,"Case"
"GSE47460","GSM1150501",NA,"Control"
"GSE47460","GSM1150502",NA,"Case"
"GSE47460","GSM1150506",NA,"Control"
"GSE47460","GSM1150507",NA,"Case"
"GSE47460","GSM1150508",NA,"Case"
"GSE47460","GSM1150509",NA,"Control"
"GSE47460","GSM1150512",NA,"Case"
"GSE47460","GSM1150514",NA,"Case"
"GSE47460","GSM1150515",NA,"Control"
"GSE47460","GSM1150516",NA,"Control"
"GSE47460","GSM1150517",NA,"Control"
"GSE47460","GSM1150520",NA,"Case"
"GSE47460","GSM1150523",NA,"Case"
"GSE47460","GSM1150526",NA,"Control"
"GSE47460","GSM1150527",NA,"Control"
"GSE47460","GSM1150531",NA,"Control"
"GSE47460","GSM1150537",NA,"Control"
"GSE47460","GSM1150539",NA,"Case"
"GSE47460","GSM1150543",NA,"Control"
"GSE47460","GSM1150544",NA,"Case"
"GSE57957","GSM1398646","2","Control"
"GSE57957","GSM1398647","2","Case"
"GSE57957","GSM1398648","3","Control"
"GSE57957","GSM1398649","3","Case"
"GSE57957","GSM1398650","4","Control"
"GSE57957","GSM1398651","4","Case"
"GSE57957","GSM1398652","5","Control"
"GSE57957","GSM1398653","5","Case"
"GSE57957","GSM1398654","6","Control"
"GSE57957","GSM1398655","6","Case"
"GSE57957","GSM1398656","7","Control"
"GSE57957","GSM1398657","7","Case"
"GSE57957","GSM1398658","8","Control"
"GSE57957","GSM1398659","8","Case"
"GSE57957","GSM1398660","9","Control"
"GSE57957","GSM1398661","9","Case"
"GSE57957","GSM1398662","10","Control"
"GSE57957","GSM1398663","10","Case"
"GSE57957","GSM1398664","11","Control"
"GSE57957","GSM1398665","11","Case"
"GSE57957","GSM1398666","12","Control"
"GSE57957","GSM1398667","12","Case"
"GSE57957","GSM1398668","13","Control"
"GSE57957","GSM1398669","13","Case"
"GSE57957","GSM1398670","14","Control"
"GSE57957","GSM1398671","14","Case"
"GSE57957","GSM1398672","15","Control"
"GSE57957","GSM1398673","15","Case"
"GSE57957","GSM1398674","16","Control"
"GSE57957","GSM1398675","16","Case"
"GSE57957","GSM1398676","17","Control"
"GSE57957","GSM1398677","17","Case"
"GSE57957","GSM1398678","18","Control"
"GSE57957","GSM1398679","18","Case"
"GSE57957","GSM1398680","19","Control"
"GSE57957","GSM1398681","19","Case"
"GSE57957","GSM1398682","20","Control"
"GSE57957","GSM1398683","20","Case"
"GSE57957","GSM1398684","21","Control"
"GSE57957","GSM1398685","21","Case"
"GSE57957","GSM1398686","22","Control"
"GSE57957","GSM1398687","22","Case"
"GSE57957","GSM1398688","23","Control"
"GSE57957","GSM1398689","23","Case"
"GSE57957","GSM1398690","24","Control"
"GSE57957","GSM1398691","24","Case"
"GSE57957","GSM1398693","26","Control"
"GSE57957","GSM1398694","26","Case"
"GSE57957","GSM1398695","27","Control"
"GSE57957","GSM1398696","27","Case"
"GSE57957","GSM1398697","28","Control"
"GSE57957","GSM1398698","28","Case"
"GSE57957","GSM1398699","29","Control"
"GSE57957","GSM1398700","29","Case"
"GSE57957","GSM1398701","30","Control"
"GSE57957","GSM1398702","30","Case"
"GSE57957","GSM1398703","31","Control"
"GSE57957","GSM1398704","31","Case"
"GSE57957","GSM1398706","33","Control"
"GSE57957","GSM1398707","33","Case"
"GSE57957","GSM1398709","35","Control"
"GSE57957","GSM1398710","35","Case"
"GSE57957","GSM1398711","36","Control"
"GSE57957","GSM1398712","36","Case"
"GSE57957","GSM1398713","37","Control"
"GSE57957","GSM1398714","37","Case"
"GSE57957","GSM1398715","38","Control"
"GSE57957","GSM1398716","38","Case"
"GSE57957","GSM1398717","39","Control"
"GSE57957","GSM1398718","39","Case"
"GSE57957","GSM1398719","40","Control"
"GSE57957","GSM1398720","40","Case"
"GSE57957","GSM1398721","41","Control"
"GSE57957","GSM1398722","41","Case"
"GSE62232","GSM1523329","CHC469","Control"
"GSE62232","GSM1523330","CHC562","Control"
"GSE62232","GSM1523331","CHC591","Control"
"GSE62232","GSM1523334","CHC932","Control"
"GSE62232","GSM1523336","CHC934","Control"
"GSE62232","GSM1523339","CHC012","Case"
"GSE62232","GSM1523340","CHC228","Case"
"GSE62232","GSM1523341","CHC235","Case"
"GSE62232","GSM1523342","CHC250","Case"
"GSE62232","GSM1523343","CHC327","Case"
"GSE62232","GSM1523344","CHC434","Case"
"GSE62232","GSM1523345","CHC891","Case"
"GSE62232","GSM1523346","CHC1010","Case"
"GSE62232","GSM1523347","CHC1044","Case"
"GSE62232","GSM1523348","CHC1185","Case"
"GSE62232","GSM1523349","CHC050","Case"
"GSE62232","GSM1523350","CHC080","Case"
"GSE62232","GSM1523351","CHC203","Case"
"GSE62232","GSM1523352","CHC239","Case"
"GSE62232","GSM1523353","CHC339","Case"
"GSE62232","GSM1523354","CHC398","Case"
"GSE62232","GSM1523355","CHC725","Case"
"GSE62232","GSM1523356","CHC889","Case"
"GSE62232","GSM1523357","CHC961","Case"
"GSE62232","GSM1523358","CHC1062","Case"
"GSE62232","GSM1523359","CHC1192","Case"
"GSE62232","GSM1523360","CHC1053","Case"
"GSE62232","GSM1523361","CHC046","Case"
"GSE62232","GSM1523362","CHC211","Case"
"GSE62232","GSM1523363","CHC254","Case"
"GSE62232","GSM1523364","CHC451","Case"
"GSE62232","GSM1523365","CHC736","Case"
"GSE62232","GSM1523366","CHC793","Case"
"GSE62232","GSM1523367","CHC794","Case"
"GSE62232","GSM1523368","CHC882","Case"
"GSE62232","GSM1523369","CHC909","Case"
"GSE62232","GSM1523370","CHC1055","Case"
"GSE62232","GSM1523371","CHC1196","Case"
"GSE62232","GSM1523372","CHC1199","Case"
"GSE62232","GSM1523373","CHC037","Case"
"GSE62232","GSM1523374","CHC173","Case"
"GSE62232","GSM1523375","CHC196","Case"
"GSE62232","GSM1523376","CHC210","Case"
"GSE62232","GSM1523377","CHC220","Case"
"GSE62232","GSM1523378","CHC306","Case"
"GSE62232","GSM1523379","CHC307","Case"
"GSE62232","GSM1523380","CHC715","Case"
"GSE62232","GSM1523381","CHC734","Case"
"GSE62232","GSM1523382","CHC799","Case"
"GSE62232","GSM1523383","CHC805","Case"
"GSE62232","GSM1523384","CHC892","Case"
"GSE62232","GSM1523385","CHC896","Case"
"GSE62232","GSM1523386","CHC918","Case"
"GSE62232","GSM1523387","CHC983","Case"
"GSE62232","GSM1523388","CHC1052","Case"
"GSE62232","GSM1523389","CHC1060","Case"
"GSE62232","GSM1523390","CHC1061","Case"
"GSE62232","GSM1523391","CHC1162","Case"
"GSE62232","GSM1523392","CHC1190","Case"
"GSE62232","GSM1523393","CHC1201","Case"
"GSE62232","GSM1523394","CHC031","Case"
"GSE62232","GSM1523395","CHC051","Case"
"GSE62232","GSM1523396","CHC097","Case"
"GSE62232","GSM1523397","CHC258","Case"
"GSE62232","GSM1523398","CHC302","Case"
"GSE62232","GSM1523399","CHC303","Case"
"GSE62232","GSM1523400","CHC317","Case"
"GSE62232","GSM1523401","CHC445","Case"
"GSE62232","GSM1523402","CHC609","Case"
"GSE62232","GSM1523403","CHC613","Case"
"GSE62232","GSM1523404","CHC614","Case"
"GSE62232","GSM1523405","CHC703","Case"
"GSE62232","GSM1523406","CHC789","Case"
"GSE62232","GSM1523407","CHC798","Case"
"GSE62232","GSM1523408","CHC898","Case"
"GSE62232","GSM1523409","CHC912","Case"
"GSE62232","GSM1523410","CHC1035","Case"
"GSE62232","GSM1523411","CHC1159","Case"
"GSE62232","GSM1523412","CHC1040","Case"
"GSE62232","GSM1523413","CHC028","Case"
"GSE62232","GSM1523414","CHC059","Case"
"GSE62232","GSM1523415","CHC152","Case"
"GSE62232","GSM1523416","CHC469","Case"
"GSE62232","GSM1523417","CHC879","Case"
"GSE62232","GSM1523418","CHC884","Case"
"GSE62232","GSM1523419","CHC1154","Case"
"GSE62452","GSM1527105","E005","Case"
"GSE62452","GSM1527106","E005","Control"
"GSE62452","GSM1527111","E028","Case"
"GSE62452","GSM1527112","E028","Control"
"GSE62452","GSM1527113","E033","Case"
"GSE62452","GSM1527114","E033","Control"
"GSE62452","GSM1527115","E041","Case"
"GSE62452","GSM1527116","E041","Control"
"GSE62452","GSM1527117","E042","Case"
"GSE62452","GSM1527118","E042","Control"
"GSE62452","GSM1527119","E045","Case"
"GSE62452","GSM1527120","E045","Control"
"GSE62452","GSM1527121","E048","Case"
"GSE62452","GSM1527122","E048","Control"
"GSE62452","GSM1527123","E052","Case"
"GSE62452","GSM1527124","E052","Control"
"GSE62452","GSM1527125","E058","Case"
"GSE62452","GSM1527126","E058","Control"
"GSE62452","GSM1527127","E064","Case"
"GSE62452","GSM1527128","E064","Control"
"GSE62452","GSM1527129","E073","Case"
"GSE62452","GSM1527130","E073","Control"
"GSE62452","GSM1527131","E082","Case"
"GSE62452","GSM1527132","E082","Control"
"GSE62452","GSM1527133","E086","Case"
"GSE62452","GSM1527134","E086","Control"
"GSE62452","GSM1527135","E088","Case"
"GSE62452","GSM1527136","E088","Control"
"GSE62452","GSM1527137","E094","Case"
"GSE62452","GSM1527138","E094","Control"
"GSE62452","GSM1527141","E119","Case"
"GSE62452","GSM1527142","E119","Control"
"GSE62452","GSM1527143","E120","Case"
"GSE62452","GSM1527144","E120","Control"
"GSE62452","GSM1527145","E123","Case"
"GSE62452","GSM1527146","E123","Control"
"GSE62452","GSM1527147","E130","Case"
"GSE62452","GSM1527148","E130","Control"
"GSE62452","GSM1527149","E133","Case"
"GSE62452","GSM1527150","E133","Control"
"GSE62452","GSM1527151","E136","Case"
"GSE62452","GSM1527152","E136","Control"
"GSE62452","GSM1527153","E138","Case"
"GSE62452","GSM1527154","E138","Control"
"GSE62452","GSM1527155","E139","Case"
"GSE62452","GSM1527156","E139","Control"
"GSE62452","GSM1527157","E152","Case"
"GSE62452","GSM1527158","E152","Control"
"GSE62452","GSM1527159","E162","Case"
"GSE62452","GSM1527160","E162","Control"
"GSE62452","GSM1527161","E165","Case"
"GSE62452","GSM1527162","E165","Control"
"GSE62452","GSM1527163","E178","Case"
"GSE62452","GSM1527164","E178","Control"
"GSE62452","GSM1527165","E179","Case"
"GSE62452","GSM1527166","E179","Control"
"GSE62452","GSM1527167","E181","Case"
"GSE62452","GSM1527168","E181","Control"
"GSE62452","GSM1527169","E182","Case"
"GSE62452","GSM1527170","E182","Control"
"GSE62452","GSM1527171","E186","Case"
"GSE62452","GSM1527172","E186","Control"
"GSE62452","GSM1527173","E203","Case"
"GSE62452","GSM1527174","E203","Control"
"GSE62452","GSM1527175","E208","Case"
"GSE62452","GSM1527176","E208","Control"
"GSE62452","GSM1527177","E209","Case"
"GSE62452","GSM1527178","E209","Control"
"GSE62452","GSM1527179","E218","Case"
"GSE62452","GSM1527180","E218","Control"
"GSE62452","GSM1527181","E245","Case"
"GSE62452","GSM1527182","E245","Control"
"GSE62452","GSM1527183","E246","Case"
"GSE62452","GSM1527184","E246","Control"
"GSE62452","GSM1527185","E249","Case"
"GSE62452","GSM1527186","E249","Control"
"GSE62452","GSM1527187","E250","Case"
"GSE62452","GSM1527188","E250","Control"
"GSE62452","GSM1527189","E220","Case"
"GSE62452","GSM1527190","E220","Control"
"GSE62452","GSM1527191","E229","Case"
"GSE62452","GSM1527192","E229","Control"
"GSE62452","GSM1527193","E234","Case"
"GSE62452","GSM1527194","E234","Control"
"GSE66676","GSM1627740",NA,"Control"
"GSE66676","GSM1627741",NA,"Control"
"GSE66676","GSM1627742",NA,"Control"
"GSE66676","GSM1627743",NA,"Control"
"GSE66676","GSM1627744",NA,"Control"
"GSE66676","GSM1627745",NA,"Control"
"GSE66676","GSM1627746",NA,"Control"
"GSE66676","GSM1627747",NA,"Control"
"GSE66676","GSM1627748",NA,"Control"
"GSE66676","GSM1627749",NA,"Control"
"GSE66676","GSM1627750",NA,"Control"
"GSE66676","GSM1627751",NA,"Control"
"GSE66676","GSM1627752",NA,"Control"
"GSE66676","GSM1627753",NA,"Control"
"GSE66676","GSM1627754",NA,"Control"
"GSE66676","GSM1627755",NA,"Control"
"GSE66676","GSM1627756",NA,"Control"
"GSE66676","GSM1627757",NA,"Control"
"GSE66676","GSM1627758",NA,"Control"
"GSE66676","GSM1627759",NA,"Control"
"GSE66676","GSM1627760",NA,"Control"
"GSE66676","GSM1627761",NA,"Control"
"GSE66676","GSM1627762",NA,"Control"
"GSE66676","GSM1627763",NA,"Control"
"GSE66676","GSM1627764",NA,"Control"
"GSE66676","GSM1627765",NA,"Control"
"GSE66676","GSM1627766",NA,"Control"
"GSE66676","GSM1627767",NA,"Control"
"GSE66676","GSM1627768",NA,"Control"
"GSE66676","GSM1627769",NA,"Control"
"GSE66676","GSM1627770",NA,"Control"
"GSE66676","GSM1627771",NA,"Control"
"GSE66676","GSM1627772",NA,"Control"
"GSE66676","GSM1627773",NA,"Control"
"GSE66676","GSM1627774",NA,"Case"
"GSE66676","GSM1627775",NA,"Case"
"GSE66676","GSM1627776",NA,"Case"
"GSE66676","GSM1627777",NA,"Case"
"GSE66676","GSM1627778",NA,"Case"
"GSE66676","GSM1627779",NA,"Case"
"GSE66676","GSM1627780",NA,"Case"
"GSE66676","GSM1627781",NA,"Case"
"GSE66676","GSM1627782",NA,"Case"
"GSE66676","GSM1627783",NA,"Case"
"GSE66676","GSM1627784",NA,"Case"
"GSE66676","GSM1627785",NA,"Case"
"GSE66676","GSM1627786",NA,"Case"
"GSE66676","GSM1627787",NA,"Case"
"GSE66676","GSM1627788",NA,"Case"
"GSE66676","GSM1627789",NA,"Case"
"GSE66676","GSM1627790",NA,"Case"
"GSE66676","GSM1627791",NA,"Case"
"GSE66676","GSM1627792",NA,"Case"
"GSE66676","GSM1627793",NA,"Case"
"GSE66676","GSM1627794",NA,"Case"
"GSE66676","GSM1627795",NA,"Case"
"GSE66676","GSM1627796",NA,"Case"
"GSE66676","GSM1627797",NA,"Case"
"GSE66676","GSM1627798",NA,"Case"
"GSE66676","GSM1627799",NA,"Case"
"GSE66676","GSM1627800",NA,"Case"
"GSE66676","GSM1627801",NA,"Case"
"GSE66676","GSM1627802",NA,"Case"
"GSE66676","GSM1627803",NA,"Case"
"GSE66676","GSM1627804",NA,"Case"
"GSE76925","GSM2040792",NA,"Control"
"GSE76925","GSM2040793",NA,"Control"
"GSE76925","GSM2040794",NA,"Control"
"GSE76925","GSM2040795",NA,"Control"
"GSE76925","GSM2040796",NA,"Case"
"GSE76925","GSM2040797",NA,"Case"
"GSE76925","GSM2040798",NA,"Control"
"GSE76925","GSM2040799",NA,"Case"
"GSE76925","GSM2040800",NA,"Case"
"GSE76925","GSM2040801",NA,"Case"
"GSE76925","GSM2040802",NA,"Case"
"GSE76925","GSM2040803",NA,"Case"
"GSE76925","GSM2040804",NA,"Case"
"GSE76925","GSM2040805",NA,"Case"
"GSE76925","GSM2040806",NA,"Case"
"GSE76925","GSM2040807",NA,"Case"
"GSE76925","GSM2040808",NA,"Control"
"GSE76925","GSM2040809",NA,"Case"
"GSE76925","GSM2040810",NA,"Control"
"GSE76925","GSM2040811",NA,"Case"
"GSE76925","GSM2040812",NA,"Case"
"GSE76925","GSM2040813",NA,"Case"
"GSE76925","GSM2040814",NA,"Case"
"GSE76925","GSM2040815",NA,"Case"
"GSE76925","GSM2040816",NA,"Case"
"GSE76925","GSM2040817",NA,"Case"
"GSE76925","GSM2040818",NA,"Control"
"GSE76925","GSM2040819",NA,"Case"
"GSE76925","GSM2040820",NA,"Case"
"GSE76925","GSM2040821",NA,"Case"
"GSE76925","GSM2040822",NA,"Control"
"GSE76925","GSM2040823",NA,"Case"
"GSE76925","GSM2040824",NA,"Control"
"GSE76925","GSM2040825",NA,"Case"
"GSE76925","GSM2040826",NA,"Case"
"GSE76925","GSM2040827",NA,"Case"
"GSE76925","GSM2040828",NA,"Case"
"GSE76925","GSM2040829",NA,"Case"
"GSE76925","GSM2040830",NA,"Case"
"GSE76925","GSM2040831",NA,"Case"
"GSE76925","GSM2040832",NA,"Case"
"GSE76925","GSM2040833",NA,"Case"
"GSE76925","GSM2040834",NA,"Case"
"GSE76925","GSM2040835",NA,"Case"
"GSE76925","GSM2040836",NA,"Case"
"GSE76925","GSM2040837",NA,"Control"
"GSE76925","GSM2040838",NA,"Case"
"GSE76925","GSM2040839",NA,"Case"
"GSE76925","GSM2040840",NA,"Case"
"GSE76925","GSM2040841",NA,"Case"
"GSE76925","GSM2040842",NA,"Case"
"GSE76925","GSM2040843",NA,"Case"
"GSE76925","GSM2040844",NA,"Case"
"GSE76925","GSM2040845",NA,"Case"
"GSE76925","GSM2040846",NA,"Case"
"GSE76925","GSM2040847",NA,"Control"
"GSE76925","GSM2040848",NA,"Case"
"GSE76925","GSM2040849",NA,"Case"
"GSE76925","GSM2040850",NA,"Case"
"GSE76925","GSM2040851",NA,"Case"
"GSE76925","GSM2040852",NA,"Case"
"GSE76925","GSM2040853",NA,"Case"
"GSE76925","GSM2040854",NA,"Case"
"GSE76925","GSM2040855",NA,"Case"
"GSE76925","GSM2040856",NA,"Case"
"GSE76925","GSM2040857",NA,"Case"
"GSE76925","GSM2040858",NA,"Case"
"GSE76925","GSM2040859",NA,"Case"
"GSE76925","GSM2040860",NA,"Case"
"GSE76925","GSM2040861",NA,"Case"
"GSE76925","GSM2040862",NA,"Case"
"GSE76925","GSM2040863",NA,"Case"
"GSE76925","GSM2040864",NA,"Case"
"GSE76925","GSM2040865",NA,"Case"
"GSE76925","GSM2040866",NA,"Case"
"GSE76925","GSM2040867",NA,"Control"
"GSE76925","GSM2040868",NA,"Case"
"GSE76925","GSM2040869",NA,"Case"
"GSE76925","GSM2040870",NA,"Case"
"GSE76925","GSM2040871",NA,"Case"
"GSE76925","GSM2040872",NA,"Case"
"GSE76925","GSM2040873",NA,"Case"
"GSE76925","GSM2040874",NA,"Case"
"GSE76925","GSM2040875",NA,"Case"
"GSE76925","GSM2040876",NA,"Case"
"GSE76925","GSM2040877",NA,"Case"
"GSE76925","GSM2040878",NA,"Control"
"GSE76925","GSM2040879",NA,"Case"
"GSE76925","GSM2040880",NA,"Case"
"GSE76925","GSM2040881",NA,"Case"
"GSE76925","GSM2040882",NA,"Case"
"GSE76925","GSM2040883",NA,"Case"
"GSE76925","GSM2040884",NA,"Control"
"GSE76925","GSM2040885",NA,"Control"
"GSE76925","GSM2040886",NA,"Control"
"GSE76925","GSM2040887",NA,"Control"
"GSE76925","GSM2040888",NA,"Control"
"GSE76925","GSM2040889",NA,"Control"
"GSE76925","GSM2040890",NA,"Control"
"GSE76925","GSM2040891",NA,"Control"
"GSE76925","GSM2040892",NA,"Control"
"GSE76925","GSM2040893",NA,"Case"
"GSE76925","GSM2040894",NA,"Control"
"GSE76925","GSM2040895",NA,"Control"
"GSE76925","GSM2040896",NA,"Case"
"GSE76925","GSM2040897",NA,"Control"
"GSE76925","GSM2040898",NA,"Control"
"GSE76925","GSM2040899",NA,"Control"
"GSE76925","GSM2040900",NA,"Case"
"GSE76925","GSM2040901",NA,"Case"
"GSE76925","GSM2040902",NA,"Control"
"GSE76925","GSM2040903",NA,"Control"
"GSE76925","GSM2040904",NA,"Control"
"GSE76925","GSM2040905",NA,"Control"
"GSE76925","GSM2040906",NA,"Control"
"GSE76925","GSM2040907",NA,"Case"
"GSE76925","GSM2040908",NA,"Case"
"GSE76925","GSM2040909",NA,"Case"
"GSE76925","GSM2040910",NA,"Case"
"GSE76925","GSM2040911",NA,"Case"
"GSE76925","GSM2040912",NA,"Case"
"GSE76925","GSM2040913",NA,"Case"
"GSE76925","GSM2040914",NA,"Case"
"GSE76925","GSM2040915",NA,"Case"
"GSE76925","GSM2040916",NA,"Case"
"GSE76925","GSM2040917",NA,"Control"
"GSE76925","GSM2040918",NA,"Control"
"GSE76925","GSM2040919",NA,"Case"
"GSE76925","GSM2040920",NA,"Case"
"GSE76925","GSM2040921",NA,"Control"
"GSE76925","GSM2040922",NA,"Control"
"GSE76925","GSM2040923",NA,"Control"
"GSE76925","GSM2040924",NA,"Case"
"GSE76925","GSM2040925",NA,"Control"
"GSE76925","GSM2040926",NA,"Case"
"GSE76925","GSM2040927",NA,"Case"
"GSE76925","GSM2040928",NA,"Case"
"GSE76925","GSM2040929",NA,"Control"
"GSE76925","GSM2040930",NA,"Case"
"GSE76925","GSM2040931",NA,"Case"
"GSE76925","GSM2040932",NA,"Case"
"GSE76925","GSM2040933",NA,"Case"
"GSE76925","GSM2040934",NA,"Case"
"GSE76925","GSM2040935",NA,"Case"
"GSE76925","GSM2040936",NA,"Case"
"GSE76925","GSM2040937",NA,"Case"
"GSE76925","GSM2040938",NA,"Case"
"GSE76925","GSM2040939",NA,"Case"
"GSE76925","GSM2040940",NA,"Case"
"GSE76925","GSM2040941",NA,"Case"
"GSE76925","GSM2040942",NA,"Case"
"GSE10072","GSM254625","GT00006","Case"
"GSE10072","GSM254626","GT00006","Control"
"GSE10072","GSM254627","GT00007","Case"
"GSE10072","GSM254628","GT00007","Control"
"GSE10072","GSM254631","GT00059","Case"
"GSE10072","GSM254632","GT00059","Control"
"GSE10072","GSM254633","GT00146","Case"
"GSE10072","GSM254634","GT00146","Control"
"GSE10072","GSM254635","GT01001","Control"
"GSE10072","GSM254636","GT01001","Case"
"GSE10072","GSM254637","GT01003","Case"
"GSE10072","GSM254638","GT01003","Control"
"GSE10072","GSM254639","GT01011","Case"
"GSE10072","GSM254640","GT01011","Control"
"GSE10072","GSM254644","GT01025","Control"
"GSE10072","GSM254645","GT01025","Case"
"GSE10072","GSM254648","GT01036","Case"
"GSE10072","GSM254649","GT01036","Control"
"GSE10072","GSM254650","GT01038","Case"
"GSE10072","GSM254651","GT01038","Control"
"GSE10072","GSM254658","GT01061","Control"
"GSE10072","GSM254659","GT01061","Case"
"GSE10072","GSM254666","GT01097","Case"
"GSE10072","GSM254667","GT01097","Control"
"GSE10072","GSM254668","GT01099","Case"
"GSE10072","GSM254669","GT01099","Control"
"GSE10072","GSM254670","GT01100","Case"
"GSE10072","GSM254671","GT01100","Control"
"GSE10072","GSM254673","GT01105","Control"
"GSE10072","GSM254674","GT01105","Case"
"GSE10072","GSM254675","GT01107","Case"
"GSE10072","GSM254676","GT01107","Control"
"GSE10072","GSM254678","GT01117","Case"
"GSE10072","GSM254679","GT01117","Control"
"GSE10072","GSM254680","GT01119","Case"
"GSE10072","GSM254681","GT01119","Control"
"GSE10072","GSM254682","GT01120","Case"
"GSE10072","GSM254683","GT01120","Control"
"GSE10072","GSM254684","GT01121","Case"
"GSE10072","GSM254685","GT01121","Control"
"GSE10072","GSM254689","GT01128","Control"
"GSE10072","GSM254690","GT01128","Case"
"GSE10072","GSM254691","GT01129","Control"
"GSE10072","GSM254692","GT01129","Case"
"GSE10072","GSM254693","GT01130","Control"
"GSE10072","GSM254694","GT01130","Case"
"GSE10072","GSM254701","GT01182","Case"
"GSE10072","GSM254702","GT01182","Control"
"GSE10072","GSM254703","GT01194","Control"
"GSE10072","GSM254704","GT01194","Case"
"GSE10072","GSM254705","GT01222","Case"
"GSE10072","GSM254706","GT01222","Control"
"GSE10072","GSM254707","GT01232","Case"
"GSE10072","GSM254708","GT01232","Control"
"GSE10072","GSM254709","GT01233","Case"
"GSE10072","GSM254710","GT01233","Control"
"GSE10072","GSM254714","GT01243","Case"
"GSE10072","GSM254715","GT01243","Control"
"GSE10072","GSM254716","GT01246","Case"
"GSE10072","GSM254717","GT01246","Control"
"GSE10072","GSM254718","GT01247","Case"
"GSE10072","GSM254719","GT01247","Control"
"GSE10072","GSM254726","GT01421","Case"
"GSE10072","GSM254727","GT01421","Control"
"GSE10072","GSM254729","GT01445","Case"
"GSE10072","GSM254730","GT01445","Control"
"GSE16879","GSM364633","UCR1","Responder"
"GSE16879","GSM364634","UCR2","Responder"
"GSE16879","GSM364635","UCR3","Responder"
"GSE16879","GSM364636","UCR4","Responder"
"GSE16879","GSM364637","UCR5","Responder"
"GSE16879","GSM364638","UCR6","Responder"
"GSE16879","GSM364639","UCR7","Responder"
"GSE16879","GSM364640","UCR8","Responder"
"GSE16879","GSM364641","UCNR1","NonResponder"
"GSE16879","GSM364642","UCNR2","NonResponder"
"GSE16879","GSM364643","UCNR3","NonResponder"
"GSE16879","GSM364644","UCNR4","NonResponder"
"GSE16879","GSM364645","UCNR5","NonResponder"
"GSE16879","GSM364646","UCNR6","NonResponder"
"GSE16879","GSM364647","UCNR7","NonResponder"
"GSE16879","GSM364648","UCNR8","NonResponder"
"GSE16879","GSM364649","UCNR9","NonResponder"
"GSE16879","GSM364650","UCNR10","NonResponder"
"GSE16879","GSM364651","UCNR11","NonResponder"
"GSE16879","GSM364652","UCNR12","NonResponder"
"GSE16879","GSM364653","UCNR13","NonResponder"
"GSE16879","GSM364654","UCNR14","NonResponder"
"GSE16879","GSM364655","UCNR15","NonResponder"
"GSE16879","GSM364656","UCNR16","NonResponder"
"GSE16879","GSM423010","CDcR1","Responder"
"GSE16879","GSM423012","CDcR2","Responder"
"GSE16879","GSM423013","CDcR3","Responder"
"GSE16879","GSM423015","CDcR4","Responder"
"GSE16879","GSM423017","CDcR5","Responder"
"GSE16879","GSM423019","CDcR6","Responder"
"GSE16879","GSM423021","CDcR7","Responder"
"GSE16879","GSM423023","CDcR8","Responder"
"GSE16879","GSM423025","CDcR9","Responder"
"GSE16879","GSM423027","CDcR10","Responder"
"GSE16879","GSM423029","CDcR11","Responder"
"GSE16879","GSM423031","CDcR12","Responder"
"GSE16879","GSM423033","CDcNR1","NonResponder"
"GSE16879","GSM423035","CDcNR2","NonResponder"
"GSE16879","GSM423037","CDcNR3","NonResponder"
"GSE16879","GSM423039","CDcNR4","NonResponder"
"GSE16879","GSM423041","CDcNR5","NonResponder"
"GSE16879","GSM423043","CDcNR6","NonResponder"
"GSE16879","GSM423045","CDcNR7","NonResponder"
"GSE179285","GSM5413223","1416","Control"
"GSE179285","GSM5413224","2204","Control"
"GSE179285","GSM5413225","1506","Case"
"GSE179285","GSM5413226","1679","Case"
"GSE179285","GSM5413227","1339","Control"
"GSE179285","GSM5413228","1339","Case"
"GSE179285","GSM5413229","2003","Control"
"GSE179285","GSM5413230","1908","Case"
"GSE179285","GSM5413231","1904","Case"
"GSE179285","GSM5413232","1904","Control"
"GSE179285","GSM5413233","1820","Case"
"GSE179285","GSM5413234","1349","Case"
"GSE179285","GSM5413235","1718","Control"
"GSE179285","GSM5413236","1328","Case"
"GSE179285","GSM5413237","1328","Control"
"GSE179285","GSM5413238","2008","Control"
"GSE179285","GSM5413239","1414","Control"
"GSE179285","GSM5413240","1505","Case"
"GSE179285","GSM5413241","2104","Case"
"GSE179285","GSM5413242","2104","Control"
"GSE179285","GSM5413243","1415","Control"
"GSE179285","GSM5413244","1415","Case"
"GSE179285","GSM5413245","1348","Control"
"GSE179285","GSM5413246","1819","Control"
"GSE179285","GSM5413247","2501","Case"
"GSE179285","GSM5413248","1929","Case"
"GSE179285","GSM5413249","1821","Control"
"GSE179285","GSM5413250","1821","Case"
"GSE179285","GSM5413251","1359","Case"
"GSE179285","GSM5413252","1508","Case"
"GSE179285","GSM5413253","1816","Control"
"GSE179285","GSM5413254","1816","Case"
"GSE179285","GSM5413255","2503","Case"
"GSE179285","GSM5413256","1714","Control"
"GSE179285","GSM5413257","1714","Case"
"GSE179285","GSM5413258","2009","Control"
"GSE179285","GSM5413259","2302","Case"
"GSE179285","GSM5413260","2302","Control"
"GSE179285","GSM5413261","1912","Control"
"GSE179285","GSM5413262","1686","Case"
"GSE179285","GSM5413263","1686","Control"
"GSE179285","GSM5413264","1688","Control"
"GSE179285","GSM5413265","1921","Case"
"GSE179285","GSM5413266","1921","Control"
"GSE179285","GSM5413267","1692","Control"
"GSE179285","GSM5413268","1690","Control"
"GSE179285","GSM5413269","2001","Control"
"GSE179285","GSM5413271","1918","Control"
"GSE179285","GSM5413272","1906","Control"
"GSE179285","GSM5413274","1907","Control"
"GSE179285","GSM5413275","2101","Control"
"GSE179285","GSM5413276","1811","Control"
"GSE179285","GSM5413277","1691","Control"
"GSE19804","GSM494556","2","Case"
"GSE19804","GSM494557","3","Case"
"GSE19804","GSM494558","6","Case"
"GSE19804","GSM494559","17","Case"
"GSE19804","GSM494560","32","Case"
"GSE19804","GSM494561","33","Case"
"GSE19804","GSM494562","37","Case"
"GSE19804","GSM494563","40","Case"
"GSE19804","GSM494564","43","Case"
"GSE19804","GSM494565","79","Case"
"GSE19804","GSM494566","91","Case"
"GSE19804","GSM494567","92","Case"
"GSE19804","GSM494568","94","Case"
"GSE19804","GSM494569","97","Case"
"GSE19804","GSM494570","102","Case"
"GSE19804","GSM494571","103","Case"
"GSE19804","GSM494572","106","Case"
"GSE19804","GSM494573","109","Case"
"GSE19804","GSM494574","114","Case"
"GSE19804","GSM494575","115","Case"
"GSE19804","GSM494576","116","Case"
"GSE19804","GSM494577","117","Case"
"GSE19804","GSM494578","118","Case"
"GSE19804","GSM494579","119","Case"
"GSE19804","GSM494580","120","Case"
"GSE19804","GSM494581","121","Case"
"GSE19804","GSM494582","122","Case"
"GSE19804","GSM494583","123","Case"
"GSE19804","GSM494584","124","Case"
"GSE19804","GSM494585","125","Case"
"GSE19804","GSM494586","126","Case"
"GSE19804","GSM494587","127","Case"
"GSE19804","GSM494588","129","Case"
"GSE19804","GSM494589","130","Case"
"GSE19804","GSM494590","131","Case"
"GSE19804","GSM494591","132","Case"
"GSE19804","GSM494592","133","Case"
"GSE19804","GSM494593","134","Case"
"GSE19804","GSM494594","135","Case"
"GSE19804","GSM494595","136","Case"
"GSE19804","GSM494596","137","Case"
"GSE19804","GSM494597","139","Case"
"GSE19804","GSM494598","142","Case"
"GSE19804","GSM494599","143","Case"
"GSE19804","GSM494600","144","Case"
"GSE19804","GSM494601","145","Case"
"GSE19804","GSM494602","146","Case"
"GSE19804","GSM494603","148","Case"
"GSE19804","GSM494604","149","Case"
"GSE19804","GSM494605","152","Case"
"GSE19804","GSM494606","154","Case"
"GSE19804","GSM494607","156","Case"
"GSE19804","GSM494608","157","Case"
"GSE19804","GSM494609","158","Case"
"GSE19804","GSM494610","159","Case"
"GSE19804","GSM494611","165","Case"
"GSE19804","GSM494612","167","Case"
"GSE19804","GSM494613","177","Case"
"GSE19804","GSM494614","179","Case"
"GSE19804","GSM494615","189","Case"
"GSE19804","GSM494616","2","Control"
"GSE19804","GSM494617","3","Control"
"GSE19804","GSM494618","6","Control"
"GSE19804","GSM494619","17","Control"
"GSE19804","GSM494620","32","Control"
"GSE19804","GSM494621","33","Control"
"GSE19804","GSM494622","37","Control"
"GSE19804","GSM494623","40","Control"
"GSE19804","GSM494624","43","Control"
"GSE19804","GSM494625","79","Control"
"GSE19804","GSM494626","91","Control"
"GSE19804","GSM494627","92","Control"
"GSE19804","GSM494628","94","Control"
"GSE19804","GSM494629","97","Control"
"GSE19804","GSM494630","102","Control"
"GSE19804","GSM494631","103","Control"
"GSE19804","GSM494632","106","Control"
"GSE19804","GSM494633","109","Control"
"GSE19804","GSM494634","114","Control"
"GSE19804","GSM494635","115","Control"
"GSE19804","GSM494636","116","Control"
"GSE19804","GSM494637","117","Control"
"GSE19804","GSM494638","118","Control"
"GSE19804","GSM494639","119","Control"
"GSE19804","GSM494640","120","Control"
"GSE19804","GSM494641","121","Control"
"GSE19804","GSM494642","122","Control"
"GSE19804","GSM494643","123","Control"
"GSE19804","GSM494644","124","Control"
"GSE19804","GSM494645","125","Control"
"GSE19804","GSM494646","126","Control"
"GSE19804","GSM494647","127","Control"
"GSE19804","GSM494648","129","Control"
"GSE19804","GSM494649","130","Control"
"GSE19804","GSM494650","131","Control"
"GSE19804","GSM494651","132","Control"
"GSE19804","GSM494652","133","Control"
"GSE19804","GSM494653","134","Control"
"GSE19804","GSM494654","135","Control"
"GSE19804","GSM494655","136","Control"
"GSE19804","GSM494656","137","Control"
"GSE19804","GSM494657","139","Control"
"GSE19804","GSM494658","142","Control"
"GSE19804","GSM494659","143","Control"
"GSE19804","GSM494660","144","Control"
"GSE19804","GSM494661","145","Control"
"GSE19804","GSM494662","146","Control"
"GSE19804","GSM494663","148","Control"
"GSE19804","GSM494664","149","Control"
"GSE19804","GSM494665","152","Control"
"GSE19804","GSM494666","154","Control"
"GSE19804","GSM494667","156","Control"
"GSE19804","GSM494668","157","Control"
"GSE19804","GSM494669","158","Control"
"GSE19804","GSM494670","159","Control"
"GSE19804","GSM494671","165","Control"
"GSE19804","GSM494672","167","Control"
"GSE19804","GSM494673","177","Control"
"GSE19804","GSM494674","179","Control"
"GSE19804","GSM494675","189","Control"
"GSE23878","GSM588828",NA,"Case"
"GSE23878","GSM588829",NA,"Case"
"GSE23878","GSM588830",NA,"Case"
"GSE23878","GSM588831",NA,"Case"
"GSE23878","GSM588832",NA,"Case"
"GSE23878","GSM588833",NA,"Case"
"GSE23878","GSM588834",NA,"Case"
"GSE23878","GSM588835",NA,"Case"
"GSE23878","GSM588836",NA,"Case"
"GSE23878","GSM588837",NA,"Case"
"GSE23878","GSM588838",NA,"Case"
"GSE23878","GSM588839",NA,"Case"
"GSE23878","GSM588840",NA,"Case"
"GSE23878","GSM588841",NA,"Case"
"GSE23878","GSM588842",NA,"Case"
"GSE23878","GSM588843",NA,"Case"
"GSE23878","GSM588844",NA,"Case"
"GSE23878","GSM588845",NA,"Case"
"GSE23878","GSM588846",NA,"Case"
"GSE23878","GSM588847",NA,"Case"
"GSE23878","GSM588848",NA,"Case"
"GSE23878","GSM588849",NA,"Case"
"GSE23878","GSM588850",NA,"Case"
"GSE23878","GSM588851",NA,"Case"
"GSE23878","GSM588852",NA,"Case"
"GSE23878","GSM588853",NA,"Case"
"GSE23878","GSM588854",NA,"Case"
"GSE23878","GSM588855",NA,"Case"
"GSE23878","GSM588856",NA,"Case"
"GSE23878","GSM588857",NA,"Case"
"GSE23878","GSM588858",NA,"Case"
"GSE23878","GSM588859",NA,"Case"
"GSE23878","GSM588860",NA,"Case"
"GSE23878","GSM588861",NA,"Case"
"GSE23878","GSM588862",NA,"Case"
"GSE23878","GSM588863",NA,"Control"
"GSE23878","GSM588864",NA,"Control"
"GSE23878","GSM588865",NA,"Control"
"GSE23878","GSM588866",NA,"Control"
"GSE23878","GSM588867",NA,"Control"
"GSE23878","GSM588868",NA,"Control"
"GSE23878","GSM588869",NA,"Control"
"GSE23878","GSM588870",NA,"Control"
"GSE23878","GSM588871",NA,"Control"
"GSE23878","GSM588872",NA,"Control"
"GSE23878","GSM588873",NA,"Control"
"GSE23878","GSM588874",NA,"Control"
"GSE23878","GSM588875",NA,"Control"
"GSE23878","GSM588876",NA,"Control"
"GSE23878","GSM588877",NA,"Control"
"GSE23878","GSM588878",NA,"Control"
"GSE23878","GSM588879",NA,"Control"
"GSE23878","GSM588880",NA,"Control"
"GSE23878","GSM588881",NA,"Control"
"GSE23878","GSM588882",NA,"Control"
"GSE23878","GSM588883",NA,"Control"
"GSE23878","GSM588884",NA,"Control"
"GSE23878","GSM588885",NA,"Control"
"GSE23878","GSM588886",NA,"Control"
"GSE32863","GSM813411","05L12","Control"
"GSE32863","GSM813412","05L12","Case"
"GSE32863","GSM813413","05L13","Control"
"GSE32863","GSM813414","05L13","Case"
"GSE32863","GSM813415","05L19","Control"
"GSE32863","GSM813416","05L19","Case"
"GSE32863","GSM813417","05L27","Control"
"GSE32863","GSM813418","05L27","Case"
"GSE32863","GSM813419","05L32","Control"
"GSE32863","GSM813420","05L32","Case"
"GSE32863","GSM813421","05L34","Control"
"GSE32863","GSM813422","05L34","Case"
"GSE32863","GSM813423","05L39","Control"
"GSE32863","GSM813424","05L39","Case"
"GSE32863","GSM813425","05L4","Control"
"GSE32863","GSM813426","05L4","Case"
"GSE32863","GSM813427","05L40","Control"
"GSE32863","GSM813428","05L40","Case"
"GSE32863","GSM813429","05L43","Control"
"GSE32863","GSM813430","05L43","Case"
"GSE32863","GSM813431","05L45","Control"
"GSE32863","GSM813432","05L45","Case"
"GSE32863","GSM813433","05L47","Control"
"GSE32863","GSM813434","05L47","Case"
"GSE32863","GSM813435","05L49","Control"
"GSE32863","GSM813436","05L49","Case"
"GSE32863","GSM813437","05L54","Control"
"GSE32863","GSM813438","05L54","Case"
"GSE32863","GSM813439","05L6","Control"
"GSE32863","GSM813440","05L6","Case"
"GSE32863","GSM813441","05L7","Control"
"GSE32863","GSM813442","05L7","Case"
"GSE32863","GSM813443","05L9","Control"
"GSE32863","GSM813444","05L9","Case"
"GSE32863","GSM813445","06L10","Control"
"GSE32863","GSM813446","06L10","Case"
"GSE32863","GSM813447","06L11","Control"
"GSE32863","GSM813448","06L11","Case"
"GSE32863","GSM813449","06L14","Control"
"GSE32863","GSM813450","06L14","Case"
"GSE32863","GSM813451","06L20","Control"
"GSE32863","GSM813452","06L20","Case"
"GSE32863","GSM813453","06L29","Control"
"GSE32863","GSM813454","06L29","Case"
"GSE32863","GSM813455","06L3","Control"
"GSE32863","GSM813456","06L3","Case"
"GSE32863","GSM813457","06L46","Control"
"GSE32863","GSM813458","06L46","Case"
"GSE32863","GSM813459","06L50","Control"
"GSE32863","GSM813460","06L50","Case"
"GSE32863","GSM813461","06L54","Control"
"GSE32863","GSM813462","06L54","Case"
"GSE32863","GSM813463","06L57","Control"
"GSE32863","GSM813464","06L57","Case"
"GSE32863","GSM813465","06L64","Control"
"GSE32863","GSM813466","06L64","Case"
"GSE32863","GSM813467","06L71","Control"
"GSE32863","GSM813468","06L71","Case"
"GSE32863","GSM813469","07L16","Control"
"GSE32863","GSM813470","07L16","Case"
"GSE32863","GSM813471","07L19","Control"
"GSE32863","GSM813472","07L19","Case"
"GSE32863","GSM813473","07L21","Control"
"GSE32863","GSM813474","07L21","Case"
"GSE32863","GSM813475","07L22","Control"
"GSE32863","GSM813476","07L22","Case"
"GSE32863","GSM813477","07L25","Control"
"GSE32863","GSM813478","07L25","Case"
"GSE32863","GSM813479","07L28","Control"
"GSE32863","GSM813480","07L28","Case"
"GSE32863","GSM813481","07L31","Control"
"GSE32863","GSM813482","07L31","Case"
"GSE32863","GSM813483","07L32","Control"
"GSE32863","GSM813484","07L32","Case"
"GSE32863","GSM813485","07L38","Control"
"GSE32863","GSM813486","07L38","Case"
"GSE32863","GSM813487","07L5","Control"
"GSE32863","GSM813488","07L5","Case"
"GSE32863","GSM813489","07L51","Control"
"GSE32863","GSM813490","07L51","Case"
"GSE32863","GSM813491","07L6","Control"
"GSE32863","GSM813492","07L6","Case"
"GSE32863","GSM813493","07L66","Control"
"GSE32863","GSM813494","07L66","Case"
"GSE32863","GSM813495","3003","Control"
"GSE32863","GSM813496","3003","Case"
"GSE32863","GSM813497","3012","Control"
"GSE32863","GSM813498","3012","Case"
"GSE32863","GSM813499","3013","Control"
"GSE32863","GSM813500","3013","Case"
"GSE32863","GSM813501","3014","Control"
"GSE32863","GSM813502","3014","Case"
"GSE32863","GSM813503","3021","Control"
"GSE32863","GSM813504","3021","Case"
"GSE32863","GSM813505","3022","Control"
"GSE32863","GSM813506","3022","Case"
"GSE32863","GSM813508","3024","Control"
"GSE32863","GSM813509","3024","Case"
"GSE32863","GSM813510","3030","Control"
"GSE32863","GSM813511","3030","Case"
"GSE32863","GSM813512","3031","Control"
"GSE32863","GSM813513","3031","Case"
"GSE32863","GSM813514","3032","Control"
"GSE32863","GSM813515","3032","Case"
"GSE32863","GSM813516","3033","Control"
"GSE32863","GSM813517","3033","Case"
"GSE32863","GSM813519","3036","Control"
"GSE32863","GSM813520","3036","Case"
"GSE32863","GSM813521","3039","Control"
"GSE32863","GSM813522","3039","Case"
"GSE32863","GSM813523","L15","Control"
"GSE32863","GSM813524","L15","Case"
"GSE32863","GSM813525","L2","Control"
"GSE32863","GSM813526","L2","Case"
"GSE41258","GSM1012286","620","Case"
"GSE41258","GSM1012297","990","Case"
"GSE41258","GSM1012303","2184","Case"
"GSE41258","GSM1012304","2184","Control"
"GSE41258","GSM1012305","2189","Case"
"GSE41258","GSM1012306","2189","Control"
"GSE41258","GSM1012307","2308","Case"
"GSE41258","GSM1012308","2500","Case"
"GSE41258","GSM1012310","2679","Case"
"GSE41258","GSM1012312","2779","Case"
"GSE41258","GSM1012314","2815","Case"
"GSE41258","GSM1012315","2815","Control"
"GSE41258","GSM1012316","2832","Case"
"GSE41258","GSM1012317","3023","Case"
"GSE41258","GSM1012318","3023","Control"
"GSE41258","GSM1012319","3156","Case"
"GSE41258","GSM1012320","3283","Case"
"GSE41258","GSM1012322","3393","Case"
"GSE41258","GSM1012324","3401","Case"
"GSE41258","GSM1012325","3465","Case"
"GSE41258","GSM1012326","3519","Case"
"GSE41258","GSM1012327","3519","Control"
"GSE41258","GSM1012328","3531","Case"
"GSE41258","GSM1012330","3598","Control"
"GSE41258","GSM1012331","3637","Case"
"GSE41258","GSM1012333","3637","Control"
"GSE41258","GSM1012334","3657","Case"
"GSE41258","GSM1012335","3657","Control"
"GSE41258","GSM1012336","3706","Case"
"GSE41258","GSM1012337","3706","Control"
"GSE41258","GSM1012338","3752","Case"
"GSE41258","GSM1012339","3753","Case"
"GSE41258","GSM1012340","3753","Control"
"GSE41258","GSM1012341","3777","Case"
"GSE41258","GSM1012342","3777","Control"
"GSE41258","GSM1012344","3862","Case"
"GSE41258","GSM1012345","3862","Control"
"GSE41258","GSM1012346","4176","Case"
"GSE41258","GSM1012347","4176","Control"
"GSE41258","GSM1012350","4276","Case"
"GSE41258","GSM1012351","4276","Control"
"GSE41258","GSM1012352","4388","Case"
"GSE41258","GSM1012354","4494","Case"
"GSE41258","GSM1012355","4494","Control"
"GSE41258","GSM1012356","4549","Case"
"GSE41258","GSM1012357","4549","Control"
"GSE41258","GSM1012358","4800","Case"
"GSE41258","GSM1012359","4800","Control"
"GSE41258","GSM1012361","5025","Case"
"GSE41258","GSM1012363","5334","Case"
"GSE41258","GSM1012364","5424","Case"
"GSE41258","GSM1012366","5629","Case"
"GSE41258","GSM1012367","5708","Case"
"GSE41258","GSM1012368","5786","Case"
"GSE41258","GSM1012369","5786","Control"
"GSE41258","GSM1012370","5839","Case"
"GSE41258","GSM1012371","5885","Case"
"GSE41258","GSM1012373","6051","Case"
"GSE41258","GSM1012374","6220","Case"
"GSE41258","GSM1012375","6265","Case"
"GSE41258","GSM1012376","6314","Case"
"GSE41258","GSM1012379","6657","Case"
"GSE41258","GSM1012380","6657","Control"
"GSE41258","GSM1012381","6706","Case"
"GSE41258","GSM1012384","6840","Case"
"GSE41258","GSM1012385","6997","Case"
"GSE41258","GSM1012386","7061","Case"
"GSE41258","GSM1012387","7145","Case"
"GSE41258","GSM1012389","7427","Case"
"GSE41258","GSM1012391","7576","Case"
"GSE41258","GSM1012392","7632","Case"
"GSE41258","GSM1012393","7662","Case"
"GSE41258","GSM1012395","7721","Case"
"GSE41258","GSM1012396","7925","Case"
"GSE41258","GSM1012397","7930","Case"
"GSE41258","GSM1012398","7973","Case"
"GSE41258","GSM1012399","8018","Case"
"GSE41258","GSM1012400","8029","Case"
"GSE41258","GSM1012401","8061","Case"
"GSE41258","GSM1012405","8168","Case"
"GSE41258","GSM1012407","8792","Case"
"GSE41258","GSM1012408","9054","Case"
"GSE41258","GSM1012409","9077","Case"
"GSE41258","GSM1012410","9185","Case"
"GSE41258","GSM1012411","9297","Case"
"GSE41258","GSM1012412","9343","Case"
"GSE41258","GSM1012413","9394","Case"
"GSE41258","GSM1012414","9420","Case"
"GSE41258","GSM1012416","9468","Case"
"GSE41258","GSM1012419","9728","Case"
"GSE41258","GSM1012421","9811","Case"
"GSE41258","GSM1012423","10194","Case"
"GSE41258","GSM1012424","10216","Case"
"GSE41258","GSM1012426","10264","Case"
"GSE41258","GSM1012427","10368","Case"
"GSE41258","GSM1012428","10512","Case"
"GSE41258","GSM1012429","10630","Case"
"GSE41258","GSM1012432","11325","Case"
"GSE41258","GSM1012434","11718","Case"
"GSE41258","GSM1012437","12237","Case"
"GSE41258","GSM1012439","12292","Case"
"GSE41258","GSM1012440","12297","Case"
"GSE41258","GSM1012441","12355","Case"
"GSE41258","GSM1012442","12847","Case"
"GSE41258","GSM1012445","13321","Case"
"GSE41258","GSM1012446","13357","Case"
"GSE41258","GSM1012447","14475","Case"
"GSE41258","GSM1012451","15329","Case"
"GSE41258","GSM1012455","A0319","Case"
"GSE41258","GSM1012456","A0702","Case"
"GSE41258","GSM1012459","A1327","Control"
"GSE41258","GSM1012461","A1516","Case"
"GSE41258","GSM1012462","A1644","Case"
"GSE41258","GSM1012463","A1716","Case"
"GSE41258","GSM1012465","A1853","Control"
"GSE41258","GSM1012466","A2191","Control"
"GSE41258","GSM1012467","A2226","Case"
"GSE41258","GSM1012468","A2367","Case"
"GSE41258","GSM1012469","A2434","Case"
"GSE41258","GSM1012471","A2715","Case"
"GSE41258","GSM1012474","A3536","Case"
"GSE41258","GSM1012478","A4248","Case"
"GSE41258","GSM1012479","A4342","Case"
"GSE41258","GSM1012483","A4410","Control"
"GSE41258","GSM1012486","A4779","Case"
"GSE41258","GSM1012487","A4779","Control"
"GSE41258","GSM1012488","A4792","Case"
"GSE41258","GSM1012490","A4902","Case"
"GSE41258","GSM1012492","A4947","Case"
"GSE41258","GSM1012495","A5135","Case"
"GSE41258","GSM1012498","A5153","Control"
"GSE41258","GSM1012499","A5320","Case"
"GSE41258","GSM1012500","A5465","Case"
"GSE41258","GSM1012502","A5627","Case"
"GSE41258","GSM1012507","A6141","Case"
"GSE41258","GSM1012509","A6275","Case"
"GSE41258","GSM1012510","A7366","Case"
"GSE41258","GSM1012511","A8307","Case"
"GSE41258","GSM1012513","A8528","Case"
"GSE41258","GSM1012525","C0081","Case"
"GSE41258","GSM1012526","C0101","Case"
"GSE41258","GSM1012527","C0104","Case"
"GSE41258","GSM1012528","C0105","Case"
"GSE41258","GSM1012529","C0111","Case"
"GSE41258","GSM1012530","C0111","Control"
"GSE41258","GSM1012531","C0112","Case"
"GSE41258","GSM1012532","C0113","Case"
"GSE41258","GSM1012533","C0114","Case"
"GSE41258","GSM1012534","C0114","Control"
"GSE41258","GSM1012535","C0115","Case"
"GSE41258","GSM1012536","C0117","Case"
"GSE41258","GSM1012537","C0117","Control"
"GSE41258","GSM1012538","C0122","Case"
"GSE41258","GSM1012539","C0123","Case"
"GSE41258","GSM1012540","C0123","Control"
"GSE41258","GSM1012541","C0124","Case"
"GSE41258","GSM1012542","C0125","Case"
"GSE41258","GSM1012543","C0127","Case"
"GSE41258","GSM1012544","C0128","Case"
"GSE41258","GSM1012546","C0130","Case"
"GSE41258","GSM1012547","C0134","Case"
"GSE41258","GSM1012548","C0134","Control"
"GSE41258","GSM1012549","C0136","Case"
"GSE41258","GSM1012550","C0136","Control"
"GSE41258","GSM1012553","C0137","Case"
"GSE41258","GSM1012554","C0137","Control"
"GSE41258","GSM1012558","C0140","Case"
"GSE41258","GSM1012562","C0147","Case"
"GSE41258","GSM1012563","C0147","Control"
"GSE41258","GSM1012564","C0149","Case"
"GSE41258","GSM1012565","C0151","Case"
"GSE41258","GSM1012567","C0153","Case"
"GSE41258","GSM1012568","C0153","Control"
"GSE41258","GSM1012569","C0154","Case"
"GSE41258","GSM1012570","C0155","Case"
"GSE41258","GSM1012571","C0156","Case"
"GSE41258","GSM1012572","C0157","Case"
"GSE41258","GSM1012573","C0157","Control"
"GSE41258","GSM1012574","C0158","Case"
"GSE41258","GSM1012575","C0158","Control"
"GSE41258","GSM1012576","C0159","Case"
"GSE41258","GSM1012577","C0168","Case"
"GSE41258","GSM1012578","C0170","Case"
"GSE41258","GSM1012579","C0171","Case"
"GSE41258","GSM1012580","C0172","Case"
"GSE41258","GSM1012581","C0172","Control"
"GSE41258","GSM1012583","C0178","Case"
"GSE41258","GSM1012584","C0180","Case"
"GSE41258","GSM1012585","C0180","Control"
"GSE41258","GSM1012586","C0181","Case"
"GSE41258","GSM1012587","C0186","Case"
"GSE41258","GSM1012588","C0192","Case"
"GSE41258","GSM1012589","C0193","Case"
"GSE41258","GSM1012590","C0193","Control"
"GSE41258","GSM1012591","C0194","Case"
"GSE41258","GSM1012592","C0194","Control"
"GSE41258","GSM1012593","C0198","Case"
"GSE41258","GSM1012594","C0198","Control"
"GSE41258","GSM1012595","C0200","Case"
"GSE41258","GSM1012596","C0203","Case"
"GSE41258","GSM1012597","C0210","Case"
"GSE41258","GSM1012600","C0221","Case"
"GSE41258","GSM1012602","C0225","Case"
"GSE41258","GSM1012603","2308","Control"
"GSE41258","GSM1012604","C0234","Case"
"GSE41258","GSM1012605","C0238","Case"
"GSE41258","GSM1012606","C0251","Control"
"GSE41258","GSM1012611","C0257","Case"
"GSE41258","GSM1012612","C0265","Control"
"GSE41258","GSM1012615","C0273","Case"
"GSE41258","GSM1012616","C0275","Case"
"GSE41258","GSM1012617","C0283","Case"
"GSE41258","GSM1012618","C0285","Case"
"GSE41258","GSM1012619","C0295","Case"
"GSE41258","GSM1012620","C0297","Case"
"GSE41258","GSM1012621","C0297","Control"
"GSE41258","GSM1012622","C0298","Case"
"GSE41258","GSM1012624","C0312","Case"
"GSE41258","GSM1012625","3156","Control"
"GSE41258","GSM1012627","C0323","Case"
"GSE41258","GSM1012628","C0323","Control"
"GSE41258","GSM1012629","C0329","Case"
"GSE41258","GSM1012630","C0329","Control"
"GSE41258","GSM1012631","C0330","Case"
"GSE41258","GSM1012634","C0334","Case"
"GSE41258","GSM1012635","C0353","Case"
"GSE41258","GSM1012636","C0353","Control"
"GSE41258","GSM1012639","C0415","Case"
"GSE41258","GSM1012640","C0415","Control"
"GSE41258","GSM1012643","C0472","Case"
"GSE41258","GSM1012645","C0487","Case"
"GSE41258","GSM1012646","C0487","Control"
"GSE41258","GSM1012648","C0575","Control"
"GSE41258","GSM1012651","C0667","Case"
"GSE41258","GSM1012653","C0667","Control"
"GSE4302","GSM98141",NA,"Case"
"GSE4302","GSM98144",NA,"Case"
"GSE4302","GSM98145",NA,"Case"
"GSE4302","GSM98148",NA,"Case"
"GSE4302","GSM98149",NA,"Case"
"GSE4302","GSM98152",NA,"Case"
"GSE4302","GSM98153",NA,"Case"
"GSE4302","GSM98155",NA,"Case"
"GSE4302","GSM98158",NA,"Case"
"GSE4302","GSM98159",NA,"Case"
"GSE4302","GSM98161",NA,"Case"
"GSE4302","GSM98163",NA,"Case"
"GSE4302","GSM98166",NA,"Case"
"GSE4302","GSM98167",NA,"Case"
"GSE4302","GSM98169",NA,"Case"
"GSE4302","GSM98171",NA,"Case"
"GSE4302","GSM98174",NA,"Case"
"GSE4302","GSM98175",NA,"Case"
"GSE4302","GSM98177",NA,"Case"
"GSE4302","GSM98180",NA,"Case"
"GSE4302","GSM98182",NA,"Case"
"GSE4302","GSM98184",NA,"Case"
"GSE4302","GSM98186",NA,"Case"
"GSE4302","GSM98187",NA,"Case"
"GSE4302","GSM98190",NA,"Case"
"GSE4302","GSM98192",NA,"Case"
"GSE4302","GSM98193",NA,"Case"
"GSE4302","GSM98195",NA,"Case"
"GSE4302","GSM98197",NA,"Case"
"GSE4302","GSM98200",NA,"Case"
"GSE4302","GSM98201",NA,"Case"
"GSE4302","GSM98204",NA,"Case"
"GSE4302","GSM98206",NA,"Control"
"GSE4302","GSM98207",NA,"Control"
"GSE4302","GSM98208",NA,"Case"
"GSE4302","GSM98209",NA,"Control"
"GSE4302","GSM98210",NA,"Case"
"GSE4302","GSM98211",NA,"Control"
"GSE4302","GSM98212",NA,"Control"
"GSE4302","GSM98213",NA,"Control"
"GSE4302","GSM98214",NA,"Case"
"GSE4302","GSM98215",NA,"Case"
"GSE4302","GSM98216",NA,"Case"
"GSE4302","GSM98217",NA,"Control"
"GSE4302","GSM98218",NA,"Control"
"GSE4302","GSM98219",NA,"Control"
"GSE4302","GSM98220",NA,"Case"
"GSE4302","GSM98221",NA,"Control"
"GSE4302","GSM98222",NA,"Control"
"GSE4302","GSM98223",NA,"Control"
"GSE4302","GSM98224",NA,"Case"
"GSE4302","GSM98225",NA,"Control"
"GSE4302","GSM98226",NA,"Case"
"GSE4302","GSM98227",NA,"Case"
"GSE4302","GSM98228",NA,"Case"
"GSE4302","GSM98229",NA,"Control"
"GSE4302","GSM98230",NA,"Control"
"GSE4302","GSM98234",NA,"Control"
"GSE4302","GSM98235",NA,"Control"
"GSE4302","GSM98236",NA,"Control"
"GSE4302","GSM98239",NA,"Control"
"GSE4302","GSM98240",NA,"Control"
"GSE4302","GSM98241",NA,"Control"
"GSE4302","GSM98242",NA,"Control"
"GSE4302","GSM98243",NA,"Control"
"GSE4302","GSM98244",NA,"Control"
"GSE4302","GSM98245",NA,"Control"
"GSE4302","GSM98251",NA,"Control"
"GSE4302","GSM98254",NA,"Control"
"GSE4302","GSM98258",NA,"Control"
"GSE43696","GSM1068458",NA,"Control"
"GSE43696","GSM1068459",NA,"Control"
"GSE43696","GSM1068460",NA,"Control"
"GSE43696","GSM1068461",NA,"Control"
"GSE43696","GSM1068462",NA,"Control"
"GSE43696","GSM1068463",NA,"Control"
"GSE43696","GSM1068464",NA,"Control"
"GSE43696","GSM1068465",NA,"Control"
"GSE43696","GSM1068466",NA,"Control"
"GSE43696","GSM1068467",NA,"Control"
"GSE43696","GSM1068468",NA,"Control"
"GSE43696","GSM1068469",NA,"Control"
"GSE43696","GSM1068470",NA,"Control"
"GSE43696","GSM1068471",NA,"Control"
"GSE43696","GSM1068472",NA,"Control"
"GSE43696","GSM1068473",NA,"Control"
"GSE43696","GSM1068474",NA,"Control"
"GSE43696","GSM1068475",NA,"Control"
"GSE43696","GSM1068476",NA,"Control"
"GSE43696","GSM1068477",NA,"Control"
"GSE43696","GSM1068478",NA,"Case"
"GSE43696","GSM1068479",NA,"Case"
"GSE43696","GSM1068480",NA,"Case"
"GSE43696","GSM1068481",NA,"Case"
"GSE43696","GSM1068482",NA,"Case"
"GSE43696","GSM1068483",NA,"Case"
"GSE43696","GSM1068484",NA,"Case"
"GSE43696","GSM1068485",NA,"Case"
"GSE43696","GSM1068486",NA,"Case"
"GSE43696","GSM1068487",NA,"Case"
"GSE43696","GSM1068488",NA,"Case"
"GSE43696","GSM1068489",NA,"Case"
"GSE43696","GSM1068490",NA,"Case"
"GSE43696","GSM1068491",NA,"Case"
"GSE43696","GSM1068492",NA,"Case"
"GSE43696","GSM1068493",NA,"Case"
"GSE43696","GSM1068494",NA,"Case"
"GSE43696","GSM1068495",NA,"Case"
"GSE43696","GSM1068496",NA,"Case"
"GSE43696","GSM1068497",NA,"Case"
"GSE43696","GSM1068498",NA,"Case"
"GSE43696","GSM1068499",NA,"Case"
"GSE43696","GSM1068500",NA,"Case"
"GSE43696","GSM1068501",NA,"Case"
"GSE43696","GSM1068502",NA,"Case"
"GSE43696","GSM1068503",NA,"Case"
"GSE43696","GSM1068504",NA,"Case"
"GSE43696","GSM1068505",NA,"Case"
"GSE43696","GSM1068506",NA,"Case"
"GSE43696","GSM1068507",NA,"Case"
"GSE43696","GSM1068508",NA,"Case"
"GSE43696","GSM1068509",NA,"Case"
"GSE43696","GSM1068510",NA,"Case"
"GSE43696","GSM1068511",NA,"Case"
"GSE43696","GSM1068512",NA,"Case"
"GSE43696","GSM1068513",NA,"Case"
"GSE43696","GSM1068514",NA,"Case"
"GSE43696","GSM1068515",NA,"Case"
"GSE43696","GSM1068516",NA,"Case"
"GSE43696","GSM1068517",NA,"Case"
"GSE43696","GSM1068518",NA,"Case"
"GSE43696","GSM1068519",NA,"Case"
"GSE43696","GSM1068520",NA,"Case"
"GSE43696","GSM1068521",NA,"Case"
"GSE43696","GSM1068522",NA,"Case"
"GSE43696","GSM1068523",NA,"Case"
"GSE43696","GSM1068524",NA,"Case"
"GSE43696","GSM1068525",NA,"Case"
"GSE43696","GSM1068526",NA,"Case"
"GSE43696","GSM1068527",NA,"Case"
"GSE43696","GSM1068528",NA,"Case"
"GSE43696","GSM1068529",NA,"Case"
"GSE43696","GSM1068530",NA,"Case"
"GSE43696","GSM1068531",NA,"Case"
"GSE43696","GSM1068532",NA,"Case"
"GSE43696","GSM1068533",NA,"Case"
"GSE43696","GSM1068534",NA,"Case"
"GSE43696","GSM1068535",NA,"Case"
"GSE43696","GSM1068536",NA,"Case"
"GSE43696","GSM1068537",NA,"Case"
"GSE43696","GSM1068538",NA,"Case"
"GSE43696","GSM1068539",NA,"Case"
"GSE43696","GSM1068540",NA,"Case"
"GSE43696","GSM1068541",NA,"Case"
"GSE43696","GSM1068542",NA,"Case"
"GSE43696","GSM1068543",NA,"Case"
"GSE43696","GSM1068544",NA,"Case"
"GSE43696","GSM1068545",NA,"Case"
"GSE43696","GSM1068546",NA,"Case"
"GSE43696","GSM1068547",NA,"Case"
"GSE43696","GSM1068548",NA,"Case"
"GSE43696","GSM1068549",NA,"Case"
"GSE43696","GSM1068550",NA,"Case"
"GSE43696","GSM1068551",NA,"Case"
"GSE43696","GSM1068552",NA,"Case"
"GSE43696","GSM1068553",NA,"Case"
"GSE43696","GSM1068554",NA,"Case"
"GSE43696","GSM1068555",NA,"Case"
"GSE43696","GSM1068556",NA,"Case"
"GSE43696","GSM1068557",NA,"Case"
"GSE43696","GSM1068558",NA,"Case"
"GSE43696","GSM1068559",NA,"Case"
"GSE43696","GSM1068560",NA,"Case"
"GSE43696","GSM1068561",NA,"Case"
"GSE43696","GSM1068562",NA,"Case"
"GSE43696","GSM1068563",NA,"Case"
"GSE43696","GSM1068564",NA,"Case"
"GSE43696","GSM1068565",NA,"Case"
"GSE44076","GSM1077648","A2004","Control"
"GSE44076","GSM1077649","A2027","Control"
"GSE44076","GSM1077650","A2050","Control"
"GSE44076","GSM1077651","A2096","Control"
"GSE44076","GSM1077652","B2012","Control"
"GSE44076","GSM1077653","B2035","Control"
"GSE44076","GSM1077654","B2058","Control"
"GSE44076","GSM1077655","B2081","Control"
"GSE44076","GSM1077656","C2021","Control"
"GSE44076","GSM1077657","C2044","Control"
"GSE44076","GSM1077658","C2067","Control"
"GSE44076","GSM1077659","C2090","Control"
"GSE44076","GSM1077660","D2010","Control"
"GSE44076","GSM1077661","D2033","Control"
"GSE44076","GSM1077662","D2056","Control"
"GSE44076","GSM1077663","D2079","Control"
"GSE44076","GSM1077664","E2023","Control"
"GSE44076","GSM1077665","E2046","Control"
"GSE44076","GSM1077666","E2069","Control"
"GSE44076","GSM1077667","E2092","Control"
"GSE44076","GSM1077668","F2008","Control"
"GSE44076","GSM1077669","F2031","Control"
"GSE44076","GSM1077670","F2054","Control"
"GSE44076","GSM1077671","F2077","Control"
"GSE44076","GSM1077672","F2100","Control"
"GSE44076","GSM1077673","G2005","Control"
"GSE44076","GSM1077674","G2028","Control"
"GSE44076","GSM1077675","G2051","Control"
"GSE44076","GSM1077676","G2074","Control"
"GSE44076","GSM1077677","G2097","Control"
"GSE44076","GSM1077678","H2019","Control"
"GSE44076","GSM1077679","H2042","Control"
"GSE44076","GSM1077680","H2065","Control"
"GSE44076","GSM1077681","H2088","Control"
"GSE44076","GSM1077682","J2014","Control"
"GSE44076","GSM1077683","J2037","Control"
"GSE44076","GSM1077684","J2060","Control"
"GSE44076","GSM1077685","J2083","Control"
"GSE44076","GSM1077686","K2022","Control"
"GSE44076","GSM1077687","K2045","Control"
"GSE44076","GSM1077688","K2068","Control"
"GSE44076","GSM1077689","K2091","Control"
"GSE44076","GSM1077690","L2020","Control"
"GSE44076","GSM1077691","L2043","Control"
"GSE44076","GSM1077692","L2066","Control"
"GSE44076","GSM1077693","L2089","Control"
"GSE44076","GSM1077694","M2006","Control"
"GSE44076","GSM1077695","M2029","Control"
"GSE44076","GSM1077696","M2052","Control"
"GSE44076","GSM1077697","M2075","Control"
"GSE44076","GSM1077698","M2098","Control"
"GSE44076","GSM1077699","N2013","Control"
"GSE44076","GSM1077700","N2036","Control"
"GSE44076","GSM1077701","N2059","Control"
"GSE44076","GSM1077702","N2082","Control"
"GSE44076","GSM1077703","P2009","Control"
"GSE44076","GSM1077704","P2032","Control"
"GSE44076","GSM1077705","P2055","Control"
"GSE44076","GSM1077706","P2078","Control"
"GSE44076","GSM1077707","Q2017","Control"
"GSE44076","GSM1077708","Q2040","Control"
"GSE44076","GSM1077709","Q2063","Control"
"GSE44076","GSM1077710","Q2086","Control"
"GSE44076","GSM1077711","R2002","Control"
"GSE44076","GSM1077712","R2025","Control"
"GSE44076","GSM1077713","R2048","Control"
"GSE44076","GSM1077714","R2071","Control"
"GSE44076","GSM1077715","R2094","Control"
"GSE44076","GSM1077716","S2016","Control"
"GSE44076","GSM1077717","S2039","Control"
"GSE44076","GSM1077718","S2062","Control"
"GSE44076","GSM1077719","T2001","Control"
"GSE44076","GSM1077720","T2024","Control"
"GSE44076","GSM1077721","T2047","Control"
"GSE44076","GSM1077722","T2070","Control"
"GSE44076","GSM1077723","T2093","Control"
"GSE44076","GSM1077724","V2018","Control"
"GSE44076","GSM1077725","V2041","Control"
"GSE44076","GSM1077726","V2064","Control"
"GSE44076","GSM1077727","V2087","Control"
"GSE44076","GSM1077728","W2003","Control"
"GSE44076","GSM1077729","W2026","Control"
"GSE44076","GSM1077730","W2049","Control"
"GSE44076","GSM1077731","W2072","Control"
"GSE44076","GSM1077732","W2095","Control"
"GSE44076","GSM1077733","X2011","Control"
"GSE44076","GSM1077734","X2034","Control"
"GSE44076","GSM1077735","X2057","Control"
"GSE44076","GSM1077736","X2080","Control"
"GSE44076","GSM1077737","Y2007","Control"
"GSE44076","GSM1077738","Y2030","Control"
"GSE44076","GSM1077739","Y2053","Control"
"GSE44076","GSM1077740","Y2076","Control"
"GSE44076","GSM1077741","Y2099","Control"
"GSE44076","GSM1077742","Z2015","Control"
"GSE44076","GSM1077743","Z2038","Control"
"GSE44076","GSM1077744","Z2061","Control"
"GSE44076","GSM1077745","Z2084","Control"
"GSE44076","GSM1077746","A2004","Case"
"GSE44076","GSM1077747","A2027","Case"
"GSE44076","GSM1077748","A2050","Case"
"GSE44076","GSM1077749","A2096","Case"
"GSE44076","GSM1077750","B2012","Case"
"GSE44076","GSM1077751","B2035","Case"
"GSE44076","GSM1077752","B2058","Case"
"GSE44076","GSM1077753","B2081","Case"
"GSE44076","GSM1077754","C2021","Case"
"GSE44076","GSM1077755","C2044","Case"
"GSE44076","GSM1077756","C2067","Case"
"GSE44076","GSM1077757","C2090","Case"
"GSE44076","GSM1077758","D2010","Case"
"GSE44076","GSM1077759","D2033","Case"
"GSE44076","GSM1077760","D2056","Case"
"GSE44076","GSM1077761","D2079","Case"
"GSE44076","GSM1077762","E2023","Case"
"GSE44076","GSM1077763","E2046","Case"
"GSE44076","GSM1077764","E2069","Case"
"GSE44076","GSM1077765","E2092","Case"
"GSE44076","GSM1077766","F2008","Case"
"GSE44076","GSM1077767","F2031","Case"
"GSE44076","GSM1077768","F2054","Case"
"GSE44076","GSM1077769","F2077","Case"
"GSE44076","GSM1077770","F2100","Case"
"GSE44076","GSM1077771","G2005","Case"
"GSE44076","GSM1077772","G2028","Case"
"GSE44076","GSM1077773","G2051","Case"
"GSE44076","GSM1077774","G2074","Case"
"GSE44076","GSM1077775","G2097","Case"
"GSE44076","GSM1077776","H2019","Case"
"GSE44076","GSM1077777","H2042","Case"
"GSE44076","GSM1077778","H2065","Case"
"GSE44076","GSM1077779","H2088","Case"
"GSE44076","GSM1077780","J2014","Case"
"GSE44076","GSM1077781","J2037","Case"
"GSE44076","GSM1077782","J2060","Case"
"GSE44076","GSM1077783","J2083","Case"
"GSE44076","GSM1077784","K2022","Case"
"GSE44076","GSM1077785","K2045","Case"
"GSE44076","GSM1077786","K2068","Case"
"GSE44076","GSM1077787","K2091","Case"
"GSE44076","GSM1077788","L2020","Case"
"GSE44076","GSM1077789","L2043","Case"
"GSE44076","GSM1077790","L2066","Case"
"GSE44076","GSM1077791","L2089","Case"
"GSE44076","GSM1077792","M2006","Case"
"GSE44076","GSM1077793","M2029","Case"
"GSE44076","GSM1077794","M2052","Case"
"GSE44076","GSM1077795","M2075","Case"
"GSE44076","GSM1077796","M2098","Case"
"GSE44076","GSM1077797","N2013","Case"
"GSE44076","GSM1077798","N2036","Case"
"GSE44076","GSM1077799","N2059","Case"
"GSE44076","GSM1077800","N2082","Case"
"GSE44076","GSM1077801","P2009","Case"
"GSE44076","GSM1077802","P2032","Case"
"GSE44076","GSM1077803","P2055","Case"
"GSE44076","GSM1077804","P2078","Case"
"GSE44076","GSM1077805","Q2017","Case"
"GSE44076","GSM1077806","Q2040","Case"
"GSE44076","GSM1077807","Q2063","Case"
"GSE44076","GSM1077808","Q2086","Case"
"GSE44076","GSM1077809","R2002","Case"
"GSE44076","GSM1077810","R2025","Case"
"GSE44076","GSM1077811","R2048","Case"
"GSE44076","GSM1077812","R2071","Case"
"GSE44076","GSM1077813","R2094","Case"
"GSE44076","GSM1077814","S2016","Case"
"GSE44076","GSM1077815","S2039","Case"
"GSE44076","GSM1077816","S2062","Case"
"GSE44076","GSM1077817","T2001","Case"
"GSE44076","GSM1077818","T2024","Case"
"GSE44076","GSM1077819","T2047","Case"
"GSE44076","GSM1077820","T2070","Case"
"GSE44076","GSM1077821","T2093","Case"
"GSE44076","GSM1077822","V2018","Case"
"GSE44076","GSM1077823","V2041","Case"
"GSE44076","GSM1077824","V2064","Case"
"GSE44076","GSM1077825","V2087","Case"
"GSE44076","GSM1077826","W2003","Case"
"GSE44076","GSM1077827","W2026","Case"
"GSE44076","GSM1077828","W2049","Case"
"GSE44076","GSM1077829","W2072","Case"
"GSE44076","GSM1077830","W2095","Case"
"GSE44076","GSM1077831","X2011","Case"
"GSE44076","GSM1077832","X2034","Case"
"GSE44076","GSM1077833","X2057","Case"
"GSE44076","GSM1077834","X2080","Case"
"GSE44076","GSM1077835","Y2007","Case"
"GSE44076","GSM1077836","Y2030","Case"
"GSE44076","GSM1077837","Y2053","Case"
"GSE44076","GSM1077838","Y2076","Case"
"GSE44076","GSM1077839","Y2099","Case"
"GSE44076","GSM1077840","Z2015","Case"
"GSE44076","GSM1077841","Z2038","Case"
"GSE44076","GSM1077842","Z2061","Case"
"GSE44076","GSM1077843","Z2084","Case"
"GSE67472","GSM1647628",NA,"Case"
"GSE67472","GSM1647629",NA,"Case"
"GSE67472","GSM1647630",NA,"Case"
"GSE67472","GSM1647631",NA,"Control"
"GSE67472","GSM1647632",NA,"Case"
"GSE67472","GSM1647633",NA,"Control"
"GSE67472","GSM1647634",NA,"Control"
"GSE67472","GSM1647635",NA,"Control"
"GSE67472","GSM1647636",NA,"Control"
"GSE67472","GSM1647637",NA,"Control"
"GSE67472","GSM1647638",NA,"Control"
"GSE67472","GSM1647639",NA,"Control"
"GSE67472","GSM1647640",NA,"Case"
"GSE67472","GSM1647641",NA,"Case"
"GSE67472","GSM1647642",NA,"Control"
"GSE67472","GSM1647643",NA,"Control"
"GSE67472","GSM1647644",NA,"Control"
"GSE67472","GSM1647645",NA,"Case"
"GSE67472","GSM1647646",NA,"Case"
"GSE67472","GSM1647647",NA,"Case"
"GSE67472","GSM1647648",NA,"Case"
"GSE67472","GSM1647649",NA,"Case"
"GSE67472","GSM1647650",NA,"Case"
"GSE67472","GSM1647651",NA,"Case"
"GSE67472","GSM1647652",NA,"Case"
"GSE67472","GSM1647653",NA,"Case"
"GSE67472","GSM1647654",NA,"Case"
"GSE67472","GSM1647655",NA,"Case"
"GSE67472","GSM1647656",NA,"Case"
"GSE67472","GSM1647657",NA,"Case"
"GSE67472","GSM1647658",NA,"Case"
"GSE67472","GSM1647659",NA,"Case"
"GSE67472","GSM1647660",NA,"Case"
"GSE67472","GSM1647661",NA,"Case"
"GSE67472","GSM1647662",NA,"Case"
"GSE67472","GSM1647663",NA,"Case"
"GSE67472","GSM1647664",NA,"Case"
"GSE67472","GSM1647665",NA,"Case"
"GSE67472","GSM1647666",NA,"Case"
"GSE67472","GSM1647667",NA,"Case"
"GSE67472","GSM1647668",NA,"Case"
"GSE67472","GSM1647669",NA,"Case"
"GSE67472","GSM1647670",NA,"Case"
"GSE67472","GSM1647671",NA,"Case"
"GSE67472","GSM1647672",NA,"Case"
"GSE67472","GSM1647673",NA,"Case"
"GSE67472","GSM1647674",NA,"Case"
"GSE67472","GSM1647675",NA,"Case"
"GSE67472","GSM1647676",NA,"Case"
"GSE67472","GSM1647677",NA,"Control"
"GSE67472","GSM1647678",NA,"Control"
"GSE67472","GSM1647679",NA,"Control"
"GSE67472","GSM1647680",NA,"Control"
"GSE67472","GSM1647681",NA,"Control"
"GSE67472","GSM1647682",NA,"Control"
"GSE67472","GSM1647683",NA,"Control"
"GSE67472","GSM1647684",NA,"Control"
"GSE67472","GSM1647685",NA,"Control"
"GSE67472","GSM1647686",NA,"Control"
"GSE67472","GSM1647687",NA,"Control"
"GSE67472","GSM1647688",NA,"Control"
"GSE67472","GSM1647689",NA,"Control"
"GSE67472","GSM1647690",NA,"Control"
"GSE67472","GSM1647691",NA,"Control"
"GSE67472","GSM1647692",NA,"Control"
"GSE67472","GSM1647693",NA,"Control"
"GSE67472","GSM1647694",NA,"Control"
"GSE67472","GSM1647695",NA,"Case"
"GSE67472","GSM1647696",NA,"Case"
"GSE67472","GSM1647697",NA,"Case"
"GSE67472","GSM1647698",NA,"Case"
"GSE67472","GSM1647699",NA,"Case"
"GSE67472","GSM1647700",NA,"Case"
"GSE67472","GSM1647701",NA,"Control"
"GSE67472","GSM1647702",NA,"Control"
"GSE67472","GSM1647703",NA,"Case"
"GSE67472","GSM1647704",NA,"Case"
"GSE67472","GSM1647705",NA,"Case"
"GSE67472","GSM1647706",NA,"Case"
"GSE67472","GSM1647707",NA,"Case"
"GSE67472","GSM1647708",NA,"Case"
"GSE67472","GSM1647709",NA,"Control"
"GSE67472","GSM1647710",NA,"Control"
"GSE67472","GSM1647711",NA,"Control"
"GSE67472","GSM1647712",NA,"Control"
"GSE67472","GSM1647713",NA,"Control"
"GSE67472","GSM1647714",NA,"Control"
"GSE67472","GSM1647715",NA,"Control"
"GSE67472","GSM1647716",NA,"Case"
"GSE67472","GSM1647717",NA,"Case"
"GSE67472","GSM1647718",NA,"Control"
"GSE67472","GSM1647719",NA,"Control"
"GSE67472","GSM1647720",NA,"Control"
"GSE67472","GSM1647721",NA,"Case"
"GSE67472","GSM1647722",NA,"Case"
"GSE67472","GSM1647723",NA,"Case"
"GSE67472","GSM1647724",NA,"Case"
"GSE67472","GSM1647725",NA,"Case"
"GSE67472","GSM1647726",NA,"Case"
"GSE67472","GSM1647727",NA,"Control"
"GSE67472","GSM1647728",NA,"Control"
"GSE67472","GSM1647729",NA,"Case"
"GSE67472","GSM1647730",NA,"Case"
"GSE67472","GSM1647731",NA,"Case"
"GSE67472","GSM1647732",NA,"Case"
"GSE75214","GSM1426090",NA,"Case"
"GSE75214","GSM1426091",NA,"Case"
"GSE75214","GSM1426092",NA,"Case"
"GSE75214","GSM1426093",NA,"Case"
"GSE75214","GSM1426094",NA,"Case"
"GSE75214","GSM1426095",NA,"Case"
"GSE75214","GSM1426096",NA,"Case"
"GSE75214","GSM1426097",NA,"Case"
"GSE75214","GSM1426098",NA,"Case"
"GSE75214","GSM1426099",NA,"Case"
"GSE75214","GSM1426100",NA,"Case"
"GSE75214","GSM1426101",NA,"Case"
"GSE75214","GSM1426102",NA,"Case"
"GSE75214","GSM1426103",NA,"Case"
"GSE75214","GSM1426104",NA,"Case"
"GSE75214","GSM1426105",NA,"Case"
"GSE75214","GSM1426106",NA,"Case"
"GSE75214","GSM1426107",NA,"Case"
"GSE75214","GSM1426108",NA,"Case"
"GSE75214","GSM1426109",NA,"Case"
"GSE75214","GSM1426110",NA,"Case"
"GSE75214","GSM1426111",NA,"Case"
"GSE75214","GSM1426112",NA,"Case"
"GSE75214","GSM1426113",NA,"Case"
"GSE75214","GSM1426114",NA,"Case"
"GSE75214","GSM1426115",NA,"Case"
"GSE75214","GSM1426116",NA,"Case"
"GSE75214","GSM1426117",NA,"Case"
"GSE75214","GSM1426118",NA,"Case"
"GSE75214","GSM1426119",NA,"Case"
"GSE75214","GSM1426120",NA,"Case"
"GSE75214","GSM1426121",NA,"Case"
"GSE75214","GSM1426122",NA,"Case"
"GSE75214","GSM1426123",NA,"Case"
"GSE75214","GSM1426124",NA,"Case"
"GSE75214","GSM1426125",NA,"Case"
"GSE75214","GSM1426126",NA,"Case"
"GSE75214","GSM1426127",NA,"Case"
"GSE75214","GSM1426128",NA,"Case"
"GSE75214","GSM1426129",NA,"Case"
"GSE75214","GSM1426130",NA,"Case"
"GSE75214","GSM1426131",NA,"Case"
"GSE75214","GSM1426132",NA,"Case"
"GSE75214","GSM1426133",NA,"Case"
"GSE75214","GSM1426134",NA,"Case"
"GSE75214","GSM1426135",NA,"Case"
"GSE75214","GSM1426136",NA,"Case"
"GSE75214","GSM1426137",NA,"Case"
"GSE75214","GSM1426138",NA,"Case"
"GSE75214","GSM1426139",NA,"Case"
"GSE75214","GSM1426140",NA,"Case"
"GSE75214","GSM1426141",NA,"Case"
"GSE75214","GSM1426142",NA,"Case"
"GSE75214","GSM1426143",NA,"Case"
"GSE75214","GSM1426144",NA,"Case"
"GSE75214","GSM1426145",NA,"Case"
"GSE75214","GSM1426146",NA,"Case"
"GSE75214","GSM1426147",NA,"Case"
"GSE75214","GSM1426148",NA,"Case"
"GSE75214","GSM1426149",NA,"Case"
"GSE75214","GSM1426150",NA,"Case"
"GSE75214","GSM1426151",NA,"Case"
"GSE75214","GSM1426152",NA,"Case"
"GSE75214","GSM1426153",NA,"Case"
"GSE75214","GSM1426154",NA,"Case"
"GSE75214","GSM1426155",NA,"Case"
"GSE75214","GSM1426156",NA,"Case"
"GSE75214","GSM1426157",NA,"Case"
"GSE75214","GSM1426158",NA,"Case"
"GSE75214","GSM1426159",NA,"Case"
"GSE75214","GSM1426160",NA,"Case"
"GSE75214","GSM1426161",NA,"Case"
"GSE75214","GSM1426162",NA,"Case"
"GSE75214","GSM1426163",NA,"Case"
"GSE75214","GSM1426164",NA,"Control"
"GSE75214","GSM1426165",NA,"Control"
"GSE75214","GSM1426166",NA,"Control"
"GSE75214","GSM1426167",NA,"Control"
"GSE75214","GSM1426168",NA,"Control"
"GSE75214","GSM1426169",NA,"Control"
"GSE75214","GSM1426170",NA,"Control"
"GSE75214","GSM1426171",NA,"Control"
"GSE75214","GSM1426172",NA,"Control"
"GSE75214","GSM1426173",NA,"Control"
"GSE75214","GSM1426174",NA,"Control"
"GSE75214","GSM1426175",NA,"Control"
"GSE75214","GSM1426176",NA,"Control"
"GSE75214","GSM1426177",NA,"Control"
"GSE75214","GSM1426178",NA,"Control"
"GSE75214","GSM1426179",NA,"Control"
"GSE75214","GSM1426180",NA,"Control"
"GSE75214","GSM1426181",NA,"Control"
"GSE75214","GSM1426182",NA,"Control"
"GSE75214","GSM1426183",NA,"Control"
"GSE75214","GSM1426184",NA,"Control"
"GSE75214","GSM1426185",NA,"Control"
"GSE75214","GSM1426186",NA,"Control"
"GSE87473","GSM2332079","52","Case"
"GSE87473","GSM2332080","23","Case"
"GSE87473","GSM2332081","39","Case"
"GSE87473","GSM2332082","53","Case"
"GSE87473","GSM2332083","48","Case"
"GSE87473","GSM2332084","35","Case"
"GSE87473","GSM2332085","49","Case"
"GSE87473","GSM2332086","36","Case"
"GSE87473","GSM2332087","22","Case"
"GSE87473","GSM2332088","42","Case"
"GSE87473","GSM2332089","31","Case"
"GSE87473","GSM2332090","19","Case"
"GSE87473","GSM2332091","50","Case"
"GSE87473","GSM2332092","37","Case"
"GSE87473","GSM2332093","20","Case"
"GSE87473","GSM2332094","38","Case"
"GSE87473","GSM2332095","18","Case"
"GSE87473","GSM2332096","51","Case"
"GSE87473","GSM2332097","56","Case"
"GSE87473","GSM2332098","CO6_670606M","Control"
"GSE87473","GSM2332099","1021","Control"
"GSE87473","GSM2332100","CO10_481222V","Control"
"GSE87473","GSM2332101","1014","Control"
"GSE87473","GSM2332102","CO5_331020M","Control"
"GSE87473","GSM2332103","CO9_480129V","Control"
"GSE87473","GSM2332104","CO11_480308M","Control"
"GSE87473","GSM2332105","CO8_360412M","Control"
"GSE87473","GSM2332106","CO16_300823M","Control"
"GSE87473","GSM2332107","CO13_500128V","Control"
"GSE87473","GSM2332108","1017","Control"
"GSE87473","GSM2332109","CO2_550922M","Control"
"GSE87473","GSM2332110","1022","Control"
"GSE87473","GSM2332111","CO3_500130M","Control"
"GSE87473","GSM2332112","CO7_671221M","Control"
"GSE87473","GSM2332113","1015","Control"
"GSE87473","GSM2332114","1016","Control"
"GSE87473","GSM2332115","CO1_390209M","Control"
"GSE87473","GSM2332116","1020","Control"
"GSE87473","GSM2332117","CO12_550710M","Control"
"GSE87473","GSM2332118","1019","Control"
"GSE87473","GSM2332119","7755-00004","Case"
"GSE87473","GSM2332120","7532-00001","Case"
"GSE87473","GSM2332121","7407-00025","Case"
"GSE87473","GSM2332122","6402-00008","Case"
"GSE87473","GSM2332123","7783-00005","Case"
"GSE87473","GSM2332124","7781-00002","Case"
"GSE87473","GSM2332125","6502-00028","Case"
"GSE87473","GSM2332126","7796-00003","Case"
"GSE87473","GSM2332127","7602-00001","Case"
"GSE87473","GSM2332128","7414-00018","Case"
"GSE87473","GSM2332129","7601-00001","Case"
"GSE87473","GSM2332130","6705-00016","Case"
"GSE87473","GSM2332131","6404-00026","Case"
"GSE87473","GSM2332132","7460-00003","Case"
"GSE87473","GSM2332133","7756-00011","Case"
"GSE87473","GSM2332134","7785-00003","Case"
"GSE87473","GSM2332135","7204-00011","Case"
"GSE87473","GSM2332136","6402-00007","Case"
"GSE87473","GSM2332137","7530-00008","Case"
"GSE87473","GSM2332138","7530-00011","Case"
"GSE87473","GSM2332139","7207-00021","Case"
"GSE87473","GSM2332140","7530-00004","Case"
"GSE87473","GSM2332141","6501-00019","Case"
"GSE87473","GSM2332142","6404-00030","Case"
"GSE87473","GSM2332143","6716-00010","Case"
"GSE87473","GSM2332144","7213-00007","Case"
"GSE87473","GSM2332145","7783-00002","Case"
"GSE87473","GSM2332146","7506-00001","Case"
"GSE87473","GSM2332147","6404-00029","Case"
"GSE87473","GSM2332148","6404-00017","Case"
"GSE87473","GSM2332149","7460-00004","Case"
"GSE87473","GSM2332150","7602-00004","Case"
"GSE87473","GSM2332151","6207-00002","Case"
"GSE87473","GSM2332152","7213-00008","Case"
"GSE87473","GSM2332153","7460-00005","Case"
"GSE87473","GSM2332154","6404-00028","Case"
"GSE87473","GSM2332155","7085-00002","Case"
"GSE87473","GSM2332156","7530-00009","Case"
"GSE87473","GSM2332157","7781-00003","Case"
"GSE87473","GSM2332158","6177-00015","Case"
"GSE87473","GSM2332159","6179-00007","Case"
"GSE87473","GSM2332160","7532-00002","Case"
"GSE87473","GSM2332161","7753-00004","Case"
"GSE87473","GSM2332162","7414-00019","Case"
"GSE87473","GSM2332163","7746-00009","Case"
"GSE87473","GSM2332164","7213-00010","Case"
"GSE87473","GSM2332165","6402-00006","Case"
"GSE87473","GSM2332166","6404-00021","Case"
"GSE87473","GSM2332167","7407-00024","Case"
"GSE87473","GSM2332168","7530-00002","Case"
"GSE87473","GSM2332169","6705-00018","Case"
"GSE87473","GSM2332170","7414-00020","Case"
"GSE87473","GSM2332171","6502-00022","Case"
"GSE87473","GSM2332172","7785-00001","Case"
"GSE87473","GSM2332173","7601-00005","Case"
"GSE87473","GSM2332174","7376-00004","Case"
"GSE87473","GSM2332175","7787-00002","Case"
"GSE87473","GSM2332176","7601-00004","Case"
"GSE87473","GSM2332177","6404-00031","Case"
"GSE87473","GSM2332178","7179-00002","Case"
"GSE87473","GSM2332179","7084-00001","Case"
"GSE87473","GSM2332180","7430-00001","Case"
"GSE87473","GSM2332181","7416-00009","Case"
"GSE87473","GSM2332182","7530-00007","Case"
"GSE87473","GSM2332183","7026-00028","Case"
"GSE87473","GSM2332184","7460-00006","Case"
"GSE87473","GSM2332185","7528-00001","Case"
"GSE87473","GSM2332186","7502-00003","Case"
"GSE87473","GSM2332187","7601-00002","Case"
"GSE87473","GSM2332188","7354-00009","Case"
"GSE87473","GSM2332189","6404-00023","Case"
"GSE87473","GSM2332190","7460-00002","Case"
"GSE87473","GSM2332191","7734-00011","Case"
"GSE87473","GSM2332192","6404-00024","Case"
"GSE87473","GSM2332193","7377-00009","Case"
"GSE87473","GSM2332194","7783-00003","Case"
"GSE87473","GSM2332195","7753-00001","Case"
"GSE87473","GSM2332196","7204-00013","Case"
"GSE87473","GSM2332197","7755-00003","Case"
"GSE87473","GSM2332198","6101-00008","Case"
"GSE87473","GSM2332199","7783-00001","Case"
"GSE87473","GSM2332200","6705-00017","Case"
"GSE87473","GSM2332201","6179-00009","Case"
"GSE87473","GSM2332202","7785-00002","Case"
"GSE87473","GSM2332203","7407-00026","Case"
"GSE87473","GSM2332204","7790-00002","Case"
"GSE87473","GSM2332205","7746-00010","Case"
