"accession","disease","role","feature","n_case","n_control","paired","npair","r_emp","effect_scale","yi","vi","mean_case","sd_case","mean_ctrl","sd_ctrl","beta_adj","se_beta_adj","p_adj","d_adj","se_d_adj","beta_unadj","d_unadj_same_den","sigma_full","joint_fallback","rank_full"
"GSE32863","LUAD","discovery","EPH_RECEPTORS",57,57,TRUE,57,0.99,"SMCRH",0,0.000357142857142856,-0.0606744807199859,0.497995214991699,-0.0606744807199859,0.497995214991699,0.763705356184395,0.239982865250353,0.00246592680567381,2.61399343710686,0.82140792872881,0.688105152308929,2.35523076748026,0.292160395410042,FALSE,TRUE
"GSE32863","LUAD","discovery","ERBB_LIGANDS",57,57,TRUE,57,0.99,"SMCRH",0,0.000357142857142858,-0.00456331468692556,0.315062186967478,-0.00456331468692556,0.315062186967478,-0.208577472032417,0.234991444963228,0.378845219901678,-0.729078410954276,0.82140792872881,-0.0307081152133881,-0.107339606837781,0.286083731048097,FALSE,TRUE
"GSE32863","LUAD","discovery","ERBB_RECEPTORS",57,57,TRUE,57,0.99,"SMCRH",0,0.000357142857142858,-0.0550890947455386,0.48945014401111,-0.0550890947455386,0.48945014401111,0.440546556824273,0.293229587311679,0.139044157535983,1.23407885973321,0.82140792872881,0.650291573933639,1.8216260497849,0.356984120868511,FALSE,TRUE
"GSE32863","LUAD","discovery","FGFR_AXIS",57,57,TRUE,57,0.99,"SMCRH",0,0.000357142857142856,0.0943527182902384,0.438945449434997,0.0943527182902384,0.438945449434997,-0.327432218864034,0.228442380210444,0.157750442847779,-1.17734467855054,0.82140792872881,-0.582860086792764,-2.0957840493086,0.278110756203651,FALSE,TRUE
"GSE32863","LUAD","discovery","HGF_MET_AXIS",57,57,TRUE,57,0.99,"SMCRH",0,0.000357142857142856,-0.0540252789143933,0.447236585383379,-0.0540252789143933,0.447236585383379,0.226266796350796,0.243233060898361,0.356541920221984,0.764112164046129,0.82140792872881,0.464903637067248,1.56999847048536,0.296117254766195,FALSE,TRUE
"GSE32863","LUAD","discovery","IGF_INSR_AXIS",57,57,TRUE,57,0.99,"SMCRH",0,0.000357142857142855,0.124341338862435,0.417200238384567,0.124341338862435,0.417200238384567,0.420206216158281,0.286965567408866,0.149129340956551,1.20279488849532,0.82140792872881,-0.13324789976037,-0.381407715001866,0.349358165866462,FALSE,TRUE
"GSE32863","LUAD","discovery","JAK_STAT",57,57,TRUE,57,0.99,"SMCRH",0,0.000357142857142857,-0.103942089821588,0.317900390506691,-0.103942089821588,0.317900390506691,0.177552151543058,0.215509279600535,0.413774925899443,0.67673533738621,0.82140792872881,-0.301667900713871,-1.14979923810545,0.26236571630621,FALSE,TRUE
"GSE32863","LUAD","discovery","PDGFR_KIT_CSF1R",57,57,TRUE,57,0.99,"SMCRH",0,0.000357142857142857,0.0070784189955632,0.46305120316255,0.0070784189955632,0.46305120316255,0.0632158956128096,0.251501758934287,0.80253133887838,0.206463915394015,0.82140792872881,-0.574124353792493,-1.87509740798543,0.306183748826852,FALSE,TRUE
"GSE32863","LUAD","discovery","PI3K_AKT",57,57,TRUE,57,0.99,"SMCRH",0,0.000357142857142859,-0.0794774227750524,0.326333770271901,-0.0794774227750524,0.326333770271901,0.659595429801006,0.21171199205139,0.00298655699594508,2.55912246888839,0.82140792872881,0.368391865733095,1.42930023217065,0.257742815289146,FALSE,TRUE
"GSE32863","LUAD","discovery","RAS_MAPK",57,57,TRUE,57,0.99,"SMCRH",0,0.000357142857142857,-5.90809248386422e-05,0.229434277860324,-5.90809248386422e-05,0.229434277860324,0.0614898032814456,0.17706236164938,0.729784392122057,0.285256626427308,0.82140792872881,0.0626865965763892,0.290808656188793,0.215559596464326,FALSE,TRUE
"GSE32863","LUAD","discovery","RET_ALK_NTRK",57,57,TRUE,57,0.99,"SMCRH",0,0.000357142857142858,-0.0166007203819776,0.361627521142842,-0.0166007203819776,0.361627521142842,-0.369752565319926,0.231414261527657,0.11614822048034,-1.31244153587011,0.82140792872881,-0.425330070033383,-1.50971461113016,0.281728789598839,FALSE,TRUE
"GSE32863","LUAD","discovery","SRC_FAK",57,57,TRUE,57,0.99,"SMCRH",0,0.000357142857142852,-0.0855143968912619,0.356903431378263,-0.0855143968912619,0.356903431378263,0.431853526416231,0.281416619764751,0.130951937750048,1.26050803589469,0.82140792872881,0.272305521208673,0.794814159676905,0.342602755491128,FALSE,TRUE
"GSE32863","LUAD","discovery","TAM_AXL_AXIS",57,57,TRUE,57,0.99,"SMCRH",0,0.000357142857142857,-0.100589543642628,0.415259394727359,-0.100589543642628,0.415259394727359,0.219789501922839,0.317580554863232,0.491969236042335,0.568475735576836,0.82140792872881,-0.185445039645099,-0.479645316992133,0.386629522014369,FALSE,TRUE
"GSE32863","LUAD","discovery","TGFB_SMAD",57,57,TRUE,57,0.99,"SMCRH",0,0.000357142857142856,-0.0513521017008837,0.386894785859509,-0.0513521017008837,0.386894785859509,-0.366276257605225,0.273386350592008,0.186144267338666,-1.100501987208,0.82140792872881,-0.287146736306616,-0.862751945735766,0.332826529949734,FALSE,TRUE
"GSE32863","LUAD","discovery","TIE_ANGPT_AXIS",57,57,TRUE,57,0.99,"SMCRH",0,0.000357142857142852,0.00757846557110209,0.561824636987787,0.00757846557110209,0.561824636987787,0.164854735972558,0.171876486536507,0.341923538271924,0.787850566095855,0.82140792872881,-0.894718439727122,-4.27591251823516,0.209246198539255,FALSE,TRUE
"GSE32863","LUAD","discovery","VEGF_PDGF_AXIS",57,57,TRUE,57,0.99,"SMCRH",0,0.000357142857142861,0.0929473160464287,0.383720262541542,0.0929473160464287,0.383720262541542,0.244785070325027,0.209455609370143,0.247865353525542,0.959957091643676,0.82140792872881,-0.361189946622304,-1.41645423975447,0.254995845601699,FALSE,TRUE
"GSE32863","LUAD","discovery","WNT_CTNNB1",57,57,TRUE,57,0.99,"SMCRH",0,0.000357142857142859,-0.0604509499990704,0.402744831766169,-0.0604509499990704,0.402744831766169,-0.071369227410034,0.222608299155599,0.749794989823197,-0.26334709660072,0.82140792872881,-0.373124988768087,-1.37680322496299,0.271008218170114,FALSE,TRUE
"GSE19804","LUAD","validation","EPH_RECEPTORS",60,60,TRUE,60,0.99,"SMCRH",0,0.000338983050847457,0.117557250655787,0.422123572767315,0.117557250655787,0.422123572767315,-0.122132830527167,0.102164171561145,0.237037747665876,-0.504230555469688,0.421789102512594,0.301023481277002,1.24278817184999,0.242216242554759,FALSE,TRUE
"GSE19804","LUAD","validation","ERBB_LIGANDS",60,60,TRUE,60,0.99,"SMCRH",0,0.000338983050847462,-0.135634806586005,0.375649355491823,-0.135634806586005,0.375649355491823,-0.29323524023761,0.119361266901561,0.0172057026357647,-1.03621075760607,0.421789102512594,-0.278125095815453,-0.982815762562043,0.282988029303097,FALSE,TRUE
"GSE19804","LUAD","validation","ERBB_RECEPTORS",60,60,TRUE,60,0.99,"SMCRH",0,0.000338983050847457,0.114881152201392,0.430326502717689,0.114881152201392,0.430326502717689,-0.113693889920636,0.152144160359239,0.458079134187294,-0.315193456505731,0.421789102512594,0.228974428627064,0.634785577842118,0.360711453787966,FALSE,TRUE
"GSE19804","LUAD","validation","FGFR_AXIS",60,60,TRUE,60,0.99,"SMCRH",0,0.000338983050847455,-0.262517676313397,0.309227056062827,-0.262517676313397,0.309227056062827,-0.129638990411717,0.0987592422776866,0.19474308729378,-0.553672873093227,0.421789102512594,-0.604920982243176,-2.58354633254445,0.234143655417787,FALSE,TRUE
"GSE19804","LUAD","validation","HGF_MET_AXIS",60,60,TRUE,60,0.99,"SMCRH",0,0.000338983050847457,0.0999273111166715,0.352622721168783,0.0999273111166715,0.352622721168783,0.252356442105531,0.128273879749196,0.0541975327288957,0.829796350099334,0.421789102512594,0.139220443745722,0.457783503030604,0.304118525075848,FALSE,TRUE
"GSE19804","LUAD","validation","IGF_INSR_AXIS",60,60,TRUE,60,0.99,"SMCRH",0,0.000338983050847457,-0.111005027562577,0.439993934444797,-0.111005027562577,0.439993934444797,0.288512272186096,0.140398181942084,0.0446451310404312,0.866758605175117,0.421789102512594,-0.222076902604801,-0.667171156654264,0.332863464479601,FALSE,TRUE
"GSE19804","LUAD","validation","JAK_STAT",60,60,TRUE,60,0.99,"SMCRH",0,0.000338983050847457,-0.178126719573788,0.345624907636489,-0.178126719573788,0.345624907636489,-0.103766673330064,0.0854191752804932,0.229634465943888,-0.51238673132683,0.421789102512594,-0.367209393555242,-1.81323362152889,0.202516316262444,FALSE,TRUE
"GSE19804","LUAD","validation","PDGFR_KIT_CSF1R",60,60,TRUE,60,0.99,"SMCRH",0,0.000338983050847457,-0.1065765401409,0.469640643602136,-0.1065765401409,0.469640643602136,0.391008089515633,0.127789099397815,0.00342022426841926,1.29058700569247,0.421789102512594,-0.272169463495186,-0.898340424026276,0.30296918207838,FALSE,TRUE
"GSE19804","LUAD","validation","PI3K_AKT",60,60,TRUE,60,0.99,"SMCRH",0,0.000338983050847455,-0.010793497136578,0.213134844765101,-0.010793497136578,0.213134844765101,-0.0592736075973198,0.0779264946039807,0.450123911264407,-0.320827491063355,0.421789102512594,-0.00881753353453433,-0.0477262524742895,0.18475227107522,FALSE,TRUE
"GSE19804","LUAD","validation","RAS_MAPK",60,60,TRUE,60,0.99,"SMCRH",0,0.000338983050847461,-0.0958765816731161,0.262937177129638,-0.0958765816731161,0.262937177129638,-0.094293137458141,0.0968991557684828,0.334761144193951,-0.410445452348328,0.421789102512594,-0.181056442745522,-0.788114549441679,0.229733663556633,FALSE,TRUE
"GSE19804","LUAD","validation","RET_ALK_NTRK",60,60,TRUE,60,0.99,"SMCRH",0,0.000338983050847458,-0.0603299179922257,0.292247870200258,-0.0603299179922257,0.292247870200258,-0.0906785650472647,0.125371867792103,0.472574707502771,-0.305070278061414,0.421789102512594,-0.142492517955481,-0.47938817791935,0.297238281039657,FALSE,TRUE
"GSE19804","LUAD","validation","SRC_FAK",60,60,TRUE,60,0.99,"SMCRH",0,0.000338983050847453,-0.0726542415261782,0.341801663587412,-0.0726542415261782,0.341801663587412,0.0960957394641576,0.109632608116426,0.3845570339429,0.369708760926562,0.421789102512594,-0.139652692477528,-0.537285255140604,0.259922808492076,FALSE,TRUE
"GSE19804","LUAD","validation","TAM_AXL_AXIS",60,60,TRUE,60,0.99,"SMCRH",0,0.000338983050847457,-0.0137207977014926,0.475369522021376,-0.0137207977014926,0.475369522021376,0.105537335032736,0.143299488356962,0.464567945303014,0.310639614526342,0.421789102512594,-0.106206238420731,-0.312608471239823,0.339742035778847,FALSE,TRUE
"GSE19804","LUAD","validation","TGFB_SMAD",60,60,TRUE,60,0.99,"SMCRH",0,0.000338983050847455,-0.170841219680436,0.406765924020357,-0.170841219680436,0.406765924020357,-0.119662022734993,0.111752653052393,0.288946809544297,-0.451641511817811,0.421789102512594,-0.389370007845753,-1.46960292815227,0.264949123594431,FALSE,TRUE
"GSE19804","LUAD","validation","TIE_ANGPT_AXIS",60,60,TRUE,60,0.99,"SMCRH",0,0.00033898305084746,-0.322879258355146,0.44001680357963,-0.322879258355146,0.44001680357963,0.167763265120353,0.0841176142025237,0.0510757011840192,0.841211649908793,0.421789102512594,-0.788916221099312,-3.95584525321836,0.199430506149722,FALSE,TRUE
"GSE19804","LUAD","validation","VEGF_PDGF_AXIS",60,60,TRUE,60,0.99,"SMCRH",0,0.000338983050847461,-0.247422035910147,0.347792932802448,-0.247422035910147,0.347792932802448,0.0218847367484484,0.0970358963007014,0.822401088770573,0.0951271006272523,0.421789102512594,-0.524229446237727,-2.27868527080001,0.230057855270938,FALSE,TRUE
"GSE19804","LUAD","validation","WNT_CTNNB1",60,60,TRUE,60,0.99,"SMCRH",0,0.000338983050847456,-0.190249552202662,0.379556778819902,-0.190249552202662,0.379556778819902,-0.0643449128697236,0.115667308558736,0.580266933515112,-0.234638320790443,0.421789102512594,-0.478334168516563,-1.74427971181898,0.274230196725583,FALSE,TRUE
"GSE10072","LUAD","validation","EPH_RECEPTORS",33,33,TRUE,33,0.99,"SMCRH",0,0.000624999999999998,0.0218451270099743,0.484603220789481,0.0218451270099743,0.484603220789481,-0.302890515447723,0.2873936689787,0.300928716352661,-0.974517160326555,0.92465774893929,0.582332051645729,1.87358979035076,0.310810858729493,FALSE,TRUE
"GSE10072","LUAD","validation","ERBB_LIGANDS",33,33,TRUE,33,0.99,"SMCRH",0,0.000625000000000001,0.0472803954203483,0.391236329749443,0.0472803954203483,0.391236329749443,-0.1047210832909,0.287253397734677,0.718178872580038,-0.337093179422324,0.92465774893929,0.132734308393455,0.427266684307313,0.31065915801192,FALSE,TRUE
"GSE10072","LUAD","validation","ERBB_RECEPTORS",33,33,TRUE,33,0.99,"SMCRH",0,0.000624999999999995,0.0546174339300433,0.399091691309985,0.0546174339300433,0.399091691309985,-0.366762791837425,0.33593511790429,0.284241194304082,-1.00951058529017,0.924657748939289,0.230368546784345,0.63408691304705,0.363307524637797,FALSE,TRUE
"GSE10072","LUAD","validation","FGFR_AXIS",33,33,TRUE,33,0.99,"SMCRH",0,0.000625000000000002,0.0569647032416069,0.498926094128203,0.0569647032416069,0.498926094128203,-0.607066734307151,0.240233668431932,0.0174340162573022,-2.33659571393268,0.92465774893929,-0.712777219194273,-2.74347464823453,0.259808203313618,FALSE,TRUE
"GSE10072","LUAD","validation","HGF_MET_AXIS",33,33,TRUE,33,0.99,"SMCRH",0,0.000624999999999993,-0.0312568706112767,0.417384303252085,-0.0312568706112767,0.417384303252085,0.206222457267014,0.319143584457523,0.523427662259417,0.597490290902671,0.92465774893929,0.256977830666296,0.744544317991219,0.345147796385878,FALSE,TRUE
"GSE10072","LUAD","validation","IGF_INSR_AXIS",33,33,TRUE,33,0.99,"SMCRH",0,0.000625000000000005,-0.0929692387010204,0.477555353389095,-0.0929692387010204,0.477555353389095,0.0832863319522592,0.328297647719665,0.801587497786061,0.234577837384162,0.92465774893929,-0.263862138532787,-0.743173680167125,0.355047743985564,FALSE,TRUE
"GSE10072","LUAD","validation","JAK_STAT",33,33,TRUE,33,0.99,"SMCRH",0,0.000624999999999992,0.0278407083513131,0.381453872808773,0.0278407083513131,0.381453872808773,-0.0743756877316465,0.26787692134521,0.783321823128296,-0.2567300521762,0.924657748939289,-0.383863307192685,-1.32501963867118,0.289703862485879,FALSE,TRUE
"GSE10072","LUAD","validation","PDGFR_KIT_CSF1R",33,33,TRUE,33,0.99,"SMCRH",0,0.000625000000000014,-0.0743632909103172,0.364560536760826,-0.0743632909103172,0.364560536760826,0.745029162946246,0.207833720133358,0.00126378534956284,3.31465456260882,0.92465774893929,-0.411250266290827,-1.82966337336963,0.224768267363543,FALSE,TRUE
"GSE10072","LUAD","validation","PI3K_AKT",33,33,TRUE,33,0.99,"SMCRH",0,0.000624999999999998,0.0289211680076506,0.214487139624528,0.0289211680076506,0.214487139624528,-0.0175186778360398,0.202163228037798,0.931561607070156,-0.080127238615504,0.924657748939289,0.138376761482755,0.632910079741262,0.218635736595196,FALSE,TRUE
"GSE10072","LUAD","validation","RAS_MAPK",33,33,TRUE,33,0.99,"SMCRH",0,0.000625,-0.0287996861960674,0.336833806974551,-0.0287996861960674,0.336833806974551,0.0515807297240868,0.172394467170708,0.766995734511603,0.276659235171927,0.92465774893929,0.101417861017934,0.543966477637715,0.186441380465874,FALSE,TRUE
"GSE10072","LUAD","validation","RET_ALK_NTRK",33,33,TRUE,33,0.99,"SMCRH",0,0.000625000000000003,0.106141488739582,0.408379909844885,0.106141488739582,0.408379909844885,-0.59155901848882,0.303733741672031,0.0615507077234195,-1.80088529970188,0.92465774893929,-0.429193359064043,-1.3065949244466,0.328482340650317,FALSE,TRUE
"GSE10072","LUAD","validation","SRC_FAK",33,33,TRUE,33,0.99,"SMCRH",0,0.000625,0.00462646851614242,0.395727498992278,0.00462646851614242,0.395727498992278,0.0889877648459909,0.337181063664256,0.793776749932307,0.244032762194396,0.92465774893929,-0.223761235447773,-0.613624496051275,0.364654991591267,FALSE,TRUE
"GSE10072","LUAD","validation","TAM_AXL_AXIS",33,33,TRUE,33,0.99,"SMCRH",0,0.000625000000000005,0.118849009377292,0.38392822514969,0.118849009377292,0.38392822514969,-0.3159642584302,0.364712244389341,0.393667866037061,-0.801066606454408,0.92465774893929,-0.153436154469027,-0.389007858605851,0.394429446795549,FALSE,TRUE
"GSE10072","LUAD","validation","TGFB_SMAD",33,33,TRUE,33,0.99,"SMCRH",0,0.000624999999999995,-0.0424072392198706,0.430954631320589,-0.0424072392198706,0.430954631320589,-0.337957615380789,0.262880407944848,0.209116057806596,-1.18873494726336,0.924657748939289,-0.295602901694183,-1.0397561225552,0.284300227026063,FALSE,TRUE
"GSE10072","LUAD","validation","TIE_ANGPT_AXIS",33,33,TRUE,33,0.99,"SMCRH",0,0.000625000000000002,-0.0516255974733995,0.520206200731362,-0.0516255974733995,0.520206200731362,0.382769065872543,0.182524983279185,0.0451411514200481,1.93907911374487,0.924657748939289,-0.703496791706962,-3.56386149511815,0.197397343491218,FALSE,TRUE
"GSE10072","LUAD","validation","VEGF_PDGF_AXIS",33,33,TRUE,33,0.99,"SMCRH",0,0.000624999999999995,0.0758502475586987,0.404950230299308,0.0758502475586987,0.404950230299308,0.287368300379434,0.230644230530455,0.223112044495442,1.15206578172035,0.92465774893929,-0.370674834467102,-1.48604349321254,0.24943740621331,FALSE,TRUE
"GSE10072","LUAD","validation","WNT_CTNNB1",33,33,TRUE,33,0.99,"SMCRH",0,0.000624999999999991,-0.0569308056676612,0.529918166653288,-0.0569308056676612,0.529918166653288,-0.197148759355254,0.39211275693045,0.619046784064959,-0.464904864250405,0.924657748939289,0.102838634926059,0.242508153570696,0.424062586811453,FALSE,TRUE
"GSE44076","CRC","discovery","EPH_RECEPTORS",98,98,TRUE,98,0.99,"SMCRH",0,0.000206185567010309,-0.439597887689368,0.319982594214382,-0.439597887689368,0.319982594214382,0.729583375881722,0.0534610652123206,6.29034074436204e-24,2.72508217930102,0.19968354668235,0.841995257268882,3.14495415670132,0.267728944625391,FALSE,TRUE
"GSE44076","CRC","discovery","ERBB_LIGANDS",98,98,TRUE,98,0.99,"SMCRH",0,0.00020618556701031,0.136181896188856,0.394842431745265,0.136181896188856,0.394842431745265,-0.254232260725789,0.0684109640111734,0.00034509457975077,-0.74207402624097,0.19968354668235,-0.209173543225723,-0.610552936757394,0.342596899683474,FALSE,TRUE
"GSE44076","CRC","discovery","ERBB_RECEPTORS",98,98,TRUE,98,0.99,"SMCRH",0,0.00020618556701031,0.214840275212722,0.451909205027114,0.214840275212722,0.451909205027114,-0.491900444857782,0.0772773303787823,7.28391799158516e-09,-1.27106390661234,0.19968354668235,-0.403914849879961,-1.04371035317034,0.386998987461458,FALSE,TRUE
"GSE44076","CRC","discovery","FGFR_AXIS",98,98,TRUE,98,0.99,"SMCRH",0,0.000206185567010305,0.29913327518768,0.262549871706487,0.29913327518768,0.262549871706487,-0.478988077336984,0.0462834817129807,3.75529840589356e-17,-2.06652642716773,0.19968354668235,-0.562815712950538,-2.42818892466769,0.2317841528857,FALSE,TRUE
"GSE44076","CRC","discovery","HGF_MET_AXIS",98,98,TRUE,98,0.99,"SMCRH",0,0.000206185567010309,-0.194928936423543,0.405602186935345,-0.194928936423543,0.405602186935345,0.343706123163556,0.0682107366929774,2.29456214777027e-06,1.00618261900117,0.19968354668235,0.382963940178719,1.12110793012747,0.341594176517131,FALSE,TRUE
"GSE44076","CRC","discovery","IGF_INSR_AXIS",98,98,TRUE,98,0.99,"SMCRH",0,0.000206185567010307,0.25553793292746,0.35847905191788,0.25553793292746,0.35847905191788,-0.283448843494962,0.0630961401098485,2.02261556502131e-05,-0.897044894878599,0.19968354668235,-0.410254373411044,-1.29835277058217,0.315980666199903,FALSE,TRUE
"GSE44076","CRC","discovery","JAK_STAT",98,98,TRUE,98,0.99,"SMCRH",0,0.000206185567010309,-0.00121330713769748,0.360830034097152,-0.00121330713769748,0.360830034097152,0.193849258453721,0.0598269318116107,0.00165785630164787,0.647008066060816,0.19968354668235,-0.0254446458755764,-0.0849262527537049,0.299608719925139,FALSE,TRUE
"GSE44076","CRC","discovery","PDGFR_KIT_CSF1R",98,98,TRUE,98,0.99,"SMCRH",0,0.000206185567010311,0.237657744005643,0.403426912299829,0.237657744005643,0.403426912299829,-0.11128879572955,0.0569114447048069,0.053528979341969,-0.390475791864886,0.19968354668235,-0.436637954825643,-1.53201901459282,0.2850081824485,FALSE,TRUE
"GSE44076","CRC","discovery","PI3K_AKT",98,98,TRUE,98,0.99,"SMCRH",0,0.00020618556701031,0.0129930157131124,0.251670083795786,0.0129930157131124,0.251670083795786,-0.0793644667963406,0.0576622583429351,0.172012795826929,-0.274837973153867,0.19968354668235,-0.0370600740628844,-0.128338487632163,0.288768199989267,FALSE,TRUE
"GSE44076","CRC","discovery","RAS_MAPK",98,98,TRUE,98,0.99,"SMCRH",0,0.000206185567010308,0.125374876271237,0.285541958154668,0.125374876271237,0.285541958154668,-0.276809504391727,0.0564723433413188,4.01203657902939e-06,-0.978785372128897,0.19968354668235,-0.219889711658069,-0.777519665466341,0.282809196248668,FALSE,TRUE
"GSE44076","CRC","discovery","RET_ALK_NTRK",98,98,TRUE,98,0.99,"SMCRH",0,0.000206185567010311,0.248762170827231,0.342649231664714,0.248762170827231,0.342649231664714,-0.478814786419782,0.0651340800948944,7.49887016628472e-11,-1.46791717357422,0.19968354668235,-0.497342906618387,-1.52471939983156,0.326186514497899,FALSE,TRUE
"GSE44076","CRC","discovery","SRC_FAK",98,98,TRUE,98,0.99,"SMCRH",0,0.000206185567010307,0.0830251686696525,0.289085784193161,0.0830251686696525,0.289085784193161,-0.0925505403408965,0.0591615038162095,0.121127013053015,-0.312379147765589,0.19968354668235,-0.124195617091527,-0.419188487505018,0.296276307182793,FALSE,TRUE
"GSE44076","CRC","discovery","TAM_AXL_AXIS",98,98,TRUE,98,0.99,"SMCRH",0,0.000206185567010308,-0.00947268736605838,0.477715990420242,-0.00947268736605838,0.477715990420242,0.247427629530545,0.0739084996013148,0.00117723030566205,0.668491809174636,0.19968354668235,0.0345569676436627,0.0933648754730102,0.370128139394909,FALSE,TRUE
"GSE44076","CRC","discovery","TGFB_SMAD",98,98,TRUE,98,0.99,"SMCRH",0,0.000206185567010311,0.107877612690123,0.359912485936658,0.107877612690123,0.359912485936658,0.0488909023088697,0.0550085371943444,0.376410392646001,0.177476247714857,0.19968354668235,-0.203460653021372,-0.738571626838162,0.275478566503279,FALSE,TRUE
"GSE44076","CRC","discovery","TIE_ANGPT_AXIS",98,98,TRUE,98,0.99,"SMCRH",0,0.000206185567010307,0.0487597985958609,0.519361205588199,0.0487597985958609,0.519361205588199,0.118154188718444,0.0583448587236841,0.0457237631923231,0.404379202808787,0.19968354668235,-0.104434798677541,-0.357424997732032,0.292186610730112,FALSE,TRUE
"GSE44076","CRC","discovery","VEGF_PDGF_AXIS",98,98,TRUE,98,0.99,"SMCRH",0,0.00020618556701031,-0.133135333897213,0.312256808476268,-0.133135333897213,0.312256808476268,0.406266207929558,0.0486704201280852,6.34598931599426e-13,1.66681686911822,0.19968354668235,0.235910693272157,0.967887349418893,0.243737758752395,FALSE,TRUE
"GSE44076","CRC","discovery","WNT_CTNNB1",98,98,TRUE,98,0.99,"SMCRH",0,0.000206185567010309,-0.522134832319751,0.23224095359195,-0.522134832319751,0.23224095359195,0.948042032266258,0.0488205116762882,1.74225805967718e-34,3.87764054301822,0.19968354668235,0.954363514951819,3.90349639826434,0.244489405799418,FALSE,TRUE
"GSE41258","CRC","validation","EPH_RECEPTORS",182,53,FALSE,NA,NA,"SMD",1.86578387769595,0.0317691310404034,0.181240661146668,0.396389097125442,-0.51018638913191,0.25392335253336,0.508707285548467,0.0641881749706507,9.90250694559837e-14,1.5735325067055,0.198546753175597,0.691427050278581,2.13872097085424,0.323289975504571,FALSE,TRUE
"GSE41258","CRC","validation","ERBB_LIGANDS",182,53,FALSE,NA,NA,"SMD",-0.368325942186528,0.0246510768306533,-0.0157741699646674,0.388029344885968,0.128372977463774,0.397206853589367,-0.259981864088827,0.0731144109945178,0.000457731773322526,-0.705997002468449,0.198546753175597,-0.144147147428442,-0.39144058896388,0.368247829919711,FALSE,TRUE
"GSE41258","CRC","validation","ERBB_RECEPTORS",182,53,FALSE,NA,NA,"SMD",0.290399291837949,0.0245418592753605,0.0415129712841361,0.470950429027891,-0.0945173492640528,0.45259001647546,-0.0437732989329636,0.0839566854074472,0.602606243543656,-0.103518217003762,0.198546753175597,0.136030320548189,0.321694196801663,0.422855997716544,FALSE,TRUE
"GSE41258","CRC","validation","FGFR_AXIS",182,53,FALSE,NA,NA,"SMD",-1.29817115677375,0.027948064814891,-0.0992851726263329,0.34313288644378,0.326000618638074,0.260718242739687,-0.299840966536343,0.0562934052087526,2.390757750775e-07,-1.05753862560028,0.198546753175597,-0.425285791264409,-1.49998232855408,0.283527201066674,FALSE,TRUE
"GSE41258","CRC","validation","HGF_MET_AXIS",182,53,FALSE,NA,NA,"SMD",0.955544275276833,0.0263051212185825,0.101383858561945,0.426407457468368,-0.296716435616697,0.373968661797243,0.47265175821226,0.0804436487340453,1.47503634060254e-08,1.16657403601914,0.198546753175597,0.398100294178644,0.982570061046569,0.405162247417364,FALSE,TRUE
"GSE41258","CRC","validation","IGF_INSR_AXIS",182,53,FALSE,NA,NA,"SMD",-0.880941481893834,0.0260136170324272,-0.0902793691259094,0.457914033992971,0.296139289144582,0.355976814954867,-0.259237730818932,0.07918845536226,0.00122581958844776,-0.649978706103647,0.198546753175597,-0.386418658270493,-0.968855493077864,0.398840344129047,FALSE,TRUE
"GSE41258","CRC","validation","JAK_STAT",182,53,FALSE,NA,NA,"SMD",-0.0371989565113672,0.0243653741980532,0.00525005558710642,0.36624035732506,0.0182345421615511,0.274843112163675,0.23791063032212,0.0629205956202495,0.000199236945751216,0.750730070667267,0.198546753175597,-0.0129844865744448,-0.0409727153024354,0.316905689032356,FALSE,TRUE
"GSE41258","CRC","validation","PDGFR_KIT_CSF1R",182,53,FALSE,NA,NA,"SMD",-1.06919617751227,0.0267947288866518,-0.0841122368650442,0.417258850508969,0.338613306221815,0.299812084771483,-0.129785600711626,0.0536694785032554,0.0163774479570678,-0.480133408202853,0.198546753175597,-0.422725543086861,-1.5638457165034,0.270311539447787,FALSE,TRUE
"GSE41258","CRC","validation","PI3K_AKT",182,53,FALSE,NA,NA,"SMD",-0.0523174544700561,0.0243682536739611,-0.00394408500780977,0.27272827355645,0.0103593826569822,0.271778006617364,-0.0396198916035281,0.0540579962261949,0.464360103667815,-0.14551780288219,0.198546753175597,-0.0143034676647918,-0.0525344493368479,0.272268346681981,FALSE,TRUE
"GSE41258","CRC","validation","RAS_MAPK",182,53,FALSE,NA,NA,"SMD",-0.305874622871745,0.0245614923311413,-0.0298077343782536,0.32420082613978,0.0643347486544338,0.23638585311032,-0.0836537270833433,0.059970925142228,0.164396050925042,-0.276953804932051,0.198546753175597,-0.094142483032688,-0.311679106128501,0.302049387275496,FALSE,TRUE
"GSE41258","CRC","validation","RET_ALK_NTRK",182,53,FALSE,NA,NA,"SMD",-1.10260652723743,0.0269491133289916,-0.0961591530780974,0.362338725703907,0.295447716178215,0.323399997233189,-0.253964390611251,0.0676091259524551,0.00021873334700782,-0.745813593471723,0.198546753175597,-0.391606869256314,-1.15002629181716,0.340519927277083,FALSE,TRUE
"GSE41258","CRC","validation","SRC_FAK",182,53,FALSE,NA,NA,"SMD",-0.734550502949048,0.0255104394725578,-0.0438978089437094,0.332467544663927,0.189229764227604,0.252353386763035,-0.186477042345248,0.0624527453461595,0.00313471743246241,-0.592838811075805,0.198546753175597,-0.233127573171315,-0.741147926681453,0.314549315701606,FALSE,TRUE
"GSE41258","CRC","validation","TAM_AXL_AXIS",182,53,FALSE,NA,NA,"SMD",-0.0232177312758935,0.0243635769654576,-0.00275225250481998,0.433514417387481,0.00755240581602349,0.472012140111036,0.253917624524922,0.0767448156560623,0.00108887937251691,0.656911082429594,0.198546753175597,-0.0103046583208432,-0.0266592138465276,0.386532715486858,FALSE,TRUE
"GSE41258","CRC","validation","TGFB_SMAD",182,53,FALSE,NA,NA,"SMD",-0.437939894362764,0.0247704967272211,-0.0374918122848115,0.419879816534557,0.135137770620672,0.27945504463658,0.160300726791173,0.0658916320958732,0.0157499490055052,0.483023228044598,0.198546753175597,-0.172629582905484,-0.520172927847207,0.331869602710643,FALSE,TRUE
"GSE41258","CRC","validation","TIE_ANGPT_AXIS",182,53,FALSE,NA,NA,"SMD",-0.239455286374977,0.0244844275423242,-0.0187835666641824,0.487054977343301,0.0973819062081432,0.471194264844259,0.0716047146896698,0.0670196491587536,0.286458871078384,0.212130081135198,0.198546753175597,-0.116165472872326,-0.344142020428583,0.337550970171146,FALSE,TRUE
"GSE41258","CRC","validation","VEGF_PDGF_AXIS",182,53,FALSE,NA,NA,"SMD",1.08933215565261,0.0268872056511877,0.0803379093312943,0.385176398673694,-0.315303142088591,0.266177542259293,0.469399001700144,0.0556767463191562,3.85699546480645e-15,1.67390614381797,0.198546753175597,0.395641051419887,1.41088068853928,0.280421338695553,FALSE,TRUE
"GSE41258","CRC","validation","WNT_CTNNB1",182,53,FALSE,NA,NA,"SMD",2.59041922910833,0.0386396040281993,0.266161864382868,0.37720022749186,-0.642097941029336,0.228167191712919,0.852635937601793,0.0671742097760151,2.6375863278553e-28,2.52013529621173,0.198546753175597,0.908259805412207,2.68454271372585,0.338329429726839,FALSE,TRUE
"GSE23878","CRC","validation","EPH_RECEPTORS",35,24,FALSE,NA,NA,"SMD",1.88592027402491,0.100379580661639,0.274750998224692,0.351867765361228,-0.397712386952706,0.351835044988878,0.366795738254914,0.13409123853307,0.00845572411248254,1.14130977000489,0.417233966070483,0.672463385177397,2.09241534573157,0.321381405727687,FALSE,TRUE
"GSE23878","CRC","validation","ERBB_LIGANDS",35,24,FALSE,NA,NA,"SMD",-0.367766995809212,0.0713843034008625,-0.0469800782150591,0.39902595736918,0.11399067570531,0.476378597684315,-0.00579848035467708,0.182486108214947,0.974770912034886,-0.0132575732982043,0.417233966070483,-0.160970753920369,-0.368041527853956,0.437371170745288,FALSE,TRUE
"GSE23878","CRC","validation","ERBB_RECEPTORS",35,24,FALSE,NA,NA,"SMD",0.193335829800589,0.0705548642472875,0.0292922485516801,0.400395640880824,-0.0586359387806398,0.511996950670886,-0.120536919179538,0.168140709227994,0.476594834764217,-0.29910720061851,0.417233966070483,0.0879281873323199,0.218190029639439,0.402989025106336,FALSE,TRUE
"GSE23878","CRC","validation","FGFR_AXIS",35,24,FALSE,NA,NA,"SMD",-1.70200501687644,0.0947874264031169,-0.202643869845347,0.266448379427579,0.303015413343372,0.328709614552557,-0.493292017377345,0.109146244884335,3.50960764341264e-05,-1.88571017774702,0.417233966070483,-0.505659283188718,-1.93298659453438,0.261594821515316,FALSE,TRUE
"GSE23878","CRC","validation","HGF_MET_AXIS",35,24,FALSE,NA,NA,"SMD",0.48859981657391,0.0722612289733161,0.0851875385321312,0.448840800177919,-0.126865969738371,0.395887835461851,0.204341317955668,0.179504225333556,0.260087792362567,0.47496452166675,0.417233966070483,0.212053508270502,0.492890493861382,0.430224382315108,FALSE,TRUE
"GSE23878","CRC","validation","IGF_INSR_AXIS",35,24,FALSE,NA,NA,"SMD",-0.691008762177342,0.0742846470127212,-0.110941988264685,0.472539309544797,0.211902362694325,0.443464847556381,-0.48941283516045,0.18374400651193,0.0102186360325507,-1.11132690603726,0.417233966070483,-0.32284435095901,-0.733094001437989,0.440386021882242,FALSE,TRUE
"GSE23878","CRC","validation","JAK_STAT",35,24,FALSE,NA,NA,"SMD",-0.0633835812067142,0.0702721416649307,0.00190220206802701,0.393599472597863,0.0274096631610797,0.402237787663805,0.257765558166035,0.145441947019671,0.0820939288562975,0.7394603025731,0.417233966070483,-0.0255074610930526,-0.0731740696155798,0.348586066444795,FALSE,TRUE
"GSE23878","CRC","validation","PDGFR_KIT_CSF1R",35,24,FALSE,NA,NA,"SMD",-1.07628259618045,0.0800549107197981,-0.12831541780652,0.383259519997344,0.271083524406111,0.33936976886828,-0.145542863542662,0.13353822672412,0.280689358377319,-0.454741894353699,0.417233966070483,-0.39939894221263,-1.24790338161374,0.320055981975257,FALSE,TRUE
"GSE23878","CRC","validation","PI3K_AKT",35,24,FALSE,NA,NA,"SMD",0.237393918180354,0.0707156873769852,0.030147078438362,0.349685600715713,-0.0513162308394865,0.321560781021227,-0.0520918973200411,0.132846136059625,0.69654046619904,-0.163606632181022,0.417233966070483,0.0814633092778485,0.25585433364782,0.318397222811874,FALSE,TRUE
"GSE23878","CRC","validation","RAS_MAPK",35,24,FALSE,NA,NA,"SMD",0.0961879985852736,0.0703165031285346,0.00764067827789141,0.340930237420602,-0.0227339291573645,0.262323534683863,-0.0864826478819567,0.129252496811529,0.506336916319172,-0.279170608399785,0.417233966070483,0.030374607435256,0.0980508558107437,0.30978421538599,FALSE,TRUE
"GSE23878","CRC","validation","RET_ALK_NTRK",35,24,FALSE,NA,NA,"SMD",-0.735406202227681,0.0748213349183914,-0.114939940395528,0.390667089052401,0.197291880147032,0.457580514378948,-0.342885078398327,0.176193013092302,0.0569560782581835,-0.811969207266897,0.417233966070483,-0.31223182054256,-0.739380742357436,0.422288278089367,FALSE,TRUE
"GSE23878","CRC","validation","SRC_FAK",35,24,FALSE,NA,NA,"SMD",-0.280264726815689,0.0709037589423077,-0.0232262690386611,0.414363285778122,0.0867917727498793,0.343572715278451,-0.0435737766499678,0.152362984975475,0.776003215676878,-0.119323335987818,0.417233966070483,-0.11001804178854,-0.301275693188405,0.365173972796204,FALSE,TRUE
"GSE23878","CRC","validation","TAM_AXL_AXIS",35,24,FALSE,NA,NA,"SMD",-0.348709511913608,0.0712685895067311,-0.0888856529768675,0.427367640209682,0.0664685705632408,0.4571303190317,0.107514379726506,0.154510989791196,0.489571412380067,0.290326604751672,0.417233966070483,-0.155354223540108,-0.41951099349655,0.370322174981061,FALSE,TRUE
"GSE23878","CRC","validation","TGFB_SMAD",35,24,FALSE,NA,NA,"SMD",-0.684769845215044,0.0742119066017888,-0.122759841423975,0.445665828399768,0.181243032040669,0.42661276555158,-0.145849773182654,0.160618652325384,0.367962328172406,-0.378869318316786,0.417233966070483,-0.304002873464644,-0.78969859823952,0.384960634528616,FALSE,TRUE
"GSE23878","CRC","validation","TIE_ANGPT_AXIS",35,24,FALSE,NA,NA,"SMD",-0.221913344923512,0.0706554302605964,-0.0826895307472061,0.488997666363752,0.027594434202707,0.492455569093656,0.163296628415802,0.154206472675123,0.294425918690795,0.441829053851734,0.417233966070483,-0.110283964949913,-0.2983935453019,0.369592327603244,FALSE,TRUE
"GSE23878","CRC","validation","VEGF_PDGF_AXIS",35,24,FALSE,NA,NA,"SMD",0.646028641441219,0.0737749851157426,0.0877411891503967,0.383735729458743,-0.163193730046035,0.382629515616481,0.392359341491603,0.130212288610232,0.00395805103470393,1.25722115725475,0.417233966070483,0.250934919196432,0.804060605027079,0.312084583708688,FALSE,TRUE
"GSE23878","CRC","validation","WNT_CTNNB1",35,24,FALSE,NA,NA,"SMD",2.56684657862577,0.126074547426255,0.357765193748071,0.283475371069214,-0.451577646355869,0.348021979264579,0.730251848674153,0.126000650726109,3.82127107411397e-07,2.41812937708492,0.417233966070483,0.809342840103939,2.68002840573698,0.301990396210512,FALSE,TRUE
"GSE75214","IBD","discovery","EPH_RECEPTORS",74,23,FALSE,NA,NA,"SMD",-0.517551434564938,0.0583724933903995,-0.0438946596522083,0.419840014403862,0.181707422568283,0.471887340353028,-0.157633116061803,0.136303466827314,0.250509250606568,-0.407811226782299,0.352629481737415,-0.225602082220491,-0.583653132117921,0.386534518202346,FALSE,TRUE
"GSE75214","IBD","discovery","ERBB_LIGANDS",74,23,FALSE,NA,NA,"SMD",0.583854139963719,0.05874891694366,0.066527829704433,0.426434557892823,-0.187619861303392,0.449335531768507,0.0405519551048235,0.148238814361433,0.785044025918835,0.0964647145462681,0.352629481737415,0.254147691007825,0.604564796007749,0.420381227431853,FALSE,TRUE
"GSE75214","IBD","discovery","ERBB_RECEPTORS",74,23,FALSE,NA,NA,"SMD",-1.30727074881122,0.0658008301083233,-0.138806187497539,0.469919153284812,0.42755742387757,0.25493842550101,-0.0730047457760038,0.107237860699362,0.497743097460771,-0.240060977526727,0.352629481737415,-0.566363611375108,-1.8623693670469,0.304109174794458,FALSE,TRUE
"GSE75214","IBD","discovery","FGFR_AXIS",74,23,FALSE,NA,NA,"SMD",0.184538914646498,0.057167313615135,0.0324403713255333,0.314661769107524,-0.0249122490523609,0.286307493082233,-0.234987806807626,0.0903613053429125,0.010861979556249,-0.917025580968814,0.352629481737415,0.0573526203778943,0.223815102309452,0.256250001836772,FALSE,TRUE
"GSE75214","IBD","discovery","HGF_MET_AXIS",74,23,FALSE,NA,NA,"SMD",1.91260267931492,0.0758476971094839,0.241143951678458,0.431827594492166,-0.536607346442692,0.289886691154469,0.515982702019095,0.117381731317685,2.98451816473157e-05,1.55007692215775,0.352629481737415,0.777751298121149,2.33646270248651,0.332875546137951,FALSE,TRUE
"GSE75214","IBD","discovery","IGF_INSR_AXIS",74,23,FALSE,NA,NA,"SMD",-0.792343574543436,0.0602278998476162,-0.110737252923438,0.419157486688346,0.231899706207948,0.46019512094595,-0.394223378340596,0.135705618906027,0.00461004125479491,-1.02438489071909,0.352629481737415,-0.342636959131386,-0.890338176831515,0.384839118491743,FALSE,TRUE
"GSE75214","IBD","discovery","JAK_STAT",74,23,FALSE,NA,NA,"SMD",1.9986431252197,0.0775823637747693,0.216947074397272,0.42785868310963,-0.566581230602581,0.213881300292772,0.338310099560081,0.104452550545128,0.00167574408914333,1.14212735305934,0.352629481737415,0.783528304999853,2.64517408791585,0.29621048708261,FALSE,TRUE
"GSE75214","IBD","discovery","PDGFR_KIT_CSF1R",74,23,FALSE,NA,NA,"SMD",1.40396132536988,0.0671521218219156,0.17026982689497,0.484232697368586,-0.464591204993309,0.301650872663474,0.135107397881132,0.118440188592916,0.256978629069539,0.402252413304276,0.352629481737415,0.634861031888279,1.89015839395103,0.335877159247601,FALSE,TRUE
"GSE75214","IBD","discovery","PI3K_AKT",74,23,FALSE,NA,NA,"SMD",0.103035733789023,0.0570464979007975,0.0282087527451328,0.382741242622042,-0.00939163179720814,0.282666699767688,-0.0183848852989896,0.121924909855198,0.880476235358319,-0.0531725025057145,0.352629481737415,0.037600384542341,0.108747294790212,0.345759263390204,FALSE,TRUE
"GSE75214","IBD","discovery","RAS_MAPK",74,23,FALSE,NA,NA,"SMD",0.484807092163534,0.0582033100357182,0.0473517022844572,0.347430221206631,-0.116014017482061,0.286462121314204,0.322627043551248,0.10672693827288,0.00325186089029984,1.06597086923892,0.352629481737415,0.163365719766519,0.539765967497689,0.302660281684429,FALSE,TRUE
"GSE75214","IBD","discovery","SRC_FAK",74,23,FALSE,NA,NA,"SMD",0.442037146996826,0.0579989745857854,0.060676004074686,0.390238308892268,-0.104569650106126,0.297692629247108,0.264111525969366,0.12805280793874,0.042008548757811,0.727305492340394,0.352629481737415,0.165245654180812,0.455050461845522,0.363136988171893,FALSE,TRUE
"GSE75214","IBD","discovery","TAM_AXL_AXIS",74,23,FALSE,NA,NA,"SMD",0.58353013792,0.0587469672792691,0.0982103000786037,0.53365336126755,-0.201612802649125,0.420765711339653,-0.209315838221613,0.131972662722808,0.116195924551432,-0.559289583377966,0.352629481737415,0.299823102727728,0.801123983910575,0.374253060386713,FALSE,TRUE
"GSE75214","IBD","discovery","TGFB_SMAD",74,23,FALSE,NA,NA,"SMD",0.933025068588864,0.0614790722109924,0.127770328857661,0.42645028952289,-0.24697695451401,0.286669056046571,-0.123196190175371,0.110383450823003,0.2673285463017,-0.393560885890623,0.352629481737415,0.37474728337167,1.19716261208168,0.313029558048127,FALSE,TRUE
"GSE75214","IBD","discovery","TIE_ANGPT_AXIS",74,23,FALSE,NA,NA,"SMD",1.0644650988347,0.0628324235925486,0.107936243841184,0.560990149839691,-0.454432873437265,0.376805527197334,-0.121270696124041,0.0898612823011106,0.180513938861788,-0.475884848614357,0.352629481737415,0.562369117278449,2.2068228417499,0.254832017613393,FALSE,TRUE
"GSE75214","IBD","discovery","VEGF_PDGF_AXIS",74,23,FALSE,NA,NA,"SMD",1.31504341869549,0.0659058939349051,0.110561274351131,0.397866899025344,-0.376634962087426,0.240997159906993,-0.0479037572468603,0.0884939636974639,0.589608254064388,-0.190886207210531,0.352629481737415,0.487196236438556,1.94137259968468,0.250954523885671,FALSE,TRUE
"GSE75214","IBD","discovery","WNT_CTNNB1",74,23,FALSE,NA,NA,"SMD",-0.352751473609286,0.0576331847033546,-0.0382751895759088,0.409324391685691,0.108234422204401,0.420945475705359,-0.243954860480106,0.14285163497218,0.0910922961665896,-0.60220295018098,0.352629481737415,-0.14650961178031,-0.361659203142491,0.405104060693808,FALSE,TRUE
"GSE87473","IBD","validation","EPH_RECEPTORS",106,21,FALSE,NA,NA,"SMD",0.452563214728321,0.0578593621010144,0.0524160092023103,0.454821099901319,-0.156341024442914,0.477366892371249,0.0657307847229554,0.11827579336368,0.579413607938274,0.173223360338439,0.311697638473445,0.208757033645224,0.550147012769216,0.37945681572354,FALSE,TRUE
"GSE87473","IBD","validation","ERBB_LIGANDS",106,21,FALSE,NA,NA,"SMD",1.17246939427142,0.0624651535072268,0.0512487421619049,0.431028416178636,-0.430658483838665,0.260419732767019,0.402053026707173,0.127350381448774,0.00201202031709167,0.984048713007863,0.311697638473445,0.481907226000571,1.17949661868965,0.408570247989299,FALSE,TRUE
"GSE87473","IBD","validation","ERBB_RECEPTORS",106,21,FALSE,NA,NA,"SMD",-1.31220226304145,0.0638320444467069,-0.178060882186356,0.479845131699267,0.421808631361349,0.285769406464286,-0.0844024554196322,0.0785891940639272,0.284973077628148,-0.334753986842767,0.311697638473445,-0.599869513547706,-2.37918091656392,0.252132786275898,FALSE,TRUE
"GSE87473","IBD","validation","FGFR_AXIS",106,21,FALSE,NA,NA,"SMD",-0.182370727762685,0.0571839511522721,-0.0590383320908077,0.31537672781973,-0.00416309056696127,0.19212967083628,-0.0197933323093352,0.0803560380818146,0.805851587419509,-0.0767774903493672,0.311697638473445,-0.0548752415238462,-0.212858717302959,0.25780124121364,FALSE,TRUE
"GSE87473","IBD","validation","HGF_MET_AXIS",106,21,FALSE,NA,NA,"SMD",1.39292753108723,0.0646917780204457,0.115332025157726,0.444631332553259,-0.470550655928587,0.233556749539731,0.251346960502588,0.108535225305106,0.0222520945269789,0.721832509269684,0.311697638473445,0.585882681086315,1.68257123531768,0.348206761644594,FALSE,TRUE
"GSE87473","IBD","validation","IGF_INSR_AXIS",106,21,FALSE,NA,NA,"SMD",-0.477021072754765,0.0579488724967895,-0.051143065178122,0.492790156275134,0.178535999424749,0.395770579426491,-0.242636999157294,0.139687766185462,0.0849327631882877,-0.541417346048755,0.311697638473445,-0.229679064602871,-0.512503163293877,0.448151506278937,FALSE,TRUE
"GSE87473","IBD","validation","JAK_STAT",106,21,FALSE,NA,NA,"SMD",1.90121535418812,0.0712837965879255,0.156206673411433,0.435386103467215,-0.616724166582751,0.15941426282026,0.337559911597654,0.107351546184918,0.0020939528769682,0.980112825827893,0.311697638473445,0.772930839994185,2.24422214762037,0.344409238102276,FALSE,TRUE
"GSE87473","IBD","validation","PDGFR_KIT_CSF1R",106,21,FALSE,NA,NA,"SMD",1.63885196264879,0.0676271664008276,0.139002344412535,0.454527259090827,-0.554618461079712,0.146641943434276,0.134889631195851,0.0865820134934854,0.121859084826298,0.48560639562239,0.311697638473445,0.693620805492247,2.49705404557552,0.277775647956543,FALSE,TRUE
"GSE87473","IBD","validation","PI3K_AKT",106,21,FALSE,NA,NA,"SMD",0.579934071815392,0.0583771182597827,0.0410058855011618,0.266139530327116,-0.117224230280705,0.296357035005823,0.0306473758870167,0.0834809808416077,0.714172223619614,0.114429832916265,0.311697638473445,0.158230115781867,0.590792692268013,0.267826799235503,FALSE,TRUE
"GSE87473","IBD","validation","RAS_MAPK",106,21,FALSE,NA,NA,"SMD",0.0841966970959964,0.0570809196619461,0.0287054629385421,0.307700781224057,0.00268630199444596,0.304366814352125,-0.022695767309727,0.0965530387743039,0.814559421942593,-0.0732676792319395,0.311697638473445,0.0260191609440962,0.0839964347501577,0.309765063499285,FALSE,TRUE
"GSE87473","IBD","validation","RET_ALK_NTRK",106,21,FALSE,NA,NA,"SMD",-0.427548759187028,0.0577726868181685,-0.0920354160714947,0.467997266146274,0.103243969004208,0.371932314735806,0.259473152159536,0.116569803415399,0.0278724943676209,0.693808914536645,0.311697638473445,-0.195279385075703,-0.522160296983072,0.373983595083703,FALSE,TRUE
"GSE87473","IBD","validation","SRC_FAK",106,21,FALSE,NA,NA,"SMD",0.459108016867266,0.0578828530767096,0.0636154987082895,0.364043894292785,-0.104507616035095,0.363724488119033,0.0351520682439634,0.113490915043594,0.757295536831923,0.0965435572961244,0.311697638473445,0.168123114743385,0.461742491178118,0.364105790468677,FALSE,TRUE
"GSE87473","IBD","validation","TAM_AXL_AXIS",106,21,FALSE,NA,NA,"SMD",0.800946536978101,0.0595786608875183,0.0592050346255135,0.535215844675476,-0.348450159579424,0.309411660227879,-0.0518632336752392,0.142210148961191,0.71597620300873,-0.113674358533863,0.311697638473445,0.407655194204938,0.893502765261769,0.456243908865248,FALSE,TRUE
"GSE87473","IBD","validation","TGFB_SMAD",106,21,FALSE,NA,NA,"SMD",1.49480078374969,0.0658499759583903,0.118909850215313,0.359872448380739,-0.401962269377483,0.264321698391416,0.180259628378614,0.0892842585347711,0.0457036458149188,0.629299065700741,0.311697638473445,0.520872119592796,1.81840127574677,0.286445091377802,FALSE,TRUE
"GSE87473","IBD","validation","TIE_ANGPT_AXIS",106,21,FALSE,NA,NA,"SMD",1.25986087594952,0.0633020233743335,0.0946820016748287,0.541460604894068,-0.542612575100661,0.202176176374372,0.0168998679183519,0.0962532293428771,0.860919641831234,0.0547269837762927,0.311697638473445,0.63729457677549,2.06375636380197,0.308803203688941,FALSE,TRUE
"GSE87473","IBD","validation","VEGF_PDGF_AXIS",106,21,FALSE,NA,NA,"SMD",1.14228580720652,0.0621900841562122,0.0991832114376951,0.394779415670644,-0.324482193461775,0.176724908106661,-0.0501090218780624,0.0727562386854867,0.492314943294116,-0.21467387632728,0.311697638473445,0.42366540489947,1.81504031263786,0.23341928107577,FALSE,TRUE
"GSE87473","IBD","validation","WNT_CTNNB1",106,21,FALSE,NA,NA,"SMD",0.772634922918364,0.0594032647025413,-0.00550103755621371,0.48469846575671,-0.363288138229806,0.301274142795314,0.479899358501501,0.105529430727253,1.29773049256347e-05,1.41745762977199,0.311697638473445,0.357787100673593,1.05678002418542,0.338563459268053,FALSE,TRUE
"GSE179285","IBD","validation","EPH_RECEPTORS",22,31,FALSE,NA,NA,"SMD",0.208419636384405,0.0781224094502085,0.0744893501651476,0.481867044828657,-0.0226814034057496,0.442873531678066,-0.0867880609859565,0.14427689052994,0.550372231080267,-0.206999017424072,0.344116163414811,0.0971707535708972,0.231762874789737,0.419267985258871,FALSE,TRUE
"GSE179285","IBD","validation","ERBB_LIGANDS",22,31,FALSE,NA,NA,"SMD",0.201931717706785,0.0780972931651652,0.0614073658892772,0.41417679684526,-0.0190599780919919,0.376751186608929,0.0322953413318443,0.117548330695675,0.784719365410508,0.0945428054104634,0.344116163414811,0.0804673439812692,0.235563648816945,0.341594912395841,FALSE,TRUE
"GSE179285","IBD","validation","ERBB_RECEPTORS",22,31,FALSE,NA,NA,"SMD",-1.19399351021622,0.0911618599936788,-0.293789116965485,0.370080424812776,0.243199476384381,0.487736399478006,-0.280224040451529,0.12879422409952,0.0346359127029318,-0.748710762233134,0.344116163414811,-0.536988593349866,-1.43474178157466,0.374275427290135,FALSE,TRUE
"GSE179285","IBD","validation","FGFR_AXIS",22,31,FALSE,NA,NA,"SMD",-0.0299524883581882,0.0777210736646259,-0.00583273964641946,0.264029382995387,0.00247065955100263,0.279305449060287,-0.106034929443635,0.0916337266328779,0.253054111264429,-0.398197633653939,0.344116163414811,-0.00830339919742211,-0.0311821201659315,0.266287191289004,FALSE,TRUE
"GSE179285","IBD","validation","HGF_MET_AXIS",22,31,FALSE,NA,NA,"SMD",1.22710977477689,0.0919182552475896,0.290533184403563,0.51849019462606,-0.286696189743164,0.420639931799303,0.317123521114332,0.135313085136193,0.0233780542702712,0.80648024028587,0.344116163414811,0.577229374146728,1.4679582350944,0.393219207704236,FALSE,TRUE
"GSE179285","IBD","validation","IGF_INSR_AXIS",22,31,FALSE,NA,NA,"SMD",-0.371310765372229,0.0790132862393661,-0.100940912956747,0.453482047622799,0.0591056693108801,0.403253897061746,-0.0872988814942979,0.140936099607253,0.538629852817582,-0.213153026470417,0.344116163414811,-0.160046582267627,-0.390777210459672,0.409559662088185,FALSE,TRUE
"GSE179285","IBD","validation","JAK_STAT",22,31,FALSE,NA,NA,"SMD",1.35757475450049,0.0950994893485714,0.294924761542172,0.315505873252541,-0.207159200774949,0.394992517613814,0.294899515088831,0.0985263275419688,0.00439151296384462,1.02997536046423,0.344116163414811,0.502083962317121,1.75359430453833,0.286317058066236,FALSE,TRUE
"GSE179285","IBD","validation","PDGFR_KIT_CSF1R",22,31,FALSE,NA,NA,"SMD",0.91726666321888,0.0856501395126811,0.230236230637711,0.477915319038911,-0.18355064218968,0.419414205591341,0.131541123762748,0.105422244183353,0.218301864997035,0.429372635643979,0.344116163414811,0.413786872827391,1.35067084040749,0.306356560346378,FALSE,TRUE
"GSE179285","IBD","validation","PI3K_AKT",22,31,FALSE,NA,NA,"SMD",-0.0552305038062131,0.0777413874098319,0.0142401806764011,0.307098930003013,0.0323736681615322,0.334449504971837,-0.0736703893020379,0.11097174691961,0.510019602491332,-0.228447081600487,0.344116163414811,-0.0181334874851311,-0.0562307642794359,0.32248338996457,FALSE,TRUE
"GSE179285","IBD","validation","RAS_MAPK",22,31,FALSE,NA,NA,"SMD",0.0740104896030748,0.0777642849949319,0.00790209798120454,0.345509513530479,-0.0175122530092017,0.333177112702238,0.134109238078365,0.0961265412946297,0.169533990256991,0.48008755817566,0.344116163414811,0.0254143509904063,0.0909789205011643,0.279343290186445,FALSE,TRUE
"GSE179285","IBD","validation","RET_ALK_NTRK",22,31,FALSE,NA,NA,"SMD",0.176993075963522,0.0780081434512314,0.0294951037850694,0.308435704959043,-0.0287394750158342,0.334720197223292,0.0686804751861287,0.106371708098824,0.521636354617658,0.222183718255231,0.344116163414811,0.0582345788009036,0.188390881308655,0.30911569815045,FALSE,TRUE
"GSE179285","IBD","validation","SRC_FAK",22,31,FALSE,NA,NA,"SMD",0.462224409786983,0.0797281892631549,0.104255084782421,0.388359358553661,-0.0708298024674391,0.362185159853946,0.207301411424127,0.117000655451587,0.0829112148899613,0.609703989216226,0.344116163414811,0.175084887249861,0.514950445702988,0.340003370636648,FALSE,TRUE
"GSE179285","IBD","validation","TAM_AXL_AXIS",22,31,FALSE,NA,NA,"SMD",0.373421684333348,0.0790281170869986,0.0964712374875991,0.509963462170436,-0.0834084183789629,0.448155698041366,0.108642292526821,0.140632520542235,0.44367049269303,0.265838717423056,0.344116163414811,0.179879655866562,0.440150662268675,0.408677462711077,FALSE,TRUE
"GSE179285","IBD","validation","TGFB_SMAD",22,31,FALSE,NA,NA,"SMD",0.680766679601037,0.0820847163108162,0.198382287915587,0.363306032137716,-0.0938678654002813,0.460117290272598,0.157547043473345,0.137196395203119,0.256642547971756,0.39515968387602,0.344116163414811,0.292250153315868,0.733022185951433,0.398692098161449,FALSE,TRUE
"GSE179285","IBD","validation","TIE_ANGPT_AXIS",22,31,FALSE,NA,NA,"SMD",1.08248339717794,0.0887670468118622,0.26250027415015,0.484433202349588,-0.222540897195593,0.40868894836487,0.148637856231603,0.10622524239535,0.168297255785319,0.481511622578898,0.344116163414811,0.485041171345744,1.57128854891679,0.308690069484768,FALSE,TRUE
"GSE179285","IBD","validation","VEGF_PDGF_AXIS",22,31,FALSE,NA,NA,"SMD",1.51298160058874,0.0993080186850149,0.267854875478331,0.290965106367376,-0.200020646612686,0.313902488282334,0.303029061506234,0.0847166481264225,0.000818476155276755,1.23089381313934,0.344116163414811,0.467875522091017,1.90049456840404,0.246186192725571,FALSE,TRUE
"GSE179285","IBD","validation","WNT_CTNNB1",22,31,FALSE,NA,NA,"SMD",0.174619004868147,0.0780002684316287,0.0230422885247505,0.467017730736574,-0.0526306670166726,0.396502081485441,0.0884108970972357,0.140750462650317,0.532953227182839,0.2161528860388,0.344116163414811,0.0756729555414231,0.185010312895873,0.40902020193876,FALSE,TRUE
"GSE4302","Asthma","discovery","EPH_RECEPTORS",42,28,FALSE,NA,NA,"SMD",0.36427411245268,0.0604716354452609,0.0506621000707586,0.431227397256266,-0.106518804610729,0.419760208171872,0.0625334728533149,0.100346024051062,0.535381846534408,0.160756497025965,0.25796224935038,0.157180904681488,0.404069220579498,0.388994995600175,FALSE,TRUE
"GSE4302","Asthma","discovery","ERBB_LIGANDS",42,28,FALSE,NA,NA,"SMD",-0.409440561739827,0.0607212493352226,-0.0589442855663309,0.373072465998613,0.102264539437984,0.412885486997049,-0.115918414485554,0.0874592778230045,0.189750988397391,-0.341902833937623,0.25796224935038,-0.161208825004315,-0.475487474266642,0.339039057238999,FALSE,TRUE
"GSE4302","Asthma","discovery","ERBB_RECEPTORS",42,28,FALSE,NA,NA,"SMD",-0.195456098245514,0.0597966887119621,-0.0428566752145813,0.445608105331674,0.044461662800681,0.435935615120091,-0.116094358023529,0.097055405591297,0.236044651930151,-0.308565623420808,0.25796224935038,-0.0873183380152624,-0.232082229183675,0.376238793992955,FALSE,TRUE
"GSE4302","Asthma","discovery","FGFR_AXIS",42,28,FALSE,NA,NA,"SMD",0.163192408272573,0.0597140363960795,0.00361527031788615,0.305751104443632,-0.0482904456653327,0.327438556429415,0.053790806575502,0.0815283086224046,0.511761967327475,0.170198519913542,0.25796224935038,0.0519057159832189,0.164233938805073,0.316047440382131,FALSE,TRUE
"GSE4302","Asthma","discovery","HGF_MET_AXIS",42,28,FALSE,NA,NA,"SMD",-0.524636118371013,0.0614898313573767,-0.0715390606034002,0.403537113044891,0.126347357736842,0.321151955959609,-0.185821722282169,0.0970315761927005,0.0599553901864501,-0.494014333672918,0.25796224935038,-0.197886418340243,-0.526088801129663,0.376146418466472,FALSE,TRUE
"GSE4302","Asthma","discovery","IGF_INSR_AXIS",42,28,FALSE,NA,NA,"SMD",-0.861105512994113,0.0648202574131585,-0.170360158035091,0.496787418004871,0.221929710560454,0.369337800403631,-0.289142070934943,0.103318495289434,0.0067754008750698,-0.721920492466101,0.25796224935038,-0.392289868595546,-0.979456549544045,0.40051788798407,FALSE,TRUE
"GSE4302","Asthma","discovery","JAK_STAT",42,28,FALSE,NA,NA,"SMD",-0.141872822615217,0.0596675802223582,-0.0136262094920892,0.318568969881436,0.0261270161859514,0.198175523508517,-0.0838875328354607,0.0669346814057999,0.214665155927098,-0.323297522423319,0.25796224935038,-0.0397532256780407,-0.153206548525561,0.25947471606547,FALSE,TRUE
"GSE4302","Asthma","discovery","PDGFR_KIT_CSF1R",42,28,FALSE,NA,NA,"SMD",0.196115710424349,0.0597985336086327,0.0222946986042449,0.351121877792347,-0.0475599878510051,0.353945351044396,0.0962538615677203,0.0804117281261071,0.235716717963912,0.308784094277011,0.25796224935038,0.0698546864552502,0.224095072517306,0.311718975658671,FALSE,TRUE
"GSE4302","Asthma","discovery","PI3K_AKT",42,28,FALSE,NA,NA,"SMD",0.315770940331969,0.0602360330006533,0.0397160302011303,0.324601497972398,-0.0624021612390413,0.312396213664085,0.0487132657454055,0.0792177875235276,0.540782322238731,0.158628308082392,0.25796224935038,0.102118191440172,0.332534386367149,0.307090621682125,FALSE,TRUE
"GSE4302","Asthma","discovery","RAS_MAPK",42,28,FALSE,NA,NA,"SMD",0.431448735788984,0.0608534381781946,0.0559633156778037,0.340992057183319,-0.0899133653164934,0.324039359845557,0.0728985608797369,0.0834124263709448,0.385411378813385,0.225446945462468,0.25796224935038,0.145876680994297,0.451139936748857,0.323351291055184,FALSE,TRUE
"GSE4302","Asthma","discovery","RET_ALK_NTRK",42,28,FALSE,NA,NA,"SMD",-0.105703128780113,0.0596036177483374,-0.0164513025809128,0.401587298088025,0.0282310552843811,0.441837536932074,0.017379379374142,0.107484887300269,0.872058270283615,0.0417102711671734,0.25796224935038,-0.0446823578652939,-0.107237043557667,0.416669057472344,FALSE,TRUE
"GSE4302","Asthma","discovery","SRC_FAK",42,28,FALSE,NA,NA,"SMD",0.293356282055955,0.0601385088682502,0.0356608044127898,0.353413466984626,-0.0636026790959366,0.303877324674872,0.0627096674069672,0.077228576063355,0.419801133024863,0.209465559057372,0.25796224935038,0.0992634835087265,0.331564205757972,0.299379371430656,FALSE,TRUE
"GSE4302","Asthma","discovery","TAM_AXL_AXIS",42,28,FALSE,NA,NA,"SMD",0.457954742666029,0.0610218277118832,0.0741362015842677,0.457254262189408,-0.149494937842137,0.51946697758483,0.100356398680577,0.107706955557592,0.35496528999203,0.240357386450335,0.25796224935038,0.223631139426405,0.535605072602551,0.417529913112588,FALSE,TRUE
"GSE4302","Asthma","discovery","TGFB_SMAD",42,28,FALSE,NA,NA,"SMD",-0.0569745384242367,0.0595469959382999,-0.00881054329169501,0.368242998560035,0.0128949353597756,0.389308078694965,-0.019537752206158,0.0948379310950846,0.837435473031568,-0.0531433198526627,0.25796224935038,-0.0217054786514706,-0.0590396061101993,0.367642673817245,FALSE,TRUE
"GSE4302","Asthma","discovery","TIE_ANGPT_AXIS",42,28,FALSE,NA,NA,"SMD",-0.291554146293517,0.0601309796682448,-0.0332422994717005,0.546057292486086,0.127134243532274,0.540814131825391,-0.0210887447316749,0.128756002923583,0.870413840483734,-0.0422512341439146,0.25796224935038,-0.160376543003975,-0.321313902551768,0.499127307378602,FALSE,TRUE
"GSE4302","Asthma","discovery","VEGF_PDGF_AXIS",42,28,FALSE,NA,NA,"SMD",-0.565048907259655,0.0618043828637762,-0.0595546177282143,0.26018320434776,0.0841170519606887,0.237569151434824,-0.108315772912551,0.0651192336358379,0.101133196521542,-0.429080301787661,0.25796224935038,-0.143671669688903,-0.569138563394848,0.252437067050803,FALSE,TRUE
"GSE4302","Asthma","discovery","WNT_CTNNB1",42,28,FALSE,NA,NA,"SMD",-0.393267281619953,0.0606285177723291,-0.0556857253486729,0.490486216460875,0.125883286905817,0.399627784574863,-0.159875090686538,0.110314047499467,0.152144079742181,-0.373857536219896,0.25796224935038,-0.18156901225449,-0.424587365573012,0.427636399423824,FALSE,TRUE
"GSE43696","Asthma","validation","EPH_RECEPTORS",88,20,FALSE,NA,NA,"SMD",0.129783314289693,0.0614416164963587,0.026943307396805,0.453325142764346,-0.0339869698446652,0.52083659689005,-0.0182050986399086,0.109580137206498,0.868379561422111,-0.0427046195733867,0.257047663666298,0.0609302772414707,0.14292722942978,0.426302793978147,FALSE,TRUE
"GSE43696","Asthma","validation","ERBB_LIGANDS",88,20,FALSE,NA,NA,"SMD",-0.00153564547127533,0.0613636472812614,-0.0121595556109851,0.349630569313981,-0.0115865006493895,0.45406322412689,0.0146148716683615,0.0951168135610664,0.878187857199793,0.0394958417601239,0.257047663666298,-0.000573054961595645,-0.00154864774707755,0.370035705457912,FALSE,TRUE
"GSE43696","Asthma","validation","ERBB_RECEPTORS",88,20,FALSE,NA,NA,"SMD",-0.523232034632127,0.0626310982250497,-0.0367001725112896,0.424764214894606,0.181778225351974,0.364410742136553,-0.155369360161125,0.0925169718437062,0.0961425545988078,-0.431675726505758,0.257047663666298,-0.218478397863264,-0.607016859859842,0.359921465630642,FALSE,TRUE
"GSE43696","Asthma","validation","FGFR_AXIS",88,20,FALSE,NA,NA,"SMD",-0.045650708028801,0.0613732844522638,-0.000492558024928852,0.317463548785446,0.0139188385883731,0.294365374965111,-0.0437117187948473,0.0795448425731426,0.583847756386854,-0.141253597688901,0.257047663666298,-0.014411396613302,-0.0465701572821821,0.309455613945625,FALSE,TRUE
"GSE43696","Asthma","validation","HGF_MET_AXIS",88,20,FALSE,NA,NA,"SMD",-0.0229863008127288,0.0613660825211598,-0.000369103312428893,0.412266073602169,0.00902796954233724,0.375442124702828,-0.0269496163147354,0.0950708226918807,0.777392014170611,-0.0728650043647669,0.257047663666298,-0.00939707285476628,-0.0254073284970736,0.369856785842266,FALSE,TRUE
"GSE43696","Asthma","validation","IGF_INSR_AXIS",88,20,FALSE,NA,NA,"SMD",-0.37039807879056,0.061998797182024,-0.0131919669101128,0.39226537324412,0.132893396937694,0.388553927586983,-0.128457498456354,0.0997649023364177,0.200798323018204,-0.330975113344741,0.257047663666298,-0.146085363847807,-0.376393908012803,0.38811830037068,FALSE,TRUE
"GSE43696","Asthma","validation","JAK_STAT",88,20,FALSE,NA,NA,"SMD",-0.409347064722156,0.0621394003423245,-0.0382997524226795,0.381316359630256,0.121613480902961,0.416629916184152,-0.145284142636489,0.0853765252080544,0.0918603228025912,-0.437414726606226,0.257047663666298,-0.159913233325641,-0.481459311157367,0.332142778464975,FALSE,TRUE
"GSE43696","Asthma","validation","PDGFR_KIT_CSF1R",88,20,FALSE,NA,NA,"SMD",0.237048942370992,0.0616237854427068,0.012487266439598,0.406326123102789,-0.0819205597044828,0.3411677351436,0.124231294004692,0.0895157924986257,0.168217824610623,0.356734415088124,0.257047663666298,0.0944078261440808,0.271095305809001,0.34824589036077,FALSE,TRUE
"GSE43696","Asthma","validation","PI3K_AKT",88,20,FALSE,NA,NA,"SMD",0.220002216537995,0.0615877149529032,0.021268359869212,0.311445391536086,-0.0499649690116141,0.363946916020782,0.0546432239977712,0.0807924451372515,0.50035509551347,0.173851813000087,0.257047663666298,0.0712333288808261,0.226634566299899,0.314309198476658,FALSE,TRUE
"GSE43696","Asthma","validation","RAS_MAPK",88,20,FALSE,NA,NA,"SMD",0.174191204665573,0.0615041112515199,0.000710500015476894,0.306045294415541,-0.0556559976844301,0.38344794006757,0.0231162172703824,0.0808793800351164,0.775602503608285,0.0734670522891548,0.257047663666298,0.0563664976999072,0.179141785415789,0.314647403837582,FALSE,TRUE
"GSE43696","Asthma","validation","RET_ALK_NTRK",88,20,FALSE,NA,NA,"SMD",0.553605455291022,0.0627825206234881,0.0545874194624359,0.304108601325543,-0.109101843346482,0.239535085713527,0.1569188637952,0.0732752688804376,0.0346152560503355,0.550467134955741,0.257047663666298,0.163689262808918,0.574217511790311,0.285064909111815,FALSE,TRUE
"GSE43696","Asthma","validation","SRC_FAK",88,20,FALSE,NA,NA,"SMD",-0.137987559787797,0.0614517871351928,-0.0274699041583164,0.408154411949169,0.0300565790798877,0.439451039241337,-0.0839933433768975,0.102819193827786,0.415887583477432,-0.209983096295373,0.257047663666298,-0.0575264832382041,-0.143816028552859,0.400000499367569,FALSE,TRUE
"GSE43696","Asthma","validation","TAM_AXL_AXIS",88,20,FALSE,NA,NA,"SMD",0.249451444555535,0.0616517198043347,0.0180701613377797,0.440249577849659,-0.095275860567696,0.49806108980294,0.103158465172401,0.110814583848543,0.35409792331132,0.239288381899342,0.257047663666298,0.113346021905476,0.262919636611121,0.431105197643048,FALSE,TRUE
"GSE43696","Asthma","validation","TGFB_SMAD",88,20,FALSE,NA,NA,"SMD",-0.502129201207956,0.0625309221724592,-0.0247694172492958,0.388887011901049,0.173847169993307,0.409932877040423,-0.158411423457404,0.100771036689931,0.119048970495589,-0.404077278901774,0.257047663666298,-0.198616587242603,-0.506632971070603,0.392032494100991,FALSE,TRUE
"GSE43696","Asthma","validation","TIE_ANGPT_AXIS",88,20,FALSE,NA,NA,"SMD",0.278472650101396,0.0617226503305553,0.0584861743436778,0.476265734379638,-0.075962371088416,0.493397104266695,0.159821275507377,0.11920611249102,0.182991713262027,0.344627340115917,0.257047663666298,0.134448545432094,0.289915372328373,0.463751005516916,FALSE,TRUE
"GSE43696","Asthma","validation","VEGF_PDGF_AXIS",88,20,FALSE,NA,NA,"SMD",-0.000849106898475908,0.0613636397015184,-0.0136269629611143,0.319344601958741,-0.0133541819862799,0.317288481328617,-0.0209950731526719,0.0804095407485853,0.794540484313965,-0.0671155991211436,0.257047663666298,-0.000272780974834819,-0.000872007371527477,0.312819574399921,FALSE,TRUE
"GSE43696","Asthma","validation","WNT_CTNNB1",88,20,FALSE,NA,NA,"SMD",-0.710616931260636,0.0637014901737951,-0.0337000909020431,0.434110602919416,0.272913461235908,0.401297048862008,-0.252075019127367,0.0999808581994582,0.0132426239847595,-0.64807700096015,0.257047663666298,-0.306613552137952,-0.788293865894343,0.388958439743901,FALSE,TRUE
"GSE67472","Asthma","validation","EPH_RECEPTORS",62,43,FALSE,NA,NA,"SMD",0.0270939003295014,0.0393883418279103,0.0102900892032772,0.447640134010038,-0.00156600459926256,0.4144107562694,-0.0237229748590534,0.0874151095600085,0.786661554813802,-0.057155839986654,0.210609505937277,0.0118560938025399,0.0285649251103987,0.415057759007527,FALSE,TRUE
"GSE67472","Asthma","validation","ERBB_LIGANDS",62,43,FALSE,NA,NA,"SMD",-0.28762794001224,0.0397787977919133,-0.0128275854757294,0.349340034663394,0.0932399900132201,0.389097999254826,-0.0727316522068885,0.0733762479869015,0.323997002961707,-0.208759343214565,0.210609505937277,-0.10606757548895,-0.30444238132318,0.348399506757089,FALSE,TRUE
"GSE67472","Asthma","validation","ERBB_RECEPTORS",62,43,FALSE,NA,NA,"SMD",-0.53128488161651,0.0407289587136208,-0.0963906682116158,0.440471221791674,0.137077453349614,0.429999748944387,-0.155245698677637,0.0860724838967778,0.0743257197483002,-0.379868436660842,0.210609505937277,-0.23346812156123,-0.571269742756378,0.4086828061902,FALSE,TRUE
"GSE67472","Asthma","validation","FGFR_AXIS",62,43,FALSE,NA,NA,"SMD",-0.542090672062022,0.0407841904817274,-0.0753998886594261,0.294178816351592,0.0981257909141329,0.349199963162658,-0.163288211640361,0.0673423671814237,0.0171320009028891,-0.510674795352968,0.210609505937277,-0.173525679573559,-0.542691906626334,0.319749893917321,FALSE,TRUE
"GSE67472","Asthma","validation","HGF_MET_AXIS",62,43,FALSE,NA,NA,"SMD",-0.247968221873336,0.0396776473499292,-0.0621892731509154,0.437094017932814,0.0470834362560835,0.437977130763479,-0.137949776171111,0.0928498917678298,0.140528384474902,-0.312908649115108,0.210609505937277,-0.109272709406999,-0.247861046496227,0.440862777558968,FALSE,TRUE
"GSE67472","Asthma","validation","IGF_INSR_AXIS",62,43,FALSE,NA,NA,"SMD",-1.14926380701436,0.0456744047739964,-0.225443124123574,0.453465542076457,0.288835904705859,0.430433306885836,-0.430532094163625,0.0915679503918129,8.35509886079369e-06,-0.990238956468434,0.210609505937277,-0.514279028829433,-1.18285985120569,0.434775961247843,FALSE,TRUE
"GSE67472","Asthma","validation","JAK_STAT",62,43,FALSE,NA,NA,"SMD",-0.045781380035075,0.0393948268532573,-0.00733462069883573,0.354564831333271,0.00734123064805095,0.256426509182256,-0.0465416903701432,0.0591242406188289,0.433054319375148,-0.165788554943739,0.210609505937277,-0.0146758513468866,-0.0522776067654453,0.280729211892445,FALSE,TRUE
"GSE67472","Asthma","validation","PDGFR_KIT_CSF1R",62,43,FALSE,NA,NA,"SMD",0.533416799259025,0.0407397675531326,0.0851720885686632,0.393595900366643,-0.119298753972345,0.360695222671367,0.183501264851409,0.0777690789121024,0.0202586525247196,0.496947003485807,0.210609505937277,0.204470842541008,0.553735542821749,0.369257211662913,FALSE,TRUE
"GSE67472","Asthma","validation","PI3K_AKT",62,43,FALSE,NA,NA,"SMD",0.357031524312237,0.0399918533989468,0.0362198352611098,0.260684364274191,-0.063262200707066,0.298210927070545,0.0747003447307951,0.0589241171633623,0.207865101061584,0.266997682009892,0.210609505937277,0.099482035968176,0.355573633573577,0.279779000957872,FALSE,TRUE
"GSE67472","Asthma","validation","RAS_MAPK",62,43,FALSE,NA,NA,"SMD",0.276786653683606,0.0397496597908737,0.0243217677865545,0.318788059626366,-0.0588868268014161,0.266098411259872,0.0351986896727603,0.0623020756268924,0.573373432044741,0.118987667216977,0.210609505937277,0.0832085945879707,0.281283100435635,0.29581796581132,FALSE,TRUE
"GSE67472","Asthma","validation","RET_ALK_NTRK",62,43,FALSE,NA,NA,"SMD",-0.215942024106412,0.0396068983914347,-0.0462047665619211,0.411684444183418,0.045553756613904,0.436119375360383,-0.108789051078298,0.0864048247220315,0.210968514244127,-0.265170473670823,0.210609505937277,-0.0917585231758251,-0.223659006239117,0.410260801560231,FALSE,TRUE
"GSE67472","Asthma","validation","SRC_FAK",62,43,FALSE,NA,NA,"SMD",0.34387515762599,0.0399479420402781,0.0491265218122511,0.382860492411681,-0.0782407702163636,0.34445189367389,0.0955897979237601,0.0766687817657572,0.215416643021372,0.262585626766264,0.210609505937277,0.127367292028615,0.349878553290073,0.364032864635229,FALSE,TRUE
"GSE67472","Asthma","validation","TAM_AXL_AXIS",62,43,FALSE,NA,NA,"SMD",0.0466242540131471,0.0393951977404209,0.00165796617234888,0.439688685048612,-0.0195786957923359,0.469681918295302,-0.0225626253894746,0.0901061179570852,0.802796483700033,-0.0527367452250944,0.210609505937277,0.0212366619646849,0.0496375050389966,0.427834999925979,FALSE,TRUE
"GSE67472","Asthma","validation","TGFB_SMAD",62,43,FALSE,NA,NA,"SMD",0.0536849387965401,0.0393985703670462,0.0247276103066869,0.387959632931514,0.00299124173474834,0.42139875667343,0.0416315694309027,0.0846210607507937,0.623825136328046,0.103614917981912,0.210609505937277,0.0217363685719385,0.0540986582440539,0.401791269459581,FALSE,TRUE
"GSE67472","Asthma","validation","TIE_ANGPT_AXIS",62,43,FALSE,NA,NA,"SMD",-0.596645891640419,0.0410800191639881,-0.109189988382286,0.516747812531534,0.183907404521603,0.44200295330123,-0.180467714473432,0.097187546598575,0.0662983265297077,-0.391081136556197,0.210609505937277,-0.293097392903889,-0.635154392423948,0.461458499539518,FALSE,TRUE
"GSE67472","Asthma","validation","VEGF_PDGF_AXIS",62,43,FALSE,NA,NA,"SMD",-0.360883279763904,0.0400050211716155,-0.0512239576665997,0.296514084116261,0.0558703645092228,0.291770765314788,-0.120498212755819,0.0602505276941787,0.0482448756616836,-0.421209075273873,0.210609505937277,-0.107094322175823,-0.374354933397816,0.286076962319651,FALSE,TRUE
"GSE67472","Asthma","validation","WNT_CTNNB1",62,43,FALSE,NA,NA,"SMD",-0.543954862521261,0.0407938314137459,-0.104305713096184,0.445369629345628,0.147858461943392,0.480903086596455,-0.146570483332357,0.0897409141468665,0.105590279053112,-0.343980639968703,0.210609505937277,-0.252164175039577,-0.591794420917659,0.426100967036089,FALSE,TRUE
"GSE27342","STAD","discovery","EPH_RECEPTORS",80,80,TRUE,80,0.99,"SMCRH",0,0.00025316455696203,-0.0307228533587183,0.508914922772194,-0.0307228533587183,0.508914922772194,0.454510659493394,0.0623324978898067,2.62615287080129e-10,1.21888225306566,0.167159941973247,0.534672340155143,1.43385553893629,0.37289135874301,FALSE,TRUE
"GSE27342","STAD","discovery","ERBB_LIGANDS",80,80,TRUE,80,0.99,"SMCRH",0,0.000253164556962028,0.0641190138179233,0.408542830789366,0.0641190138179233,0.408542830789366,0.0111554528222991,0.0658192716198418,0.8658706047654,0.0283312896142513,0.167159941973247,0.06597170381765,0.167547071102959,0.393750266019929,FALSE,TRUE
"GSE27342","STAD","discovery","ERBB_RECEPTORS",80,80,TRUE,80,0.99,"SMCRH",0,0.000253164556962028,-0.0916082578123445,0.426681555907635,-0.0916082578123445,0.426681555907635,0.101770709345659,0.0505839322554651,0.0478205982972954,0.336312048317646,0.167159941973247,0.0989568078884172,0.327013214017152,0.302607979270302,FALSE,TRUE
"GSE27342","STAD","discovery","FGFR_AXIS",80,80,TRUE,80,0.99,"SMCRH",0,0.000253164556962024,0.0238698718331088,0.382540781545105,0.0238698718331088,0.382540781545105,0.104714006180675,0.0549605836076912,0.0605801131275588,0.31848255691554,0.167159941973247,0.10355735710385,0.314964665003301,0.328790396544212,FALSE,TRUE
"GSE27342","STAD","discovery","HGF_MET_AXIS",80,80,TRUE,80,0.99,"SMCRH",0,0.000253164556962024,-0.0214638914552582,0.423093563051273,-0.0214638914552582,0.423093563051273,0.175160498427885,0.0568872789396342,0.00290065423771642,0.514698879942571,0.167159941973247,0.268448642868946,0.788820636198607,0.340316455414532,FALSE,TRUE
"GSE27342","STAD","discovery","IGF_INSR_AXIS",80,80,TRUE,80,0.99,"SMCRH",0,0.000253164556962028,-0.0307466071337639,0.451279172821453,-0.0307466071337639,0.451279172821453,0.00416870437771082,0.0507021669110692,0.934691239455755,0.0137437988223266,0.167159941973247,0.0475035987901179,0.156614584761325,0.30331529379918,FALSE,TRUE
"GSE27342","STAD","discovery","JAK_STAT",80,80,TRUE,80,0.99,"SMCRH",0,0.000253164556962026,0.0521225435678612,0.4237560192607,0.0521225435678612,0.4237560192607,0.156000486885018,0.0462484433891149,0.00117857989006377,0.563846703252187,0.167159941973247,0.278943350626571,1.00821024206698,0.276671808108887,FALSE,TRUE
"GSE27342","STAD","discovery","PDGFR_KIT_CSF1R",80,80,TRUE,80,0.99,"SMCRH",0,0.000253164556962028,-0.0194562114600429,0.455033635083255,-0.0194562114600429,0.455033635083255,-0.0521112471089084,0.0582521565691325,0.373873279986062,-0.149538035257814,0.167159941973247,-0.0123350659561533,-0.0353966107163724,0.348481555338512,FALSE,TRUE
"GSE27342","STAD","discovery","PI3K_AKT",80,80,TRUE,80,0.99,"SMCRH",0,0.000253164556962029,0.0328544892253407,0.38453784585496,0.0328544892253407,0.38453784585496,0.163644765617961,0.0493093823396544,0.00139745657545257,0.554759525002713,0.167159941973247,0.216594204784558,0.73425934346802,0.294983246330309,FALSE,TRUE
"GSE27342","STAD","discovery","RAS_MAPK",80,80,TRUE,80,0.99,"SMCRH",0,0.000253164556962026,0.00202228546501444,0.344861072832575,0.00202228546501444,0.344861072832575,0.0886217275027246,0.0494931666737448,0.0773952209858596,0.299314103794916,0.167159941973247,0.152888329054123,0.516370358387904,0.296082698339689,FALSE,TRUE
"GSE27342","STAD","discovery","RET_ALK_NTRK",80,80,TRUE,80,0.99,"SMCRH",0,0.000253164556962027,0.0483012263664925,0.387296157652504,0.0483012263664925,0.387296157652504,-0.339437240522859,0.0511532765726354,4.43738247202116e-09,-1.10922140732845,0.167159941973247,-0.378190604694875,-1.2358606089652,0.306013964642451,FALSE,TRUE
"GSE27342","STAD","discovery","SRC_FAK",80,80,TRUE,80,0.99,"SMCRH",0,0.000253164556962025,0.0021813952981966,0.423598524703743,0.0021813952981966,0.423598524703743,0.110918648488825,0.0510704442196126,0.0330264663570815,0.36305058881831,0.167159941973247,0.172560174832515,0.564811002776028,0.305518437113278,FALSE,TRUE
"GSE27342","STAD","discovery","TGFB_SMAD",80,80,TRUE,80,0.99,"SMCRH",0,0.000253164556962027,0.0548804036182372,0.433505773647306,0.0548804036182372,0.433505773647306,0.102232761603078,0.0433586448473842,0.0209903741747719,0.394136453237564,0.167159941973247,0.20670222182308,0.796896017560192,0.259384182212289,FALSE,TRUE
"GSE27342","STAD","discovery","TIE_ANGPT_AXIS",80,80,TRUE,80,0.99,"SMCRH",0,0.000253164556962024,0.0793430889310887,0.486147916351917,0.0793430889310887,0.486147916351917,-0.0811199734232396,0.0509497251967319,0.115555681845338,-0.266144910457139,0.167159941973247,-0.00106568091790301,-0.00349637136826188,0.304796260367727,FALSE,TRUE
"GSE27342","STAD","discovery","VEGF_PDGF_AXIS",80,80,TRUE,80,0.99,"SMCRH",0,0.000253164556962022,0.0136176731393459,0.428672721413261,0.0136176731393459,0.428672721413261,0.0635557656453958,0.0370611888329123,0.0904952602279902,0.286660477764139,0.167159941973247,0.141794424984112,0.639546344811939,0.221710945788937,FALSE,TRUE
"GSE27342","STAD","discovery","WNT_CTNNB1",80,80,TRUE,80,0.99,"SMCRH",0,0.000253164556962023,-0.0218325378299926,0.40321524208642,-0.0218325378299926,0.40321524208642,0.106566761514242,0.0594791449907101,0.0772202258319414,0.299494783823469,0.167159941973247,0.155733582035739,0.437673011951432,0.355821761413566,FALSE,TRUE
"GSE63089","STAD","validation","EPH_RECEPTORS",45,45,TRUE,45,0.99,"SMCRH",0,0.000454545454545461,0.291227153434368,0.393816897027182,0.291227153434368,0.393816897027182,0.690546478702165,0.0773513226718689,4.58023661716602e-11,2.17178265388585,0.243271475584987,0.675717817904999,2.12514621551002,0.317962977311108,FALSE,TRUE
"GSE63089","STAD","validation","ERBB_LIGANDS",45,45,TRUE,45,0.99,"SMCRH",0,0.000454545454545451,-0.0472108893013431,0.426339205073117,-0.0472108893013431,0.426339205073117,-0.0369715409430989,0.0743372974828065,0.621666325970983,-0.120990695444083,0.243271475584987,-0.0786676872380447,-0.257442831570299,0.30557342287685,FALSE,TRUE
"GSE63089","STAD","validation","ERBB_RECEPTORS",45,45,TRUE,45,0.99,"SMCRH",0,0.000454545454545454,-0.0600223541080053,0.484427977035963,-0.0600223541080053,0.484427977035963,-0.188085531272723,0.0571706964932037,0.00209714518271816,-0.800337367489319,0.243271475584987,-0.155119292654943,-0.660060162470704,0.235007809097747,FALSE,TRUE
"GSE63089","STAD","validation","FGFR_AXIS",45,45,TRUE,45,0.99,"SMCRH",0,0.000454545454545454,-0.106826107260831,0.2908341892569,-0.106826107260831,0.2908341892569,-0.168750986511347,0.0771972826955551,0.0347304110259725,-0.531784281280167,0.243271475584987,-0.133493889831566,-0.420678739289026,0.317329775346334,FALSE,TRUE
"GSE63089","STAD","validation","HGF_MET_AXIS",45,45,TRUE,45,0.99,"SMCRH",0,0.000454545454545457,0.231468975841027,0.403513569535244,0.231468975841027,0.403513569535244,0.52387143334186,0.0793696539195248,6.78071957494395e-08,1.60568895430884,0.243271475584987,0.511371793840408,1.56737701018871,0.326259598371191,FALSE,TRUE
"GSE63089","STAD","validation","IGF_INSR_AXIS",45,45,TRUE,45,0.99,"SMCRH",0,0.000454545454545455,0.00710274149752822,0.535915312106252,0.00710274149752822,0.535915312106252,-0.146078539358453,0.0735410022201095,0.0538753448947494,-0.483223518149349,0.243271475584987,0.0207416416039841,0.0686127412834793,0.302300144491942,FALSE,TRUE
"GSE63089","STAD","validation","JAK_STAT",45,45,TRUE,45,0.99,"SMCRH",0,0.000454545454545456,0.238010672563661,0.340112255940748,0.238010672563661,0.340112255940748,0.438061445302824,0.072230373341997,3.83215387243837e-07,1.47538838946784,0.243271475584987,0.425369943856374,1.43264348671553,0.296912628857564,FALSE,TRUE
"GSE63089","STAD","validation","PDGFR_KIT_CSF1R",45,45,TRUE,45,0.99,"SMCRH",0,0.000454545454545455,-0.0268799987049862,0.523878057758294,-0.0268799987049862,0.523878057758294,-0.076165727353756,0.0573472060570403,0.191657241252772,-0.323101161439709,0.243271475584987,-0.0621090371201183,-0.263471547198749,0.235733375313071,FALSE,TRUE
"GSE63089","STAD","validation","PI3K_AKT",45,45,TRUE,45,0.99,"SMCRH",0,0.00045454545454545,0.168409034755661,0.305025205630406,0.168409034755661,0.305025205630406,0.293798524216936,0.0511908866075042,1.09900268502986e-06,1.39620165321513,0.243271475584987,0.339225147948158,1.61207995730995,0.210426999237815,FALSE,TRUE
"GSE63089","STAD","validation","RAS_MAPK",45,45,TRUE,45,0.99,"SMCRH",0,0.000454545454545453,0.234065594420549,0.348958554855393,0.234065594420549,0.348958554855393,0.427902664826059,0.0542241043744509,1.11025496749278e-09,1.91974609594531,0.243271475584987,0.46434132132191,2.08322478934826,0.222895447335369,FALSE,TRUE
"GSE63089","STAD","validation","RET_ALK_NTRK",45,45,TRUE,45,0.99,"SMCRH",0,0.000454545454545457,-0.256170075545721,0.339883200710137,-0.256170075545721,0.339883200710137,-0.512305828644255,0.0593069139870061,1.1017981998956e-10,-2.10143112339959,0.243271475584987,-0.499495150352481,-2.04888290596971,0.243789017369968,FALSE,TRUE
"GSE63089","STAD","validation","SRC_FAK",45,45,TRUE,45,0.99,"SMCRH",0,0.000454545454545456,0.202366503192543,0.366136681382752,0.202366503192543,0.366136681382752,0.39245741886775,0.0691676668605761,1.3572229696824e-06,1.38032262364267,0.243271475584987,0.3686004901921,1.29641477326585,0.284322963447527,FALSE,TRUE
"GSE63089","STAD","validation","TGFB_SMAD",45,45,TRUE,45,0.99,"SMCRH",0,0.000454545454545456,0.236706495760384,0.353674831323361,0.236706495760384,0.353674831323361,0.356243151712564,0.080695296895368,7.47740904963316e-05,1.07396342188979,0.243271475584987,0.422734831905167,1.27441536614068,0.331708831466257,FALSE,TRUE
"GSE63089","STAD","validation","TIE_ANGPT_AXIS",45,45,TRUE,45,0.99,"SMCRH",0,0.000454545454545461,-0.0369645745792208,0.540606418638075,-0.0369645745792208,0.540606418638075,-0.0748376334203293,0.0642238678912116,0.250814980642519,-0.283475008734924,0.243271475584987,0.0505865760864477,0.191615226759433,0.264000815289892,FALSE,TRUE
"GSE63089","STAD","validation","VEGF_PDGF_AXIS",45,45,TRUE,45,0.99,"SMCRH",0,0.00045454545454545,0.0935016123786103,0.423012550187907,0.0935016123786103,0.423012550187907,0.19723784042826,0.0709466896147018,0.00824342365724175,0.67631542419755,0.243271475584987,0.292958064419976,1.00453369992334,0.291635874876406,FALSE,TRUE
"GSE63089","STAD","validation","WNT_CTNNB1",45,45,TRUE,45,0.99,"SMCRH",0,0.000454545454545455,0.148540185292454,0.447200546537972,0.148540185292454,0.447200546537972,0.272921886498946,0.0755800703865075,0.000840564940465211,0.878460547979186,0.243271475584987,0.368388210078021,1.18574040743141,0.310682007435367,FALSE,TRUE
"GSE13911","STAD","validation","EPH_RECEPTORS",38,31,FALSE,NA,NA,"SMD",1.74823984832113,0.080721263897479,0.267753367733618,0.427969535243915,-0.389013270560891,0.286790172261676,0.615797621958688,0.0876757475343814,1.81804421129748e-09,1.89471289004866,0.26976455100567,0.65676663829451,2.02076814030636,0.32500840902754,FALSE,TRUE
"GSE13911","STAD","validation","ERBB_LIGANDS",38,31,FALSE,NA,NA,"SMD",-1.06353721245113,0.0667703134265402,-0.147400231717256,0.328742001828178,0.192012284019078,0.298472031909294,-0.292348451405057,0.0853022944194503,0.00107926167696475,-0.924538422644179,0.26976455100567,-0.339412515736334,-1.07337634393618,0.316210169577312,FALSE,TRUE
"GSE13911","STAD","validation","ERBB_RECEPTORS",38,31,FALSE,NA,NA,"SMD",-0.757395801882923,0.0627307264587254,-0.122452932460507,0.435892805479859,0.183045862383053,0.347693099085959,-0.325150264452121,0.0971990186634044,0.00138913231667381,-0.90241667359884,0.26976455100567,-0.305498794843559,-0.847876309421777,0.360310568238307,FALSE,TRUE
"GSE13911","STAD","validation","FGFR_AXIS",38,31,FALSE,NA,NA,"SMD",-0.041839909592128,0.0585865393378906,0.0180504735542705,0.398083626175013,0.0327527082223959,0.272308170365279,-0.139266419533043,0.0894596275032133,0.12453916354373,-0.419956400267249,0.26976455100567,-0.0147022346681253,-0.044334431572324,0.33162113839536,FALSE,TRUE
"GSE13911","STAD","validation","HGF_MET_AXIS",38,31,FALSE,NA,NA,"SMD",0.505035730555999,0.0604221227516845,0.0710734477835966,0.44244557746481,-0.151480798893261,0.427269889193193,0.295040100618188,0.109951214555121,0.00929895335521063,0.72387886385768,0.269764551005669,0.222554246676857,0.546035318228244,0.407582145783158,FALSE,TRUE
"GSE13911","STAD","validation","IGF_INSR_AXIS",38,31,FALSE,NA,NA,"SMD",-0.139781672085458,0.0587154403365597,-0.0201895398676902,0.479173137690307,0.0412347877761169,0.372062162562897,-0.14332221300721,0.110765454847401,0.200414797255907,-0.349055149859622,0.26976455100567,-0.0614243276438069,-0.149596335703084,0.410600482659686,FALSE,TRUE
"GSE13911","STAD","validation","JAK_STAT",38,31,FALSE,NA,NA,"SMD",0.797749085830825,0.0631854743082474,0.120454125309251,0.377895883099398,-0.171827702127875,0.342001875919281,0.372995712711261,0.0901036415091691,0.000105244646973506,1.1167253540619,0.269764551005669,0.292281827437125,0.875073133838535,0.334008457276047,FALSE,TRUE
"GSE13911","STAD","validation","PDGFR_KIT_CSF1R",38,31,FALSE,NA,NA,"SMD",-0.760445263271123,0.0627642670219255,-0.109778200405037,0.452819074688248,0.201544460648296,0.336241092624659,-0.391588423126153,0.0652944139400771,1.07288948994416e-07,-1.61785164716527,0.26976455100567,-0.311322661053333,-1.28623281547511,0.242042231629999,FALSE,TRUE
"GSE13911","STAD","validation","PI3K_AKT",38,31,FALSE,NA,NA,"SMD",0.721922369527148,0.0623504620160719,0.106212348569839,0.319488760315051,-0.113614823314274,0.276691754978105,0.176899076538291,0.0792460336267479,0.0291601713301958,0.602189128864643,0.269764551005669,0.219827171884113,0.748322352655234,0.293759996750212,FALSE,TRUE
"GSE13911","STAD","validation","RAS_MAPK",38,31,FALSE,NA,NA,"SMD",0.848962987798458,0.0637965942409124,0.115233646536776,0.276209654239757,-0.125530097384759,0.285503079071889,0.294772258107587,0.0753797391233124,0.00022808391197703,1.05491351896611,0.26976455100567,0.240763743921535,0.861631043471602,0.279427889403186,FALSE,TRUE
"GSE13911","STAD","validation","RET_ALK_NTRK",38,31,FALSE,NA,NA,"SMD",-0.745849817969804,0.0626049550837668,-0.118926933117537,0.325052506621448,0.14632277379564,0.38188178743521,-0.257878352285282,0.0934707245339245,0.00758240849247367,-0.744259106422914,0.26976455100567,-0.265249706913178,-0.765533469935267,0.346490019483546,FALSE,TRUE
"GSE13911","STAD","validation","SRC_FAK",38,31,FALSE,NA,NA,"SMD",-0.0909578727691164,0.0586338056899486,-0.00156397610388392,0.336519324867235,0.0287916741514522,0.321733923693049,-0.0425168158039856,0.0907157682751657,0.640914933893959,-0.126433694424135,0.26976455100567,-0.0303556502553361,-0.0902696247556078,0.336277572190199,FALSE,TRUE
"GSE13911","STAD","validation","TAM_AXL_AXIS",38,31,FALSE,NA,NA,"SMD",-0.271781695828043,0.0591091097158072,-0.0554367813467635,0.472081603388246,0.0670975542241682,0.41104633884137,-0.20410625918198,0.113799886241206,0.0776838478944498,-0.483837332218145,0.26976455100567,-0.122534335570932,-0.290469710558474,0.42184892646927,FALSE,TRUE
"GSE13911","STAD","validation","TGFB_SMAD",38,31,FALSE,NA,NA,"SMD",0.249379851062691,0.059024508410944,0.012776236364294,0.389138288619607,-0.095637010737912,0.475269647142547,0.138261429574232,0.118073450454177,0.246017644058005,0.315888392581275,0.26976455100567,0.108413247102206,0.247693709424909,0.437690756676534,FALSE,TRUE
"GSE13911","STAD","validation","TIE_ANGPT_AXIS",38,31,FALSE,NA,NA,"SMD",0.227129369451726,0.0589476782685635,0.0532260811530869,0.40579608893788,-0.0442516461744972,0.446166556632092,-0.023322976493398,0.100934611180826,0.818009099607564,-0.0623345372637895,0.269764551005669,0.097477727327584,0.260525453439049,0.374158171652081,FALSE,TRUE
"GSE13911","STAD","validation","VEGF_PDGF_AXIS",38,31,FALSE,NA,NA,"SMD",0.941514582861891,0.0649974026111292,0.13709011677983,0.344395476468998,-0.171998266569102,0.298376334384795,0.186267445394464,0.0770422058945065,0.0185221677857006,0.652218523475501,0.26976455100567,0.309088383348932,1.08227805768394,0.285590547784343,FALSE,TRUE
"GSE13911","STAD","validation","WNT_CTNNB1",38,31,FALSE,NA,NA,"SMD",1.38518947761347,0.0724778386919225,0.220355089872936,0.416990724680683,-0.323011527258238,0.348591790443183,0.590621887812166,0.102571268812365,2.72433425419275e-07,1.55334773786637,0.26976455100567,0.543366617131174,1.42906540202796,0.380225157197208,FALSE,TRUE
"GSE15471","PAAD","discovery","EPH_RECEPTORS",36,36,TRUE,36,0.99,"SMCRH",0,0.000571428571428572,-0.054643729641832,0.416577589797662,-0.054643729641832,0.416577589797662,-0.130199147250954,0.10680849284248,0.23204053560647,-0.42071166713548,0.345129595982499,0.0608312024019337,0.196563473085158,0.309473583505414,FALSE,TRUE
"GSE15471","PAAD","discovery","ERBB_LIGANDS",36,36,TRUE,36,0.99,"SMCRH",0,0.000571428571428567,-0.0619379294698163,0.294396547491306,-0.0619379294698163,0.294396547491306,-0.0350566770241569,0.100589244143531,0.729810684697733,-0.120282211889097,0.345129595982499,0.147467929364973,0.50597404638498,0.291453544739268,FALSE,TRUE
"GSE15471","PAAD","discovery","ERBB_RECEPTORS",36,36,TRUE,36,0.99,"SMCRH",0,0.000571428571428573,0.0541791107688795,0.481630758597633,0.0541791107688795,0.481630758597633,-0.0382438688190266,0.114004501119218,0.739538361822271,-0.115776928671577,0.345129595982499,-0.024294526095335,-0.0735476221864354,0.330323746344253,FALSE,TRUE
"GSE15471","PAAD","discovery","FGFR_AXIS",36,36,TRUE,36,0.99,"SMCRH",0,0.000571428571428573,-0.0570555485272705,0.351124381387335,-0.0570555485272705,0.351124381387335,0.218892464372089,0.0896943555233746,0.0205820910016028,0.842263343680138,0.345129595982499,0.132915848274898,0.511439016949422,0.259886015477858,FALSE,TRUE
"GSE15471","PAAD","discovery","HGF_MET_AXIS",36,36,TRUE,36,0.99,"SMCRH",0,0.000571428571428576,-0.300956654537123,0.427668497528503,-0.300956654537123,0.427668497528503,0.451997848780752,0.13064985583392,0.00159656110771216,1.19401459679344,0.345129595982499,0.753379132533316,1.99015478412309,0.378553034439114,FALSE,TRUE
"GSE15471","PAAD","discovery","IGF_INSR_AXIS",36,36,TRUE,36,0.99,"SMCRH",0,0.00057142857142857,-0.0110024380414522,0.4447148505352,-0.0110024380414522,0.4447148505352,0.168826800508171,0.130681273559934,0.205941425549646,0.445872035549762,0.345129595982499,0.0756593662291532,0.199816590301163,0.378644066116429,FALSE,TRUE
"GSE15471","PAAD","discovery","JAK_STAT",36,36,TRUE,36,0.99,"SMCRH",0,0.000571428571428573,-0.252135579236488,0.565090225943767,-0.252135579236488,0.565090225943767,0.373193305052974,0.0870429293295159,0.000163335918686675,1.47973023872751,0.345129595982499,0.545261861088799,2.16199072425323,0.252203607985939,FALSE,TRUE
"GSE15471","PAAD","discovery","PDGFR_KIT_CSF1R",36,36,TRUE,36,0.99,"SMCRH",0,0.00057142857142857,-0.198492966117638,0.519516057968351,-0.198492966117638,0.519516057968351,0.421013766484407,0.0838215229708666,2.01226943061988e-05,1.73349643361093,0.345129595982499,0.479867910042847,1.97582449051441,0.242869704443188,FALSE,TRUE
"GSE15471","PAAD","discovery","PI3K_AKT",36,36,TRUE,36,0.99,"SMCRH",0,0.000571428571428577,-0.0854476280494189,0.293784879311446,-0.0854476280494189,0.293784879311446,0.20362402036887,0.0923978121397162,0.0350963083061374,0.760588094618236,0.345129595982499,0.173718292365651,0.648882507826779,0.267719179158433,FALSE,TRUE
"GSE15471","PAAD","discovery","RAS_MAPK",36,36,TRUE,36,0.99,"SMCRH",0,0.000571428571428574,-0.186631279142933,0.330569897411987,-0.186631279142933,0.330569897411987,0.21454224566767,0.0910577351898333,0.0249691250267263,0.813164070181358,0.345129595982499,0.336442686050879,1.27519455723264,0.263836356689765,FALSE,TRUE
"GSE15471","PAAD","discovery","RET_ALK_NTRK",36,36,TRUE,36,0.99,"SMCRH",0,0.000571428571428574,0.190203723363344,0.455949219471104,0.190203723363344,0.455949219471104,-0.335825898331088,0.126125295834312,0.0121816484362267,-0.91895488406805,0.345129595982499,-0.451419211328645,-1.23526473412013,0.365443292324044,FALSE,TRUE
"GSE15471","PAAD","discovery","SRC_FAK",36,36,TRUE,36,0.99,"SMCRH",0,0.00057142857142856,-0.000922312397530542,0.254315442588882,-0.000922312397530542,0.254315442588882,-0.135251258965058,0.0689926350609668,0.0589925437148554,-0.676582541331925,0.345129595982499,-0.0104698450981228,-0.052374480341581,0.199903560471427,FALSE,TRUE
"GSE15471","PAAD","discovery","TAM_AXL_AXIS",36,36,TRUE,36,0.99,"SMCRH",0,0.000571428571428574,-0.078138295902789,0.388255644634103,-0.078138295902789,0.388255644634103,0.110914561483867,0.107084356717614,0.30832288371196,0.357474228420204,0.345129595982499,0.218203773821657,0.703264067780851,0.310272888689164,FALSE,TRUE
"GSE15471","PAAD","discovery","TGFB_SMAD",36,36,TRUE,36,0.99,"SMCRH",0,0.000571428571428578,-0.255007677145619,0.577696594423377,-0.255007677145619,0.577696594423377,0.498387591336557,0.127742528842726,0.000479982286949966,1.34652342958115,0.345129595982499,0.675943919347772,1.82623793269775,0.370129164029166,FALSE,TRUE
"GSE15471","PAAD","discovery","TIE_ANGPT_AXIS",36,36,TRUE,36,0.99,"SMCRH",0,0.000571428571428565,-0.213624403133049,0.500428001748266,-0.213624403133049,0.500428001748266,0.33092174726711,0.106878119454606,0.00413738973043703,1.06860870605633,0.345129595982499,0.444547885376994,1.43552892638798,0.309675323990544,FALSE,TRUE
"GSE15471","PAAD","discovery","VEGF_PDGF_AXIS",36,36,TRUE,36,0.99,"SMCRH",0,0.000571428571428578,-0.132961549329328,0.361401947223731,-0.132961549329328,0.361401947223731,0.250044110236824,0.0843224884119763,0.00577331767801497,1.02342357737609,0.345129595982499,0.277651817497201,1.13642115408688,0.244321232932606,FALSE,TRUE
"GSE15471","PAAD","discovery","WNT_CTNNB1",36,36,TRUE,36,0.99,"SMCRH",0,0.000571428571428566,-0.278234597067322,0.351900004062197,-0.278234597067322,0.351900004062197,0.344514964007954,0.11805008844524,0.00649675585748395,1.00721915505507,0.345129595982499,0.509342800633974,1.48910752473466,0.342045683185124,FALSE,TRUE
"GSE28735","PAAD","validation","EPH_RECEPTORS",45,45,TRUE,45,0.99,"SMCRH",0,0.00045454545454546,-0.125910070015432,0.488566290147134,-0.125910070015432,0.488566290147134,0.0315065915545316,0.0912927154454143,0.73181530186016,0.128641152301024,0.37274740084979,0.576387375640863,2.35338487966462,0.244918449430593,FALSE,TRUE
"GSE28735","PAAD","validation","ERBB_LIGANDS",45,45,TRUE,45,0.99,"SMCRH",0,0.000454545454545457,-0.00739067732640244,0.38769094447546,-0.00739067732640244,0.38769094447546,-0.0177614512157252,0.124550774276601,0.88731876954682,-0.0531553080615867,0.37274740084979,0.204268894811017,0.611322571517484,0.334142569452263,FALSE,TRUE
"GSE28735","PAAD","validation","ERBB_RECEPTORS",45,45,TRUE,45,0.99,"SMCRH",0,0.000454545454545452,-0.034231711605056,0.440991836092478,-0.034231711605056,0.440991836092478,-0.211003932128969,0.118824194652592,0.0833798354244132,-0.661912058399487,0.37274740084979,0.129747100399498,0.407012179490119,0.318779404984976,FALSE,TRUE
"GSE28735","PAAD","validation","FGFR_AXIS",45,45,TRUE,45,0.99,"SMCRH",0,0.00045454545454545,-0.00873007285826377,0.318923908395198,-0.00873007285826377,0.318923908395198,-0.0295814376522573,0.116057238965882,0.800116625915499,-0.0950083260340228,0.37274740084979,-0.209366356574153,-0.672433412459069,0.311356266204123,FALSE,TRUE
"GSE28735","PAAD","validation","HGF_MET_AXIS",45,45,TRUE,45,0.99,"SMCRH",0,0.000454545454545456,-0.0505604985435645,0.48066606783281,-0.0505604985435645,0.48066606783281,0.241369990973089,0.103346993567596,0.0246168836420997,0.870562690529642,0.37274740084979,0.555468395584472,2.00343903156592,0.277257449232337,FALSE,TRUE
"GSE28735","PAAD","validation","IGF_INSR_AXIS",45,45,TRUE,45,0.99,"SMCRH",0,0.000454545454545449,0.0177562751642061,0.4978147549169,0.0177562751642061,0.4978147549169,-0.076232280066581,0.145179076192966,0.602418237326093,-0.195726443512444,0.37274740084979,-0.371715183504644,-0.954379047870479,0.389483805553001,FALSE,TRUE
"GSE28735","PAAD","validation","JAK_STAT",45,45,TRUE,45,0.99,"SMCRH",0,0.000454545454545452,0.0697839752110574,0.522819929381872,0.0697839752110574,0.522819929381872,0.116896432950741,0.104363118702905,0.269354524573524,0.417511876729567,0.37274740084979,0.222085481859798,0.793209202240988,0.279983491407259,FALSE,TRUE
"GSE28735","PAAD","validation","PDGFR_KIT_CSF1R",45,45,TRUE,45,0.99,"SMCRH",0,0.000454545454545454,0.00874334267868327,0.476633490752714,0.00874334267868327,0.476633490752714,0.0523353519337097,0.113212463211485,0.646388493602014,0.172312003930238,0.37274740084979,-0.121006215275415,-0.39840801048842,0.303724353150104,FALSE,TRUE
"GSE28735","PAAD","validation","PI3K_AKT",45,45,TRUE,45,0.99,"SMCRH",0,0.000454545454545449,0.0190274903365938,0.307329352592241,0.0190274903365938,0.307329352592241,-0.117754321615106,0.0856864292969377,0.177016538651673,-0.512247011352935,0.37274740084979,0.0882534853478162,0.383914437201425,0.22987800612852,FALSE,TRUE
"GSE28735","PAAD","validation","RAS_MAPK",45,45,TRUE,45,0.99,"SMCRH",0,0.000454545454545459,-0.0293492771811375,0.348561339550695,-0.0293492771811375,0.348561339550695,0.0561148565289036,0.0894632047838043,0.534066493866218,0.233801896218168,0.37274740084979,0.3387380590582,1.41134817814736,0.24001027124494,FALSE,TRUE
"GSE28735","PAAD","validation","SRC_FAK",45,45,TRUE,45,0.99,"SMCRH",0,0.000454545454545452,-0.0156234761683593,0.375282988332897,-0.0156234761683593,0.375282988332897,0.0697286731789121,0.0909524788710883,0.447791195555651,0.285766611473917,0.37274740084979,0.306418372069975,1.25578382446939,0.244005668889266,FALSE,TRUE
"GSE28735","PAAD","validation","TAM_AXL_AXIS",45,45,TRUE,45,0.99,"SMCRH",0,0.000454545454545457,0.043975757999008,0.454689693349846,0.043975757999008,0.454689693349846,-0.0972175261291692,0.129835452818817,0.458373542747897,-0.279103891848887,0.37274740084979,-0.139428005209311,-0.40028686633047,0.348320209672335,FALSE,TRUE
"GSE28735","PAAD","validation","TGFB_SMAD",45,45,TRUE,45,0.99,"SMCRH",0,0.000454545454545455,0.100526387441749,0.462780742621272,0.100526387441749,0.462780742621272,0.159470015098284,0.132160014354418,0.234657476760664,0.449773208119927,0.37274740084979,0.356152318107996,1.00450088122244,0.354556501408513,FALSE,TRUE
"GSE28735","PAAD","validation","TIE_ANGPT_AXIS",45,45,TRUE,45,0.99,"SMCRH",0,0.000454545454545455,-0.00372086381339772,0.546310303931137,-0.00372086381339772,0.546310303931137,-0.0283401840239627,0.109895733334145,0.797819799784755,-0.0961250233657131,0.37274740084979,0.0370842842638779,0.12578350544061,0.294826290092444,FALSE,TRUE
"GSE28735","PAAD","validation","VEGF_PDGF_AXIS",45,45,TRUE,45,0.99,"SMCRH",0,0.000454545454545452,0.0128977206520769,0.436952224592096,0.0128977206520769,0.436952224592096,0.0136658944765295,0.124603308985422,0.913215358283431,0.040881150652346,0.37274740084979,0.00684985603269246,0.0204911575235943,0.334283508620989,FALSE,TRUE
"GSE28735","PAAD","validation","WNT_CTNNB1",45,45,TRUE,45,0.99,"SMCRH",0,0.000454545454545459,-0.00769982238138413,0.361953026441211,-0.00769982238138413,0.361953026441211,0.0847667015435162,0.127832527708933,0.511065262644286,0.247171578668139,0.37274740084979,0.293154176493187,0.854809486243621,0.342946798334475,FALSE,TRUE
"GSE62452","PAAD","validation","EPH_RECEPTORS",42,42,TRUE,42,0.99,"SMCRH",0,0.000487804878048781,-0.116907017336232,0.470471757520941,-0.116907017336232,0.470471757520941,0.0254261933630698,0.10434603727604,0.80883100514838,0.0944806539536659,0.387737232173854,0.569849314192427,2.11749100980833,0.269115340538805,FALSE,TRUE
"GSE62452","PAAD","validation","ERBB_LIGANDS",42,42,TRUE,42,0.99,"SMCRH",0,0.000487804878048783,-0.0235765809362097,0.374945331718937,-0.0235765809362097,0.374945331718937,0.0139060610683126,0.127713585727019,0.913882288858335,0.0422186692071509,0.387737232173854,0.194151788647152,0.589442984652837,0.329381795529387,FALSE,TRUE
"GSE62452","PAAD","validation","ERBB_RECEPTORS",42,42,TRUE,42,0.99,"SMCRH",0,0.000487804878048781,-0.0171176374900772,0.431938276337376,-0.0171176374900772,0.431938276337376,-0.274994020769262,0.117845116795223,0.0251626413177746,-0.90479286182654,0.387737232173854,0.110797794295338,0.364549938591802,0.303930360606649,FALSE,TRUE
"GSE62452","PAAD","validation","FGFR_AXIS",42,42,TRUE,42,0.99,"SMCRH",0,0.000487804878048778,-0.00701338082820178,0.311856537038915,-0.00701338082820178,0.311856537038915,-0.0457124228851185,0.116356989451021,0.696674635207419,-0.152327835302901,0.387737232173854,-0.182782768401237,-0.609088332753767,0.300092381633469,FALSE,TRUE
"GSE62452","PAAD","validation","HGF_MET_AXIS",42,42,TRUE,42,0.99,"SMCRH",0,0.000487804878048784,-0.03809854610248,0.489854390837484,-0.03809854610248,0.489854390837484,0.211809882930916,0.103284924118857,0.0474256289205708,0.795145840066581,0.387737232173854,0.580185284577208,2.17804716718474,0.266378659433319,FALSE,TRUE
"GSE62452","PAAD","validation","IGF_INSR_AXIS",42,42,TRUE,42,0.99,"SMCRH",0,0.000487804878048779,0.0113354142959264,0.499198881111198,0.0113354142959264,0.499198881111198,-0.198734647573541,0.146074450719419,0.181901998581262,-0.527517452968024,0.387737232173854,-0.393871214949125,-1.04548423057685,0.376735682308481,FALSE,TRUE
"GSE62452","PAAD","validation","JAK_STAT",42,42,TRUE,42,0.99,"SMCRH",0,0.000487804878048782,0.0798429659532453,0.524069556348438,0.0798429659532453,0.524069556348438,0.120119638708638,0.11242842112799,0.292256945425101,0.414262299295205,0.387737232173854,0.259225881316503,0.894004600625542,0.289960343755637,FALSE,TRUE
"GSE62452","PAAD","validation","PDGFR_KIT_CSF1R",42,42,TRUE,42,0.99,"SMCRH",0,0.00048780487804878,0.0309885163314551,0.465489897011945,0.0309885163314551,0.465489897011945,-0.00859914277095675,0.121025724221008,0.943738887160055,-0.0275495795504589,0.387737232173854,-0.116491449280802,-0.373210508813618,0.312133357796145,FALSE,TRUE
"GSE62452","PAAD","validation","PI3K_AKT",42,42,TRUE,42,0.99,"SMCRH",0,0.000487804878048782,0.00128843089522474,0.301951247011138,0.00128843089522474,0.301951247011138,-0.126652588763079,0.081878180158052,0.130413016945417,-0.59976814482021,0.387737232173854,0.0721054668709667,0.341458177199151,0.211169249078818,FALSE,TRUE
"GSE62452","PAAD","validation","RAS_MAPK",42,42,TRUE,42,0.99,"SMCRH",0,0.000487804878048781,-0.0203576730696848,0.33689818378888,-0.0203576730696848,0.33689818378888,0.0739134294021068,0.0951232609866778,0.442082046602752,0.301282654101442,0.387737232173854,0.341210411488542,1.3908267984841,0.245329189702438,FALSE,TRUE
"GSE62452","PAAD","validation","SRC_FAK",42,42,TRUE,42,0.99,"SMCRH",0,0.000487804878048777,-0.0476812577918875,0.355367414085116,-0.0476812577918875,0.355367414085116,0.0616335608593983,0.0970916612027347,0.529466475406032,0.246134693758528,0.387737232173854,0.312394656322242,1.2475534756313,0.250405824218606,FALSE,TRUE
"GSE62452","PAAD","validation","TAM_AXL_AXIS",42,42,TRUE,42,0.99,"SMCRH",0,0.000487804878048786,0.0634240552699134,0.434291751130212,0.0634240552699134,0.434291751130212,-0.118774984299458,0.128826481479678,0.362513985817097,-0.357484603590835,0.387737232173854,-0.117538001795486,-0.353761578892586,0.33225202737795,FALSE,TRUE
"GSE62452","PAAD","validation","TGFB_SMAD",42,42,TRUE,42,0.99,"SMCRH",0,0.000487804878048783,0.0925838570684489,0.464131699472367,0.0925838570684489,0.464131699472367,0.115400128218612,0.138521383866597,0.410142266098419,0.323018187221433,0.387737232173854,0.344675154803022,0.964785268468896,0.357255822686863,FALSE,TRUE
"GSE62452","PAAD","validation","TIE_ANGPT_AXIS",42,42,TRUE,42,0.99,"SMCRH",0,0.000487804878048774,0.0241537729497074,0.551585915541834,0.0241537729497074,0.551585915541834,-0.0440394376031326,0.116337186965642,0.707185552091423,-0.146777914165784,0.387737232173854,0.0633151105190131,0.211021310964602,0.300041309712239,FALSE,TRUE
"GSE62452","PAAD","validation","VEGF_PDGF_AXIS",42,42,TRUE,42,0.99,"SMCRH",0,0.000487804878048783,-0.00928429893372902,0.440777250775993,-0.00928429893372902,0.440777250775993,-0.012124322215899,0.128689592359989,0.92544776935139,-0.0365301579697772,0.387737232173854,0.0182487509663598,0.0549828471795375,0.331898981272677,FALSE,TRUE
"GSE62452","PAAD","validation","WNT_CTNNB1",42,42,TRUE,42,0.99,"SMCRH",0,0.000487804878048779,-0.0332941883345451,0.35489244810041,-0.0332941883345451,0.35489244810041,0.0697025863481668,0.135599261543566,0.610285035007017,0.199309993272449,0.387737232173854,0.301395206756771,0.861819909106144,0.349719475695763,FALSE,TRUE
"GSE57957","HCC","discovery","EPH_RECEPTORS",37,37,TRUE,37,0.99,"SMCRH",0,0.000555555555555551,-0.0262358357297367,0.352557568125172,-0.0262358357297367,0.352557568125172,-0.0964007261075939,0.103897250068139,0.360433115312619,-0.344211963741926,0.370979326788731,-0.0521288773161481,-0.186133278795291,0.280062102024643,FALSE,TRUE
"GSE57957","HCC","discovery","ERBB_LIGANDS",37,37,TRUE,37,0.99,"SMCRH",0,0.000555555555555562,0.0347245475663215,0.386260412849852,0.0347245475663215,0.386260412849852,0.194968336872565,0.11795628658398,0.10813354475724,0.61318666815276,0.370979326788731,-0.109390446654454,-0.344039266004662,0.317959190893553,FALSE,TRUE
"GSE57957","HCC","discovery","ERBB_RECEPTORS",37,37,TRUE,37,0.99,"SMCRH",0,0.000555555555555554,0.0426780004263398,0.399406074536207,0.0426780004263398,0.399406074536207,-0.56012101520408,0.121360667842571,6.05629988968115e-05,-1.71219655292421,0.370979326788731,-0.227903191823778,-0.696662058464139,0.327135932056086,FALSE,TRUE
"GSE57957","HCC","discovery","FGFR_AXIS",37,37,TRUE,37,0.99,"SMCRH",0,0.000555555555555564,-0.0411571005241352,0.280458894904067,-0.0411571005241352,0.280458894904067,0.043890494905867,0.0945698949279465,0.645713451894225,0.172173885410452,0.370979326788731,-0.106497806839994,-0.41777020812045,0.254919582033214,FALSE,TRUE
"GSE57957","HCC","discovery","HGF_MET_AXIS",37,37,TRUE,37,0.99,"SMCRH",0,0.000555555555555553,-0.153612238407183,0.470634164953478,-0.153612238407183,0.470634164953478,-0.0863840390040708,0.157773322316852,0.587820418931524,-0.203118576476846,0.370979326788731,-0.172186139762205,-0.40486881605402,0.425288718060299,FALSE,TRUE
"GSE57957","HCC","discovery","IGF_INSR_AXIS",37,37,TRUE,37,0.99,"SMCRH",0,0.000555555555555561,0.0298049573523192,0.341917633232484,0.0298049573523192,0.341917633232484,-0.20345390997825,0.125988184129566,0.116158575992485,-0.599081533540051,0.370979326788731,-0.303891730086592,-0.894826369814555,0.339609716854423,FALSE,TRUE
"GSE57957","HCC","discovery","JAK_STAT",37,37,TRUE,37,0.99,"SMCRH",0,0.000555555555555555,-0.0118151480886164,0.335567362318821,-0.0118151480886164,0.335567362318821,0.141196888560781,0.116785028185341,0.235508027429094,0.44852604376489,0.370979326788731,0.102776093743146,0.326478544889317,0.314801984240617,FALSE,TRUE
"GSE57957","HCC","discovery","PDGFR_KIT_CSF1R",37,37,TRUE,37,0.99,"SMCRH",0,0.000555555555555555,-0.0422836352026218,0.430359519821396,-0.0422836352026218,0.430359519821396,0.0925639332355702,0.163518329455597,0.575290230772453,0.210002791436135,0.370979326788731,-0.0724419268786296,-0.164351344306084,0.440774775433022,FALSE,TRUE
"GSE57957","HCC","discovery","PI3K_AKT",37,37,TRUE,37,0.99,"SMCRH",0,0.000555555555555563,-0.0151268584224508,0.278527269155197,-0.0151268584224508,0.278527269155197,-0.0481510150466889,0.109879891536092,0.664174557818706,-0.162568700209786,0.370979326788731,0.0367640671758517,0.124123792809108,0.296188718889631,FALSE,TRUE
"GSE57957","HCC","discovery","RAS_MAPK",37,37,TRUE,37,0.99,"SMCRH",0,0.000555555555555559,-0.107278401218301,0.35436801224527,-0.107278401218301,0.35436801224527,0.213566741446237,0.114182855764443,0.0706002100871756,0.693876899782888,0.370979326788731,0.26218397111869,0.851833950458057,0.307787651546062,FALSE,TRUE
"GSE57957","HCC","discovery","RET_ALK_NTRK",37,37,TRUE,37,0.99,"SMCRH",0,0.000555555555555556,-0.00568826282090795,0.307660735083851,-0.00568826282090795,0.307660735083851,-0.0694620130240776,0.105511551997684,0.515031419563486,-0.244228905187822,0.370979326788731,-0.221198712822461,-0.777736162683034,0.284413562639764,FALSE,TRUE
"GSE57957","HCC","discovery","SRC_FAK",37,37,TRUE,37,0.99,"SMCRH",0,0.000555555555555558,-0.0527047890178245,0.311829754289722,-0.0527047890178245,0.311829754289722,-0.0740022675138875,0.0950362765644702,0.441892148394398,-0.288871916867639,0.370979326788731,-0.175855257303174,-0.686460658234377,0.256176745445959,FALSE,TRUE
"GSE57957","HCC","discovery","TAM_AXL_AXIS",37,37,TRUE,37,0.99,"SMCRH",0,0.00055555555555556,0.0255430357625238,0.437623775612931,0.0255430357625238,0.437623775612931,0.0130315843687492,0.159269263945961,0.935298630258186,0.0303539319284443,0.370979326788731,-0.1284832683976,-0.299270777253856,0.429321130437717,FALSE,TRUE
"GSE57957","HCC","discovery","TGFB_SMAD",37,37,TRUE,37,0.99,"SMCRH",0,0.00055555555555555,-0.042984113918029,0.369798105441178,-0.042984113918029,0.369798105441178,0.347060045415841,0.120212534992955,0.00691488688145866,1.07103724259022,0.370979326788731,0.132574694169879,0.409129304154894,0.324041061892958,FALSE,TRUE
"GSE57957","HCC","discovery","TIE_ANGPT_AXIS",37,37,TRUE,37,0.99,"SMCRH",0,0.000555555555555556,0.0513208485776867,0.463499808071882,0.0513208485776867,0.463499808071882,-0.0378379790617984,0.115344986984182,0.745016870735207,-0.121696732267325,0.370979326788731,0.179215843993622,0.576404531249769,0.310920255267674,FALSE,TRUE
"GSE57957","HCC","discovery","VEGF_PDGF_AXIS",37,37,TRUE,37,0.99,"SMCRH",0,0.00055555555555555,-0.0500534788458803,0.287782084251721,-0.0500534788458803,0.287782084251721,0.0904691976127187,0.0926192776928853,0.336002178576645,0.362367347937774,0.370979326788731,0.259589137707815,1.0397641392523,0.249661560644405,FALSE,TRUE
"GSE57957","HCC","discovery","WNT_CTNNB1",37,37,TRUE,37,0.99,"SMCRH",0,0.000555555555555556,-0.0351340056695711,0.411091410560697,-0.0351340056695711,0.411091410560697,0.152820429247905,0.133109489315881,0.259445802623451,0.425914187285434,0.370979326788731,-0.0100021512218774,-0.0278762344127517,0.358805679195395,FALSE,TRUE
"GSE62232","HCC","validation","EPH_RECEPTORS",81,5,FALSE,NA,NA,"SMD",-0.449164843407967,0.213518638643472,0.00624089349858885,0.342908592230625,0.162528542882933,0.381308037622295,-0.188061859383584,0.183430241184215,0.308335376879245,-0.544211308624998,0.530808383600265,-0.156287649384344,-0.452263454547142,0.345567716809745,FALSE,TRUE
"GSE62232","HCC","validation","ERBB_LIGANDS",81,5,FALSE,NA,NA,"SMD",-1.29290684244618,0.222064330775393,-0.0159749829292051,0.363034312398343,0.451591225596632,0.248140266789973,-0.493420332403597,0.18537509600825,0.00939307944469538,-1.41287397670182,0.530808383600265,-0.467566208525836,-1.33884253450452,0.34923166576783,FALSE,TRUE
"GSE62232","HCC","validation","ERBB_RECEPTORS",81,5,FALSE,NA,NA,"SMD",-0.36203658984377,0.213107716758774,0.00406444336051891,0.44443250462967,0.164030449245025,0.276267970875902,-0.171924927122807,0.222980397863824,0.442959525785693,-0.409270023468085,0.530808383600265,-0.159966005884506,-0.380801621254623,0.42007700848927,FALSE,TRUE
"GSE62232","HCC","validation","FGFR_AXIS",81,5,FALSE,NA,NA,"SMD",-0.575406063558935,0.214270633302929,0.00834461721081598,0.343924741124511,0.203363345808405,0.0594741214480569,-0.478595467002484,0.159112673718408,0.00351550105138926,-1.59662005735381,0.530808383600265,-0.195018728597589,-0.650592901743748,0.299755389391571,FALSE,TRUE
"GSE62232","HCC","validation","HGF_MET_AXIS",81,5,FALSE,NA,NA,"SMD",-0.87871504998853,0.216834865867441,-0.0135822811571122,0.437338637077826,0.366876337273025,0.20303164245227,-0.304868006039265,0.227994540859204,0.184956116121557,-0.709782317099743,0.530808383600265,-0.380458618430136,-0.885769560598397,0.429523247754315,FALSE,TRUE
"GSE62232","HCC","validation","IGF_INSR_AXIS",81,5,FALSE,NA,NA,"SMD",-0.978414499362281,0.217911347224917,-0.00446740278445062,0.44237071047027,0.423648205471803,0.187303841086277,-0.609953051641037,0.220586232092712,0.00706163029264447,-1.46776247248989,0.530808383600265,-0.428115608256253,-1.03019736026423,0.415566594100422,FALSE,TRUE
"GSE62232","HCC","validation","JAK_STAT",81,5,FALSE,NA,NA,"SMD",1.00722630948433,0.218243962957214,0.0114630678272468,0.382693335751209,-0.36879248423943,0.102901085284623,0.498091153202149,0.155220147142928,0.00191769373493484,1.70332888341725,0.530808383600265,0.380255552066676,1.30036492467489,0.292422184612327,FALSE,TRUE
"GSE62232","HCC","validation","PDGFR_KIT_CSF1R",81,5,FALSE,NA,NA,"SMD",0.0294289624822622,0.212350714267187,-0.0243438980203879,0.464802996594058,-0.0379986149216535,0.345710586427084,-0.238509166118459,0.190750010234829,0.214807378241124,-0.663709872336718,0.530808383600265,0.0136547169012655,0.0379975770274248,0.359357568810513,FALSE,TRUE
"GSE62232","HCC","validation","PI3K_AKT",81,5,FALSE,NA,NA,"SMD",1.43359192601424,0.224294433723585,0.00962116985292715,0.325494006409944,-0.450965822942152,0.100328279127528,0.379935743585703,0.162785341674043,0.0221075566334231,1.23888966814049,0.530808383600265,0.460586992795078,1.50187624167297,0.306674398339253,FALSE,TRUE
"GSE62232","HCC","validation","RAS_MAPK",81,5,FALSE,NA,NA,"SMD",0.822386865453091,0.216277772945309,-0.0111115258316169,0.317739256154912,-0.269605258684517,0.136306167545636,0.023287598964873,0.150369526423403,0.877314551198732,0.0822058369038769,0.530808383600265,0.258493732852899,0.912489676399563,0.283284008069927,FALSE,TRUE
"GSE62232","HCC","validation","RET_ALK_NTRK",81,5,FALSE,NA,NA,"SMD",-1.37171977488705,0.223285301924068,-0.0155520477118126,0.41784797781971,0.551927339617617,0.195022557617354,-0.284616881100994,0.212118135851015,0.183461984579082,-0.712230597334114,0.530808383600265,-0.567479387329429,-1.42007101423129,0.399613386684478,FALSE,TRUE
"GSE62232","HCC","validation","SRC_FAK",81,5,FALSE,NA,NA,"SMD",-1.03762060017385,0.218605309883887,-0.00963851007360353,0.277753998000057,0.275297856820624,0.111252371050766,-0.266649675725966,0.13435894563627,0.050616481121238,-1.05344592196194,0.530808383600265,-0.284936366894226,-1.12569067600087,0.253121370700602,FALSE,TRUE
"GSE62232","HCC","validation","TAM_AXL_AXIS",81,5,FALSE,NA,NA,"SMD",-0.733838312017188,0.215476601501789,0.00060025905372511,0.434965434110371,0.322324780716353,0.424768957423422,-0.461262731503534,0.217163999033191,0.0367564493004982,-1.12745264415126,0.530808383600265,-0.321724521662627,-0.786382982762289,0.409119384212157,FALSE,TRUE
"GSE62232","HCC","validation","TGFB_SMAD",81,5,FALSE,NA,NA,"SMD",1.39271969411397,0.223622819398235,0.0335544618630103,0.473322026355968,-0.615882459902025,0.0646578250215397,0.431902973971241,0.222925638679069,0.0562219062195172,1.02840445291207,0.530808383600265,0.649436921765034,1.54637467783017,0.419973846620605,FALSE,TRUE
"GSE62232","HCC","validation","TIE_ANGPT_AXIS",81,5,FALSE,NA,NA,"SMD",0.152975521753398,0.21248173430453,-0.0110349522448593,0.468736029119522,-0.0836403647257291,0.50190716300234,-0.486995783204028,0.189619709748287,0.0120808090179714,-1.36326252606243,0.530808383600265,0.0726054124808695,0.203246601794511,0.357228174246554,FALSE,TRUE
"GSE62232","HCC","validation","VEGF_PDGF_AXIS",81,5,FALSE,NA,NA,"SMD",0.389884166546121,0.213229456124691,0.0187447715190605,0.415152389556588,-0.145275887311124,0.450847896335166,-0.343827312530063,0.157578747035226,0.0320483892778293,-1.15819184652425,0.530808383600265,0.164020658830184,0.552508142301943,0.296865595766275,FALSE,TRUE
"GSE62232","HCC","validation","WNT_CTNNB1",81,5,FALSE,NA,NA,"SMD",0.762221182111958,0.215723476282463,0.0291622206767209,0.454641937152516,-0.315871997116078,0.303895219812422,0.286713012843663,0.228004590165455,0.21223552540847,0.66748511858585,0.530808383600265,0.345034217792799,0.803260387435506,0.429542179833313,FALSE,TRUE
"GSE23400","ESCC","discovery","EPH_RECEPTORS",53,53,TRUE,53,0.99,"SMCRH",0,0.000384615384615383,0.0687634653609604,0.405505499363781,0.0687634653609604,0.405505499363781,-0.110116654566876,0.0759750576284171,0.153734180423921,-0.355582480651432,0.245334364410255,-0.0792906985588497,-0.256041044808692,0.309679639911226,FALSE,TRUE
"GSE23400","ESCC","discovery","ERBB_LIGANDS",53,53,TRUE,53,0.99,"SMCRH",0,0.00038461538461539,0.146722689718045,0.416126354450595,0.146722689718045,0.416126354450595,-0.195939704205465,0.0842995869931537,0.0243865084138133,-0.570236990578435,0.245334364410255,-0.214918453508808,-0.625470231495919,0.343611002868663,FALSE,TRUE
"GSE23400","ESCC","discovery","ERBB_RECEPTORS",53,53,TRUE,53,0.99,"SMCRH",0,0.000384615384615386,0.215828163166078,0.354260430613026,0.215828163166078,0.354260430613026,-0.387079791354363,0.0637057640229981,1.91872364603177e-07,-1.49066534315002,0.245334364410255,-0.379835553942605,-1.46276739061296,0.25966914246252,FALSE,TRUE
"GSE23400","ESCC","discovery","FGFR_AXIS",53,53,TRUE,53,0.99,"SMCRH",0,0.000384615384615384,0.168131601617332,0.310638990681329,0.168131601617332,0.310638990681329,-0.281460490858716,0.077008801923327,0.000636570255740626,-0.896675820254574,0.245334364410255,-0.309306784608774,-0.98538844280847,0.313893253839282,FALSE,TRUE
"GSE23400","ESCC","discovery","HGF_MET_AXIS",53,53,TRUE,53,0.99,"SMCRH",0,0.000384615384615388,-0.170454323794521,0.340178875452505,-0.170454323794521,0.340178875452505,0.246187497192662,0.0771034416999283,0.00248660519069021,0.78334055935624,0.245334364410255,0.32703482469079,1.04058754170514,0.314279012177005,FALSE,TRUE
"GSE23400","ESCC","discovery","IGF_INSR_AXIS",53,53,TRUE,53,0.99,"SMCRH",0,0.000384615384615383,-0.161547998605219,0.489478058742353,-0.161547998605219,0.489478058742353,0.360348097654904,0.0904667620876012,0.000229895836717914,0.977218256347062,0.245334364410255,0.308760679147929,0.837319731862245,0.368748839181454,FALSE,TRUE
"GSE23400","ESCC","discovery","JAK_STAT",53,53,TRUE,53,0.99,"SMCRH",0,0.000384615384615384,-0.0326432504328477,0.332445956854394,-0.0326432504328477,0.332445956854394,0.154977629752914,0.0670907063414032,0.0252346380717316,0.566715427018468,0.245334364410255,0.0442476902808787,0.161803021068836,0.273466403708583,FALSE,TRUE
"GSE23400","ESCC","discovery","PDGFR_KIT_CSF1R",53,53,TRUE,53,0.99,"SMCRH",0,0.000384615384615381,0.0526593080427769,0.456958067940118,0.0526593080427769,0.456958067940118,0.0678936776526957,0.0635191645971315,0.290474605418668,0.262230341976995,0.245334364410255,-0.0938200765302574,-0.362367625431768,0.258908550173236,FALSE,TRUE
"GSE23400","ESCC","discovery","PI3K_AKT",53,53,TRUE,53,0.99,"SMCRH",0,0.000384615384615387,-0.104123169374701,0.230261562834244,-0.104123169374701,0.230261562834244,0.166320242197787,0.0631594245264076,0.0113430070624826,0.646048807665956,0.245334364410255,0.182119795194853,0.70742006494967,0.257442224525834,FALSE,TRUE
"GSE23400","ESCC","discovery","RAS_MAPK",53,53,TRUE,53,0.99,"SMCRH",0,0.000384615384615384,0.0193102223929843,0.353977053629881,0.0193102223929843,0.353977053629881,-0.0404164881908628,0.0609122159285953,0.510171810996772,-0.162784316591329,0.245334364410255,-0.0286532839010655,-0.115406000043982,0.248282445368054,FALSE,TRUE
"GSE23400","ESCC","discovery","RET_ALK_NTRK",53,53,TRUE,53,0.99,"SMCRH",0,0.000384615384615386,0.171500246856185,0.380310307913912,0.171500246856185,0.380310307913912,-0.336462713411268,0.0782223153629767,8.28741713010084e-05,-1.05527259784454,0.245334364410255,-0.284075812132589,-0.890967730761676,0.318839619353819,FALSE,TRUE
"GSE23400","ESCC","discovery","SRC_FAK",53,53,TRUE,53,0.99,"SMCRH",0,0.000384615384615384,-0.225434806701816,0.326725138784373,-0.225434806701816,0.326725138784373,0.385406996885217,0.0755612180406733,5.71821420817244e-06,1.25135066733841,0.245334364410255,0.404203727079188,1.31238043862461,0.307992800854909,FALSE,TRUE
"GSE23400","ESCC","discovery","TAM_AXL_AXIS",53,53,TRUE,53,0.99,"SMCRH",0,0.000384615384615381,0.169671443639517,0.431207107052102,0.169671443639517,0.431207107052102,-0.141643230239525,0.0858432699908241,0.105468201619837,-0.4048069448839,0.245334364410255,-0.261335338132258,-0.746879039969816,0.34990316255604,FALSE,TRUE
"GSE23400","ESCC","discovery","TGFB_SMAD",53,53,TRUE,53,0.99,"SMCRH",0,0.000384615384615389,-0.183020440389555,0.367227219231218,-0.183020440389555,0.367227219231218,0.323143656868104,0.0722322032939848,4.71304007265931e-05,1.09754707811251,0.245334364410255,0.306368032433355,1.04056920715468,0.29442350429635,FALSE,TRUE
"GSE23400","ESCC","discovery","TIE_ANGPT_AXIS",53,53,TRUE,53,0.99,"SMCRH",0,0.000384615384615386,-0.0600939517825406,0.59107204535449,-0.0600939517825406,0.59107204535449,0.167985137933257,0.0712852755509897,0.0225763188875581,0.578135200105183,0.245334364410255,0.0975056073850789,0.335573875942211,0.290563760695931,FALSE,TRUE
"GSE23400","ESCC","discovery","VEGF_PDGF_AXIS",53,53,TRUE,53,0.99,"SMCRH",0,0.000384615384615386,-0.185919393303609,0.371817378774628,-0.185919393303609,0.371817378774628,0.264868625623431,0.0757646243293342,0.00102759783188308,0.857674363131276,0.245334364410255,0.317592615977907,1.02840056651825,0.308821899090494,FALSE,TRUE
"GSE23400","ESCC","discovery","WNT_CTNNB1",53,53,TRUE,53,0.99,"SMCRH",0,0.000384615384615387,-0.153473991332313,0.461046853210362,-0.153473991332313,0.461046853210362,0.228586450896656,0.0867940238317969,0.0113335319890378,0.646128721399157,0.245334364410255,0.292811522779672,0.827669068234075,0.353778501598976,FALSE,TRUE
"GSE20347","ESCC","validation","EPH_RECEPTORS",17,17,TRUE,17,0.99,"SMCRH",0,0.00125000000000001,0.15486665624641,0.259991111549702,0.15486665624641,0.259991111549702,-0.586989508616833,0.139075032243488,0.00118749562835792,-2.80549208970061,0.664703367106778,-0.196999110485209,-0.941549104423739,0.209228716335277,FALSE,TRUE
"GSE20347","ESCC","validation","ERBB_LIGANDS",17,17,TRUE,17,0.99,"SMCRH",0,0.00125000000000002,0.155528751371344,0.43067102131297,0.155528751371344,0.43067102131297,-0.398495774469959,0.263036118600047,0.155664478745789,-1.00701563145692,0.664703367106778,-0.204901354193264,-0.517794365206911,0.395719551933296,FALSE,TRUE
"GSE20347","ESCC","validation","ERBB_RECEPTORS",17,17,TRUE,17,0.99,"SMCRH",0,0.00124999999999999,0.132844404010121,0.41591545887885,0.132844404010121,0.41591545887885,-0.293727068861776,0.298318787816183,0.344253090557105,-0.654472261408927,0.664703367106778,-0.239894975176407,-0.534525495088863,0.44879987461875,FALSE,TRUE
"GSE20347","ESCC","validation","FGFR_AXIS",17,17,TRUE,17,0.99,"SMCRH",0,0.00125,-0.0628352227854483,0.286099104029857,-0.0628352227854483,0.286099104029857,-0.265503642400703,0.164022698678378,0.131477665110571,-1.07595574578926,0.664703367106778,0.121905299868112,0.494022253891727,0.246760745913341,FALSE,TRUE
"GSE20347","ESCC","validation","HGF_MET_AXIS",17,17,TRUE,17,0.99,"SMCRH",0,0.00124999999999999,-0.0705249758018091,0.450868969630769,-0.0705249758018091,0.450868969630769,0.171649067883644,0.352268645266846,0.634848500503859,0.323888358830716,0.664703367106778,0.160892134666774,0.303590867626012,0.529963684101901,FALSE,TRUE
"GSE20347","ESCC","validation","IGF_INSR_AXIS",17,17,TRUE,17,0.99,"SMCRH",0,0.00125000000000001,-0.258657142988384,0.388805151946028,-0.258657142988384,0.388805151946028,0.506094721452126,0.242062350862959,0.0584962018137592,1.38973642214459,0.664703367106778,0.485004638677345,1.3318230416334,0.364165976646954,FALSE,TRUE
"GSE20347","ESCC","validation","JAK_STAT",17,17,TRUE,17,0.99,"SMCRH",0,0.00125,0.0950759391013075,0.310712519154933,0.0950759391013075,0.310712519154933,-0.0923180178358492,0.156545473623492,0.566316663662567,-0.391988959372276,0.664703367106778,-0.172281863054466,-0.73152121114122,0.235511780698328,FALSE,TRUE
"GSE20347","ESCC","validation","PDGFR_KIT_CSF1R",17,17,TRUE,17,0.99,"SMCRH",0,0.00125,0.125621435394564,0.473106443279224,0.125621435394564,0.473106443279224,-0.130302484748047,0.311122523211894,0.682750778266505,-0.278387110840631,0.664703367106778,-0.211675724185742,-0.452238446604529,0.468062204297388,FALSE,TRUE
"GSE20347","ESCC","validation","PI3K_AKT",17,17,TRUE,17,0.99,"SMCRH",0,0.00125000000000003,0.000851284036872681,0.266938887040594,0.000851284036872681,0.266938887040594,-0.0253658368107592,0.170361349315951,0.88410996287883,-0.0989705540916027,0.664703367106778,-0.0103250140267294,-0.0402853793806456,0.25629680508085,FALSE,TRUE
"GSE20347","ESCC","validation","RAS_MAPK",17,17,TRUE,17,0.99,"SMCRH",0,0.00125000000000001,0.219249780062361,0.308424977921135,0.219249780062361,0.308424977921135,-0.181382664287728,0.10962497001785,0.123910266786819,-1.09980114628282,0.664703367106778,-0.349796037780223,-2.12096390152048,0.164923145334751,FALSE,TRUE
"GSE20347","ESCC","validation","RET_ALK_NTRK",17,17,TRUE,17,0.99,"SMCRH",0,0.00125,0.0263554111288469,0.372482624306817,0.0263554111288469,0.372482624306817,-0.295793609923784,0.204040903708501,0.172776253764995,-0.96360585015786,0.664703367106778,-0.0106557068618601,-0.0347130604758547,0.30696535297635,FALSE,TRUE
"GSE20347","ESCC","validation","SRC_FAK",17,17,TRUE,17,0.99,"SMCRH",0,0.00125,-0.352166277651015,0.296311846071399,-0.352166277651015,0.296311846071399,0.478989948607553,0.187930271110192,0.0255236514807438,1.69417215102648,0.664703367106778,0.57123777004805,2.0204497494013,0.282728026379928,FALSE,TRUE
"GSE20347","ESCC","validation","TAM_AXL_AXIS",17,17,TRUE,17,0.99,"SMCRH",0,0.00125000000000001,0.235863810273655,0.439668934284224,0.235863810273655,0.439668934284224,-0.377866467755673,0.271479803852565,0.189219970173598,-0.925185261922266,0.664703367106778,-0.389276863281565,-0.953122987743666,0.408422489319141,FALSE,TRUE
"GSE20347","ESCC","validation","TGFB_SMAD",17,17,TRUE,17,0.99,"SMCRH",0,0.00125,-0.0569176150837263,0.287962323914957,-0.0569176150837263,0.287962323914957,0.0556559196035582,0.233822785719419,0.815876655115174,0.158216732582691,0.664703367106778,0.0235947949957944,0.0670744710856303,0.351770123772907,FALSE,TRUE
"GSE20347","ESCC","validation","TIE_ANGPT_AXIS",17,17,TRUE,17,0.99,"SMCRH",0,0.00125000000000001,-0.172067514276448,0.471666753908936,-0.172067514276448,0.471666753908936,0.327147451611313,0.31520742885806,0.319787838378075,0.689882257579543,0.664703367106778,0.36342806477786,0.766390117244748,0.474207660824779,FALSE,TRUE
"GSE20347","ESCC","validation","VEGF_PDGF_AXIS",17,17,TRUE,17,0.99,"SMCRH",0,0.00125,-0.264270492582022,0.335366844305224,-0.264270492582022,0.335366844305224,0.574164125352046,0.165657801734465,0.00466554544883774,2.30383853580994,0.664703367106778,0.461463770707022,1.85162738473627,0.249220644775,FALSE,TRUE
"GSE20347","ESCC","validation","WNT_CTNNB1",17,17,TRUE,17,0.99,"SMCRH",0,0.00124999999999999,-0.141649284546336,0.400298465345063,-0.141649284546336,0.400298465345063,0.275285977612673,0.255108677974828,0.301758921552959,0.717276721783961,0.664703367106778,0.204785386319257,0.533582537847277,0.38379326869552,FALSE,TRUE
"GSE76925","COPD","discovery","EPH_RECEPTORS",111,40,FALSE,NA,NA,"SMD",0.39871475907242,0.0345354111914666,0.0516289718603127,0.429090738550321,-0.11703091782081,0.396788851342186,0.171682721096088,0.0773999071016847,0.0281013188313264,0.432977733345423,0.195199820483259,0.168659889681123,0.425354259730951,0.396516282187477,FALSE,TRUE
"GSE76925","COPD","discovery","ERBB_LIGANDS",111,40,FALSE,NA,NA,"SMD",-0.321883915972458,0.0343520860135182,-0.0524314925313826,0.417993679977427,0.0838154755216934,0.429909060012339,-0.0446040341206373,0.0738579663576593,0.546842918235797,-0.117884364849895,0.195199820483259,-0.136246968053076,-0.36008822090443,0.378371077262306,FALSE,TRUE
"GSE76925","COPD","discovery","ERBB_RECEPTORS",111,40,FALSE,NA,NA,"SMD",0.0937473834895191,0.0340381102405028,0.0407594190185197,0.535862642817604,-0.00940303417344263,0.522441653743416,0.0795154361858508,0.0787293893594739,0.31418529157567,0.197148726738579,0.195199820483259,0.0501624531919624,0.124371622055426,0.403327160673419,FALSE,TRUE
"GSE76925","COPD","discovery","FGFR_AXIS",111,40,FALSE,NA,NA,"SMD",-0.440219134058396,0.0346507073069929,-0.0209680458652137,0.353584874380837,0.13632544832986,0.360866482672315,-0.033690738231656,0.0583952458638527,0.564872487736445,-0.112619203112879,0.195199820483259,-0.157293494195074,-0.525790436804528,0.29915624778385,FALSE,TRUE
"GSE76925","COPD","discovery","HGF_MET_AXIS",111,40,FALSE,NA,NA,"SMD",-0.69041718311288,0.0355874059849611,-0.0391052478380782,0.441667196236237,0.246850354739038,0.313994441742912,-0.0871134491588779,0.0622871129067253,0.164074454641176,-0.273002373106531,0.195199820483259,-0.285955602577117,-0.896148170695007,0.319094109577152,FALSE,TRUE
"GSE76925","COPD","discovery","IGF_INSR_AXIS",111,40,FALSE,NA,NA,"SMD",-0.496974436533813,0.0348268354678438,-0.0348819938295574,0.417932023445767,0.165299751130127,0.347828803102738,-0.164019589524155,0.0740707403829214,0.0283646012177177,-0.432243477860996,0.195199820483259,-0.200181744959685,-0.527542191129032,0.379461109131881,FALSE,TRUE
"GSE76925","COPD","discovery","JAK_STAT",111,40,FALSE,NA,NA,"SMD",0.359291460301331,0.0344364605104841,0.0332568390379999,0.331189803301801,-0.0873131202431186,0.341370581344153,0.0481675468572608,0.0579654506457417,0.407356834021477,0.162205182482213,0.195199820483259,0.120569959281119,0.406021762017943,0.29695442599402,FALSE,TRUE
"GSE76925","COPD","discovery","PDGFR_KIT_CSF1R",111,40,FALSE,NA,NA,"SMD",0.115707208390534,0.0340533406582591,0.0533526935813576,0.409797450642644,0.00773985916433808,0.337753407506201,0.0507990719417398,0.0625960152927447,0.418386711541936,0.158412155747765,0.195199820483259,0.0456128344170196,0.142239358979881,0.320676602764157,FALSE,TRUE
"GSE76925","COPD","discovery","PI3K_AKT",111,40,FALSE,NA,NA,"SMD",0.1127153232992,0.0340510776981032,0.0116340729614459,0.272765248568146,-0.0204564808784195,0.310987822486216,0.0427727311286733,0.0549806809350371,0.437860562277933,0.151857512418968,0.195199820483259,0.0320905538398654,0.11393220749942,0.281663583495726,FALSE,TRUE
"GSE76925","COPD","discovery","RAS_MAPK",111,40,FALSE,NA,NA,"SMD",-0.0937978011799529,0.0340381415504202,-0.00534810600518776,0.286780871474996,0.021002570616987,0.257916019792219,-0.0417831908261832,0.0480293740112754,0.385765168092577,-0.169814233818121,0.195199820483259,-0.0263506766221748,-0.107093782755807,0.246052347242782,FALSE,TRUE
"GSE76925","COPD","discovery","RET_ALK_NTRK",111,40,FALSE,NA,NA,"SMD",0.577080052496801,0.0351117288334783,0.0613106070724921,0.356619990559371,-0.140531444490567,0.322449559092682,0.186319586873234,0.0683534590879077,0.00720483471685225,0.532080605655907,0.195199820483259,0.20184205156306,0.576408754682205,0.350171731299159,FALSE,TRUE
"GSE76925","COPD","discovery","SRC_FAK",111,40,FALSE,NA,NA,"SMD",-0.278775918017431,0.0342663467986331,-0.0252577210794211,0.339718852460295,0.0737520217845853,0.389294496161908,-0.0924319535184656,0.0661242618644439,0.164292196878297,-0.27286052388319,0.195199820483259,-0.0990097428640066,-0.292278257453638,0.338751653053467,FALSE,TRUE
"GSE76925","COPD","discovery","TAM_AXL_AXIS",111,40,FALSE,NA,NA,"SMD",0.245449343298586,0.0342084970226703,0.032472549695802,0.483926669391233,-0.0798682657947454,0.362991608515455,0.0420993598253252,0.0867814930820428,0.628323986270455,0.0946951612435907,0.195199820483259,0.112340815490548,0.252691054715621,0.444577729975349,FALSE,TRUE
"GSE76925","COPD","discovery","TGFB_SMAD",111,40,FALSE,NA,NA,"SMD",-0.11068972443459,0.0340495792576693,0.00648832211280585,0.415509002070102,0.0529906795623161,0.424930968276758,0.0656703891560505,0.0752697956726652,0.384396279801195,0.170305340406046,0.195199820483259,-0.0465023574495103,-0.120596206553663,0.38560381606048,FALSE,TRUE
"GSE76925","COPD","discovery","TIE_ANGPT_AXIS",111,40,FALSE,NA,NA,"SMD",-0.00414182657772754,0.0340090658127421,0.017107909806452,0.427910976747787,0.0190019413496568,0.523870343195015,0.126614418489376,0.0692717219422108,0.0696361418769894,0.356785006446595,0.195199820483259,-0.00189403154320474,-0.00533716510658743,0.354875951067547,FALSE,TRUE
"GSE76925","COPD","discovery","VEGF_PDGF_AXIS",111,40,FALSE,NA,NA,"SMD",-0.437920791349775,0.0346440243053547,-0.0129184476963059,0.317374393551265,0.133781588885709,0.374596989374163,-0.0742206916662742,0.0548985346419154,0.178492758999785,-0.263902593828769,0.195199820483259,-0.146700036582015,-0.521613572975646,0.281242751689025,FALSE,TRUE
"GSE76925","COPD","discovery","WNT_CTNNB1",111,40,FALSE,NA,NA,"SMD",-0.691474621219475,0.0355922446109647,-0.0562204089554914,0.374877425123584,0.196116004491514,0.32754299539258,-0.118492164946058,0.061001583921704,0.0540213479374985,-0.37916473375233,0.195199820483259,-0.252336413447006,-0.807454814115409,0.312508401753043,FALSE,TRUE
"GSE47460","COPD","validation","EPH_RECEPTORS",145,91,FALSE,NA,NA,"SMD",-0.175687283691967,0.0179509568268164,-0.0341435858384101,0.448296579450436,0.0487209577474594,0.503134598106476,-0.0165113133818709,0.0601297354529388,0.783874038127652,-0.0393065432014497,0.143143794173742,-0.0828645435858697,-0.197265879884676,0.420065262347007,FALSE,TRUE
"GSE47460","COPD","validation","ERBB_LIGANDS",145,91,FALSE,NA,NA,"SMD",-0.0299499717857287,0.0178874631385938,-0.0108249999627745,0.475892331102689,0.00295924218056139,0.429945182510962,-0.105650175913525,0.0605997775624193,0.0825984992131596,-0.249558127829892,0.143143794173742,-0.013784242143336,-0.0325599993857127,0.423348968163202,FALSE,TRUE
"GSE47460","COPD","validation","ERBB_RECEPTORS",145,91,FALSE,NA,NA,"SMD",-0.513333894328235,0.0184438501857468,-0.0718169394954619,0.506729834361796,0.179559739562271,0.456777694224166,-0.039599469355981,0.0537045773955036,0.46165656200226,-0.105548140694549,0.143143794173742,-0.251376679057734,-0.67001759165005,0.37517922244201,FALSE,TRUE
"GSE47460","COPD","validation","FGFR_AXIS",145,91,FALSE,NA,NA,"SMD",0.014888611010423,0.0178860323545426,-0.00510310772822513,0.297955591621103,-0.00975508093048738,0.331899600975688,0.048154056751211,0.0396185694929042,0.225443851726643,0.173982919536269,0.143143794173742,0.00465197320226237,0.0168078025806983,0.276774621782184,FALSE,TRUE
"GSE47460","COPD","validation","IGF_INSR_AXIS",145,91,FALSE,NA,NA,"SMD",0.0724019753146918,0.0178966687428724,0.0166956493080924,0.453491092003231,-0.0172279382950104,0.487939906432369,0.0301559027492492,0.0571620154707695,0.598319246541029,0.0755157126758286,0.143143794173742,0.0339235876031028,0.0849506617550356,0.399332823338389,FALSE,TRUE
"GSE47460","COPD","validation","JAK_STAT",145,91,FALSE,NA,NA,"SMD",0.243918712014179,0.0180116142768579,0.0264381614776475,0.416784230385149,-0.0757601892091621,0.419007424897314,-0.0635343206019385,0.0460164813587901,0.16871568125532,-0.197636660662999,0.143143794173742,0.10219835068681,0.317909132633283,0.321470320277645,FALSE,TRUE
"GSE47460","COPD","validation","PDGFR_KIT_CSF1R",145,91,FALSE,NA,NA,"SMD",0.593164310441026,0.0186309947029391,0.0768420243245204,0.398374584903193,-0.157162076329082,0.384869753620701,0.0980725048388926,0.0452137939790726,0.0311015004600938,0.310490874825933,0.143143794173742,0.234004100653603,0.740841054729334,0.315862760520334,FALSE,TRUE
"GSE47460","COPD","validation","PI3K_AKT",145,91,FALSE,NA,NA,"SMD",0.0657859023879053,0.0178947317490663,0.00459917673287637,0.295060113452832,-0.0143156569188836,0.272513668190544,-0.0672364573894525,0.0361656322651432,0.0642864853897594,-0.266122310456701,0.143143794173742,0.0189148336517602,0.074865027527465,0.252652463726419,FALSE,TRUE
"GSE47460","COPD","validation","RAS_MAPK",145,91,FALSE,NA,NA,"SMD",-0.317506125709439,0.0180991435179435,-0.062110670254773,0.325975228713982,0.0434949659582047,0.340260395080976,-0.148413198998706,0.0451564667353651,0.00117248938536079,-0.470462592537148,0.143143794173742,-0.105605636212978,-0.334764709166641,0.315462273415473,FALSE,TRUE
"GSE47460","COPD","validation","RET_ALK_NTRK",145,91,FALSE,NA,NA,"SMD",0.755086683715316,0.0190935201282426,0.0917173665459704,0.354087538200197,-0.167264904209602,0.32139269413193,0.189495367437082,0.0473177955351771,8.38255975009348e-05,0.573253372573662,0.143143794173742,0.258982270755573,0.783462214171075,0.330561277967418,FALSE,TRUE
"GSE47460","COPD","validation","SRC_FAK",145,91,FALSE,NA,NA,"SMD",-0.280518356377831,0.0180522799764221,-0.0488863756827585,0.440362604286919,0.0719440837407323,0.411137439747308,-0.109543034906416,0.0467867781958812,0.0200704875361188,-0.335146087130903,0.143143794173742,-0.120830459423491,-0.369679877105912,0.326851600280298,FALSE,TRUE
"GSE47460","COPD","validation","TGFB_SMAD",145,91,FALSE,NA,NA,"SMD",-0.239000381182987,0.0180065821669744,-0.0272728375240011,0.409092753614422,0.0681881375443435,0.3799482438034,-0.0978845479879604,0.0477931923886263,0.0416874274707571,-0.293170740218492,0.143143794173742,-0.095460975068345,-0.285911977917168,0.333882391929733,FALSE,TRUE
"GSE47460","COPD","validation","TIE_ANGPT_AXIS",145,91,FALSE,NA,NA,"SMD",0.160536406892728,0.0179401642765769,0.0332300775432138,0.447405951439598,-0.0391610954325929,0.452794090452938,0.104171243511776,0.0439007615124565,0.0184734121928094,0.339663061102969,0.143143794173742,0.0723911729758072,0.236040260064839,0.306689939063454,FALSE,TRUE
"GSE47460","COPD","validation","VEGF_PDGF_AXIS",145,91,FALSE,NA,NA,"SMD",-0.372103277387596,0.0181789119695951,-0.0522778226774296,0.411405463202429,0.105447495357793,0.439706411905254,-0.0833375075052192,0.0403694041592317,0.0401039901996388,-0.295502182153258,0.143143794173742,-0.157725318035223,-0.559270094048661,0.282019939406056,FALSE,TRUE
"GSE47460","COPD","validation","WNT_CTNNB1",145,91,FALSE,NA,NA,"SMD",-0.386052235131901,0.0182013176458827,-0.0743268964334605,0.387867353696576,0.0739208392330983,0.374489045769061,-0.136334757277263,0.0510528861879142,0.00811540871866402,-0.382259963963477,0.143143794173742,-0.14824773566656,-0.415661972231472,0.356654554831406,FALSE,TRUE
"GSE33814","NAFLD","discovery","EPH_RECEPTORS",31,13,FALSE,NA,NA,"SMD",0.541826474565739,0.112517231536255,0.0715316508873301,0.331417102483393,-0.120409582213017,0.38597228052729,-0.0903385794002885,0.117719908125131,0.447584319010857,-0.30956289088928,0.403390393299894,0.191941233100347,0.657724345388663,0.291826255856357,FALSE,TRUE
"GSE33814","NAFLD","discovery","ERBB_LIGANDS",31,13,FALSE,NA,NA,"SMD",0.381865218284196,0.110838198768015,0.0498457898893386,0.327263722674114,-0.0792323055134863,0.343358025419136,0.0842224106916589,0.133038979009825,0.530482434738824,0.255372610541942,0.403390393299894,0.129078095402825,0.391380511625106,0.329802050865695,FALSE,TRUE
"GSE33814","NAFLD","discovery","ERBB_RECEPTORS",31,13,FALSE,NA,NA,"SMD",0.195540416714068,0.109615642059305,0.0352129455778121,0.460772646601241,-0.0536909393561654,0.408573045461651,0.128618182103679,0.181498366749908,0.482868818408073,0.285861189791377,0.403390393299894,0.0889038849339776,0.197593916417013,0.449932298251277,FALSE,TRUE
"GSE33814","NAFLD","discovery","FGFR_AXIS",31,13,FALSE,NA,NA,"SMD",0.24572035390478,0.10986726067015,0.026269825011052,0.386075414229001,-0.066037464701068,0.321996894682422,0.137724309599811,0.153066151966648,0.373909547567233,0.362958516318682,0.403390393299894,0.09230728971212,0.243266544712857,0.379449175064645,FALSE,TRUE
"GSE33814","NAFLD","discovery","HGF_MET_AXIS",31,13,FALSE,NA,NA,"SMD",-0.375268688340673,0.110781443580671,-0.0339138635585455,0.446248073913691,0.132680670339929,0.409076468773774,-0.47424998750426,0.152035307198499,0.00345109842040451,-1.25831224672069,0.403390393299894,-0.166594533898475,-0.442019921485592,0.376893723112218,FALSE,TRUE
"GSE33814","NAFLD","discovery","IGF_INSR_AXIS",31,13,FALSE,NA,NA,"SMD",-1.5166484476797,0.135320033642038,-0.168244092298861,0.473500072128979,0.477498053538093,0.226624651074013,-0.399047804861388,0.150358015935602,0.0115512612028891,-1.07059174695042,0.403390393299894,-0.645742145836954,-1.73243958134598,0.372735737967415,FALSE,TRUE
"GSE33814","NAFLD","discovery","JAK_STAT",31,13,FALSE,NA,NA,"SMD",0.34773619257149,0.110555237571298,0.0421446421182131,0.303643278013725,-0.0628315502393144,0.277675314374043,0.052623372561526,0.118723675626162,0.660103707890811,0.178799745226917,0.403390393299894,0.104976192357528,0.356680226575608,0.294314583584787,FALSE,TRUE
"GSE33814","NAFLD","discovery","PDGFR_KIT_CSF1R",31,13,FALSE,NA,NA,"SMD",0.347881218940115,0.110556383967516,0.011038943643562,0.486424963326107,-0.154872375938533,0.419745654553125,-0.0980153801682508,0.129924836995726,0.455258603577461,-0.304317970834245,0.403390393299894,0.165911319582095,0.515121157791619,0.322082129752493,FALSE,TRUE
"GSE33814","NAFLD","discovery","PI3K_AKT",31,13,FALSE,NA,NA,"SMD",-0.366849122415902,0.110710440059857,-0.0130398824298509,0.320385285733438,0.0971700047871177,0.219119621650572,-0.0986862869767364,0.123514445088958,0.429264516501462,-0.322303193672452,0.403390393299894,-0.110209887216968,-0.35993854579495,0.306190844255266,FALSE,TRUE
"GSE33814","NAFLD","discovery","RAS_MAPK",31,13,FALSE,NA,NA,"SMD",0.996550832275618,0.12046652281772,0.0624701869313035,0.253649565621277,-0.202761540535577,0.279720145623081,0.238659713435306,0.110360090898053,0.0369349830700005,0.872353718487258,0.403390393299894,0.265231727466881,0.969480271245074,0.2735813562521,FALSE,TRUE
"GSE33814","NAFLD","discovery","RET_ALK_NTRK",31,13,FALSE,NA,NA,"SMD",-0.377758220972341,0.110802746820026,-0.0334920660794021,0.374780315122758,0.0997590802879127,0.262339194641934,-0.139509919302278,0.135169114609196,0.308543231389307,-0.416344823884447,0.403390393299894,-0.133251146367315,-0.397666526825912,0.335082631749009,FALSE,TRUE
"GSE33814","NAFLD","discovery","SRC_FAK",31,13,FALSE,NA,NA,"SMD",0.109821102656583,0.109318194559532,-0.000901190905925702,0.333279613359809,-0.0395177652831685,0.373690744363867,0.0310927313413546,0.12279772877705,0.801476336953532,0.102139585556415,0.403390393299894,0.0386165743772428,0.126855401000233,0.304414113019688,FALSE,TRUE
"GSE33814","NAFLD","discovery","TAM_AXL_AXIS",31,13,FALSE,NA,NA,"SMD",-0.474110574086929,0.111735469126263,-0.0312492216978964,0.414079894313444,0.16630763099369,0.39672496368621,-0.100238156256874,0.136560966441521,0.467443112714893,-0.296095658443015,0.403390393299894,-0.197556852691586,-0.583567461354155,0.338533015931286,FALSE,TRUE
"GSE33814","NAFLD","discovery","TGFB_SMAD",31,13,FALSE,NA,NA,"SMD",-0.925883143196546,0.118922727744382,-0.0641831222682883,0.373378134817496,0.271536882410652,0.308598012202163,-0.288375836948676,0.141623629893333,0.048742571970385,-0.821388650838336,0.403390393299894,-0.33572000467894,-0.956240316874234,0.351083298575346,FALSE,TRUE
"GSE33814","NAFLD","discovery","TIE_ANGPT_AXIS",31,13,FALSE,NA,NA,"SMD",-0.206431186651845,0.109665389562189,-0.00620727361317233,0.461958012884029,0.0909539397821977,0.462830781710849,-0.0752630889197437,0.153196783927203,0.626051440242735,-0.198179140984625,0.403390393299894,-0.0971612133953703,-0.255840227714426,0.379773010145315,FALSE,TRUE
"GSE33814","NAFLD","discovery","VEGF_PDGF_AXIS",31,13,FALSE,NA,NA,"SMD",0.658254495908323,0.114104993500382,0.0581260097530243,0.38806094480611,-0.185765459936524,0.294746030317129,0.0566246923585974,0.120958471073139,0.64236332032972,0.18884048978437,0.403390393299894,0.243891469689549,0.813365736253953,0.299854614988846,FALSE,TRUE
"GSE33814","NAFLD","discovery","WNT_CTNNB1",31,13,FALSE,NA,NA,"SMD",0.0890179268421415,0.109271189067607,0.0108499833363548,0.4151963505431,-0.0285023644759978,0.478172616227208,0.0445307344281955,0.166476888425318,0.790539208719315,0.107902488116129,0.403390393299894,0.0393523478123524,0.0953547318877263,0.41269423166841,FALSE,TRUE
"GSE66676","NAFLD","validation","EPH_RECEPTORS",31,34,FALSE,NA,NA,"SMD",-0.755643810015015,0.0660621182036576,-0.145994397963421,0.391111894718383,0.177642532107011,0.450338648161524,-0.225291049009477,0.0712280542402466,0.00246785717211605,-0.803913050414994,0.254165279140728,-0.323636930070432,-1.15484371360409,0.280243054759688,FALSE,TRUE
"GSE66676","NAFLD","validation","ERBB_LIGANDS",31,34,FALSE,NA,NA,"SMD",-0.00801931383961639,0.0616703239096611,-0.00647352249016786,0.411882761320263,-0.00341018616631476,0.343112171319976,-0.00361094813603527,0.0888196500106038,0.967708333090505,-0.0103330472575441,0.254165279140728,-0.00306333632385312,-0.00876600765439976,0.349456268420618,FALSE,TRUE
"GSE66676","NAFLD","validation","ERBB_RECEPTORS",31,34,FALSE,NA,NA,"SMD",-0.360921564625551,0.0626718628821018,-0.0813899032781762,0.473936076658537,0.0754682586398636,0.384475692428905,-0.115215972473148,0.0952745983651936,0.231369660640862,-0.307363140937745,0.254165279140728,-0.15685816191804,-0.41845254866973,0.374852925180395,FALSE,TRUE
"GSE66676","NAFLD","validation","FGFR_AXIS",31,34,FALSE,NA,NA,"SMD",-0.340858654421192,0.06256355708581,-0.0656366442548716,0.396476240316859,0.0678790387551518,0.378216581142878,-0.0533183452709788,0.0758954817653205,0.485115490379013,-0.178557033882778,0.254165279140728,-0.133515683010023,-0.447128736159019,0.298606804288551,FALSE,TRUE
"GSE66676","NAFLD","validation","HGF_MET_AXIS",31,34,FALSE,NA,NA,"SMD",-0.0197435857841585,0.0616728277541623,-0.00291464380190004,0.457623579122725,0.00655320082430983,0.488049865928567,-0.12872952717409,0.0947158603522704,0.179283634993759,-0.345439254694711,0.254165279140728,-0.00946784462620989,-0.0254064880299005,0.372654599686007,FALSE,TRUE
"GSE66676","NAFLD","validation","IGF_INSR_AXIS",31,34,FALSE,NA,NA,"SMD",-0.399876027807355,0.0628998356652036,-0.0887480528578788,0.48593688551862,0.0915475227317675,0.405223688828804,-0.196324031277604,0.112627654890015,0.0865213907185756,-0.443041740151947,0.254165279140728,-0.180295575589646,-0.406870544737261,0.44312761865343,FALSE,TRUE
"GSE66676","NAFLD","validation","JAK_STAT",31,34,FALSE,NA,NA,"SMD",-0.336285090547223,0.0625397343152757,-0.0726854104906902,0.315966246500481,0.0366543467698429,0.325981627173844,-0.113982970518408,0.0778635257726977,0.148534226054159,-0.372067835762697,0.254165279140728,-0.109339757260533,-0.356911270707541,0.306349970522864,FALSE,TRUE
"GSE66676","NAFLD","validation","PDGFR_KIT_CSF1R",31,34,FALSE,NA,NA,"SMD",-0.0153731233058493,0.0616716471675512,-0.00291933465555418,0.423082717469998,0.00376732592442236,0.435733341767201,0.0181785254618517,0.101258421577584,0.858139793958214,0.0456292911383994,0.254165279140728,-0.0066866605799765,-0.0167839565969025,0.398395964704205,FALSE,TRUE
"GSE66676","NAFLD","validation","PI3K_AKT",31,34,FALSE,NA,NA,"SMD",-0.228808279977587,0.0620725463680599,-0.0484758696439953,0.2993021089544,0.0270293944832881,0.348584073736213,-0.100021620301918,0.0686841051441632,0.150623173633478,-0.370129639030544,0.254165279140729,-0.0755052641272834,-0.279406952936567,0.270234020069018,FALSE,TRUE
"GSE66676","NAFLD","validation","RAS_MAPK",31,34,FALSE,NA,NA,"SMD",-0.024039170704528,0.0616742744660742,-0.00480801064422983,0.273894154020922,0.00211511689304493,0.293900516315426,0.00704748544230168,0.0600762370442872,0.907013600378166,0.0298158838304464,0.254165279140729,-0.00692312753727477,-0.0292897613034775,0.236366813151625,FALSE,TRUE
"GSE66676","NAFLD","validation","SRC_FAK",31,34,FALSE,NA,NA,"SMD",-0.194100602228996,0.0619596372511318,-0.0478691697540614,0.41395115995888,0.0306520217183491,0.38628899037245,-0.160118720526236,0.0869327358815382,0.0705219759966732,-0.468139175484637,0.254165279140728,-0.0785211914724105,-0.229572442954555,0.342032303450089,FALSE,TRUE
"GSE66676","NAFLD","validation","TAM_AXL_AXIS",31,34,FALSE,NA,NA,"SMD",-0.356430847991778,0.0626470826789355,-0.117098805792683,0.496731894583337,0.0578731289676757,0.47413911220911,-0.120232651666375,0.108211228604364,0.271036140727739,-0.282401058251933,0.254165279140728,-0.174971934760359,-0.410972051733701,0.425751420375749,FALSE,TRUE
"GSE66676","NAFLD","validation","TGFB_SMAD",31,34,FALSE,NA,NA,"SMD",-0.365416558882774,0.0626969773874401,-0.0834696712041316,0.405854086597477,0.067077452993425,0.408153675963054,-0.193105253921007,0.0886391378564584,0.0333719538536006,-0.553713088295768,0.254165279140728,-0.150547124197557,-0.431681227625094,0.348746052789453,FALSE,TRUE
"GSE66676","NAFLD","validation","TIE_ANGPT_AXIS",31,34,FALSE,NA,NA,"SMD",0.518190112210374,0.0637353753173391,0.0957825382008,0.485383254270218,-0.142614278448006,0.424589981044819,0.208150183904923,0.0990421014821379,0.0398649263646682,0.53416222801906,0.254165279140728,0.238396816648806,0.611782186999864,0.389675969184207,FALSE,TRUE
"GSE66676","NAFLD","validation","VEGF_PDGF_AXIS",31,34,FALSE,NA,NA,"SMD",-0.313180173193743,0.0624243047672549,-0.0691807525532051,0.377420933523115,0.0465169463717284,0.353349520225468,-0.0595150975725353,0.0775372012027271,0.445804728355507,-0.195089210765569,0.254165279140728,-0.115697698924934,-0.379254570542346,0.305066063566439,FALSE,TRUE
"GSE66676","NAFLD","validation","WNT_CTNNB1",31,34,FALSE,NA,NA,"SMD",0.0812633904038,0.0617206272113954,0.0225237930818783,0.436600053023983,-0.0114275926292005,0.389899834258724,-0.00317491327998189,0.103914228176811,0.975728978194375,-0.00776556525715773,0.254165279140728,0.0339513857110787,0.083042174087923,0.408845096891753,FALSE,TRUE
