"accession","disease","role","feature","paired","n_case","n_control","npair","r_emp","measure","yi","vi","beta_base","se_base","p_base","beta_adj","se_adj","p_adj","d_base","d_adj","sd_ref","sigma_adj","joint_fallback","rank_adj","mean_case","sd_case","mean_ctrl","sd_ctrl"
"GSE32863","LUAD","discovery","EPH_RECEPTORS",TRUE,57,57,57,0.270137061011305,"SMCRPH",1.86949985059834,0.0442104652048406,0.688105152308929,0.0588748824300435,1.19234916462839e-16,0.763705356184395,0.239982865250353,0.00246592680567381,1.37137053483506,1.52203921050832,0.501764574073842,0.292160395410042,FALSE,TRUE,0.288267498242824,0.411646031901192,-0.399837654066105,0.312420939723168
"GSE32863","LUAD","discovery","ERBB_LIGANDS",TRUE,57,57,57,-0.0741089895442258,"SMCRPH",-0.099544661100407,0.038377512804404,-0.0307081152133881,0.0594608516948421,0.607578815905398,-0.208577472032417,0.234991444963228,0.378845219901678,-0.100539262549703,-0.682888711238064,0.305434060630861,0.286083731048097,FALSE,TRUE,0.00429325996902495,0.28290067274155,0.0350013751824129,0.328227236346606
"GSE32863","LUAD","discovery","ERBB_RECEPTORS",TRUE,57,57,57,-0.12689354896793,"SMCRPH",1.87087848810427,0.0562810568033136,0.650291573933639,0.0686216445878577,3.09271206818521e-13,0.440546556824273,0.293229587311679,0.139044157535983,1.37162393892603,0.92922041092489,0.474103400705306,0.356984120868511,FALSE,TRUE,0.299280016894733,0.363643397388895,-0.351011557038905,0.325745450634958
"GSE32863","LUAD","discovery","FGFR_AXIS",TRUE,57,57,57,0.140022369964693,"SMCRPH",-1.96775208368169,0.0491208190832267,-0.582860086792764,0.0511856453218298,3.35211889168818e-16,-0.327432218864034,0.228442380210444,0.157750442847779,-1.40761972227641,-0.790755893953696,0.414074964685888,0.278110756203651,FALSE,TRUE,-0.254930287822006,0.322317566644785,0.327929798970758,0.263045781518479
"GSE32863","LUAD","discovery","HGF_MET_AXIS",TRUE,57,57,57,0.323857358865771,"SMCRPH",1.18381911719081,0.0320276433394432,0.464903637067248,0.0606540683570023,2.7581701806455e-10,0.226266796350796,0.243233060898361,0.356541920221984,1.02651929852375,0.499602959732576,0.452893226397038,0.296117254766195,FALSE,TRUE,0.190349642155905,0.442706262013662,-0.274553994911342,0.328482811774964
"GSE32863","LUAD","discovery","IGF_INSR_AXIS",TRUE,57,57,57,0.152022019584851,"SMCRPH",-0.302747607081672,0.0307211596028761,-0.13324789976037,0.0754164002763168,0.0827062037312949,0.420206216158281,0.286965567408866,0.149129340956551,-0.302642212709736,0.954402578061128,0.440281937431405,0.349358165866462,FALSE,TRUE,-0.0256013602372857,0.420367074344829,0.107646539523084,0.453225593032324
"GSE32863","LUAD","discovery","JAK_STAT",TRUE,57,57,57,0.288843890913637,"SMCRPH",-0.91028158534264,0.0294296260514863,-0.301667900713871,0.051983175319287,3.17025795124033e-07,0.177552151543058,0.215509279600535,0.413774925899443,-0.835941961003548,0.492008905787032,0.360871824584232,0.26236571630621,FALSE,TRUE,-0.13716824451369,0.320268235030797,0.164499656200181,0.337485438261038
"GSE32863","LUAD","discovery","PDGFR_KIT_CSF1R",TRUE,57,57,57,0.093575692875179,"SMCRPH",-1.64627691819891,0.0448174269585132,-0.574124353792493,0.0618005736489154,6.1520575413373e-13,0.0632158956128096,0.251501758934287,0.80253133887838,-1.2772497974271,0.140635890695584,0.449500446153143,0.306183748826852,FALSE,TRUE,-0.253316661467227,0.322619946381994,0.320807692325266,0.368609967510223
"GSE32863","LUAD","discovery","PI3K_AKT",TRUE,57,57,57,0.00181905575781646,"SMCRPH",1.3860385099865,0.0442778689964915,0.368391865733095,0.0494074550571796,6.09793040402183e-10,0.659595429801006,0.21171199205139,0.00298655699594508,1.14614727912121,2.05214495081967,0.321417563382913,0.257742815289146,FALSE,TRUE,0.165055764291786,0.253519174530138,-0.203336101441308,0.274086361516159
"GSE32863","LUAD","discovery","RAS_MAPK",TRUE,57,57,57,0.0614688739396112,"SMCRPH",0.275655952137415,0.0341832587736547,0.0626865965763892,0.0411426331292024,0.133226177103339,0.0614898032814456,0.17706236164938,0.729784392122057,0.276070271979475,0.27079962293354,0.22706753656203,0.215559596464326,FALSE,TRUE,0.0182147004716104,0.273326324029715,-0.0444718961047788,0.165326557891041
"GSE32863","LUAD","discovery","RET_ALK_NTRK",TRUE,57,57,57,-0.00706846025458984,"SMCRPH",-1.38974654744292,0.0446466676714457,-0.425330070033383,0.0571434707177749,6.40721542218861e-10,-0.369752565319926,0.231414261527657,0.11614822048034,-1.14819514586255,-0.998161499931668,0.370433607532687,0.281728789598839,FALSE,TRUE,-0.165111830144339,0.291254180924451,0.260218239889044,0.316220539942722
"GSE32863","LUAD","discovery","SRC_FAK",TRUE,57,57,57,0.0589098629252245,"SMCRPH",0.767731888031553,0.0363393820335117,0.272305521208673,0.0640425618119405,8.11317464724874e-05,0.431853526416231,0.281416619764751,0.130951937750048,0.723343399345178,1.14716145464321,0.376454007121906,0.342602755491128,FALSE,TRUE,0.105095825908451,0.323819974125347,-0.167209695300222,0.378641427246969
"GSE32863","LUAD","discovery","TAM_AXL_AXIS",TRUE,57,57,57,0.178651425215749,"SMCRPH",-0.404249489642161,0.0301569726246719,-0.185445039645099,0.0774128884837052,0.0199639799965083,0.219789501922839,0.317580554863232,0.491969236042335,-0.400526071790248,0.474703588698639,0.463003666193831,0.386629522014369,FALSE,TRUE,-0.0846090418568533,0.423930628942319,0.100835997788245,0.485132668898584
"GSE32863","LUAD","discovery","TGFB_SMAD",TRUE,57,57,57,0.259572187540428,"SMCRPH",-0.746275289514934,0.0291057370595469,-0.287146736306616,0.061580609022824,1.97590004608002e-05,-0.366276257605225,0.273386350592008,0.186144267338666,-0.705965792227895,-0.900510003005679,0.406743130429075,0.332826529949734,FALSE,TRUE,-0.144394397879278,0.375446047453351,0.142752338427337,0.388473532181094
"GSE32863","LUAD","discovery","TIE_ANGPT_AXIS",TRUE,57,57,57,-0.000854299874497942,"SMCRPH",-2.88081140893085,0.0728002217632635,-0.894718439727122,0.0578107884994102,6.95547981350206e-22,0.164854735972558,0.171876486536507,0.341923538271924,-1.64389405626687,0.302892740978251,0.544267701629718,0.209246198539255,FALSE,TRUE,-0.412568277049811,0.310443874631263,0.48215016267731,0.306530559085526
"GSE32863","LUAD","discovery","VEGF_PDGF_AXIS",TRUE,57,57,57,0.227262218466446,"SMCRPH",-1.05540537403467,0.0328310140236735,-0.361189946622304,0.0559558951869858,2.74036531317285e-08,0.244785070325027,0.209455609370143,0.247865353525542,-0.940926060683249,0.637682898122992,0.383866449995049,0.254995845601699,FALSE,TRUE,-0.168516477960146,0.343295162462198,0.192673468662158,0.336292658259496
"GSE32863","LUAD","discovery","WNT_CTNNB1",TRUE,57,57,57,0.269388901415241,"SMCRPH",-1.09463315801825,0.0323979064398374,-0.373124988768087,0.0544748372971227,6.13413548189786e-09,-0.071369227410034,0.222608299155599,0.749794989823197,-0.967856879820737,-0.185126163713536,0.385516698333742,0.271008218170114,FALSE,TRUE,-0.169480886248753,0.376849976467527,0.203644102519334,0.295008719370167
"GSE19804","LUAD","validation","EPH_RECEPTORS",TRUE,60,60,60,0.455965786944592,"SMCRPH",0.756504098556788,0.0215689028610137,0.301023481277002,0.0534004231680695,5.12984312943566e-07,-0.122132830527167,0.102164171561145,0.237037747665876,0.714618318674891,-0.289938703904681,0.421236726530027,0.242216242554759,FALSE,TRUE,0.117557250655787,0.422123572767315,-0.183466230621215,0.36554674107405
"GSE19804","LUAD","validation","ERBB_LIGANDS",TRUE,60,60,60,0.498151814783911,"SMCRPH",-0.680136031596252,0.0196606759266959,-0.278125095815453,0.0527338946527727,1.99161087719642e-06,-0.29323524023761,0.119361266901561,0.0172057026357647,-0.650707637865862,-0.686059666620857,0.427419442512809,0.282988029303097,FALSE,TRUE,-0.135634806586005,0.375649355491823,0.142490289229449,0.433620103872134
"GSE19804","LUAD","validation","ERBB_RECEPTORS",TRUE,60,60,60,0.089979156933603,"SMCRPH",0.533705067771451,0.0320658842457191,0.228974428627064,0.0742430792339188,0.00310427090860122,-0.113693889920636,0.152144160359239,0.458079134187294,0.520667456713271,-0.258529779345934,0.439770962588045,0.360711453787966,FALSE,TRUE,0.114881152201392,0.430326502717689,-0.114093276425672,0.422178967156543
"GSE19804","LUAD","validation","FGFR_AXIS",TRUE,60,60,60,0.152434247788162,"SMCRPH",-1.90841676215177,0.0445446468087925,-0.604920982243176,0.0529341022505632,1.36997204642417e-16,-0.129638990411717,0.0987592422776866,0.19474308729378,-1.38565169443982,-0.296955291686758,0.436560634011081,0.234143655417787,FALSE,TRUE,-0.262517676313397,0.309227056062827,0.342403305929779,0.320489415737697
"GSE19804","LUAD","validation","HGF_MET_AXIS",TRUE,60,60,60,0.259994011635202,"SMCRPH",0.377287589446944,0.0257563166254175,0.139220443745722,0.0575881591169263,0.0187350690378292,0.252356442105531,0.128273879749196,0.0541975327288957,0.374667457048084,0.679136942028937,0.371584030389528,0.304118525075848,FALSE,TRUE,0.0999273111166715,0.352622721168783,-0.0392931326290507,0.379857112318002
"GSE19804","LUAD","validation","IGF_INSR_AXIS",TRUE,60,60,60,0.374107823814784,"SMCRPH",-0.469480045870841,0.0223881689838424,-0.222076902604801,0.0679793408669227,0.00181489269969617,0.288512272186096,0.140398181942084,0.0446451310404312,-0.461963806256095,0.600162492575227,0.480723596951424,0.332863464479601,FALSE,TRUE,-0.111005027562577,0.439993934444797,0.111071875042224,0.497428922178891
"GSE19804","LUAD","validation","JAK_STAT",TRUE,60,60,60,0.330299181516632,"SMCRPH",-1.09000049071691,0.0283313527854332,-0.367209393555242,0.0500069900037397,7.09358847728077e-10,-0.103766673330064,0.0854191752804932,0.229634465943888,-0.964508242382719,-0.272552427764694,0.380721882322217,0.202516316262444,FALSE,TRUE,-0.178126719573788,0.345624907636489,0.189082673981455,0.323008339567951
"GSE19804","LUAD","validation","PDGFR_KIT_CSF1R",TRUE,60,60,60,0.229338778643095,"SMCRPH",-0.613068599483703,0.0278980711437335,-0.272169463495186,0.0707722316247836,0.000297230042122803,0.391008089515633,0.127789099397815,0.00342022426841926,-0.591821441639271,0.850231206168549,0.459884425176133,0.30296918207838,FALSE,TRUE,-0.1065765401409,0.469640643602136,0.165592923354286,0.410297210150792
"GSE19804","LUAD","validation","PI3K_AKT",TRUE,60,60,60,0.204336722729357,"SMCRPH",-0.0384171950385627,0.0270335571534443,-0.00881753353453433,0.0371687285554418,0.81330026547478,-0.0592736075973198,0.0779264946039807,0.450123911264407,-0.0388300734007766,-0.261025209001862,0.227080012018674,0.18475227107522,FALSE,TRUE,-0.010793497136578,0.213134844765101,-0.00197596360204355,0.241947632766979
"GSE19804","LUAD","validation","RAS_MAPK",TRUE,60,60,60,0.244983930353904,"SMCRPH",-0.661817399004387,0.0275849997885282,-0.181056442745522,0.0431213576722034,9.18129803133871e-05,-0.094293137458141,0.0968991557684828,0.334761144193951,-0.634294373707984,-0.330336803606794,0.285445449700421,0.229733663556633,FALSE,TRUE,-0.0958765816731161,0.262937177129638,0.0851798610724068,0.28024047827364
"GSE19804","LUAD","validation","RET_ALK_NTRK",TRUE,60,60,60,-0.0718781012806253,"SMCRPH",-0.489456987046212,0.0373551247396046,-0.142492517955481,0.0546759066012848,0.011574834165083,-0.0906785650472647,0.125371867792103,0.472574707502771,-0.480106526829457,-0.305527416789162,0.296793544750323,0.297238281039657,FALSE,TRUE,-0.0603299179922257,0.292247870200258,0.082162599963255,0.286239167678767
"GSE19804","LUAD","validation","SRC_FAK",TRUE,60,60,60,0.384244605805309,"SMCRPH",-0.405399246330171,0.0216722806747229,-0.139652692477528,0.0489915675307505,0.00600394460399176,0.0960957394641576,0.109632608116426,0.3845570339429,-0.401685785898868,0.276402065319324,0.347666502973266,0.259922808492076,FALSE,TRUE,-0.0726542415261782,0.341801663587412,0.06699845095135,0.342122170302737
"GSE19804","LUAD","validation","TAM_AXL_AXIS",TRUE,60,60,60,0.514387897659793,"SMCRPH",-0.217071098279885,0.0167285380286006,-0.106206238420731,0.0617740226361963,0.090808037559693,0.105537335032736,0.143299488356962,0.464567945303014,-0.218435138800363,0.217059400363776,0.48621407253435,0.339742035778847,FALSE,TRUE,-0.0137207977014926,0.475369522021376,0.0924854407192381,0.495079227992592
"GSE19804","LUAD","validation","TGFB_SMAD",TRUE,60,60,60,0.49299317574149,"SMCRPH",-0.993582725118295,0.0224898515397149,-0.389370007845753,0.0506518688889066,1.85234540342295e-10,-0.119662022734993,0.111752653052393,0.288946809544297,-0.897776672660016,-0.275906645222009,0.433704750527869,0.264949123594431,FALSE,TRUE,-0.170841219680436,0.406765924020357,0.218528788165317,0.369918792623474
"GSE19804","LUAD","validation","TIE_ANGPT_AXIS",TRUE,60,60,60,0.0858346606356459,"SMCRPH",-1.94591933881294,0.0478012140863192,-0.788916221099312,0.0703793185654902,3.00350495822767e-16,0.167763265120353,0.0841176142025237,0.0510757011840192,-1.3994301819118,0.297589237420355,0.563741036384934,0.199430506149722,FALSE,TRUE,-0.322879258355146,0.44001680357963,0.466036962744166,0.361815905069081
"GSE19804","LUAD","validation","VEGF_PDGF_AXIS",TRUE,60,60,60,0.249900019886608,"SMCRPH",-1.52225887500415,0.0358747052372602,-0.524229446237727,0.0540907445182075,8.2013942226486e-14,0.0218847367484484,0.0970358963007014,0.822401088770573,-1.21784574575556,0.0508407792377082,0.430456359571622,0.230057855270938,FALSE,TRUE,-0.247422035910147,0.347792932802448,0.276807410327581,0.33619752392662
"GSE19804","LUAD","validation","WNT_CTNNB1",TRUE,60,60,60,0.195187151624421,"SMCRPH",-1.35943201890238,0.0357596803300848,-0.478334168516563,0.0573625805794629,1.46623294563047e-11,-0.0643449128697236,0.115667308558736,0.580266933515112,-1.13112639541327,-0.152157705110692,0.422883039823149,0.274230196725583,FALSE,TRUE,-0.190249552202662,0.379556778819902,0.288084616313902,0.31668122568513
"GSE10072","LUAD","validation","EPH_RECEPTORS",TRUE,33,33,33,-0.117520711691515,"SMCRPH",1.56624040476484,0.0894120204738774,0.582332051645729,0.0955828443165273,8.30846518031647e-07,-0.302890515447723,0.2873936689787,0.300928716352661,1.24447396837555,-0.647292830056798,0.467934297095714,0.310810858729493,FALSE,TRUE,0.272399789551734,0.38441980235243,-0.309932262093994,0.349478317041467
"GSE10072","LUAD","validation","ERBB_LIGANDS",TRUE,33,33,33,-0.0838318085456176,"SMCRPH",0.363692758224378,0.0687649437505762,0.132734308393455,0.0924119301010035,0.160612673254912,-0.1047210832909,0.287253397734677,0.718178872580038,0.364608284751421,-0.287658669549287,0.364046331212547,0.31065915801192,FALSE,TRUE,0.0930217340987885,0.377794905808956,-0.0397125742946661,0.342618651018875
"GSE10072","LUAD","validation","ERBB_RECEPTORS",TRUE,33,33,33,0.0490417866938563,"SMCRPH",0.568003098918293,0.0619654568186003,0.230368546784345,0.0962190793106804,0.0226869386765399,-0.366762791837425,0.33593511790429,0.284241194304082,0.55606155359693,-0.885288771741841,0.414286053934474,0.363307524637797,FALSE,TRUE,0.124711900620035,0.394456854192114,-0.10565664616431,0.407024742646722
"GSE10072","LUAD","validation","FGFR_AXIS",TRUE,33,33,33,0.136947395929346,"SMCRPH",-2.32758200874516,0.103996920815604,-0.712777219194273,0.0696263026439601,1.27361944443006e-11,-0.607066734307151,0.240233668431932,0.0174340162573022,-1.52276491975622,-1.29692686867696,0.468080929595082,0.259808203313618,FALSE,TRUE,-0.300581425533368,0.356504439904163,0.412195793660905,0.236615680710981
"GSE10072","LUAD","validation","HGF_MET_AXIS",TRUE,33,33,33,0.251853249700525,"SMCRPH",0.618833094854252,0.0509731433194716,0.256977830666296,0.0880298706664822,0.00637708955033357,0.206222457267014,0.319143584457523,0.523427662259417,0.601824820603241,0.482959144869761,0.426997727359788,0.345147796385878,FALSE,TRUE,0.108431646294608,0.469013718807322,-0.148546184371688,0.341067926076689
"GSE10072","LUAD","validation","IGF_INSR_AXIS",TRUE,33,33,33,0.366674358325483,"SMCRPH",-0.573953231494472,0.0425840709178126,-0.263862138532787,0.0889413703582869,0.00565454501033864,0.0832863319522592,0.328297647719665,0.801587497786061,-0.562240607078225,0.177467514280523,0.469304662827521,0.355047743985564,FALSE,TRUE,-0.129712424792677,0.435733580579187,0.13414971374011,0.47075813049089
"GSE10072","LUAD","validation","JAK_STAT",TRUE,33,33,33,0.266326099104511,"SMCRPH",-1.07040139330857,0.0561236414814462,-0.383863307192685,0.0749458135343446,1.39412635661122e-05,-0.0743756877316465,0.26787692134521,0.783321823128296,-0.957096196958048,-0.185442803571653,0.401070768448065,0.289703862485879,FALSE,TRUE,-0.16965203764071,0.38822253546732,0.214211269551975,0.316303195242139
"GSE10072","LUAD","validation","PDGFR_KIT_CSF1R",TRUE,33,33,33,0.154113724900842,"SMCRPH",-1.09911350896816,0.0633158000039001,-0.411250266290827,0.0839125043381208,2.6496541005466e-05,0.745029162946246,0.207833720133358,0.00126378534956284,-0.976196964555928,1.76849783936539,0.421277960516815,0.224768267363543,FALSE,TRUE,-0.198685415343899,0.410981560035141,0.212564850946928,0.323085898984432
"GSE10072","LUAD","validation","PI3K_AKT",TRUE,33,33,33,0.134477554726097,"SMCRPH",0.613544892801711,0.0570892648230207,0.138376761482755,0.0510360437275279,0.0106866498843851,-0.0175186778360398,0.202163228037798,0.931561607070156,0.59685439289819,-0.0755625418037519,0.231843416299291,0.218635736595196,FALSE,TRUE,0.0595023923654602,0.222972797330326,-0.0788743691172951,0.222693394052909
"GSE10072","LUAD","validation","RAS_MAPK",TRUE,33,33,33,0.359735882291261,"SMCRPH",0.310570463177565,0.0412677762274266,0.101417861017934,0.0637703245840882,0.121585675054141,0.0515807297240868,0.172394467170708,0.766995734511603,0.313232358126252,0.159308759257814,0.323778365762124,0.186441380465874,FALSE,TRUE,0.041405106551897,0.291296753229922,-0.0600127544660376,0.35040486836917
"GSE10072","LUAD","validation","RET_ALK_NTRK",TRUE,33,33,33,0.188095636435961,"SMCRPH",-1.14081052763386,0.0614340992938159,-0.429193359064043,0.0824867624635716,1.1003685484042e-05,-0.59155901848882,0.303733741672031,0.0615507077234195,-1.00399084868444,-1.38380482474078,0.427487321848033,0.328482340650317,FALSE,TRUE,-0.171415012142765,0.390092809143441,0.257778346921277,0.352203793062855
"GSE10072","LUAD","validation","SRC_FAK",TRUE,33,33,33,0.0110747046890213,"SMCRPH",-0.581720437618658,0.064568189709044,-0.223761235447773,0.0930709913054911,0.0221707204613935,0.0889877648459909,0.337181063664256,0.793776749932307,-0.568386850652896,0.226042170826585,0.393677712970915,0.364654991591267,FALSE,TRUE,-0.114492890437096,0.34060576903767,0.109268345010676,0.41590661286236
"GSE10072","LUAD","validation","TAM_AXL_AXIS",TRUE,33,33,33,0.174336470613752,"SMCRPH",-0.370492948007256,0.0529669205582123,-0.153436154469027,0.0917101494098956,0.104066542053764,-0.3159642584302,0.364712244389341,0.393667866037061,-0.371289482225558,-0.764579940890089,0.413252089849975,0.394429446795549,FALSE,TRUE,-0.0527428355633852,0.44789720250107,0.100693318905641,0.366251669098716
"GSE10072","LUAD","validation","TGFB_SMAD",TRUE,33,33,33,0.408826388133765,"SMCRPH",-0.718421657515018,0.0417831833889757,-0.295602901694183,0.0769182823930444,0.000543133818230617,-0.337957615380789,0.262880407944848,0.209116057806596,-0.68852089396584,-0.787173867817019,0.429330328657897,0.284300227026063,FALSE,TRUE,-0.124129777016041,0.423519025533191,0.171473124678142,0.387278932773159
"GSE10072","LUAD","validation","TIE_ANGPT_AXIS",TRUE,33,33,33,0.15256702632195,"SMCRPH",-1.83932233574015,0.080020562414123,-0.703496791706962,0.0856362238037406,2.20106724589975e-09,0.382769065872543,0.182524983279185,0.0451411514200481,-1.36346304446944,0.741853384458208,0.515963226550604,0.197397343491218,FALSE,TRUE,-0.322529052350329,0.381313855216641,0.380967739356633,0.374390650094619
"GSE10072","LUAD","validation","VEGF_PDGF_AXIS",TRUE,33,33,33,-0.0613982053874549,"SMCRPH",-0.97977655223205,0.0740041436923465,-0.370674834467102,0.0947855789205034,0.000449854455280975,0.287368300379434,0.230644230530455,0.223112044495442,-0.89249082274835,0.691909854647008,0.41532621402833,0.24943740621331,FALSE,TRUE,-0.183325136479198,0.342997530466338,0.187349697987903,0.40235323923298
"GSE10072","LUAD","validation","WNT_CTNNB1",TRUE,33,33,33,0.0149089217966134,"SMCRPH",0.208914862139015,0.0619168770272054,0.102838634926059,0.118865153148638,0.393385111604562,-0.197148759355254,0.39211275693045,0.619046784064959,0.211832469717002,-0.406097461580406,0.485471538255896,0.424062586811453,FALSE,TRUE,0.0468272845468202,0.462215729640231,-0.0560113503792386,0.509542727191016
"GSE44076","CRC","discovery","EPH_RECEPTORS",TRUE,98,98,98,0.224310332984382,"SMCRPH",2.5751152468794,0.0339663267376789,0.841995257268882,0.0409757022883003,4.1127329318438e-37,0.729583375881722,0.0534610652123206,6.29034074436204e-24,1.58095559063591,1.36988766501673,0.532586280257376,0.267728944625391,FALSE,TRUE,0.402397369579516,0.331208725512089,-0.439597887689368,0.319982594214382
"GSE44076","CRC","discovery","ERBB_LIGANDS",TRUE,98,98,98,0.157847583861282,"SMCRPH",-0.519785445807262,0.0180796747528418,-0.209173543225723,0.052549783237578,0.000132818384796495,-0.254232260725789,0.0684109640111734,0.00034509457975077,-0.506083511218773,-0.615100519831762,0.413318234221823,0.342596899683474,FALSE,TRUE,-0.0729916470368683,0.406721298144243,0.136181896188856,0.394842431745265
"GSE44076","CRC","discovery","ERBB_RECEPTORS",TRUE,98,98,98,-0.140759424876472,"SMCRPH",-0.929052369866151,0.0257952306568243,-0.403914849879961,0.0660577730239753,2.02987950038568e-08,-0.491900444857782,0.0772773303787823,7.28391799158516e-09,-0.846722446959089,-1.03116572330536,0.477033355299103,0.386998987461458,FALSE,TRUE,-0.18907457466724,0.413317232217644,0.214840275212722,0.451909205027114
"GSE44076","CRC","discovery","FGFR_AXIS",TRUE,98,98,98,0.0333023046673216,"SMCRPH",-1.95011807509056,0.0300234110208545,-0.562815712950538,0.040389612033178,6.9217252342808e-25,-0.478988077336984,0.0462834817129807,3.75529840589356e-17,-1.39909748787404,-1.19071127600641,0.402270547855638,0.2317841528857,FALSE,TRUE,-0.26368243776286,0.310427868137457,0.29913327518768,0.262549871706487
"GSE44076","CRC","discovery","HGF_MET_AXIS",TRUE,98,98,98,0.169120118678667,"SMCRPH",1.0158093998712,0.0199877087920887,0.382963940178719,0.048966775555801,6.4331593718256e-12,0.343706123163556,0.0682107366929774,2.29456214777027e-06,0.909932344913746,0.816654744218151,0.420870784865902,0.341594176517131,FALSE,TRUE,0.188035003755177,0.342769208309899,-0.194928936423543,0.405602186935345
"GSE44076","CRC","discovery","IGF_INSR_AXIS",TRUE,98,98,98,0.0854844964729363,"SMCRPH",-1.07089717496386,0.0218860383155633,-0.410254373411044,0.052149050032837,5.13951580823402e-12,-0.283448843494962,0.0630961401098485,2.02261556502131e-05,-0.948290131256075,-0.655183121553005,0.432625374754912,0.315980666199903,FALSE,TRUE,-0.154716440483585,0.403397863685347,0.25553793292746,0.35847905191788
"GSE44076","CRC","discovery","JAK_STAT",TRUE,98,98,98,0.11729205909479,"SMCRPH",-0.0673339948573909,0.0182200395453118,-0.0254446458755764,0.0505311709583258,0.61572379975432,0.193849258453721,0.0598269318116107,0.00165785630164787,-0.0677342554305226,0.516031358869297,0.375654027845273,0.299608719925139,FALSE,TRUE,-0.026657953013274,0.391358320584173,-0.00121330713769748,0.360830034097152
"GSE44076","CRC","discovery","PDGFR_KIT_CSF1R",TRUE,98,98,98,-0.0463051712014465,"SMCRPH",-1.00508961017507,0.0242188046947042,-0.436637954825643,0.0632232416662025,5.20086033907345e-10,-0.11128879572955,0.0569114447048069,0.053528979341969,-0.902228748435335,-0.229956992460819,0.483954823632997,0.2850081824485,FALSE,TRUE,-0.19898021082,0.460192058681656,0.237657744005643,0.403426912299829
"GSE44076","CRC","discovery","PI3K_AKT",TRUE,98,98,98,-0.115032477873746,"SMCRPH",-0.129767814107087,0.022979686868269,-0.0370600740628844,0.0428589914341403,0.389338091862346,-0.0793644667963406,0.0576622583429351,0.172012795826929,-0.130335184102971,-0.279113915789356,0.284344356575314,0.288768199989267,FALSE,TRUE,-0.0240670583497727,0.313855561988403,0.0129930157131124,0.251670083795786
"GSE44076","CRC","discovery","RAS_MAPK",TRUE,98,98,98,0.00447221893617348,"SMCRPH",-0.745808347208095,0.0219643902341292,-0.219889711658069,0.0418622902828748,8.86934332805376e-07,-0.276809504391727,0.0564723433413188,4.01203657902939e-06,-0.702545214124401,-0.884403326868516,0.312990121115725,0.282809196248668,FALSE,TRUE,-0.0945148353868331,0.301622895012532,0.125374876271237,0.285541958154668
"GSE44076","CRC","discovery","RET_ALK_NTRK",TRUE,98,98,98,0.0374999766982581,"SMCRPH",-1.49401223502996,0.0256343618032324,-0.497342906618387,0.0464768198969948,4.14031238749323e-18,-0.478814786419782,0.0651340800948944,7.49887016628472e-11,-1.20077437828192,-1.15604046991378,0.414185142199644,0.326186514497899,FALSE,TRUE,-0.248580735791157,0.320169852861877,0.248762170827231,0.342649231664714
"GSE44076","CRC","discovery","SRC_FAK",TRUE,98,98,98,0.0448143069575013,"SMCRPH",-0.410398369258288,0.0201352945873951,-0.124195617091527,0.0420911967961694,0.00397572970389357,-0.0925505403408965,0.0591615038162095,0.121127013053015,-0.404477675258377,-0.301416654449285,0.307051846587557,0.296276307182793,FALSE,TRUE,-0.0411704484218747,0.313322942187159,0.0830251686696525,0.289085784193161
"GSE44076","CRC","discovery","TAM_AXL_AXIS",TRUE,98,98,98,-0.096367075380213,"SMCRPH",0.0720670962834088,0.0226190166483703,0.0345569676436627,0.0714460277694127,0.629703571800698,0.247427629530545,0.0739084996013148,0.00117723030566205,0.0724881517149975,0.519014623413623,0.47672573829073,0.370128139394909,FALSE,TRUE,0.0250842802776046,0.47755838092495,-0.00947268736605838,0.477715990420242
"GSE44076","CRC","discovery","TGFB_SMAD",TRUE,98,98,98,-0.050469925820683,"SMCRPH",-0.55578499497746,0.022457510747996,-0.203460653021372,0.0533918328009039,0.000243268617980511,0.0488909023088697,0.0550085371943444,0.376410392646001,-0.538612168374091,0.129426670539488,0.37774982625357,0.275478566503279,FALSE,TRUE,-0.0955830403312493,0.369340554733468,0.107877612690123,0.359912485936658
"GSE44076","CRC","discovery","TIE_ANGPT_AXIS",TRUE,98,98,98,0.0715847943690084,"SMCRPH",-0.206095854069501,0.0192555360718687,-0.104434798677541,0.0694839506066853,0.136086281131833,0.118154188718444,0.0583448587236841,0.0457237631923231,-0.206321201050438,0.233425203420937,0.506175798443564,0.292186610730112,FALSE,TRUE,-0.0556750000816793,0.489717942788018,0.0487597985958609,0.519361205588199
"GSE44076","CRC","discovery","VEGF_PDGF_AXIS",TRUE,98,98,98,-0.0356889371145288,"SMCRPH",0.662001501160235,0.0225240009270058,0.235910693272157,0.0515851033160551,1.4190740631349e-05,0.406266207929558,0.0486704201280852,6.34598931599426e-13,0.631970783949948,1.08832868216541,0.373293669997949,0.243737758752395,FALSE,TRUE,0.102775359374945,0.393083692805845,-0.133135333897213,0.312256808476268
"GSE44076","CRC","discovery","WNT_CTNNB1",TRUE,98,98,98,0.146453770669219,"SMCRPH",3.40891467218697,0.0510877695374944,0.954363514951819,0.0369552842840224,2.9299375601764e-45,0.948042032266258,0.0488205116762882,1.74225805967718e-34,1.72460388858158,1.71318051221574,0.55338128440424,0.244489405799418,FALSE,TRUE,0.43222868263207,0.31872103095027,-0.522134832319751,0.23224095359195
"GSE41258","CRC","validation","EPH_RECEPTORS",FALSE,182,53,NA,NA,"SMDH",2.07049016627854,0.0284686804486871,0.691427050278581,0.0576558495994123,3.99912208042796e-26,0.508707285548467,0.0641881749706507,9.90250694559837e-14,1.47505015433924,1.0852464620229,0.46874816306725,0.323289975504571,FALSE,TRUE,0.181240661146668,0.396389097125442,-0.51018638913191,0.25392335253336
"GSE41258","CRC","validation","ERBB_LIGANDS",FALSE,182,53,NA,NA,"SMDH",-0.365935143201678,0.0255012890340688,-0.144147147428442,0.0608880534177807,0.0187310911784824,-0.259981864088827,0.0731144109945178,0.000457731773322526,-0.365933988010359,-0.659993638678278,0.393915711990003,0.368247829919711,FALSE,TRUE,-0.0157741699646674,0.388029344885968,0.128372977463774,0.397206853589367
"GSE41258","CRC","validation","ERBB_RECEPTORS",FALSE,182,53,NA,NA,"SMDH",0.293577004130303,0.0244662737028445,0.136030320548189,0.0728783471506226,0.0632220925803585,-0.0437732989329636,0.0839566854074472,0.602606243543656,0.289804139274212,-0.0932562914601551,0.469387086357238,0.422855997716544,FALSE,TRUE,0.0415129712841361,0.470950429027891,-0.0945173492640528,0.45259001647546
"GSE41258","CRC","validation","FGFR_AXIS",FALSE,182,53,NA,NA,"SMDH",-1.39114174288469,0.0257245215529131,-0.425285791264409,0.0509691350485231,6.35228213270048e-15,-0.299840966536343,0.0562934052087526,2.390757750775e-07,-1.14522681625181,-0.807423907738296,0.371355075893452,0.283527201066674,FALSE,TRUE,-0.0992851726263329,0.34313288644378,0.326000618638074,0.260718242739687
"GSE41258","CRC","validation","HGF_MET_AXIS",FALSE,182,53,NA,NA,"SMDH",0.989455555450726,0.0256107701475563,0.398100294178644,0.0648186571558843,3.49254062746052e-09,0.47265175821226,0.0804436487340453,1.47503634060254e-08,0.891250129538082,1.05815279941503,0.446676281982671,0.405162247417364,FALSE,TRUE,0.101383858561945,0.426407457468368,-0.296716435616697,0.373968661797243
"GSE41258","CRC","validation","IGF_INSR_AXIS",FALSE,182,53,NA,NA,"SMDH",-0.939161036739516,0.0235254484060151,-0.386418658270493,0.0682447698694941,4.37643138587283e-08,-0.259237730818932,0.07918845536226,0.00122581958844776,-0.830393627134934,-0.557088419457929,0.46534395935062,0.398840344129047,FALSE,TRUE,-0.0902793691259094,0.457914033992971,0.296139289144582,0.355976814954867
"GSE41258","CRC","validation","JAK_STAT",FALSE,182,53,NA,NA,"SMDH",-0.0399731997391482,0.0209292651930718,-0.0129844865744448,0.054306569573409,0.811241275871372,0.23791063032212,0.0629205956202495,0.000199236945751216,-0.037394644690588,0.685170217397671,0.347228505094285,0.316905689032356,FALSE,TRUE,0.00525005558710642,0.36624035732506,0.0182345421615511,0.274843112163675
"GSE41258","CRC","validation","PDGFR_KIT_CSF1R",FALSE,182,53,NA,NA,"SMDH",-1.15978091064329,0.0234988405378736,-0.422725543086861,0.0615119421280185,5.72357144530767e-11,-0.129785600711626,0.0536694785032554,0.0163774479570678,-0.980193100485126,-0.300939823581263,0.431267617449706,0.270311539447787,FALSE,TRUE,-0.0841122368650442,0.417258850508969,0.338613306221815,0.299812084771483
"GSE41258","CRC","validation","PI3K_AKT",FALSE,182,53,NA,NA,"SMDH",-0.0523679801467331,0.024716245980817,-0.0143034676647918,0.0425356505579095,0.73696983240907,-0.0396198916035281,0.0540579962261949,0.464360103667815,-0.0525863673707308,-0.145661613245027,0.27199953866281,0.272268346681981,FALSE,TRUE,-0.00394408500780977,0.27272827355645,0.0103593826569822,0.271778006617364
"GSE41258","CRC","validation","RAS_MAPK",FALSE,182,53,NA,NA,"SMDH",-0.330755237447198,0.0208200201947103,-0.094142483032688,0.0478851164428826,0.0504852464688719,-0.0836537270833433,0.059970925142228,0.164396050925042,-0.305002020773372,-0.271020637906743,0.308661833760896,0.302049387275496,FALSE,TRUE,-0.0298077343782536,0.32420082613978,0.0643347486544338,0.23638585311032
"GSE41258","CRC","validation","RET_ALK_NTRK",FALSE,182,53,NA,NA,"SMDH",-1.13663395957824,0.0267520390628167,-0.391606869256314,0.0552570999451986,1.61715933478281e-11,-0.253964390611251,0.0676091259524551,0.00021873334700782,-1.00545874125008,-0.652058828771974,0.38948079437793,0.340519927277083,FALSE,TRUE,-0.0961591530780974,0.362338725703907,0.295447716178215,0.323399997233189
"GSE41258","CRC","validation","SRC_FAK",FALSE,182,53,NA,NA,"SMDH",-0.787338599370081,0.0225554415692162,-0.233127573171315,0.0493776399172015,4.04634542207203e-06,-0.186477042345248,0.0624527453461595,0.00313471743246241,-0.70552745864218,-0.564346258965567,0.330430191363465,0.314549315701606,FALSE,TRUE,-0.0438978089437094,0.332467544663927,0.189229764227604,0.252353386763035
"GSE41258","CRC","validation","TAM_AXL_AXIS",FALSE,182,53,NA,NA,"SMDH",-0.0226656570749272,0.0259206700288729,-0.0103046583208432,0.0690513480988327,0.881499798210496,0.253917624524922,0.0767448156560623,0.00108887937251691,-0.023341617659094,0.575162021294576,0.441471472600718,0.386532715486858,FALSE,TRUE,-0.00275225250481998,0.433514417387481,0.00755240581602349,0.472012140111036
"GSE41258","CRC","validation","TGFB_SMAD",FALSE,182,53,NA,NA,"SMDH",-0.482474844757979,0.0199845018350476,-0.172629582905484,0.0613280361535607,0.00529738001211598,0.160300726791173,0.0658916320958732,0.0157499490055052,-0.432997002968854,0.402073231633244,0.398685399025502,0.331869602710643,FALSE,TRUE,-0.0374918122848115,0.419879816534557,0.135137770620672,0.27945504463658
"GSE41258","CRC","validation","TIE_ANGPT_AXIS",FALSE,182,53,NA,NA,"SMDH",-0.241639060094309,0.0244763016658315,-0.116165472872326,0.0754763659242357,0.125137460059403,0.0716047146896698,0.0670196491587536,0.286458871078384,-0.239529963754872,0.14764692373908,0.48497261491346,0.337550970171146,FALSE,TRUE,-0.0187835666641824,0.487054977343301,0.0973819062081432,0.471194264844259
"GSE41258","CRC","validation","VEGF_PDGF_AXIS",FALSE,182,53,NA,NA,"SMDH",1.19119504524214,0.0231300833308514,0.395641051419887,0.0565066251231982,2.67972246792254e-11,0.469399001700144,0.0556767463191562,3.85699546480645e-15,0.99546865780245,1.18105032963413,0.397441997112481,0.280421338695553,FALSE,TRUE,0.0803379093312943,0.385176398673694,-0.315303142088591,0.266177542259293
"GSE41258","CRC","validation","WNT_CTNNB1",FALSE,182,53,NA,NA,"SMDH",2.90430167733774,0.0367023164761063,0.908259805412207,0.0545504560676221,1.55601522879746e-41,0.852635937601793,0.0671742097760151,2.6375863278553e-28,1.7599547869903,1.65217120806222,0.516069965050308,0.338329429726839,FALSE,TRUE,0.266161864382868,0.37720022749186,-0.642097941029336,0.228167191712919
"GSE23878","CRC","validation","EPH_RECEPTORS",FALSE,35,24,NA,NA,"SMDH",1.88593719666668,0.105294087393788,0.672463385177397,0.0932501523501129,1.41373922176633e-09,0.366795738254914,0.13409123853307,0.00845572411248254,1.39411272763529,0.7604199996832,0.482359404549757,0.321381405727687,FALSE,TRUE,0.274750998224692,0.351867765361228,-0.397712386952706,0.351835044988878
"GSE23878","CRC","validation","ERBB_LIGANDS",FALSE,35,24,NA,NA,"SMDH",-0.361490736468385,0.076664469522022,-0.160970753920369,0.114466515555569,0.165072590602255,-0.00579848035467708,0.182486108214947,0.974770912034886,-0.36959437332593,-0.0133135098192418,0.435533562028596,0.437371170745288,FALSE,TRUE,-0.0469800782150591,0.39902595736918,0.11399067570531,0.476378597684315
"GSE23878","CRC","validation","ERBB_RECEPTORS",FALSE,35,24,NA,NA,"SMDH",0.18878585694169,0.0766542482589634,0.0879281873323199,0.118937829885332,0.462771577750913,-0.120536919179538,0.168140709227994,0.476594834764217,0.196697521859349,-0.269644058572114,0.447022344263157,0.402989025106336,FALSE,TRUE,0.0292922485516801,0.400395640880824,-0.0586359387806398,0.511996950670886
"GSE23878","CRC","validation","FGFR_AXIS",FALSE,35,24,NA,NA,"SMDH",-1.66766978984206,0.104250227373049,-0.505659283188718,0.0776964874865158,2.09048850273732e-08,-0.493292017377345,0.109146244884335,3.50960764341264e-05,-1.31783270227993,-1.28560153820193,0.383705217144709,0.261594821515316,FALSE,TRUE,-0.202643869845347,0.266448379427579,0.303015413343372,0.328709614552557
"GSE23878","CRC","validation","HGF_MET_AXIS",FALSE,35,24,NA,NA,"SMDH",0.49445240050302,0.0732882934571678,0.212053508270502,0.113500140503522,0.0668614500977924,0.204341317955668,0.179504225333556,0.260087792362567,0.484847915453833,0.467214444410475,0.437360874434229,0.430224382315108,FALSE,TRUE,0.0851875385321312,0.448840800177919,-0.126865969738371,0.395887835461851
"GSE23878","CRC","validation","IGF_INSR_AXIS",FALSE,35,24,NA,NA,"SMDH",-0.695224325340866,0.0763116924772116,-0.32284435095901,0.122183869267912,0.0106122728233886,-0.48941283516045,0.18374400651193,0.0102186360325507,-0.66673296547591,-1.01072752228497,0.48421837178632,0.440386021882242,FALSE,TRUE,-0.110941988264685,0.472539309544797,0.211902362694325,0.443464847556381
"GSE23878","CRC","validation","JAK_STAT",FALSE,35,24,NA,NA,"SMDH",-0.0632506877091226,0.0732321290999326,-0.0255074610930526,0.105243357904197,0.809366167690923,0.257765558166035,0.145441947019671,0.0820939288562975,-0.0647607398875867,0.654439428662535,0.393872292647198,0.348586066444795,FALSE,TRUE,0.00190220206802701,0.393599472597863,0.0274096631610797,0.402237787663805
"GSE23878","CRC","validation","PDGFR_KIT_CSF1R",FALSE,35,24,NA,NA,"SMDH",-1.08877881680429,0.0816421291519396,-0.39939894221263,0.0970476066551403,0.000125860640034079,-0.145542863542662,0.13353822672412,0.280689358377319,-0.966030078519246,-0.352025929555872,0.413443588448963,0.320055981975257,FALSE,TRUE,-0.12831541780652,0.383259519997344,0.271083524406111,0.33936976886828
"GSE23878","CRC","validation","PI3K_AKT",FALSE,35,24,NA,NA,"SMDH",0.239302414029039,0.0722219027910127,0.0814633092778485,0.0897421968571149,0.367833230907329,-0.0520918973200411,0.132846136059625,0.69654046619904,0.240941506226001,-0.154070590965714,0.33810409237434,0.318397222811874,FALSE,TRUE,0.030147078438362,0.349685600715713,-0.0513162308394865,0.321560781021227
"GSE23878","CRC","validation","RAS_MAPK",FALSE,35,24,NA,NA,"SMDH",0.0985377058002151,0.0693709002710735,0.030374607435256,0.0825836402099718,0.714381540874091,-0.0864826478819567,0.129252496811529,0.506336916319172,0.0982120624729974,-0.279629596356671,0.309275731212826,0.30978421538599,FALSE,TRUE,0.00764067827789141,0.340930237420602,-0.0227339291573645,0.262323534683863
"GSE23878","CRC","validation","RET_ALK_NTRK",FALSE,35,24,NA,NA,"SMDH",-0.724194674854915,0.0802806723245107,-0.31223182054256,0.111033520448386,0.00673947343979152,-0.342885078398327,0.176193013092302,0.0569560782581835,-0.704491162691402,-0.773654354417228,0.443201898161114,0.422288278089367,FALSE,TRUE,-0.114939940395528,0.390667089052401,0.197291880147032,0.457580514378948
"GSE23878","CRC","validation","SRC_FAK",FALSE,35,24,NA,NA,"SMDH",-0.285228683038088,0.0709988406152613,-0.11001804178854,0.102659632474665,0.28838147290828,-0.0435737766499678,0.152362984975475,0.776003215676878,-0.283658193416858,-0.112345744061107,0.387854270886018,0.365173972796204,FALSE,TRUE,-0.0232262690386611,0.414363285778122,0.0867917727498793,0.343572715278451
"GSE23878","CRC","validation","TAM_AXL_AXIS",FALSE,35,24,NA,NA,"SMDH",-0.346440270275347,0.0749624629748364,-0.155354223540108,0.116510081893737,0.18770591693318,0.107514379726506,0.154510989791196,0.489571412380067,-0.351036847485836,0.242938415567723,0.442558166337158,0.370322174981061,FALSE,TRUE,-0.0888856529768675,0.427367640209682,0.0664685705632408,0.4571303190317
"GSE23878","CRC","validation","TGFB_SMAD",FALSE,35,24,NA,NA,"SMDH",-0.687648919433034,0.0765197752937036,-0.304002873464644,0.116101357605686,0.0112959316397646,-0.145849773182654,0.160618652325384,0.367962328172406,-0.661362185147371,-0.317298068916269,0.459661710771841,0.384960634528616,FALSE,TRUE,-0.122759841423975,0.445665828399768,0.181243032040669,0.42661276555158
"GSE23878","CRC","validation","TIE_ANGPT_AXIS",FALSE,35,24,NA,NA,"SMDH",-0.221762411043339,0.0734384630888679,-0.110283964949913,0.129967028247912,0.399679400173206,0.163296628415802,0.154206472675123,0.294425918690795,-0.225432340406565,0.33379595248497,0.489210930210888,0.369592327603244,FALSE,TRUE,-0.0826895307472061,0.488997666363752,0.027594434202707,0.492455569093656
"GSE23878","CRC","validation","VEGF_PDGF_AXIS",FALSE,35,24,NA,NA,"SMDH",0.646208574726148,0.0766499366865098,0.250934919196432,0.10158125275261,0.0165162643487381,0.392359341491603,0.130212288610232,0.00395805103470393,0.627661120231087,0.981404678959696,0.399793632436632,0.312084583708688,FALSE,TRUE,0.0877411891503967,0.383735729458743,-0.163193730046035,0.382629515616481
"GSE23878","CRC","validation","WNT_CTNNB1",FALSE,35,24,NA,NA,"SMDH",2.51623983608602,0.140289025967049,0.809342840103939,0.0824587703838999,7.41817194937768e-14,0.730251848674153,0.126000650726109,3.82127107411397e-07,1.59982731953045,1.44348822248985,0.505893873809758,0.301990396210512,FALSE,TRUE,0.357765193748071,0.283475371069214,-0.451577646355869,0.348021979264579
"GSE75214","IBD","discovery","EPH_RECEPTORS",FALSE,74,23,NA,NA,"SMDH",-0.501129098594022,0.0649615469253089,-0.225602082220491,0.103238760968435,0.0313297818868459,-0.157633116061803,0.136303466827314,0.250509250606568,-0.511717777710659,-0.357548419105088,0.440872082322012,0.386534518202346,FALSE,TRUE,-0.0438946596522083,0.419840014403862,0.181707422568283,0.471887340353028
"GSE75214","IBD","discovery","ERBB_LIGANDS",FALSE,74,23,NA,NA,"SMDH",0.575605226724115,0.0634068466287745,0.254147691007825,0.103094382344295,0.0154892053935512,0.0405519551048235,0.148238814361433,0.785044025918835,0.5735434279047,0.0915149268003456,0.443118478292553,0.420381227431853,FALSE,TRUE,0.066527829704433,0.426434557892823,-0.187619861303392,0.449335531768507
"GSE75214","IBD","discovery","ERBB_RECEPTORS",FALSE,74,23,NA,NA,"SMDH",-1.48632216678669,0.0534678240569783,-0.566363611375108,0.102608418856906,2.93805877074688e-07,-0.0730047457760038,0.107237860699362,0.497743097460771,-1.15262995684029,-0.14857497071294,0.491366381737713,0.304109174794458,FALSE,TRUE,-0.138806187497539,0.469919153284812,0.42755742387757,0.25493842550101
"GSE75214","IBD","discovery","FGFR_AXIS",FALSE,74,23,NA,NA,"SMDH",0.189145175244462,0.0564034210284837,0.0573526203778943,0.0736068952989807,0.437813573951765,-0.234987806807626,0.0903613053429125,0.010861979556249,0.18639375993125,-0.763701127520823,0.307696032308422,0.256250001836772,FALSE,TRUE,0.0324403713255333,0.314661769107524,-0.0249122490523609,0.286307493082233
"GSE75214","IBD","discovery","HGF_MET_AXIS",FALSE,74,23,NA,NA,"SMDH",2.09803001666518,0.0711083505816969,0.777751298121149,0.0963095118230305,2.08627182349965e-12,0.515982702019095,0.117381731317685,2.98451816473157e-05,1.49232210403355,0.990049638466962,0.52116851718472,0.332875546137951,FALSE,TRUE,0.241143951678458,0.431827594492166,-0.536607346442692,0.289886691154469
"GSE75214","IBD","discovery","IGF_INSR_AXIS",FALSE,74,23,NA,NA,"SMDH",-0.772281876243378,0.0669999503141906,-0.342636959131386,0.102417427561004,0.00117731865470327,-0.394223378340596,0.135705618906027,0.00461004125479491,-0.75937354825941,-0.873702610413718,0.451210026892242,0.384839118491743,FALSE,TRUE,-0.110737252923438,0.419157486688346,0.231899706207948,0.46019512094595
"GSE75214","IBD","discovery","JAK_STAT",FALSE,74,23,NA,NA,"SMDH",2.29816360616579,0.0680492128774524,0.783528304999853,0.0928480169758244,3.55130978043377e-13,0.338310099560081,0.104452550545128,0.00167574408914333,1.53105303140964,0.661074654460707,0.511757782993615,0.29621048708261,FALSE,TRUE,0.216947074397272,0.42785868310963,-0.566581230602581,0.213881300292772
"GSE75214","IBD","discovery","PDGFR_KIT_CSF1R",FALSE,74,23,NA,NA,"SMDH",1.56128524540446,0.0581489163452508,0.634861031888279,0.107096856295646,4.92262733101242e-08,0.135107397881132,0.118440188592916,0.256978629069539,1.21545242295774,0.258665449390877,0.522324872530492,0.335877159247601,FALSE,TRUE,0.17026982689497,0.484232697368586,-0.464591204993309,0.301650872663474
"GSE75214","IBD","discovery","PI3K_AKT",FALSE,74,23,NA,NA,"SMDH",0.110872669452224,0.0498825922627102,0.037600384542341,0.08642862719201,0.664516131346249,-0.0183848852989896,0.121924909855198,0.880476235358319,0.104299539678114,-0.0509977516735297,0.360503839790495,0.345759263390204,FALSE,TRUE,0.0282087527451328,0.382741242622042,-0.00939163179720814,0.282666699767688
"GSE75214","IBD","discovery","RAS_MAPK",FALSE,74,23,NA,NA,"SMDH",0.509006115000517,0.0546938493172499,0.163365719766519,0.0798077675996247,0.0434207595382095,0.322627043551248,0.10672693827288,0.00325186089029984,0.480754279104838,0.94943010053688,0.339811265061862,0.302660281684429,FALSE,TRUE,0.0473517022844572,0.347430221206631,-0.116014017482061,0.286462121314204
"GSE75214","IBD","discovery","SRC_FAK",FALSE,74,23,NA,NA,"SMDH",0.47235398888585,0.0520578377676971,0.165245654180812,0.088536933540769,0.0650695986766043,0.264111525969366,0.12805280793874,0.042008548757811,0.439911810365388,0.703109440932217,0.375633593568584,0.363136988171893,FALSE,TRUE,0.060676004074686,0.390238308892268,-0.104569650106126,0.297692629247108
"GSE75214","IBD","discovery","TAM_AXL_AXIS",FALSE,74,23,NA,NA,"SMDH",0.618993762833829,0.0540223503213768,0.299823102727728,0.121690030406451,0.0155447919959697,-0.209315838221613,0.131972662722808,0.116195924551432,0.573244269023986,-0.400199663017478,0.523028521921748,0.374253060386713,FALSE,TRUE,0.0982103000786037,0.53365336126755,-0.201612802649125,0.420765711339653
"GSE75214","IBD","discovery","TGFB_SMAD",FALSE,74,23,NA,NA,"SMDH",1.02321420620339,0.0528714508935634,0.37474728337167,0.0951258120862915,0.000155822994860699,-0.123196190175371,0.110383450823003,0.2673285463017,0.876520726332475,-0.288151559425216,0.427539557381241,0.313029558048127,FALSE,TRUE,0.127770328857661,0.42645028952289,-0.24697695451401,0.286669056046571
"GSE75214","IBD","discovery","TIE_ANGPT_AXIS",FALSE,74,23,NA,NA,"SMDH",1.16753981156463,0.0545707304510086,0.562369117278449,0.125124753042461,1.96706096240861e-05,-0.121270696124041,0.0898612823011106,0.180513938861788,0.979474761478972,-0.211216410202822,0.574153760153341,0.254832017613393,FALSE,TRUE,0.107936243841184,0.560990149839691,-0.454432873437265,0.376805527197334
"GSE75214","IBD","discovery","VEGF_PDGF_AXIS",FALSE,74,23,NA,NA,"SMDH",1.4694668037351,0.0558965487098027,0.487196236438556,0.0877439192889414,2.5503463794086e-07,-0.0479037572468603,0.0884939636974639,0.589608254064388,1.15780779811599,-0.113841896860518,0.42079198052676,0.250954523885671,FALSE,TRUE,0.110561274351131,0.397866899025344,-0.376634962087426,0.240997159906993
"GSE75214","IBD","discovery","WNT_CTNNB1",FALSE,74,23,NA,NA,"SMDH",-0.350091371531883,0.0609761601685069,-0.14650961178031,0.0983672380729394,0.139690672730197,-0.243954860480106,0.14285163497218,0.0910922961665896,-0.353332193063334,-0.588337548741494,0.414651182814944,0.405104060693808,FALSE,TRUE,-0.0382751895759088,0.409324391685691,0.108234422204401,0.420945475705359
"GSE87473","IBD","validation","EPH_RECEPTORS",FALSE,106,21,NA,NA,"SMDH",0.445062369250203,0.0630547267603317,0.208757033645224,0.10951696470807,0.0589251387213069,0.0657307847229554,0.11827579336368,0.579413607938274,0.450616727232236,0.141884517963605,0.463269605918638,0.37945681572354,FALSE,TRUE,0.0524160092023103,0.454821099901319,-0.156341024442914,0.477366892371249
"GSE87473","IBD","validation","ERBB_LIGANDS",FALSE,106,21,NA,NA,"SMDH",1.34518091191133,0.0485552626725725,0.481907226000571,0.0975846381082466,2.46832648218438e-06,0.402053026707173,0.127350381448774,0.00201202031709167,1.0833023285083,0.903794250255079,0.444850170925187,0.408570247989299,FALSE,TRUE,0.0512487421619049,0.431028416178636,-0.430658483838665,0.260419732767019
"GSE87473","IBD","validation","ERBB_RECEPTORS",FALSE,106,21,NA,NA,"SMDH",-1.50984915193582,0.0500640607053995,-0.599869513547706,0.108536432050134,1.81399229090678e-07,-0.0844024554196322,0.0785891940639272,0.284973077628148,-1.18816178208842,-0.167175976740237,0.504871914406572,0.252132786275898,FALSE,TRUE,-0.178060882186356,0.479845131699267,0.421808631361349,0.285769406464286
"GSE87473","IBD","validation","FGFR_AXIS",FALSE,106,21,NA,NA,"SMDH",-0.208882596446265,0.0411499326928415,-0.0548752415238462,0.0714399013002584,0.443857734436829,-0.0197933323093352,0.0803560380818146,0.805851587419509,-0.18377336881338,-0.0662864938270669,0.298602794725777,0.25780124121364,FALSE,TRUE,-0.0590383320908077,0.31537672781973,-0.00416309056696127,0.19212967083628
"GSE87473","IBD","validation","HGF_MET_AXIS",FALSE,106,21,NA,NA,"SMDH",1.63981161314052,0.0475629335135466,0.585882681086315,0.0998623243686441,3.72981028664001e-08,0.251346960502588,0.108535225305106,0.0222520945269789,1.24583742396812,0.53447125150407,0.470272179832435,0.348206761644594,FALSE,TRUE,0.115332025157726,0.444631332553259,-0.470550655928587,0.233556749539731
"GSE87473","IBD","validation","IGF_INSR_AXIS",FALSE,106,21,NA,NA,"SMDH",-0.510823711245223,0.05225109346529,-0.229679064602871,0.114315041505187,0.0466724169992216,-0.242636999157294,0.139687766185462,0.0849327631882877,-0.474226491947194,-0.50098119794206,0.484323563746511,0.448151506278937,FALSE,TRUE,-0.051143065178122,0.492790156275134,0.178535999424749,0.395770579426491
"GSE87473","IBD","validation","JAK_STAT",FALSE,106,21,NA,NA,"SMDH",2.34338125197618,0.05086842861134,0.772930839994185,0.0965225652198696,6.93736809813552e-13,0.337559911597654,0.107351546184918,0.0020939528769682,1.5612142629064,0.681824713548299,0.495083127510809,0.344409238102276,FALSE,TRUE,0.156206673411433,0.435386103467215,-0.616724166582751,0.15941426282026
"GSE87473","IBD","validation","PDGFR_KIT_CSF1R",FALSE,106,21,NA,NA,"SMDH",2.04153004793753,0.0438865762087895,0.693620805492247,0.100485157673599,2.28020220714435e-10,0.134889631195851,0.0865820134934854,0.121859084826298,1.40852500849092,0.273918281316024,0.492444792467964,0.277775647956543,FALSE,TRUE,0.139002344412535,0.454527259090827,-0.554618461079712,0.146641943434276
"GSE87473","IBD","validation","PI3K_AKT",FALSE,106,21,NA,NA,"SMDH",0.558410738327681,0.0665448583403259,0.158230115781867,0.0647783756092516,0.0159780968750115,0.0306473758870167,0.0834809808416077,0.714172223619614,0.572273410877822,0.110842858495384,0.276493914926355,0.267826799235503,FALSE,TRUE,0.0410058855011618,0.266139530327116,-0.117224230280705,0.296357035005823
"GSE87473","IBD","validation","RAS_MAPK",FALSE,106,21,NA,NA,"SMDH",0.0845079768760475,0.0591352263455089,0.0260191609440962,0.0733698725517908,0.723464351419596,-0.022695767309727,0.0965530387743039,0.814559421942593,0.0850015230417833,-0.0741443889014586,0.306102291029612,0.309765063499285,FALSE,TRUE,0.0287054629385421,0.307700781224057,0.00268630199444596,0.304366814352125
"GSE87473","IBD","validation","RET_ALK_NTRK",FALSE,106,21,NA,NA,"SMDH",-0.459199771876634,0.0515517602999263,-0.195279385075703,0.108440192733502,0.0741450845904946,0.259473152159536,0.116569803415399,0.0278724943676209,-0.42635761351376,0.566513223516889,0.458017820923469,0.373983595083703,FALSE,TRUE,-0.0920354160714947,0.467997266146274,0.103243969004208,0.371932314735806
"GSE87473","IBD","validation","SRC_FAK",FALSE,106,21,NA,NA,"SMDH",0.459245013229961,0.0610556496378349,0.168123114743385,0.086942491852172,0.0554070784636675,0.0351520682439634,0.113490915043594,0.757295536831923,0.456945410745473,0.0955405583985755,0.36792822685122,0.364105790468677,FALSE,TRUE,0.0636154987082895,0.364043894292785,-0.104507616035095,0.363724488119033
"GSE87473","IBD","validation","TAM_AXL_AXIS",FALSE,106,21,NA,NA,"SMDH",0.926931572142842,0.042971671422199,0.407655194204938,0.120839518103588,0.000988558053040842,-0.0518632336752392,0.142210148961191,0.71597620300873,0.774519100010704,-0.0985368655687904,0.526333300494854,0.456243908865248,FALSE,TRUE,0.0592050346255135,0.535215844675476,-0.348450159579424,0.309411660227879
"GSE87473","IBD","validation","TGFB_SMAD",FALSE,106,21,NA,NA,"SMDH",1.63980402733368,0.0610733087376393,0.520872119592796,0.082730819686439,4.73296770264639e-09,0.180259628378614,0.0892842585347711,0.0457036458149188,1.31559250438222,0.455290669277953,0.395922079107153,0.286445091377802,FALSE,TRUE,0.118909850215313,0.359872448380739,-0.401962269377483,0.264321698391416
"GSE87473","IBD","validation","TIE_ANGPT_AXIS",FALSE,106,21,NA,NA,"SMDH",1.54998187176429,0.0386640876963297,0.63729457677549,0.120098384526323,4.91953543314197e-07,0.0168998679183519,0.0962532293428771,0.860919641831234,1.1496281004001,0.0304860009170169,0.554348468477497,0.308803203688941,FALSE,TRUE,0.0946820016748287,0.541460604894068,-0.542612575100661,0.202176176374372
"GSE87473","IBD","validation","VEGF_PDGF_AXIS",FALSE,106,21,NA,NA,"SMDH",1.37689775778623,0.0401479797207698,0.42366540489947,0.0880577843797378,4.23916351232201e-06,-0.0501090218780624,0.0727562386854867,0.492314943294116,1.05982006517753,-0.125350208486793,0.399752202114142,0.23341928107577,FALSE,TRUE,0.0991832114376951,0.394779415670644,-0.324482193461775,0.176724908106661
"GSE87473","IBD","validation","WNT_CTNNB1",FALSE,106,21,NA,NA,"SMDH",0.881275929113292,0.0450396881150066,0.357787100673593,0.109943580634549,0.00146252782544975,0.479899358501501,0.105529430727253,1.29773049256347e-05,0.749315975291648,1.00505651316213,0.477484949569286,0.338563459268053,FALSE,TRUE,-0.00550103755621371,0.48469846575671,-0.363288138229806,0.301274142795314
"GSE179285","IBD","validation","EPH_RECEPTORS",FALSE,22,31,NA,NA,"SMDH",0.20686569747845,0.0826039770126366,0.0971707535708972,0.128047549246915,0.451426650225057,-0.0867880609859565,0.14427689052994,0.550372231080267,0.212416581295334,-0.189719874904924,0.457453711844631,0.419267985258871,FALSE,TRUE,0.0744893501651476,0.481867044828657,-0.0226814034057496,0.442873531678066
"GSE179285","IBD","validation","ERBB_LIGANDS",FALSE,22,31,NA,NA,"SMDH",0.200242218019879,0.0827242034951271,0.0804673439812692,0.109443370878082,0.465560019707397,0.0322953413318443,0.117548330695675,0.784719365410508,0.205874696501035,0.0826272282161873,0.390855920367391,0.341594912395841,FALSE,TRUE,0.0614073658892772,0.41417679684526,-0.0190599780919919,0.376751186608929
"GSE179285","IBD","validation","ERBB_RECEPTORS",FALSE,22,31,NA,NA,"SMDH",-1.22203043203471,0.0918768026411788,-0.536988593349866,0.123520041296025,6.59257881533836e-05,-0.280224040451529,0.12879422409952,0.0346359127029318,-1.04529132915128,-0.54547855081323,0.513721465369729,0.374275427290135,FALSE,TRUE,-0.293789116965485,0.370080424812776,0.243199476384381,0.487736399478006
"GSE179285","IBD","validation","FGFR_AXIS",FALSE,22,31,NA,NA,"SMDH",-0.0301006151122244,0.0801587342874605,-0.00830339919742211,0.076137277539075,0.913584256119464,-0.106034929443635,0.0916337266328779,0.253054111264429,-0.0306951860744867,-0.391979454712709,0.270511446885274,0.266287191289004,FALSE,TRUE,-0.00583273964641946,0.264029382995387,0.00247065955100263,0.279305449060287
"GSE179285","IBD","validation","HGF_MET_AXIS",FALSE,22,31,NA,NA,"SMDH",1.20458256327847,0.100272540302335,0.577229374146728,0.129193106675704,4.40838360449208e-05,0.317123521114332,0.135313085136193,0.0233780542702712,1.06620715459927,0.585762579396843,0.541385763223168,0.393219207704236,FALSE,TRUE,0.290533184403563,0.51849019462606,-0.286696189743164,0.420639931799303
"GSE179285","IBD","validation","IGF_INSR_AXIS",FALSE,22,31,NA,NA,"SMDH",-0.367462399846188,0.0840630800303639,-0.160046582267627,0.118381325228847,0.182354231998324,-0.0872988814942979,0.140936099607253,0.538629852817582,-0.373920609416006,-0.203958438269545,0.428022896404641,0.409559662088185,FALSE,TRUE,-0.100940912956747,0.453482047622799,0.0591056693108801,0.403253897061746
"GSE179285","IBD","validation","JAK_STAT",FALSE,22,31,NA,NA,"SMDH",1.38379228970745,0.0966072151538244,0.502083962317121,0.101575023132902,8.71563036432105e-06,0.294899515088831,0.0985263275419688,0.00439151296384462,1.14407848251705,0.671975635630335,0.438854475448661,0.286317058066236,FALSE,TRUE,0.294924761542172,0.315505873252541,-0.207159200774949,0.394992517613814
"GSE179285","IBD","validation","PDGFR_KIT_CSF1R",FALSE,22,31,NA,NA,"SMDH",0.906697332878196,0.0916475220163833,0.413786872827391,0.123895471475371,0.00157329458403714,0.131541123762748,0.105422244183353,0.218301864997035,0.851594964515633,0.270718492971168,0.485896335780641,0.306356560346378,FALSE,TRUE,0.230236230637711,0.477915319038911,-0.18355064218968,0.419414205591341
"GSE179285","IBD","validation","PI3K_AKT",FALSE,22,31,NA,NA,"SMDH",-0.0556437207685718,0.0797671466080961,-0.0181334874851311,0.0901730305914041,0.841422946410178,-0.0736703893020379,0.11097174691961,0.510019602491332,-0.0565841616987234,-0.229882818960915,0.320469314040226,0.32248338996457,FALSE,TRUE,0.0142401806764011,0.307098930003013,0.0323736681615322,0.334449504971837
"GSE179285","IBD","validation","RAS_MAPK",FALSE,22,31,NA,NA,"SMDH",0.0737728612047509,0.0815272315347086,0.0254143509904063,0.0943105071391855,0.788651270144268,0.134109238078365,0.0961265412946297,0.169533990256991,0.0758005412882826,0.399992619993982,0.335279281103694,0.279343290186445,FALSE,TRUE,0.00790209798120454,0.345509513530479,-0.0175122530092017,0.333177112702238
"GSE179285","IBD","validation","RET_ALK_NTRK",FALSE,22,31,NA,NA,"SMDH",0.178262866580959,0.0801011106862594,0.0582345788009036,0.0903647383843017,0.522178812343061,0.0686804751861287,0.106371708098824,0.521636354617658,0.180668803063233,0.213076483099752,0.322327805429263,0.30911569815045,FALSE,TRUE,0.0294951037850694,0.308435704959043,-0.0287394750158342,0.334720197223292
"GSE179285","IBD","validation","SRC_FAK",FALSE,22,31,NA,NA,"SMDH",0.45937447301077,0.0841457951882366,0.175084887249861,0.104032759429566,0.0984922427826005,0.207301411424127,0.117000655451587,0.0829112148899613,0.461109452444809,0.545955974923196,0.379703530954653,0.340003370636648,FALSE,TRUE,0.104255084782421,0.388359358553661,-0.0708298024674391,0.362185159853946
"GSE179285","IBD","validation","TAM_AXL_AXIS",FALSE,22,31,NA,NA,"SMDH",0.369163987005433,0.0842522166414022,0.179879655866562,0.132299087388051,0.17992378339246,0.108642292526821,0.140632520542235,0.44367049269303,0.375972209914286,0.2270767231274,0.478438701380538,0.408677462711077,FALSE,TRUE,0.0964712374875991,0.509963462170436,-0.0834084183789629,0.448155698041366
"GSE179285","IBD","validation","TGFB_SMAD",FALSE,22,31,NA,NA,"SMDH",0.694558891210623,0.0823835398593104,0.292250153315868,0.117904611244191,0.0165347909536125,0.157547043473345,0.137196395203119,0.256642547971756,0.659153002641527,0.355338074538187,0.443372255219484,0.398692098161449,FALSE,TRUE,0.198382287915587,0.363306032137716,-0.0938678654002813,0.460117290272598
"GSE179285","IBD","validation","TIE_ANGPT_AXIS",FALSE,22,31,NA,NA,"SMDH",1.06627712362151,0.0958730905637956,0.485041171345744,0.123064188969425,0.000247473351698556,0.148637856231603,0.10622524239535,0.168297255785319,0.97134002461866,0.297661121283158,0.499352604703144,0.308690069484768,FALSE,TRUE,0.26250027415015,0.484433202349588,-0.222540897195593,0.40868894836487
"GSE179285","IBD","validation","VEGF_PDGF_AXIS",FALSE,22,31,NA,NA,"SMDH",1.52305837614508,0.102850898167358,0.467875522091017,0.0849319336943715,1.19285649579149e-06,0.303029061506234,0.0847166481264225,0.000818476155276755,1.22782204813936,0.795223826374816,0.381061345819644,0.246186192725571,FALSE,TRUE,0.267854875478331,0.290965106367376,-0.200020646612686,0.313902488282334
"GSE179285","IBD","validation","WNT_CTNNB1",FALSE,22,31,NA,NA,"SMDH",0.172101136564547,0.0835948537636992,0.0756729555414231,0.119020979879385,0.52775287322735,0.0884108970972357,0.140750462650317,0.532953227182839,0.178264613714167,0.20827169107376,0.424497907715767,0.40902020193876,FALSE,TRUE,0.0230422885247505,0.467017730736574,-0.0526306670166726,0.396502081485441
"GSE4302","Asthma","discovery","EPH_RECEPTORS",FALSE,42,28,NA,NA,"SMDH",0.365283135872633,0.0621004280794926,0.157180904681488,0.104106857624336,0.135726485690798,0.0625334728533149,0.100346024051062,0.535381846534408,0.364985825125886,0.145207404382897,0.430649339949777,0.388994995600175,FALSE,TRUE,0.0506621000707586,0.431227397256266,-0.106518804610729,0.419760208171872
"GSE4302","Asthma","discovery","ERBB_LIGANDS",FALSE,42,28,NA,NA,"SMDH",-0.405159026511128,0.0640310162164999,-0.161208825004315,0.0949961075855757,0.0942689042254493,-0.115918414485554,0.0874592778230045,0.189750988397391,-0.408499557094601,-0.29373466976879,0.394636474396426,0.339039057238999,FALSE,TRUE,-0.0589442855663309,0.373072465998613,0.102264539437984,0.412885486997049
"GSE4302","Asthma","discovery","ERBB_RECEPTORS",FALSE,42,28,NA,NA,"SMDH",-0.19589708024732,0.0614419313129041,-0.0873183380152624,0.107786432613046,0.420705761239047,-0.116094358023529,0.097055405591297,0.236044651930151,-0.19813954603853,-0.2634370273103,0.440691117755374,0.376238793992955,FALSE,TRUE,-0.0428566752145813,0.445608105331674,0.044461662800681,0.435935615120091
"GSE4302","Asthma","discovery","FGFR_AXIS",FALSE,42,28,NA,NA,"SMDH",0.162038896031978,0.0625008322351957,0.0519057159832189,0.0767402300999154,0.501092314122741,0.053790806575502,0.0815283086224046,0.511761967327475,0.165672909422801,0.17168975047842,0.313302374926936,0.316047440382131,FALSE,TRUE,0.00361527031788615,0.305751104443632,-0.0482904456653327,0.327438556429415
"GSE4302","Asthma","discovery","HGF_MET_AXIS",FALSE,42,28,NA,NA,"SMDH",-0.536621861205271,0.0607066455408185,-0.197886418340243,0.0910050859973239,0.0331539333829795,-0.185821722282169,0.0970315761927005,0.0599553901864501,-0.516735920573376,-0.485231677501535,0.382954639810342,0.376146418466472,FALSE,TRUE,-0.0715390606034002,0.403537113044891,0.126347357736842,0.321151955959609
"GSE4302","Asthma","discovery","IGF_INSR_AXIS",FALSE,42,28,NA,NA,"SMDH",-0.886272400309653,0.0636005429534531,-0.392289868595546,0.109915410155725,0.000662609830438371,-0.289142070934943,0.103318495289434,0.0067754008750698,-0.804970105058944,-0.593313113210756,0.487334704891705,0.40051788798407,FALSE,TRUE,-0.170360158035091,0.496787418004871,0.221929710560454,0.369337800403631
"GSE4302","Asthma","discovery","JAK_STAT",FALSE,42,28,NA,NA,"SMDH",-0.148187191744216,0.0560085464647592,-0.0397532256780407,0.0676053440642772,0.558467429164994,-0.0838875328354607,0.0669346814057999,0.214665155927098,-0.144146945023363,-0.304179884211467,0.275782644381381,0.25947471606547,FALSE,TRUE,-0.0136262094920892,0.318568969881436,0.0261270161859514,0.198175523508517
"GSE4302","Asthma","discovery","PDGFR_KIT_CSF1R",FALSE,42,28,NA,NA,"SMDH",0.195953955753324,0.0618243950633135,0.0698546864552502,0.0859391442131571,0.419147175023046,0.0962538615677203,0.0804117281261071,0.235716717963912,0.19880179040541,0.273932086508694,0.35137855807434,0.311718975658671,FALSE,TRUE,0.0222946986042449,0.351121877792347,-0.0475599878510051,0.353945351044396
"GSE4302","Asthma","discovery","PI3K_AKT",FALSE,42,28,NA,NA,"SMDH",0.317013702784127,0.0617034404496547,0.102118191440172,0.078025905379621,0.195017248447442,0.0487132657454055,0.0792177875235276,0.540782322238731,0.317671072781164,0.151538087090811,0.321458893144226,0.307090621682125,FALSE,TRUE,0.0397160302011303,0.324601497972398,-0.0624021612390413,0.312396213664085
"GSE4302","Asthma","discovery","RAS_MAPK",FALSE,42,28,NA,NA,"SMDH",0.433705719350382,0.0622006887028565,0.145876680994297,0.0815763999109895,0.0781951019841513,0.0728985608797369,0.0834124263709448,0.385411378813385,0.429495036571328,0.214630397796505,0.339646954150705,0.323351291055184,FALSE,TRUE,0.0559633156778037,0.340992057183319,-0.0899133653164934,0.324039359845557
"GSE4302","Asthma","discovery","RET_ALK_NTRK",FALSE,42,28,NA,NA,"SMDH",-0.104661805487623,0.0627197791005544,-0.0446823578652939,0.101989650268356,0.662697470380768,0.017379379374142,0.107484887300269,0.872058270283615,-0.107518542695113,0.0418197613672633,0.415578157453253,0.416669057472344,FALSE,TRUE,-0.0164513025809128,0.401587298088025,0.0282310552843811,0.441837536932074
"GSE4302","Asthma","discovery","SRC_FAK",FALSE,42,28,NA,NA,"SMDH",0.297847946468684,0.0601862588082963,0.0992634835087265,0.0816398093272114,0.228238185565713,0.0627096674069672,0.077228576063355,0.419801133024863,0.295619249601278,0.186757346874327,0.335781528579787,0.299379371430656,FALSE,TRUE,0.0356608044127898,0.353413466984626,-0.0636026790959366,0.303877324674872
"GSE4302","Asthma","discovery","TAM_AXL_AXIS",FALSE,42,28,NA,NA,"SMDH",0.451933916378363,0.0647073057601016,0.223631139426405,0.117819609248517,0.0619307473951892,0.100356398680577,0.107706955557592,0.35496528999203,0.454589992596094,0.204001171975372,0.491940304601255,0.417529913112588,FALSE,TRUE,0.0741362015842677,0.457254262189408,-0.149494937842137,0.51946697758483
"GSE4302","Asthma","discovery","TGFB_SMAD",FALSE,42,28,NA,NA,"SMDH",-0.0566476774917916,0.0621553511209068,-0.0217054786514706,0.0919171212884294,0.814032435281632,-0.019537752206158,0.0948379310950846,0.837435473031568,-0.0580110069355073,-0.0522174468914033,0.374161384159412,0.367642673817245,FALSE,TRUE,-0.00881054329169501,0.368242998560035,0.0128949353597756,0.389308078694965
"GSE4302","Asthma","discovery","TIE_ANGPT_AXIS",FALSE,42,28,NA,NA,"SMDH",-0.291843565753894,0.0619567188008655,-0.160376543003975,0.132717896034947,0.231078266354915,-0.0210887447316749,0.128756002923583,0.870413840483734,-0.293841505388446,-0.0386387459327793,0.545792680962356,0.499127307378602,FALSE,TRUE,-0.0332422994717005,0.546057292486086,0.127134243532274,0.540814131825391
"GSE4302","Asthma","discovery","VEGF_PDGF_AXIS",FALSE,42,28,NA,NA,"SMDH",-0.57029893786408,0.0627051233020277,-0.143671669688903,0.0613469480773566,0.0221192927869213,-0.108315772912551,0.0651192336358379,0.101133196521542,-0.55366808328484,-0.417416923655617,0.259490611841878,0.252437067050803,FALSE,TRUE,-0.0595546177282143,0.26018320434776,0.0841170519606887,0.237569151434824
"GSE4302","Asthma","discovery","WNT_CTNNB1",FALSE,42,28,NA,NA,"SMDH",-0.401363409901212,0.0600565830147593,-0.18156901225449,0.111393994392309,0.107731512810401,-0.159875090686538,0.110314047499467,0.152144079742181,-0.392982178903697,-0.346028546998765,0.462028616058401,0.427636399423824,FALSE,TRUE,-0.0556857253486729,0.490486216460875,0.125883286905817,0.399627784574863
"GSE43696","Asthma","validation","EPH_RECEPTORS",FALSE,88,20,NA,NA,"SMDH",0.123908005154337,0.0699475737185189,0.0609302772414707,0.115472225357944,0.598836905667915,-0.0182050986399086,0.109580137206498,0.868379561422111,0.131153683545536,-0.0391868518252653,0.464571604809832,0.426302793978147,FALSE,TRUE,0.026943307396805,0.453325142764346,-0.0339869698446652,0.52083659689005
"GSE43696","Asthma","validation","ERBB_LIGANDS",FALSE,88,20,NA,NA,"SMDH",-0.00140413063862202,0.0746391785475475,-0.000573054961595645,0.0917843328734342,0.995030179873704,0.0146148716683615,0.0951168135610664,0.878187857199793,-0.00155389669015299,0.039629707854274,0.3687857534076,0.370035705457912,FALSE,TRUE,-0.0121595556109851,0.349630569313981,-0.0115865006493895,0.45406322412689
"GSE43696","Asthma","validation","ERBB_RECEPTORS",FALSE,88,20,NA,NA,"SMDH",-0.548159033354906,0.0598646628120665,-0.218478397863264,0.10270164944893,0.0357134514672585,-0.155369360161125,0.0925169718437062,0.0961425545988078,-0.518498330530456,-0.368726403374426,0.421367601395644,0.359921465630642,FALSE,TRUE,-0.0367001725112896,0.424764214894606,0.181778225351974,0.364410742136553
"GSE43696","Asthma","validation","FGFR_AXIS",FALSE,88,20,NA,NA,"SMDH",-0.0467416983495345,0.06104008303476,-0.014411396613302,0.0776464839903476,0.853111036387741,-0.0437117187948473,0.0795448425731426,0.583847756386854,-0.0461857731200233,-0.140087708437754,0.312031078831374,0.309455613945625,FALSE,TRUE,-0.000492558024928852,0.317463548785446,0.0139188385883731,0.294365374965111
"GSE43696","Asthma","validation","HGF_MET_AXIS",FALSE,88,20,NA,NA,"SMDH",-0.0236641487912806,0.0602920166876809,-0.00939707285476628,0.10055108239156,0.925717949760711,-0.0269496163147354,0.0950708226918807,0.777392014170611,-0.0232585401742603,-0.0667025512544847,0.404026769709554,0.369856785842266,FALSE,TRUE,-0.000369103312428893,0.412266073602169,0.00902796954233724,0.375442124702828
"GSE43696","Asthma","validation","IGF_INSR_AXIS",FALSE,88,20,NA,NA,"SMDH",-0.371525779647875,0.0648277944586099,-0.146085363847807,0.0970065865705837,0.135058763501231,-0.128457498456354,0.0997649023364177,0.200798323018204,-0.370854194207743,-0.326103867117066,0.393915900452171,0.38811830037068,FALSE,TRUE,-0.0131919669101128,0.39226537324412,0.132893396937694,0.388553927586983
"GSE43696","Asthma","validation","JAK_STAT",FALSE,88,20,NA,NA,"SMDH",-0.397579119297429,0.0691803575379907,-0.159913233325641,0.0960850821513757,0.0990084130791336,-0.145284142636489,0.0853765252080544,0.0918603228025912,-0.408904225613449,-0.371497083782384,0.391077478071386,0.332142778464975,FALSE,TRUE,-0.0382997524226795,0.381316359630256,0.121613480902961,0.416629916184152
"GSE43696","Asthma","validation","PDGFR_KIT_CSF1R",FALSE,88,20,NA,NA,"SMDH",0.249858607806994,0.0574124147333834,0.0944078261440808,0.097956490562525,0.337353275980122,0.124231294004692,0.0895157924986257,0.168217824610623,0.238822229024333,0.314266261183667,0.395305857958732,0.34824589036077,FALSE,TRUE,0.012487266439598,0.406326123102789,-0.0819205597044828,0.3411677351436
"GSE43696","Asthma","validation","PI3K_AKT",FALSE,88,20,NA,NA,"SMDH",0.208812558833817,0.0709101771653047,0.0712333288808261,0.0796378314832922,0.37309914414531,0.0546432239977712,0.0807924451372515,0.50035509551347,0.221781583437355,0.17012908048454,0.321186853194899,0.314309198476658,FALSE,TRUE,0.021268359869212,0.311445391536086,-0.0499649690116141,0.363946916020782
"GSE43696","Asthma","validation","RAS_MAPK",FALSE,88,20,NA,NA,"SMDH",0.161327821682819,0.0735252794236447,0.0563664976999072,0.079589920382834,0.48036838099201,0.0231162172703824,0.0808793800351164,0.775602503608285,0.175845970770614,0.0721154201933238,0.320544721342724,0.314647403837582,FALSE,TRUE,0.000710500015476894,0.306045294415541,-0.0556559976844301,0.38344794006757
"GSE43696","Asthma","validation","RET_ALK_NTRK",FALSE,88,20,NA,NA,"SMDH",0.593746866397696,0.0566208661241494,0.163689262808918,0.072724890103743,0.0264620815433405,0.1569188637952,0.0732752688804376,0.0346152560503355,0.547260092837486,0.524624709616784,0.299106887111403,0.285064909111815,FALSE,TRUE,0.0545874194624359,0.304108601325543,-0.109101843346482,0.239535085713527
"GSE43696","Asthma","validation","SRC_FAK",FALSE,88,20,NA,NA,"SMDH",-0.134683976876897,0.067319522561803,-0.0575264832382041,0.102539485148023,0.575969404563702,-0.0839933433768975,0.102819193827786,0.415887583477432,-0.139420739666789,-0.203565617112444,0.412610658756297,0.400000499367569,FALSE,TRUE,-0.0274699041583164,0.408154411949169,0.0300565790798877,0.439451039241337
"GSE43696","Asthma","validation","TAM_AXL_AXIS",FALSE,88,20,NA,NA,"SMDH",0.239427799750179,0.0697146000629041,0.113346021905476,0.111759255750479,0.312797648039068,0.103158465172401,0.110814583848543,0.35409792331132,0.251200382481668,0.228622456014728,0.451217553037553,0.431105197643048,FALSE,TRUE,0.0180701613377797,0.440249577849659,-0.095275860567696,0.49806108980294
"GSE43696","Asthma","validation","TGFB_SMAD",FALSE,88,20,NA,NA,"SMDH",-0.493575580824676,0.0683820592152645,-0.198616587242603,0.0972888968011976,0.0436835215409468,-0.158411423457404,0.100771036689931,0.119048970495589,-0.498393507402743,-0.39750569700989,0.398513592758553,0.392032494100991,FALSE,TRUE,-0.0247694172492958,0.388887011901049,0.173847169993307,0.409932877040423
"GSE43696","Asthma","validation","TIE_ANGPT_AXIS",FALSE,88,20,NA,NA,"SMDH",0.27529941024035,0.066214754258695,0.134448545432094,0.118750870560223,0.260109251159209,0.159821275507377,0.11920611249102,0.182991713262027,0.280093869392348,0.332952352323448,0.480012453409903,0.463751005516916,FALSE,TRUE,0.0584861743436778,0.476265734379638,-0.075962371088416,0.493397104266695
"GSE43696","Asthma","validation","VEGF_PDGF_AXIS",FALSE,88,20,NA,NA,"SMDH",-0.000850864300309776,0.0638601196147709,-0.000272780974834819,0.0790159834318636,0.99725201692314,-0.0209950731526719,0.0804095407485853,0.794540484313965,-0.000859198683709095,-0.0661297556696363,0.317482998993021,0.312819574399921,FALSE,TRUE,-0.0136269629611143,0.319344601958741,-0.0133541819862799,0.317288481328617
"GSE43696","Asthma","validation","WNT_CTNNB1",FALSE,88,20,NA,NA,"SMDH",-0.728275725982734,0.0647489261891298,-0.306613552137952,0.10612532605237,0.0046846315712416,-0.252075019127367,0.0999808581994582,0.0132426239847595,-0.69231993279349,-0.569174320848863,0.442878411575954,0.388958439743901,FALSE,TRUE,-0.0337000909020431,0.434110602919416,0.272913461235908,0.401297048862008
"GSE67472","Asthma","validation","EPH_RECEPTORS",FALSE,62,43,NA,NA,"SMDH",0.0272855900294255,0.0396357383317386,0.0118560938025399,0.0862088234783693,0.890882253793978,-0.0237229748590534,0.0874151095600085,0.786661554813802,0.0274228552845585,-0.0548706612239922,0.432343520742566,0.415057759007527,FALSE,TRUE,0.0102900892032772,0.447640134010038,-0.00156600459926256,0.4144107562694
"GSE67472","Asthma","validation","ERBB_LIGANDS",FALSE,62,43,NA,NA,"SMDH",-0.284765298354767,0.0414275852922243,-0.10606757548895,0.0726495939374574,0.147336648249067,-0.0727316522068885,0.0733762479869015,0.323997002961707,-0.288180193908863,-0.197608190247327,0.368059907415058,0.348399506757089,FALSE,TRUE,-0.0128275854757294,0.349340034663394,0.0932399900132201,0.389097999254826
"GSE67472","Asthma","validation","ERBB_RECEPTORS",FALSE,62,43,NA,NA,"SMDH",-0.532462361442008,0.0414375198570414,-0.23346812156123,0.0865728573494776,0.00818051617590929,-0.155245698677637,0.0860724838967778,0.0743257197483002,-0.519748460620267,-0.345609123704102,0.449194445487361,0.4086828061902,FALSE,TRUE,-0.0963906682116158,0.440471221791674,0.137077453349614,0.429999748944387
"GSE67472","Asthma","validation","FGFR_AXIS",FALSE,62,43,NA,NA,"SMDH",-0.533533546280673,0.0430235566629368,-0.173525679573559,0.0630628276358048,0.0070078851951863,-0.163288211640361,0.0673423671814237,0.0171320009028891,-0.529602473105945,-0.498357597136644,0.327652698741922,0.319749893917321,FALSE,TRUE,-0.0753998886594261,0.294178816351592,0.0981257909141329,0.349199963162658
"GSE67472","Asthma","validation","HGF_MET_AXIS",FALSE,62,43,NA,NA,"SMDH",-0.247922055557211,0.040527052305421,-0.109272709406999,0.0868155066314616,0.210992327350282,-0.137949776171111,0.0928498917678298,0.140528384474902,-0.249093544404616,-0.314464598551306,0.438681418533679,0.440862777558968,FALSE,TRUE,-0.0621892731509154,0.437094017932814,0.0470834362560835,0.437977130763479
"GSE67472","Asthma","validation","IGF_INSR_AXIS",FALSE,62,43,NA,NA,"SMDH",-1.15477106622527,0.0464074695985021,-0.514279028829433,0.088157792231326,6.31144629458838e-08,-0.430532094163625,0.0915679503918129,8.35509886079369e-06,-1.00857861490892,-0.844338265539896,0.509904752319059,0.434775961247843,FALSE,TRUE,-0.225443124123574,0.453465542076457,0.288835904705859,0.430433306885836
"GSE67472","Asthma","validation","JAK_STAT",FALSE,62,43,NA,NA,"SMDH",-0.0470851652054562,0.0378914669449566,-0.0146758513468866,0.0631532993410783,0.816700460392125,-0.0465416903701432,0.0591242406188289,0.433054319375148,-0.0463293358124253,-0.146924737207407,0.316772323400125,0.280729211892445,FALSE,TRUE,-0.00733462069883573,0.354564831333271,0.00734123064805095,0.256426509182256
"GSE67472","Asthma","validation","PDGFR_KIT_CSF1R",FALSE,62,43,NA,NA,"SMDH",0.537683478468192,0.0409744423229691,0.204470842541008,0.0755172762978604,0.00793593786116859,0.183501264851409,0.0777690789121024,0.0202586525247196,0.521695761531162,0.468193073002021,0.391935027305747,0.369257211662913,FALSE,TRUE,0.0851720885686632,0.393595900366643,-0.119298753972345,0.360695222671367
"GSE67472","Asthma","validation","PI3K_AKT",FALSE,62,43,NA,NA,"SMDH",0.352601763153722,0.0418611660315596,0.099482035968176,0.0548933481768538,0.0728565355464245,0.0747003447307951,0.0589241171633623,0.207865101061584,0.355771801539095,0.267146484908774,0.27962316163847,0.279779000957872,FALSE,TRUE,0.0362198352611098,0.260684364274191,-0.063262200707066,0.298210927070545
"GSE67472","Asthma","validation","RAS_MAPK",FALSE,62,43,NA,NA,"SMDH",0.28131217946197,0.0392617344817685,0.0832085945879707,0.0592249444321058,0.163042380467535,0.0351986896727603,0.0623020756268924,0.573373432044741,0.277526262734496,0.117398459214509,0.29982241596924,0.29581796581132,FALSE,TRUE,0.0243217677865545,0.318788059626366,-0.0588868268014161,0.266098411259872
"GSE67472","Asthma","validation","RET_ALK_NTRK",FALSE,62,43,NA,NA,"SMDH",-0.21479184140318,0.0408676396969303,-0.0917585231758251,0.0837126070999246,0.275585331181233,-0.108789051078298,0.0864048247220315,0.210968514244127,-0.217320092851316,-0.257655047872121,0.422227516894186,0.410260801560231,FALSE,TRUE,-0.0462047665619211,0.411684444183418,0.045553756613904,0.436119375360383
"GSE67472","Asthma","validation","SRC_FAK",FALSE,62,43,NA,NA,"SMDH",0.347199616370412,0.0400108506666838,0.127367292028615,0.0729690568972063,0.0838804132320462,0.0955897979237601,0.0766687817657572,0.215416643021372,0.343045498619605,0.257457384619094,0.371283962451434,0.364032864635229,FALSE,TRUE,0.0491265218122511,0.382860492411681,-0.0782407702163636,0.34445189367389
"GSE67472","Asthma","validation","TAM_AXL_AXIS",FALSE,62,43,NA,NA,"SMDH",0.0463400277310666,0.0407027359555205,0.0212366619646849,0.0897337832499303,0.813388306258831,-0.0225626253894746,0.0901061179570852,0.802796483700033,0.0471818387365427,-0.0501277533338093,0.450102465977803,0.427834999925979,FALSE,TRUE,0.00165796617234888,0.439688685048612,-0.0195786957923359,0.469681918295302
"GSE67472","Asthma","validation","TGFB_SMAD",FALSE,62,43,NA,NA,"SMDH",0.053274919976021,0.0408295160209985,0.0217363685719385,0.0797656938967909,0.785781048555825,0.0416315694309027,0.0846210607507937,0.623825136328046,0.0543221537817344,0.104042977984835,0.400138195169413,0.401791269459581,FALSE,TRUE,0.0247276103066869,0.387959632931514,0.00299124173474834,0.42139875667343
"GSE67472","Asthma","validation","TIE_ANGPT_AXIS",FALSE,62,43,NA,NA,"SMDH",-0.605114379083381,0.040832718730469,-0.293097392903889,0.0967780620399547,0.00310583833357667,-0.180467714473432,0.097187546598575,0.0662983265297077,-0.578727077978691,-0.356337366333893,0.506451838969735,0.461458499539518,FALSE,TRUE,-0.109189988382286,0.516747812531534,0.183907404521603,0.44200295330123
"GSE67472","Asthma","validation","VEGF_PDGF_AXIS",FALSE,62,43,NA,NA,"SMDH",-0.361419603432676,0.0407360832839763,-0.107094322175823,0.0584630280679705,0.0698666043397487,-0.120498212755819,0.0602505276941787,0.0482448756616836,-0.35948949575932,-0.404483084288738,0.297906679998024,0.286076962319651,FALSE,TRUE,-0.0512239576665997,0.296514084116261,0.0558703645092228,0.291770765314788
"GSE67472","Asthma","validation","WNT_CTNNB1",FALSE,62,43,NA,NA,"SMDH",-0.54009757731806,0.0422870831159939,-0.252164175039577,0.0913276206938373,0.00682181528134011,-0.146570483332357,0.0897409141468665,0.105590279053112,-0.531298406995792,-0.308817318300121,0.474618729736892,0.426100967036089,FALSE,TRUE,-0.104305713096184,0.445369629345628,0.147858461943392,0.480903086596455
"GSE27342","STAD","discovery","EPH_RECEPTORS",TRUE,80,80,80,-0.16813623802063,"SMCRPH",1.24290193963615,0.0346257954918627,0.534672340155143,0.0731279561063416,1.88553381567727e-10,0.454510659493394,0.0623324978898067,2.62615287080129e-10,1.06085897695696,0.901807849469615,0.503999449284798,0.37289135874301,FALSE,TRUE,0.272720931868864,0.448866612756311,-0.261951408286279,0.406224631301447
"GSE27342","STAD","discovery","ERBB_LIGANDS",TRUE,80,80,80,-0.14501057134982,"SMCRPH",0.168204832321972,0.0290783907232004,0.06597170381765,0.0660351238103857,0.320825787216882,0.0111554528222991,0.0658192716198418,0.8658706047654,0.16894974428801,0.0285684739468584,0.390481229170655,0.393750266019929,FALSE,TRUE,0.049409959105059,0.386566303732825,-0.016561744712591,0.394010235163439
"GSE27342","STAD","discovery","ERBB_RECEPTORS",TRUE,80,80,80,0.191376737445538,"SMCRPH",0.237406998107911,0.0207273087365677,0.0989568078884172,0.0590677853914452,0.0978276799659111,0.101770709345659,0.0505839322554651,0.0478205982972954,0.237630981714191,0.244388173867007,0.41643058146112,0.302607979270302,FALSE,TRUE,0.0693324393888529,0.447648852270098,-0.0296243684995643,0.379046541107724
"GSE27342","STAD","discovery","FGFR_AXIS",TRUE,80,80,80,0.144808768853686,"SMCRPH",0.272636132813147,0.021975727607275,0.10355735710385,0.055366065682443,0.0651303033605224,0.104714006180675,0.0549605836076912,0.0605801131275588,0.272257464454029,0.275298352650931,0.380365538596044,0.328790396544212,FALSE,TRUE,0.0668067585971013,0.337616766512332,-0.0367505985067488,0.414454139703612
"GSE27342","STAD","discovery","HGF_MET_AXIS",TRUE,80,80,80,-0.139933139926143,"SMCRPH",0.628231491054344,0.0301320725971937,0.268448642868946,0.0717843800918343,0.000347341073191831,0.175160498427885,0.0568872789396342,0.00290065423771642,0.603570487216731,0.393824704224177,0.444767675945943,0.340316455414532,FALSE,TRUE,0.162666061987886,0.419292914176319,-0.10578258088106,0.431098143959845
"GSE27342","STAD","discovery","IGF_INSR_AXIS",TRUE,80,80,80,0.101103473316989,"SMCRPH",0.110196797895303,0.0227994394022994,0.0475035987901179,0.0643169690641451,0.462347212681048,0.00416870437771082,0.0507021669110692,0.934691239455755,0.110906634383146,0.00973267255630271,0.428320623507594,0.30331529379918,FALSE,TRUE,0.0197709019134797,0.440290076125436,-0.0277326968766383,0.417422380739527
"GSE27342","STAD","discovery","JAK_STAT",TRUE,80,80,80,0.0914803955651125,"SMCRPH",0.691509002258217,0.0245604561616566,0.278943350626571,0.060521252759321,1.53184706955562e-05,0.156000486885018,0.0462484433891149,0.00117857989006377,0.657983186399833,0.367980441942652,0.423936897465138,0.276671808108887,FALSE,TRUE,0.162983001030051,0.378066758081596,-0.11596034959652,0.423542583246932
"GSE27342","STAD","discovery","PDGFR_KIT_CSF1R",TRUE,80,80,80,0.155065508444762,"SMCRPH",-0.0290101717352126,0.0214372382377626,-0.0123350659561533,0.0615595836751105,0.841701433932729,-0.0521112471089084,0.0582521565691325,0.373873279986062,-0.0292411106833598,-0.123533246597629,0.421839857238146,0.348481555338512,FALSE,TRUE,0.00628148203144364,0.453517563145853,0.0186165479875969,0.390378057250852
"GSE27342","STAD","discovery","PI3K_AKT",TRUE,80,80,80,0.321730641437056,"SMCRPH",0.560476978633465,0.0185064525609754,0.216594204784558,0.0503426551996684,4.79495290225199e-05,0.163644765617961,0.0493093823396544,0.00139745657545257,0.54378505134111,0.410849299323501,0.398308493862386,0.294983246330309,FALSE,TRUE,0.123449661159321,0.339960522499875,-0.0931445436252373,0.424241601444836
"GSE27342","STAD","discovery","RAS_MAPK",TRUE,80,80,80,0.107524275103724,"SMCRPH",0.442744478049775,0.0232227665310616,0.152888329054123,0.0513335581066586,0.00384779869009205,0.0886217275027246,0.0494931666737448,0.0773952209858596,0.435512587253915,0.252444892755418,0.3510537548826,0.296082698339689,FALSE,TRUE,0.103847115623611,0.33987310431024,-0.0490412134305115,0.347402320118017
"GSE27342","STAD","discovery","RET_ALK_NTRK",TRUE,80,80,80,0.0799119105060799,"SMCRPH",-1.15148100368772,0.0276228190240252,-0.378190604694875,0.0495963986921282,4.66216777522818e-11,-0.339437240522859,0.0511532765726354,4.43738247202116e-09,-1.00307810658008,-0.900292234391009,0.377030065967932,0.306013964642451,FALSE,TRUE,-0.194213281099166,0.302511749882274,0.183977323595708,0.349528343079434
"GSE27342","STAD","discovery","SRC_FAK",TRUE,80,80,80,0.204870261275265,"SMCRPH",0.403350945014211,0.0206676073671384,0.172560174832515,0.0600206351342499,0.00518980501677921,0.110918648488825,0.0510704442196126,0.0330264663570815,0.398437619327425,0.256108701128736,0.433092073795146,0.305518437113278,FALSE,TRUE,0.117185479323437,0.421333956861908,-0.0553746955090774,0.43001453973604
"GSE27342","STAD","discovery","TGFB_SMAD",TRUE,80,80,80,0.216357021378597,"SMCRPH",0.49522259801863,0.0206519304304478,0.20670222182308,0.0581313022234012,0.000640235095753122,0.102232761603078,0.0433586448473842,0.0209903741747719,0.484318020160916,0.23953863803924,0.426790276674823,0.259384182212289,FALSE,TRUE,0.120766063955689,0.412958112676313,-0.0859361578673904,0.417657577911271
"GSE27342","STAD","discovery","TIE_ANGPT_AXIS",TRUE,80,80,80,0.184306593943139,"SMCRPH",-0.0021999867911272,0.0206811976630767,-0.00106568091790301,0.0688846482656717,0.987695812234423,-0.0811199734232396,0.0509497251967319,0.115555681845338,-0.00221784259812775,-0.168822890224094,0.480503403984861,0.304796260367727,FALSE,TRUE,0.0162704772496146,0.508881442731889,0.0173361581675174,0.4535732806479
"GSE27342","STAD","discovery","VEGF_PDGF_AXIS",TRUE,80,80,80,0.231946737244002,"SMCRPH",0.390457356402001,0.0200417715649484,0.141794424984112,0.0501681432017655,0.00596037248864717,0.0635557656453958,0.0370611888329123,0.0904952602279902,0.386207598420747,0.173107790510455,0.367145611748521,0.221710945788937,FALSE,TRUE,0.0572861870750398,0.389412211990298,-0.0845082379090727,0.330871767213412
"GSE27342","STAD","discovery","WNT_CTNNB1",TRUE,80,80,80,-0.0837724640486586,"SMCRPH",0.41013356357775,0.0279697634526479,0.155733582035739,0.0621949467503329,0.0143414872999666,0.106566761514242,0.0594791449907101,0.0772202258319414,0.404798564007881,0.276999164008413,0.384718711681761,0.355821761413566,FALSE,TRUE,0.0778728059116899,0.393022832466287,-0.0778607761240493,0.362137513368003
"GSE63089","STAD","validation","EPH_RECEPTORS",TRUE,45,45,45,-0.0153150413953705,"SMCRPH",1.86205745625783,0.0666150243331657,0.675717817904999,0.0764162923874072,2.57387895074386e-11,0.690546478702165,0.0773513226718689,4.58023661716602e-11,1.36957596030413,1.39963137221301,0.49337739379928,0.317962977311108,FALSE,TRUE,0.291227153434368,0.393816897027182,-0.384490664470632,0.32217572669029
"GSE63089","STAD","validation","ERBB_LIGANDS",TRUE,45,45,45,0.374092104393404,"SMCRPH",-0.201150029871958,0.0291074823134853,-0.0786676872380447,0.0650297011209001,0.232846168331126,-0.0369715409430989,0.0743372974828065,0.621666325970983,-0.203212782739698,-0.0955041387512454,0.387119777493588,0.30557342287685,FALSE,TRUE,-0.0472108893013431,0.426339205073117,0.0314567979367011,0.343801755575012
"GSE63089","STAD","validation","ERBB_RECEPTORS",TRUE,45,45,45,0.2439647215652,"SMCRPH",-0.354295038472236,0.0355044887289849,-0.155119292654943,0.0799249198069149,0.0587043092409252,-0.188085531272723,0.0571706964932037,0.00209714518271816,-0.353824927602493,-0.429020454816567,0.438406908484449,0.235007809097747,FALSE,TRUE,-0.0600223541080053,0.484427977035963,0.0950969385469379,0.376556153171159
"GSE63089","STAD","validation","FGFR_AXIS",TRUE,45,45,45,-0.0971645217933822,"SMCRPH",-0.382756539371328,0.0505887869938445,-0.133493889831566,0.0762036452457315,0.08677521618744,-0.168750986511347,0.0771972826955551,0.0347304110259725,-0.381082555735955,-0.481730342144107,0.350301759611535,0.317329775346334,FALSE,TRUE,-0.106826107260831,0.2908341892569,0.0266677825707348,0.393082939456648
"GSE63089","STAD","validation","HGF_MET_AXIS",TRUE,45,45,45,0.245286762363548,"SMCRPH",1.21230014431298,0.0432202191365873,0.511371793840408,0.0765833191479218,3.40250192061947e-08,0.52387143334186,0.0793696539195248,6.78071957494395e-08,1.04630762475233,1.07188288774993,0.488739431638428,0.326259598371191,FALSE,TRUE,0.231468975841027,0.403513569535244,-0.279902817999382,0.431990604030166
"GSE63089","STAD","validation","IGF_INSR_AXIS",TRUE,45,45,45,0.0823583159991743,"SMCRPH",0.0417897205384416,0.0417867800501907,0.0207416416039841,0.0994499000504858,0.835751337576519,-0.146078539358453,0.0735410022201095,0.0538753448947494,0.0423818248824393,-0.298485297951696,0.489399445670832,0.302300144491942,FALSE,TRUE,0.00710274149752822,0.535915312106252,-0.0136389001064557,0.443893981519149
"GSE63089","STAD","validation","JAK_STAT",TRUE,45,45,45,0.159408267886471,"SMCRPH",1.1135265761183,0.0458256877248322,0.425369943856374,0.0733190538431168,6.59848573542873e-07,0.438061445302824,0.072230373341997,3.83215387243837e-07,0.982323550536152,1.01163253426332,0.433024275580288,0.296912628857564,FALSE,TRUE,0.238010672563661,0.340112255940748,-0.187359271292713,0.413617413822191
"GSE63089","STAD","validation","PDGFR_KIT_CSF1R",TRUE,45,45,45,-0.00807502193298301,"SMCRPH",-0.13963552180469,0.0459186441021092,-0.0621090371201183,0.0933104323457037,0.509130277801853,-0.076165727353756,0.0573472060570403,0.191657241252772,-0.141280089859781,-0.173254993214001,0.439616347793668,0.235733375313071,FALSE,TRUE,-0.0268799987049862,0.523878057758294,0.0352290384151323,0.338373426191934
"GSE63089","STAD","validation","PI3K_AKT",TRUE,45,45,45,0.477863887543612,"SMCRPH",0.946831578742555,0.0310005148451481,0.339225147948158,0.0548452958535249,1.80301355577127e-07,0.293798524216936,0.0511908866075042,1.09900268502986e-06,0.866240398522286,0.750239633595303,0.391606242939997,0.210426999237815,FALSE,TRUE,0.168409034755661,0.305025205630406,-0.170816113192497,0.397883610973226
"GSE63089","STAD","validation","RAS_MAPK",TRUE,45,45,45,0.506018352790376,"SMCRPH",1.33146433557997,0.0351157266915727,0.46434132132191,0.051125488046799,1.19238162592533e-11,0.427902664826059,0.0542241043744509,1.11025496749278e-09,1.11899636549078,1.03118439978817,0.41496231412535,0.222895447335369,FALSE,TRUE,0.234065594420549,0.348958554855393,-0.230275726901361,0.340987224770193
"GSE63089","STAD","validation","RET_ALK_NTRK",TRUE,45,45,45,0.366940235647176,"SMCRPH",-1.46229586125046,0.0425625262360333,-0.499495150352481,0.0567409623508503,2.9235833536127e-11,-0.512305828644255,0.0593069139870061,1.1017981998956e-10,-1.18990275220597,-1.22042048865697,0.419778128444919,0.243789017369968,FALSE,TRUE,-0.256170075545721,0.339883200710137,0.24332507480676,0.33664334649962
"GSE63089","STAD","validation","SRC_FAK",TRUE,45,45,45,0.335776269163781,"SMCRPH",0.950671161520968,0.0360071894806577,0.3686004901921,0.0660530997576748,1.39082070183783e-06,0.39245741886775,0.0691676668605761,1.3572229696824e-06,0.868378390660564,0.924582443234309,0.424469901780617,0.284322963447527,FALSE,TRUE,0.202366503192543,0.366136681382752,-0.166233986999557,0.401137269416987
"GSE63089","STAD","validation","TGFB_SMAD",TRUE,45,45,45,-0.0880338772170653,"SMCRPH",1.14386445708621,0.0569729064748226,0.422734831905167,0.0805607991626124,4.24209250895312e-06,0.356243151712564,0.080695296895368,7.47740904963316e-05,1.00224229742016,0.844600273896276,0.421789055394403,0.331708831466257,FALSE,TRUE,0.236706495760384,0.353674831323361,-0.186028336144783,0.378663890307434
"GSE63089","STAD","validation","TIE_ANGPT_AXIS",TRUE,45,45,45,0.0986140667090413,"SMCRPH",0.102923028340267,0.0411572487479997,0.0505865760864477,0.0976702029673437,0.607099956425192,-0.0748376334203293,0.0642238678912116,0.250814980642519,0.104264105984434,-0.154248014912633,0.485177287128901,0.264000815289892,FALSE,TRUE,-0.0369645745792208,0.540606418638075,-0.0875511506656686,0.427293870107167
"GSE63089","STAD","validation","VEGF_PDGF_AXIS",TRUE,45,45,45,-0.179139136511862,"SMCRPH",0.753684363582816,0.0568864337146847,0.292958064419976,0.0880544963937576,0.00177961057904501,0.19723784042826,0.0709466896147018,0.00824342365724175,0.713762273176897,0.480549766122012,0.4104420693406,0.291635874876406,FALSE,TRUE,0.0935016123786103,0.423012550187907,-0.199456452041366,0.343404969627637
"GSE63089","STAD","validation","WNT_CTNNB1",TRUE,45,45,45,0.379445632052165,"SMCRPH",0.887167404352647,0.0337418382211963,0.368388210078021,0.0686365853673991,2.84308822893376e-06,0.272921886498946,0.0755800703865075,0.000840564940465211,0.82071908705343,0.608033035250708,0.448860293234582,0.310682007435367,FALSE,TRUE,0.148540185292454,0.447200546537972,-0.219848024785567,0.371678211107882
"GSE13911","STAD","validation","EPH_RECEPTORS",FALSE,38,31,NA,NA,"SMDH",1.7826244442043,0.0835000438319689,0.65676663829451,0.0898983132985384,4.2867255102705e-10,0.615797621958688,0.0876757475343814,1.81804421129748e-09,1.32892942128962,1.24603097914074,0.494207312873825,0.32500840902754,FALSE,TRUE,0.267753367733618,0.427969535243915,-0.389013270560891,0.286790172261676
"GSE13911","STAD","validation","ERBB_LIGANDS",FALSE,38,31,NA,NA,"SMDH",-1.06887392173144,0.0682797100909861,-0.339412515736334,0.076368917944031,3.39164594695546e-05,-0.292348451405057,0.0853022944194503,0.00107926167696475,-0.952306023877576,-0.820256114422693,0.356411182147439,0.316210169577312,FALSE,TRUE,-0.147400231717256,0.328742001828178,0.192012284019078,0.298472031909294
"GSE13911","STAD","validation","ERBB_RECEPTORS",FALSE,38,31,NA,NA,"SMDH",-0.766140783626702,0.0634003254925768,-0.305498794843559,0.0965223934287877,0.00233287291193913,-0.325150264452121,0.0971990186634044,0.00138913231667381,-0.719768506317928,-0.766068227187039,0.424440347364431,0.360310568238307,FALSE,TRUE,-0.122452932460507,0.435892805479859,0.183045862383053,0.347693099085959
"GSE13911","STAD","validation","FGFR_AXIS",FALSE,38,31,NA,NA,"SMDH",-0.0426247885735097,0.0580889786307352,-0.0147022346681253,0.0840880124946399,0.861729970138812,-0.139266419533043,0.0894596275032133,0.12453916354373,-0.0426205610464344,-0.403721819805726,0.344956385067467,0.33162113839536,FALSE,TRUE,0.0180504735542705,0.398083626175013,0.0327527082223959,0.272308170365279
"GSE13911","STAD","validation","HGF_MET_AXIS",FALSE,38,31,NA,NA,"SMDH",0.505955309737661,0.0620600821265046,0.222554246676857,0.105452105488541,0.038553747438665,0.295040100618188,0.109951214555121,0.00929895335521063,0.4982799011603,0.660569521226947,0.446645040585854,0.407582145783158,FALSE,TRUE,0.0710734477835966,0.44244557746481,-0.151480798893261,0.427269889193193
"GSE13911","STAD","validation","IGF_INSR_AXIS",FALSE,38,31,NA,NA,"SMDH",-0.141579102515152,0.0589507419163262,-0.0614243276438069,0.105155418159531,0.561095166478069,-0.14332221300721,0.110765454847401,0.200414797255907,-0.142060934120908,-0.331472695609276,0.432380147462135,0.410600482659686,FALSE,TRUE,-0.0201895398676902,0.479173137690307,0.0412347877761169,0.372062162562897
"GSE13911","STAD","validation","JAK_STAT",FALSE,38,31,NA,NA,"SMDH",0.801883732120429,0.0645318163908396,0.292281827437125,0.0876752420358837,0.00139907265754956,0.372995712711261,0.0901036415091691,0.000105244646973506,0.752780276596871,0.960661216081358,0.388269773430379,0.334008457276047,FALSE,TRUE,0.120454125309251,0.377895883099398,-0.171827702127875,0.342001875919281
"GSE13911","STAD","validation","PDGFR_KIT_CSF1R",FALSE,38,31,NA,NA,"SMDH",-0.771847134775021,0.0631359579938197,-0.311322661053333,0.0979680016763335,0.00224570201398096,-0.391588423126153,0.0652944139400771,1.07288948994416e-07,-0.722287555059574,-0.908509016890902,0.431023155352102,0.242042231629999,FALSE,TRUE,-0.109778200405037,0.452819074688248,0.201544460648296,0.336241092624659
"GSE13911","STAD","validation","PI3K_AKT",FALSE,38,31,NA,NA,"SMDH",0.727289051452475,0.0634128567594788,0.219827171884113,0.0728672447285806,0.00360832565619137,0.176899076538291,0.0792460336267479,0.0291601713301958,0.690175700786676,0.555397420036383,0.318508999423697,0.293759996750212,FALSE,TRUE,0.106212348569839,0.319488760315051,-0.113614823314274,0.276691754978105
"GSE13911","STAD","validation","RAS_MAPK",FALSE,38,31,NA,NA,"SMDH",0.847494635087857,0.0660315733892601,0.240763743921535,0.067864680053047,0.00071516924303653,0.294772258107587,0.0753797391233124,0.00022808391197703,0.793660487109641,0.971695696974711,0.303358612192412,0.279427889403186,FALSE,TRUE,0.115233646536776,0.276209654239757,-0.125530097384759,0.285503079071889
"GSE13911","STAD","validation","RET_ALK_NTRK",FALSE,38,31,NA,NA,"SMDH",-0.739599620496647,0.0657380367247637,-0.265249706913178,0.0851030253605223,0.0026924481031415,-0.257878352285282,0.0934707245339245,0.00758240849247367,-0.71019495053506,-0.690458458094569,0.373488584667265,0.346490019483546,FALSE,TRUE,-0.118926933117537,0.325052506621448,0.14632277379564,0.38188178743521
"GSE13911","STAD","validation","SRC_FAK",FALSE,38,31,NA,NA,"SMDH",-0.0911709691836381,0.0601394576846144,-0.0303556502553361,0.0798620989300468,0.705072869016252,-0.0425168158039856,0.0907157682751657,0.640914933893959,-0.0925763449681894,-0.129664539343111,0.327898560542293,0.336277572190199,FALSE,TRUE,-0.00156397610388392,0.336519324867235,0.0287916741514522,0.321733923693049
"GSE13911","STAD","validation","TAM_AXL_AXIS",FALSE,38,31,NA,NA,"SMDH",-0.273727857855071,0.0600525891341578,-0.122534335570932,0.107889472735884,0.260111991513163,-0.20410625918198,0.113799886241206,0.0776838478944498,-0.27428801672363,-0.456883376982094,0.446736015064035,0.42184892646927,FALSE,TRUE,-0.0554367813467635,0.472081603388246,0.0670975542241682,0.41104633884137
"GSE13911","STAD","validation","TGFB_SMAD",FALSE,38,31,NA,NA,"SMDH",0.246795851884067,0.0621011488730879,0.108413247102206,0.104030926334344,0.301099477202097,0.138261429574232,0.118073450454177,0.246017644058005,0.252056123956813,0.321451860936833,0.430115505230817,0.437690756676534,FALSE,TRUE,0.012776236364294,0.389138288619607,-0.095637010737912,0.475269647142547
"GSE13911","STAD","validation","TIE_ANGPT_AXIS",FALSE,38,31,NA,NA,"SMDH",0.226004654879082,0.0613531203615947,0.097477727327584,0.102700740395571,0.345958829158344,-0.023322976493398,0.100934611180826,0.818009099607564,0.229879634322465,-0.0550020753930381,0.424038117229848,0.374158171652081,FALSE,TRUE,0.0532260811530869,0.40579608893788,-0.0442516461744972,0.446166556632092
"GSE13911","STAD","validation","VEGF_PDGF_AXIS",FALSE,38,31,NA,NA,"SMDH",0.94849537183535,0.0661855169660877,0.309088383348932,0.0785592098364134,0.000200637953574622,0.186267445394464,0.0770422058945065,0.0185221677857006,0.864604692679261,0.52104095804734,0.357490985147352,0.285590547784343,FALSE,TRUE,0.13709011677983,0.344395476468998,-0.171998266569102,0.298376334384795
"GSE13911","STAD","validation","WNT_CTNNB1",FALSE,38,31,NA,NA,"SMDH",1.39795797854767,0.0739048011018543,0.543366617131174,0.0938696597988739,2.06033979269538e-07,0.590621887812166,0.102571268812365,2.72433425419275e-07,1.15232751470301,1.25254263080261,0.471538351899213,0.380225157197208,FALSE,TRUE,0.220355089872936,0.416990724680683,-0.323011527258238,0.348591790443183
"GSE15471","PAAD","discovery","EPH_RECEPTORS",TRUE,36,36,36,-0.0903785171536068,"SMCRPH",0.152722729244031,0.0624415585762092,0.0608312024019337,0.0969421742784072,0.534404364492284,-0.130199147250954,0.10680849284248,0.23204053560647,0.155022056889534,-0.33179912306755,0.392403530326531,0.309473583505414,FALSE,TRUE,0.0061874727601019,0.370027749882337,-0.054643729641832,0.416577589797662
"GSE15471","PAAD","discovery","ERBB_LIGANDS",TRUE,36,36,36,0.160245501273097,"SMCRPH",0.407487897371947,0.0498153589584017,0.147467929364973,0.0776995012711895,0.0659781057048035,-0.0350566770241569,0.100589244143531,0.729810684697733,0.406196308249124,-0.096562641436781,0.363045961694288,0.291453544739268,FALSE,TRUE,0.0855299998951567,0.411724582593759,-0.0619379294698163,0.294396547491306
"GSE15471","PAAD","discovery","ERBB_RECEPTORS",TRUE,36,36,36,0.266971517836096,"SMCRPH",-0.0512494481729437,0.0419318497073474,-0.024294526095335,0.0945874196420499,0.798800543323683,-0.0382438688190266,0.114004501119218,0.739538361822271,-0.0521982028732042,-0.0821691773462943,0.465428400942259,0.330323746344253,FALSE,TRUE,0.0298845846735445,0.45515349830693,0.0541791107688795,0.481630758597633
"GSE15471","PAAD","discovery","FGFR_AXIS",TRUE,36,36,36,-0.11403365132895,"SMCRPH",0.388375424926995,0.0647377856592253,0.132915848274898,0.0842003862812293,0.123432247227657,0.218892464372089,0.0896943555233746,0.0205820910016028,0.387836635649537,0.638708762370665,0.342710915002381,0.259886015477858,FALSE,TRUE,0.0758602997476274,0.325397074287304,-0.0570555485272705,0.351124381387335
"GSE15471","PAAD","discovery","HGF_MET_AXIS",TRUE,36,36,36,-0.178320925972338,"SMCRPH",1.91824372468491,0.0953683184427362,0.753379132533316,0.0991983553186337,6.63638258006572e-09,0.451997848780752,0.13064985583392,0.00159656110771216,1.3927345013468,0.835585923935382,0.540935211847473,0.378553034439114,FALSE,TRUE,0.452422477996193,0.344649718586841,-0.300956654537123,0.427668497528503
"GSE15471","PAAD","discovery","IGF_INSR_AXIS",TRUE,36,36,36,0.0575476990384441,"SMCRPH",0.172446568353235,0.0540721693061503,0.0756593662291532,0.0993126293868963,0.451264675178368,0.168826800508171,0.130681273559934,0.205941425549646,0.174887202592784,0.390244438132595,0.432618082440955,0.378644066116429,FALSE,TRUE,0.0646569281877008,0.423023579839249,-0.0110024380414522,0.4447148505352
"GSE15471","PAAD","discovery","JAK_STAT",TRUE,36,36,36,0.147304815349327,"SMCRPH",1.13605093663251,0.060481103749303,0.545261861088799,0.104126327148094,7.8408330124773e-06,0.373193305052974,0.0870429293295159,0.000163335918686675,0.999634963467144,0.684179662076269,0.545460974271655,0.252203607985939,FALSE,TRUE,0.29312628185231,0.362390169227455,-0.252135579236488,0.565090225943767
"GSE15471","PAAD","discovery","PDGFR_KIT_CSF1R",TRUE,36,36,36,0.20569740559941,"SMCRPH",1.06691899570113,0.0557081128258507,0.479867910042847,0.0942509459355315,1.2170332982233e-05,0.421013766484407,0.0838215229708666,2.01226943061988e-05,0.953324715576272,0.836402728308306,0.5033624977957,0.242869704443188,FALSE,TRUE,0.281374943925209,0.354490765168524,-0.198492966117638,0.519516057968351
"GSE15471","PAAD","discovery","PI3K_AKT",TRUE,36,36,36,0.13164639937507,"SMCRPH",0.587612989020314,0.0521298591311172,0.173718292365651,0.0642225488294483,0.0104797984153392,0.20362402036887,0.0923978121397162,0.0350963083061374,0.572909662820802,0.671536470127153,0.303221089884091,0.267719179158433,FALSE,TRUE,0.0882706643162317,0.291003968363707,-0.0854476280494189,0.293784879311446
"GSE15471","PAAD","discovery","RAS_MAPK",TRUE,36,36,36,0.1864436463981,"SMCRPH",1.03177355262121,0.0543901774428233,0.336442686050879,0.0685624154666671,2.12332945356066e-05,0.21454224566767,0.0910577351898333,0.0249691250267263,0.928821333568721,0.592289334825185,0.362225407504581,0.263836356689765,FALSE,TRUE,0.149811406907945,0.31412246016026,-0.186631279142933,0.330569897411987
"GSE15471","PAAD","discovery","RET_ALK_NTRK",TRUE,36,36,36,-0.059195758611701,"SMCRPH",-1.07792776471148,0.0691471497573328,-0.451419211328645,0.100427642992382,7.2980515925784e-05,-0.335825898331088,0.126125295834312,0.0121816484362267,-0.960555918022121,-0.714589778130146,0.469956202298104,0.365443292324044,FALSE,TRUE,-0.261215487965302,0.367882373413073,0.190203723363344,0.455949219471104
"GSE15471","PAAD","discovery","SRC_FAK",TRUE,36,36,36,0.17077281767643,"SMCRPH",-0.0407470836895642,0.0473966296094264,-0.0104698450981228,0.0545391020295062,0.848875538412578,-0.135251258965058,0.0689926350609668,0.0589925437148554,-0.0414875918657617,-0.535943844315218,0.252360877729402,0.199903560471427,FALSE,TRUE,-0.0113921574956534,0.253887586232684,-0.000922312397530542,0.254315442588882
"GSE15471","PAAD","discovery","TAM_AXL_AXIS",TRUE,36,36,36,0.181221572153249,"SMCRPH",0.522772623462909,0.048897529551517,0.218203773821657,0.0880972483630661,0.0182328687722603,0.110914561483867,0.107084356717614,0.30832288371196,0.514253250829731,0.261398658732875,0.424311899768435,0.310272888689164,FALSE,TRUE,0.140065477918868,0.435885443934961,-0.078138295902789,0.388255644634103
"GSE15471","PAAD","discovery","TGFB_SMAD",TRUE,36,36,36,-0.00250398566535684,"SMCRPH",1.4210593723205,0.075402690126477,0.675943919347772,0.111027939230081,5.91262429880034e-07,0.498387591336557,0.127742528842726,0.000479982286949966,1.16937744965457,0.862206455025118,0.578037416017765,0.370129164029166,FALSE,TRUE,0.420936242202153,0.330288373841501,-0.255007677145619,0.577696594423377
"GSE15471","PAAD","discovery","TIE_ANGPT_AXIS",TRUE,36,36,36,0.169844360110603,"SMCRPH",0.91682976993837,0.0536998002984405,0.444547885376994,0.103018545763186,0.00012427736971232,0.33092174726711,0.106878119454606,0.00413738973043703,0.844973715695963,0.628999006835363,0.52610853701034,0.309675323990544,FALSE,TRUE,0.230923482243946,0.457630743442099,-0.213624403133049,0.500428001748266
"GSE15471","PAAD","discovery","VEGF_PDGF_AXIS",TRUE,36,36,36,0.0271676857231197,"SMCRPH",0.844705809106419,0.0610165362828008,0.277651817497201,0.0756217313915173,0.00079786019847024,0.250044110236824,0.0843224884119763,0.00577331767801497,0.78917132964905,0.710701787314961,0.351827045745155,0.244321232932606,FALSE,TRUE,0.144690268167873,0.284329474161407,-0.132961549329328,0.361401947223731
"GSE15471","PAAD","discovery","WNT_CTNNB1",TRUE,36,36,36,-0.0980096009797378,"SMCRPH",1.48735692205323,0.0787775853579032,0.509342800633974,0.0836483247954489,5.8939386801388e-07,0.344514964007954,0.11805008844524,0.00649675585748395,1.20424513994768,0.814540758266201,0.422956077411368,0.342045683185124,FALSE,TRUE,0.231108203566653,0.325023200871305,-0.278234597067322,0.351900004062197
"GSE28735","PAAD","validation","EPH_RECEPTORS",TRUE,45,45,45,0.131100803864556,"SMCRPH",1.39038591892659,0.0507051468785614,0.576387375640863,0.0807648348578854,7.21266228949902e-09,0.0315065915545316,0.0912927154454143,0.73181530186016,1.15054943767673,0.0628915426120705,0.500967065617574,0.244918449430593,FALSE,TRUE,0.293647280120809,0.421460759292164,-0.282740095520054,0.400155207666741
"GSE28735","PAAD","validation","ERBB_LIGANDS",TRUE,45,45,45,0.157672600554034,"SMCRPH",0.548143155631937,0.0401298572976195,0.204268894811017,0.0715308373925703,0.00652993447455142,-0.0177614512157252,0.124550774276601,0.88731876954682,0.535579245606855,-0.0465693254560459,0.381398077850391,0.334142569452263,FALSE,TRUE,0.114764042382113,0.393129048493214,-0.0895048524289046,0.344016718676416
"GSE28735","PAAD","validation","ERBB_RECEPTORS",TRUE,45,45,45,-0.0425053289664572,"SMCRPH",0.301195968436353,0.0478878893838642,0.129747100399498,0.0918995246791782,0.165031388129254,-0.211003932128969,0.118824194652592,0.0833798354244132,0.301977510297423,-0.491097233703721,0.429658156568375,0.318779404984976,FALSE,TRUE,0.102026727680588,0.386446741258958,-0.0277203727189109,0.464174879835867
"GSE28735","PAAD","validation","FGFR_AXIS",TRUE,45,45,45,-0.0419466282986707,"SMCRPH",-0.66700252402006,0.0500016507078065,-0.209366356574153,0.0669212975382675,0.00311383425298273,-0.0295814376522573,0.116057238965882,0.800116625915499,-0.640529037123966,-0.0905005469177763,0.326864739051061,0.311356266204123,FALSE,TRUE,-0.121864293351477,0.266988524869803,0.0875020632226761,0.349873098419837
"GSE28735","PAAD","validation","HGF_MET_AXIS",TRUE,45,45,45,0.288336140786279,"SMCRPH",1.35571203824503,0.0436864747945716,0.555468395584472,0.0722053568451696,1.11810667466301e-09,0.241369990973089,0.103346993567596,0.0246168836420997,1.13165574128667,0.491743073467931,0.490845736312807,0.277257449232337,FALSE,TRUE,0.33836200258318,0.397539698682841,-0.217106393001293,0.414147520787067
"GSE28735","PAAD","validation","IGF_INSR_AXIS",TRUE,45,45,45,-0.01789584324256,"SMCRPH",-0.890656956728741,0.050974523805845,-0.371715183504644,0.0879905368970532,0.000118529489421063,-0.076232280066581,0.145179076192966,0.602418237326093,-0.822546021102761,-0.168689796465024,0.451908068324611,0.389483805553001,FALSE,TRUE,-0.157032936944313,0.457005534984558,0.214682246560331,0.365476267850904
"GSE28735","PAAD","validation","JAK_STAT",TRUE,45,45,45,0.142125677088456,"SMCRPH",0.441620117147219,0.0404831980683508,0.222085481859798,0.0976748638821413,0.0279158397331174,0.116896432950741,0.104363118702905,0.269354524573524,0.437078111153398,0.230059487395644,0.508113941633317,0.279983491407259,FALSE,TRUE,0.17441686412694,0.421253971732685,-0.0476686177328582,0.565288343613161
"GSE28735","PAAD","validation","PDGFR_KIT_CSF1R",TRUE,45,45,45,-0.0319229971219993,"SMCRPH",-0.249635031558137,0.0472535298695207,-0.121006215275415,0.102906443911846,0.245963889332635,0.0523353519337097,0.113212463211485,0.646388493602014,-0.251189216476024,0.108639676204272,0.481733320295479,0.303724353150104,FALSE,TRUE,-0.0285796097027513,0.447832214774611,0.0924266055726639,0.511240546935896
"GSE28735","PAAD","validation","PI3K_AKT",TRUE,45,45,45,0.0656498444266381,"SMCRPH",0.302865471774984,0.0430791655277514,0.0882534853478162,0.0589147412474977,0.141277183521168,-0.117754321615106,0.0856864292969377,0.177016538651673,0.303618867312452,-0.405110728590724,0.290671940545102,0.22987800612852,FALSE,TRUE,0.0479315927102783,0.317139327027975,-0.040321892637538,0.257566275062916
"GSE28735","PAAD","validation","RAS_MAPK",TRUE,45,45,45,-0.00149015276202797,"SMCRPH",1.19253268717482,0.0537187460083323,0.3387380590582,0.059414682672867,9.25775210531886e-07,0.0561148565289036,0.0894632047838043,0.534066493866218,1.03349197091733,0.171206783887947,0.327760706991787,0.24001027124494,FALSE,TRUE,0.172826055734534,0.298057811765015,-0.165912003323666,0.264162048911317
"GSE28735","PAAD","validation","SRC_FAK",TRUE,45,45,45,0.285483136408223,"SMCRPH",0.863204783653169,0.0371138837620053,0.306418372069975,0.0627073873198817,1.40150790018645e-05,0.0697286731789121,0.0909524788710883,0.447791195555651,0.801835699202565,0.182466015451946,0.382146083511511,0.244005668889266,FALSE,TRUE,0.170421042378949,0.338398352036614,-0.135997329691026,0.364504785694986
"GSE28735","PAAD","validation","TAM_AXL_AXIS",TRUE,45,45,45,0.164389322507546,"SMCRPH",-0.302801853532039,0.0385320597942936,-0.139428005209311,0.0879721216094694,0.120148344875918,-0.0972175261291692,0.129835452818817,0.458373542747897,-0.303614871833293,-0.211698408015998,0.459226533823639,0.348320209672335,FALSE,TRUE,-0.04532331206172,0.469658630535717,0.0941046931475915,0.442776158125285
"GSE28735","PAAD","validation","TGFB_SMAD",TRUE,45,45,45,-0.0167572052293686,"SMCRPH",0.782562077034946,0.049973050162765,0.356152318107996,0.0958825947835198,0.000570895501660259,0.159470015098284,0.132160014354418,0.234657476760664,0.737235805810657,0.330103158413169,0.483091455001123,0.354556501408513,FALSE,TRUE,0.261401192678091,0.377766842158447,-0.0947511254299051,0.514283287892521
"GSE28735","PAAD","validation","TIE_ANGPT_AXIS",TRUE,45,45,45,-0.0195971872420756,"SMCRPH",0.0707765191697751,0.0463633687008083,0.0370842842638779,0.110570803648275,0.738925211199652,-0.0283401840239627,0.109895733334145,0.797819799784755,0.0717449288770944,-0.0548281981848435,0.516890668710629,0.294826290092444,FALSE,TRUE,0.0277700088802288,0.476780033345664,-0.00931427538364924,0.558929027467284
"GSE28735","PAAD","validation","VEGF_PDGF_AXIS",TRUE,45,45,45,-0.00696508395259437,"SMCRPH",0.0163455398539992,0.0457721508750214,0.00684985603269246,0.0878953406999853,0.938235505919299,0.0136658944765295,0.124603308985422,0.913215358283431,0.0165793569946496,0.0330768620677905,0.413155711340496,0.334283508620989,FALSE,TRUE,0.0124012170795438,0.403495471373967,0.0055513610468515,0.427132516457113
"GSE28735","PAAD","validation","WNT_CTNNB1",TRUE,45,45,45,-0.0530586276064985,"SMCRPH",0.821144884393584,0.0517154964952032,0.293154176493187,0.076569502870053,0.000404312953270486,0.0847667015435162,0.127832527708933,0.511065262644286,0.768283619782334,0.222152278633407,0.381570254714323,0.342946798334475,FALSE,TRUE,0.135114651086156,0.363164919627346,-0.158039525407031,0.344478863151525
"GSE62452","PAAD","validation","EPH_RECEPTORS",TRUE,42,42,42,0.101650016112462,"SMCRPH",1.37797812937566,0.0555201136455569,0.569849314192427,0.0847392496472874,4.03815240875847e-08,0.0254261933630698,0.10434603727604,0.80883100514838,1.14429442957688,0.0510574474796693,0.497991862464224,0.269115340538805,FALSE,TRUE,0.301918404919584,0.410708702350749,-0.267930909272843,0.408698680449254
"GSE62452","PAAD","validation","ERBB_LIGANDS",TRUE,42,42,42,0.183182302877072,"SMCRPH",0.529634785237275,0.0416557321859216,0.194151788647152,0.0716389256173336,0.00977436429905907,0.0139060610683126,0.127713585727019,0.913882288858335,0.519283167964513,0.0371934943055558,0.373884232389409,0.329381795529387,FALSE,TRUE,0.109280941035377,0.378021141917477,-0.084870847611775,0.347535897605702
"GSE62452","PAAD","validation","ERBB_RECEPTORS",TRUE,42,42,42,-0.0166281650415047,"SMCRPH",0.258460730563867,0.0499990371855601,0.110797794295338,0.0934453565748352,0.242568805288089,-0.274994020769262,0.117845116795223,0.0251626413177746,0.260184314700575,-0.645763133604336,0.425843481083194,0.303930360606649,FALSE,TRUE,0.0958812773220861,0.389868076511105,-0.0149165169732519,0.456972024164024
"GSE62452","PAAD","validation","FGFR_AXIS",TRUE,42,42,42,0.0144087481007533,"SMCRPH",-0.562220693905926,0.0501515021205024,-0.182782768401237,0.0698014956686098,0.0123166954520319,-0.0457124228851185,0.116356989451021,0.696674635207419,-0.548705291208021,-0.137226547832686,0.333116467673977,0.300092381633469,FALSE,TRUE,-0.118559007609785,0.278428596923681,0.0642237607914515,0.360562029102821
"GSE62452","PAAD","validation","HGF_MET_AXIS",TRUE,42,42,42,0.250607650877728,"SMCRPH",1.44682754665214,0.0502162215941231,0.580185284577208,0.0750458829207841,1.56121658897297e-09,0.211809882930916,0.103284924118857,0.0474256289205708,1.18196096444467,0.431501832540225,0.490866705441329,0.266378659433319,FALSE,TRUE,0.355411430193161,0.382448411969792,-0.224773854384048,0.411214964097703
"GSE62452","PAAD","validation","IGF_INSR_AXIS",TRUE,42,42,42,0.00575341834819905,"SMCRPH",-0.941666629131032,0.054089881005657,-0.393871214949125,0.0901800404933898,8.33912157521801e-05,-0.198734647573541,0.146074450719419,0.181901998581262,-0.861686115601508,-0.434778882039395,0.457093607309873,0.376735682308481,FALSE,TRUE,-0.178003982940124,0.450489305993853,0.215867232009002,0.37492043202465
"GSE62452","PAAD","validation","JAK_STAT",TRUE,42,42,42,0.126557125428775,"SMCRPH",0.523840915957077,0.0447717871682173,0.259225881316503,0.100338997427122,0.013443519913332,0.120119638708638,0.11242842112799,0.292256945425101,0.513905957386345,0.238132850076397,0.50442279874491,0.289960343755637,FALSE,TRUE,0.199481159588886,0.406987515643475,-0.0597447217276172,0.561278251703885
"GSE62452","PAAD","validation","PDGFR_KIT_CSF1R",TRUE,42,42,42,-0.0616359034936702,"SMCRPH",-0.245330825755366,0.0521326775683569,-0.116491449280802,0.105748355791799,0.277064531910499,-0.00859914277095675,0.121025724221008,0.943738887160055,-0.247184516300083,-0.0182466177522661,0.471273245688987,0.312133357796145,FALSE,TRUE,-0.0358555005073252,0.435985072182734,0.080635948773477,0.502573752913145
"GSE62452","PAAD","validation","PI3K_AKT",TRUE,42,42,42,0.106470649497527,"SMCRPH",0.246781266033392,0.0441160117958245,0.0721054668709667,0.0598027189666405,0.234837017057863,-0.126652588763079,0.081878180158052,0.130413016945417,0.248640278322733,-0.43673435991615,0.289999139951791,0.211169249078818,FALSE,TRUE,0.0406116042876128,0.320567226224572,-0.0314938625833539,0.254605300666776
"GSE62452","PAAD","validation","RAS_MAPK",TRUE,42,42,42,-0.0507267831807167,"SMCRPH",1.22272698992468,0.0604653029308306,0.341210411488542,0.0618394430712289,2.09452488572955e-06,0.0739134294021068,0.0951232609866778,0.442082046602752,1.0530892232002,0.228121514855185,0.324009024089762,0.245329189702438,FALSE,TRUE,0.180533933061481,0.289304773748774,-0.160676478427061,0.263049220037881
"GSE62452","PAAD","validation","SRC_FAK",TRUE,42,42,42,0.209804435324721,"SMCRPH",0.908297700330489,0.0439754093922824,0.312394656322242,0.0661554989212251,2.72890235459796e-05,0.0616335608593983,0.0970916612027347,0.529466475406032,0.836921959600009,0.16511959947985,0.373266172238503,0.250405824218606,FALSE,TRUE,0.174320261736355,0.317084864326046,-0.138074394585887,0.362664247976527
"GSE62452","PAAD","validation","TAM_AXL_AXIS",TRUE,42,42,42,0.255238560471499,"SMCRPH",-0.257534478390235,0.0367770290355038,-0.117538001795486,0.0851268409723075,0.174839927252954,-0.118774984299458,0.128826481479678,0.362513985817097,-0.259421605402439,-0.262151786128102,0.45307715066041,0.33225202737795,FALSE,TRUE,-0.030471893822296,0.463068921909738,0.0870661079731904,0.440517554984323
"GSE62452","PAAD","validation","TGFB_SMAD",TRUE,42,42,42,-0.0414573793250321,"SMCRPH",0.766778088553309,0.054658346226366,0.344675154803022,0.099077950904411,0.00120752752874914,0.115400128218612,0.138521383866597,0.410142266098419,0.724982246794798,0.242730127398216,0.475425648458093,0.357255822686863,FALSE,TRUE,0.251085098560879,0.366565614944984,-0.093590056242143,0.512203462265115
"GSE62452","PAAD","validation","TIE_ANGPT_AXIS",TRUE,42,42,42,0.0127892168001424,"SMCRPH",0.12154470917775,0.0482584294248656,0.0633151105190131,0.111918579619477,0.574664196913803,-0.0440394376031326,0.116337186965642,0.707185552091423,0.123179490863434,-0.0856786864525303,0.514006918482957,0.300041309712239,FALSE,TRUE,0.0447243596632563,0.470168149741815,-0.0185907508557568,0.558335763101742
"GSE62452","PAAD","validation","VEGF_PDGF_AXIS",TRUE,42,42,42,-0.00611455695984136,"SMCRPH",0.0431265004342576,0.0490900984400818,0.0182487509663598,0.0917694309347619,0.843359518338632,-0.012124322215899,0.128689592359989,0.92544776935139,0.0437800201034234,-0.029087090471613,0.416828291153132,0.331898981272677,FALSE,TRUE,0.0132966799623784,0.419992602447364,-0.00495207100398138,0.418527174619342
"GSE62452","PAAD","validation","WNT_CTNNB1",TRUE,42,42,42,-0.136920214198554,"SMCRPH",0.851786885759141,0.0599698989916726,0.301395206756771,0.0815521782242994,0.000642244036170713,0.0697025863481668,0.135599261543566,0.610285035007017,0.793216386501177,0.183444303138829,0.379965936011741,0.349719475695763,FALSE,TRUE,0.135696300833019,0.360623429615806,-0.165698905923752,0.340136675493711
"GSE57957","HCC","discovery","EPH_RECEPTORS",TRUE,37,37,37,0.322646702313762,"SMCRPH",-0.156104001617955,0.0378208833451522,-0.0521288773161481,0.0631623583056276,0.414628195466938,-0.0964007261075939,0.103897250068139,0.360433115312619,-0.15851433998753,-0.293136899545893,0.328859062973413,0.280062102024643,FALSE,TRUE,-0.00242853393564336,0.33320570525096,0.0497003433805048,0.326922302238279
"GSE57957","HCC","discovery","ERBB_LIGANDS",TRUE,37,37,37,-0.0794980466000021,"SMCRPH",-0.303231892147079,0.0605814670604468,-0.109390446654454,0.0861917574312372,0.212531100865209,0.194968336872565,0.11795628658398,0.10813354475724,-0.304921192496899,0.543465902156083,0.358749897829966,0.317959190893553,FALSE,TRUE,-0.0524420026039137,0.381913524404686,0.0569484440505402,0.330107174305136
"GSE57957","HCC","discovery","ERBB_RECEPTORS",TRUE,37,37,37,0.167277031166755,"SMCRPH",-0.558705238264127,0.0485746806570021,-0.227903191823778,0.0856658919232594,0.0115827287962858,-0.56012101520408,0.121360667842571,6.05629988968115e-05,-0.546723584996028,-1.3436905688481,0.416852680363942,0.327135932056086,FALSE,TRUE,-0.0797036739427238,0.380397460240395,0.148199517881054,0.425400522755176
"GSE57957","HCC","discovery","FGFR_AXIS",TRUE,37,37,37,0.267421200067887,"SMCRPH",-0.335400109597699,0.0415405861613166,-0.106497806839994,0.0624806486257109,0.0969065962725151,0.043890494905867,0.0945698949279465,0.645713451894225,-0.336610644208781,0.138725934395091,0.316382766475856,0.254919582033214,FALSE,TRUE,-0.0645399910810005,0.310175976851996,0.0419578157589938,0.317709078501929
"GSE57957","HCC","discovery","HGF_MET_AXIS",TRUE,37,37,37,0.281501537684407,"SMCRPH",-0.350906139544013,0.0411347544010062,-0.172186139762205,0.0959308566676108,0.081069950459166,-0.0863840390040708,0.157773322316852,0.587820418931524,-0.35172327119577,-0.176455995933094,0.489550035108043,0.425288718060299,FALSE,TRUE,-0.0942397685564406,0.438112369111605,0.0779463712057642,0.528012703196277
"GSE57957","HCC","discovery","IGF_INSR_AXIS",TRUE,37,37,37,0.0644423464670542,"SMCRPH",-0.893116009103685,0.0575568160378542,-0.303891730086592,0.0757172127196668,0.000289823113693762,-0.20345390997825,0.125988184129566,0.116158575992485,-0.826449860860436,-0.553303821545669,0.367707400628277,0.339609716854423,FALSE,TRUE,-0.134200127226849,0.327965166381744,0.169691602859744,0.345187455553574
"GSE57957","HCC","discovery","JAK_STAT",TRUE,37,37,37,-0.183171366506363,"SMCRPH",0.305534614453825,0.0663944248357468,0.102776093743146,0.0841435963872749,0.229859393127219,0.141196888560781,0.116785028185341,0.235508027429094,0.307268271384365,0.422134392277535,0.334483262069655,0.314801984240617,FALSE,TRUE,0.0666425406888306,0.339424874615568,-0.0361335530543159,0.325927048804737
"GSE57957","HCC","discovery","PDGFR_KIT_CSF1R",TRUE,37,37,37,-0.212124014907841,"SMCRPH",-0.159587773980726,0.0675094923318408,-0.0724419268786296,0.114908644082869,0.532394691278629,0.0925639332355702,0.163518329455597,0.575290230772453,-0.161927556152641,0.206905753926512,0.447372446048296,0.440774775433022,FALSE,TRUE,-0.0406671278407792,0.460518406715867,0.0317747990378502,0.437115211381676
"GSE57957","HCC","discovery","PI3K_AKT",TRUE,37,37,37,-0.0554715789639956,"SMCRPH",0.120218873639366,0.0586667780718848,0.0367640671758517,0.0722313858419033,0.61387435830573,-0.0481510150466889,0.109879891536092,0.664174557818706,0.122102972851655,-0.159921970953402,0.301090680408879,0.296188718889631,FALSE,TRUE,0.00405434757016083,0.267106825095912,-0.0327097196056908,0.334348291760266
"GSE57957","HCC","discovery","RAS_MAPK",TRUE,37,37,37,0.100763667487749,"SMCRPH",0.799844415547796,0.0544457701188825,0.26218397111869,0.0715054719141935,0.000787551175861031,0.213566741446237,0.114182855764443,0.0706002100871756,0.753197825491432,0.613531042985754,0.348094434483563,0.307787651546062,FALSE,TRUE,0.141476781603328,0.323162506966485,-0.120707189515361,0.325494001624304
"GSE57957","HCC","discovery","RET_ALK_NTRK",TRUE,37,37,37,0.131793962246569,"SMCRPH",-0.694803233525027,0.0516469226450774,-0.221198712822461,0.0682348310760596,0.00256171873878217,-0.0694620130240776,0.105511551997684,0.515031419563486,-0.666184815245542,-0.209198949318343,0.332038058749405,0.284413562639764,FALSE,TRUE,-0.108757243306369,0.31192479549836,0.112441469516091,0.317993622162789
"GSE57957","HCC","discovery","SRC_FAK",TRUE,37,37,37,0.142499360914993,"SMCRPH",-0.616092629447687,0.0503298040258437,-0.175855257303174,0.0607973808704313,0.00644743948484808,-0.0740022675138875,0.0950362765644702,0.441892148394398,-0.597963931005702,-0.25163129874276,0.294090074977276,0.256176745445959,FALSE,TRUE,-0.0681802541280616,0.284485417512402,0.107675003175112,0.280279168741197
"GSE57957","HCC","discovery","TAM_AXL_AXIS",TRUE,37,37,37,0.0293518533484847,"SMCRPH",-0.274376502519028,0.0545485204499647,-0.1284832683976,0.106199523934596,0.234229191431277,0.0130315843687492,0.159269263945961,0.935298630258186,-0.276480439160534,0.02804239193293,0.464710157390187,0.429321130437717,FALSE,TRUE,-0.0230307023568441,0.522673958414181,0.105452566040755,0.39527016896765
"GSE57957","HCC","discovery","TGFB_SMAD",TRUE,37,37,37,0.078693211768127,"SMCRPH",0.370184796752595,0.052183304565983,0.132574694169879,0.0791021315506198,0.102404620176427,0.347060045415841,0.120212534992955,0.00691488688145866,0.370114616809317,0.968902825107121,0.358199023083115,0.324041061892958,FALSE,TRUE,0.0582501288500096,0.37430927823825,-0.0743245653198692,0.333223016151844
"GSE57957","HCC","discovery","TIE_ANGPT_AXIS",TRUE,37,37,37,0.111641494954582,"SMCRPH",0.407648991924999,0.050588351222089,0.179215843993622,0.0953650763743136,0.068323165768576,-0.0378379790617984,0.115344986984182,0.745016870735207,0.406101496266722,-0.085740521430974,0.441308012014601,0.310920255267674,FALSE,TRUE,0.0856193418403445,0.461411391595645,-0.0935965021532783,0.406828713886538
"GSE57957","HCC","discovery","VEGF_PDGF_AXIS",TRUE,37,37,37,0.0888624703898322,"SMCRPH",0.893723554043578,0.0564530241487184,0.259589137707815,0.0638281028234692,0.000247816026227269,0.0904691976127187,0.0926192776928853,0.336002178576645,0.826941825286879,0.288196817735524,0.313914630715116,0.249661560644405,FALSE,TRUE,0.11037858228641,0.261100160136559,-0.149210555421404,0.31147969723329
"GSE57957","HCC","discovery","WNT_CTNNB1",TRUE,37,37,37,0.189772729902183,"SMCRPH",-0.0237114686706459,0.0451202781006602,-0.0100021512218774,0.0874216782231605,0.909546381240557,0.152820429247905,0.133109489315881,0.259445802623451,-0.0241353638593084,0.368758338402882,0.41441891160965,0.358805679195395,FALSE,TRUE,-0.00129440340083664,0.445468428339091,0.00870774782104033,0.386992476403825
"GSE62232","HCC","validation","EPH_RECEPTORS",FALSE,81,5,NA,NA,"SMDH",-0.42713765908099,0.294813866475049,-0.156287649384344,0.158902941250713,0.328165421086641,-0.188061859383584,0.183430241184215,0.308335376879245,-0.453312665288653,-0.54547383015956,0.344767886167102,0.345567716809745,FALSE,TRUE,0.00624089349858885,0.342908592230625,0.162528542882933,0.381308037622295
"GSE62232","HCC","validation","ERBB_LIGANDS",FALSE,81,5,NA,NA,"SMDH",-1.49024504945301,0.210849114580679,-0.467566208525836,0.165153931195882,0.00580351654416466,-0.493420332403597,0.18537509600825,0.00939307944469538,-1.25387963927145,-1.32321304902263,0.372895606469461,0.34923166576783,FALSE,TRUE,-0.0159749829292051,0.363034312398343,0.451591225596632,0.248140266789973
"GSE62232","HCC","validation","ERBB_RECEPTORS",FALSE,81,5,NA,NA,"SMDH",-0.428432305010883,0.159767925145978,-0.159966005884506,0.201784716364324,0.430153489922668,-0.171924927122807,0.222980397863824,0.442959525785693,-0.366110669706634,-0.39348078899738,0.436933471544786,0.42007700848927,FALSE,TRUE,0.00406444336051891,0.44443250462967,0.164030449245025,0.276267970875902
"GSE62232","HCC","validation","FGFR_AXIS",FALSE,81,5,NA,NA,"SMDH",-0.783106532462443,0.0424700922635424,-0.195018728597589,0.154780027527073,0.211168208375285,-0.478595467002484,0.159112673718408,0.00351550105138926,-0.578611849695404,-1.41997135562069,0.337045860191512,0.299755389391571,FALSE,TRUE,0.00834461721081598,0.343924741124511,0.203363345808405,0.0594741214480569
"GSE62232","HCC","validation","HGF_MET_AXIS",FALSE,81,5,NA,NA,"SMDH",-1.10589646711927,0.119201042126453,-0.380458618430136,0.197729921830856,0.0577241547231455,-0.304868006039265,0.227994540859204,0.184956116121557,-0.872892475534322,-0.699463688326708,0.435859660947641,0.429523247754315,FALSE,TRUE,-0.0135822811571122,0.437338637077826,0.366876337273025,0.20303164245227
"GSE62232","HCC","validation","IGF_INSR_AXIS",FALSE,81,5,NA,NA,"SMDH",-1.24903152251853,0.108728335974699,-0.428115608256253,0.199825640902953,0.0350518024512114,-0.609953051641037,0.220586232092712,0.00706163029264447,-0.967049025330727,-1.37779256983759,0.442703107125142,0.415566594100422,FALSE,TRUE,-0.00446740278445062,0.44237071047027,0.423648205471803,0.187303841086277
"GSE62232","HCC","validation","JAK_STAT",FALSE,81,5,NA,NA,"SMDH",1.34484686336036,0.0678856125827117,0.380255552066676,0.172409636187605,0.0301482240311168,0.498091153202149,0.155220147142928,0.00191769373493484,0.99398843699385,1.30201082971973,0.382555307400451,0.292422184612327,FALSE,TRUE,0.0114630678272468,0.382693335751209,-0.36879248423943,0.102901085284623
"GSE62232","HCC","validation","PDGFR_KIT_CSF1R",FALSE,81,5,NA,NA,"SMDH",0.0330373690436828,0.194201234439985,0.0136547169012655,0.211895035668403,0.948772235904489,-0.238509166118459,0.190750010234829,0.214807378241124,0.0298705154971038,-0.521753163705828,0.457130272913752,0.359357568810513,FALSE,TRUE,-0.0243438980203879,0.464802996594058,-0.0379986149216535,0.345710586427084
"GSE62232","HCC","validation","PI3K_AKT",FALSE,81,5,NA,NA,"SMDH",1.89524918958704,0.088316471846766,0.460586992795078,0.146723323427589,0.0023382334758133,0.379935743585703,0.162785341674043,0.0221075566334231,1.37662813864069,1.13557317874184,0.334576186456475,0.306674398339253,FALSE,TRUE,0.00962116985292715,0.325494006409944,-0.450965822942152,0.100328279127528
"GSE62232","HCC","validation","RAS_MAPK",FALSE,81,5,NA,NA,"SMDH",1.04786191864435,0.107038602977082,0.258493732852899,0.143544608639563,0.0753249715137671,0.023287598964873,0.150369526423403,0.877314551198732,0.819085802654207,0.0737911185679965,0.315588100801239,0.283284008069927,FALSE,TRUE,-0.0111115258316169,0.317739256154912,-0.269605258684517,0.136306167545636
"GSE62232","HCC","validation","RET_ALK_NTRK",FALSE,81,5,NA,NA,"SMDH",-1.72481846255968,0.134399569307568,-0.567479387329429,0.188928607913398,0.00351413678246038,-0.284616881100994,0.212118135851015,0.183461984579082,-1.32309373948156,-0.663592056281839,0.428903387867127,0.399613386684478,FALSE,TRUE,-0.0155520477118126,0.41784797781971,0.551927339617617,0.195022557617354
"GSE62232","HCC","validation","SRC_FAK",FALSE,81,5,NA,NA,"SMDH",-1.33469967297233,0.103194978936343,-0.284936366894226,0.125407159202838,0.025636192118882,-0.266649675725966,0.13435894563627,0.050616481121238,-1.02227059832988,-0.956663154373835,0.278728907355585,0.253121370700602,FALSE,TRUE,-0.00963851007360353,0.277753998000057,0.275297856820624,0.111252371050766
"GSE62232","HCC","validation","TAM_AXL_AXIS",FALSE,81,5,NA,NA,"SMDH",-0.741669870396519,0.274152135674224,-0.321724521662627,0.200215093929744,0.111830283729459,-0.461262731503534,0.217163999033191,0.0367564493004982,-0.733676220955883,-1.05188593013802,0.438510220821199,0.409119384212157,FALSE,TRUE,0.00060025905372511,0.434965434110371,0.322324780716353,0.424768957423422
"GSE62232","HCC","validation","TGFB_SMAD",FALSE,81,5,NA,NA,"SMDH",1.90533696800813,0.055719511305351,0.649436921765034,0.212954240017242,0.00306436085952498,0.431902973971241,0.222925638679069,0.0562219062195172,1.34134384560166,0.892050292519368,0.484168860873798,0.419973846620605,FALSE,TRUE,0.0335544618630103,0.473322026355968,-0.615882459902025,0.0646578250215397
"GSE62232","HCC","validation","TIE_ANGPT_AXIS",FALSE,81,5,NA,NA,"SMDH",0.148175787132067,0.279526686102548,0.0726054124808695,0.216750489446779,0.738481026775403,-0.486995783204028,0.189619709748287,0.0120808090179714,0.155171005472857,-1.04079878839228,0.467905793737798,0.357228174246554,FALSE,TRUE,-0.0110349522448593,0.468736029119522,-0.0836403647257291,0.50190716300234
"GSE62232","HCC","validation","VEGF_PDGF_AXIS",FALSE,81,5,NA,NA,"SMDH",0.375088037008811,0.287380898331138,0.164020658830184,0.192121507786153,0.395680472766552,-0.343827312530063,0.157578747035226,0.0320483892778293,0.394037955099337,-0.825999676521934,0.416255989321726,0.296865595766275,FALSE,TRUE,0.0187447715190605,0.415152389556588,-0.145275887311124,0.450847896335166
"GSE62232","HCC","validation","WNT_CTNNB1",FALSE,81,5,NA,NA,"SMDH",0.88429144166399,0.183344944266034,0.345034217792799,0.206725564443572,0.098831696797961,0.286713012843663,0.228004590165455,0.21223552540847,0.761158403037925,0.632499641288707,0.45330146315892,0.429542179833313,FALSE,TRUE,0.0291622206767209,0.454641937152516,-0.315871997116078,0.303895219812422
"GSE23400","ESCC","discovery","EPH_RECEPTORS",TRUE,53,53,53,0.0256019989678784,"SMCRPH",-0.209192745475833,0.0377057447403432,-0.0792906985588497,0.072167450021256,0.276958149106063,-0.110116654566876,0.0759750576284171,0.153734180423921,-0.210540589091962,-0.292392748994876,0.376605284999067,0.309679639911226,FALSE,TRUE,-0.0105272331978902,0.344604035797198,0.0687634653609604,0.405505499363781
"GSE23400","ESCC","discovery","ERBB_LIGANDS",TRUE,53,53,53,0.0673308046960065,"SMCRPH",-0.511542589069935,0.037135706065561,-0.214918453508808,0.0782467698425584,0.00825138351425362,-0.195939704205465,0.0842995869931537,0.0243865084138133,-0.501084016179702,-0.45683491719483,0.428907022713198,0.343611002868663,FALSE,TRUE,-0.0681957637907633,0.418042984098947,0.146722689718045,0.416126354450595
"GSE23400","ESCC","discovery","ERBB_RECEPTORS",TRUE,53,53,53,0.282724499188635,"SMCRPH",-1.05843979715511,0.0334051313928657,-0.379835553942605,0.0585798145511441,3.28696696829263e-08,-0.387079791354363,0.0637057640229981,1.91872364603177e-07,-0.943756188655069,-0.96175554079172,0.402472119927396,0.25966914246252,FALSE,TRUE,-0.164007390776527,0.357851157690607,0.215828163166078,0.354260430613026
"GSE23400","ESCC","discovery","FGFR_AXIS",TRUE,53,53,53,-0.0739492032308468,"SMCRPH",-1.00456849815183,0.0461876593567581,-0.309306784608774,0.0615320321600624,6.27130004130262e-06,-0.281460490858716,0.077008801923327,0.000636570255740626,-0.905488485342715,-0.823969101983436,0.341591074448291,0.313893253839282,FALSE,TRUE,-0.141175182991442,0.300601097409447,0.168131601617332,0.310638990681329
"GSE23400","ESCC","discovery","HGF_MET_AXIS",TRUE,53,53,53,0.230100613923578,"SMCRPH",0.875425022804905,0.0336893679249151,0.32703482469079,0.0633086010112826,3.84680612140069e-06,0.246187497192662,0.0771034416999283,0.00248660519069021,0.809723940728665,0.609549489334808,0.403884346554572,0.314279012177005,FALSE,TRUE,0.156580500896269,0.398943812013273,-0.170454323794521,0.340178875452505
"GSE23400","ESCC","discovery","IGF_INSR_AXIS",TRUE,53,53,53,0.128671303726718,"SMCRPH",0.622061394803744,0.0354045619144333,0.308760679147929,0.0893418317689357,0.00110054078481679,0.360348097654904,0.0904667620876012,0.000229895836717914,0.600352686468804,0.70065899935204,0.514298821521094,0.368748839181454,FALSE,TRUE,0.147212680542711,0.495904369488016,-0.161547998605219,0.489478058742353
"GSE23400","ESCC","discovery","JAK_STAT",TRUE,53,53,53,0.17059889293825,"SMCRPH",0.128575072704812,0.0319911851778157,0.0442476902808787,0.0604381097625875,0.467384946674927,0.154977629752914,0.0670907063414032,0.0252346380717316,0.129883136732427,0.454915963926907,0.340673095784819,0.273466403708583,FALSE,TRUE,0.0116044398480321,0.350471304396976,-0.0326432504328477,0.332445956854394
"GSE23400","ESCC","discovery","PDGFR_KIT_CSF1R",TRUE,53,53,53,0.356940510635785,"SMCRPH",-0.19394079629238,0.0249977755729763,-0.0938200765302574,0.0748331748397183,0.215550045103284,0.0678936776526957,0.0635191645971315,0.290474605418668,-0.195523315482937,0.141492071270094,0.479840863472085,0.258908550173236,FALSE,TRUE,-0.0411607684874801,0.501623289420277,0.0526593080427769,0.456958067940118
"GSE23400","ESCC","discovery","PI3K_AKT",TRUE,53,53,53,-0.0225205243961984,"SMCRPH",0.718780437206515,0.0418665758007218,0.182119795194853,0.0494034201324696,0.000543670734018613,0.166320242197787,0.0631594245264076,0.0113430070624826,0.68328770355131,0.624010016175523,0.266534571379386,0.257442224525834,FALSE,TRUE,0.0779966258201527,0.271153841424866,-0.104123169374701,0.230261562834244
"GSE23400","ESCC","discovery","RAS_MAPK",TRUE,53,53,53,0.12113683273405,"SMCRPH",-0.0869163276236391,0.0339081684019005,-0.0286532839010655,0.0596550839205664,0.633017307657987,-0.0404164881908628,0.0609122159285953,0.510171810996772,-0.0878929978311065,-0.123976236761063,0.326001895579044,0.248282445368054,FALSE,TRUE,-0.00934306150808157,0.298127675118645,0.0193102223929843,0.353977053629881
"GSE23400","ESCC","discovery","RET_ALK_NTRK",TRUE,53,53,53,0.245051834519812,"SMCRPH",-0.74000161756139,0.0318273455605258,-0.284075812132589,0.0642976153345061,5.07539738485521e-05,-0.336462713411268,0.0782223153629767,8.28741713010084e-05,-0.701257938369863,-0.830578101577302,0.405094611539013,0.318839619353819,FALSE,TRUE,-0.112575565276405,0.381572631428305,0.171500246856185,0.380310307913912
"GSE23400","ESCC","discovery","SRC_FAK",TRUE,53,53,53,0.107013575500017,"SMCRPH",1.25669249769995,0.0420464988502035,0.404203727079188,0.0586153289905485,7.25363127578942e-09,0.385406996885217,0.0755612180406733,5.71821420817244e-06,1.07185988379251,1.02201506621258,0.377105005226069,0.307992800854909,FALSE,TRUE,0.178768920377373,0.311673759077892,-0.225434806701816,0.326725138784373
"GSE23400","ESCC","discovery","TAM_AXL_AXIS",TRUE,53,53,53,0.239252518212089,"SMCRPH",-0.59550053132205,0.0310644014326972,-0.261335338132258,0.073789164883741,0.000848867097854659,-0.141643230239525,0.0858432699908241,0.105468201619837,-0.57707298048054,-0.31277240048511,0.452863583934633,0.34990316255604,FALSE,TRUE,-0.0916638944927409,0.43973908095014,0.169671443639517,0.431207107052102
"GSE23400","ESCC","discovery","TGFB_SMAD",TRUE,53,53,53,0.286773698739454,"SMCRPH",0.825417761738323,0.0309769778576735,0.306368032433355,0.0604155246621019,5.36949005665168e-06,0.323143656868104,0.0722322032939848,4.71304007265931e-05,0.770718668035735,0.812920482686975,0.397509551979802,0.29442350429635,FALSE,TRUE,0.1233475920438,0.369293089861671,-0.183020440389555,0.367227219231218
"GSE23400","ESCC","discovery","TIE_ANGPT_AXIS",TRUE,53,53,53,0.43016391097539,"SMCRPH",0.183540211370304,0.0226839101250626,0.0975056073850789,0.0782258564480202,0.218180560377199,0.167985137933257,0.0712852755509897,0.0225763188875581,0.185208551096048,0.319081997811845,0.526463852819155,0.290563760695931,FALSE,TRUE,0.0374116556025394,0.453262844159585,-0.0600939517825406,0.59107204535449
"GSE23400","ESCC","discovery","VEGF_PDGF_AXIS",TRUE,53,53,53,0.0448131591464082,"SMCRPH",0.873115084113408,0.0404267328708644,0.317592615977907,0.0685614622159934,2.45742586240368e-05,0.264868625623431,0.0757646243293342,0.00102759783188308,0.807688571386506,0.673603072213046,0.393211724455524,0.308821899090494,FALSE,TRUE,0.131673222674297,0.350076763401695,-0.185919393303609,0.371817378774628
"GSE23400","ESCC","discovery","WNT_CTNNB1",TRUE,53,53,53,0.410767968344951,"SMCRPH",0.623286636034479,0.0248495534228426,0.292811522779672,0.0694646623689572,9.97150482635079e-05,0.228586450896656,0.0867940238317969,0.0113335319890378,0.602035823855373,0.469985712930072,0.486368935497123,0.353778501598976,FALSE,TRUE,0.139337531447359,0.470532366777897,-0.153473991332313,0.461046853210362
"GSE20347","ESCC","validation","EPH_RECEPTORS",TRUE,17,17,17,-0.184154043428049,"SMCRPH",-0.779415242012115,0.157803445418591,-0.196999110485209,0.0919860162792284,0.0479590695185138,-0.586989508616833,0.139075032243488,0.00118749562835792,-0.750233041730356,-2.23543610643094,0.262583889974834,0.209228716335277,FALSE,TRUE,-0.0421324542387988,0.232373662674087,0.15486665624641,0.259991111549702
"GSE20347","ESCC","validation","ERBB_LIGANDS",TRUE,17,17,17,0.0626056581925831,"SMCRPH",-0.473187442091292,0.120697153455298,-0.204901354193264,0.14039000536037,0.16377800442513,-0.398495774469959,0.263036118600047,0.155664478745789,-0.477537996427303,-0.928724334079517,0.429078640288798,0.395719551933296,FALSE,TRUE,-0.04937260282192,0.414658787857685,0.155528751371344,0.43067102131297
"GSE20347","ESCC","validation","ERBB_RECEPTORS",TRUE,17,17,17,-0.0606698086858253,"SMCRPH",-0.573937742303288,0.137751635016385,-0.239894975176407,0.144142687698907,0.115513084518455,-0.293727068861776,0.298318787816183,0.344253090557105,-0.571359078206676,-0.699571248567437,0.419867267934843,0.44879987461875,FALSE,TRUE,-0.107050571166286,0.400045228155069,0.132844404010121,0.41591545887885
"GSE20347","ESCC","validation","FGFR_AXIS",TRUE,17,17,17,0.10669907739401,"SMCRPH",0.376713937663245,0.114192719594853,0.121905299868112,0.102495467755583,0.251644697380712,-0.265503642400703,0.164022698678378,0.131477665110571,0.38440089320452,-0.837205908178735,0.317130636330891,0.246760745913341,FALSE,TRUE,0.0590700770826639,0.343047911295342,-0.0628352227854483,0.286099104029857
"GSE20347","ESCC","validation","HGF_MET_AXIS",TRUE,17,17,17,-0.340965281107994,"SMCRPH",0.38457387895413,0.169207692512847,0.160892134666774,0.161248658484757,0.333233552706752,0.171649067883644,0.352268645266846,0.634848500503859,0.393076040891306,0.419356335635216,0.409315546940863,0.529963684101901,FALSE,TRUE,0.0903671588649646,0.358489499849104,-0.0705249758018091,0.450868969630769
"GSE20347","ESCC","validation","IGF_INSR_AXIS",TRUE,17,17,17,-0.40467136911219,"SMCRPH",1.39989470201225,0.211172071167458,0.485004638677345,0.135835726240924,0.00255336915961514,0.506094721452126,0.242062350862959,0.0584962018137592,1.17404611473541,1.22509867746699,0.413105271241111,0.364165976646954,FALSE,TRUE,0.226347495688961,0.275395733927033,-0.258657142988384,0.388805151946028
"GSE20347","ESCC","validation","JAK_STAT",TRUE,17,17,17,0.190441854980293,"SMCRPH",-0.514117850773509,0.105622684580173,-0.172281863054466,0.100936539681539,0.107182441903028,-0.0923180178358492,0.156545473623492,0.566316663662567,-0.516496869363027,-0.276767190420629,0.333558387811593,0.235511780698328,FALSE,TRUE,-0.0772059239531587,0.342295046414629,0.0950759391013075,0.310712519154933
"GSE20347","ESCC","validation","PDGFR_KIT_CSF1R",TRUE,17,17,17,-0.162879217734914,"SMCRPH",-0.509237738487694,0.148661762391783,-0.211675724185742,0.149304533400444,0.17544633177482,-0.130302484748047,0.311122523211894,0.682750778266505,-0.511812793371005,-0.315059645873991,0.413580369477599,0.468062204297388,FALSE,TRUE,-0.0860542887911781,0.324275761893926,0.125621435394564,0.473106443279224
"GSE20347","ESCC","validation","PI3K_AKT",TRUE,17,17,17,0.344020757973081,"SMCRPH",-0.033331124727024,0.0830371886048481,-0.0103250140267294,0.0842954443517131,0.904039414202548,-0.0253658368107592,0.170361349315951,0.88410996287883,-0.0347632301794946,-0.0854040896666213,0.297009626936788,0.25629680508085,FALSE,TRUE,-0.00947372998985683,0.332610662916045,0.000851284036872681,0.266938887040594
"GSE20347","ESCC","validation","RAS_MAPK",TRUE,17,17,17,0.517546696168723,"SMCRPH",-0.946145320027787,0.080962954957785,-0.349796037780223,0.0869960417536745,0.000987821368564501,-0.181382664287728,0.10962497001785,0.123910266786819,-0.88504113473358,-0.458927779859737,0.395231389878303,0.164923145334751,FALSE,TRUE,-0.130546257717862,0.402554875956504,0.219249780062361,0.308424977921135
"GSE20347","ESCC","validation","RET_ALK_NTRK",TRUE,17,17,17,0.107895397945725,"SMCRPH",-0.0279150033500462,0.111525394768494,-0.0106557068618601,0.120704499257903,0.930750206469612,-0.295793609923784,0.204040903708501,0.172776253764995,-0.0290396946113135,-0.806117905787169,0.366935913220961,0.30696535297635,FALSE,TRUE,0.015699704266987,0.372686766454994,0.0263554111288469,0.372482624306817
"GSE20347","ESCC","validation","SRC_FAK",TRUE,17,17,17,0.353858092455075,"SMCRPH",1.6891249156708,0.133136809153172,0.57123777004805,0.091207227948687,1.13187113354663e-05,0.478989948607553,0.187930271110192,0.0255236514807438,1.31354606049135,1.10142464836575,0.434882176750139,0.282728026379928,FALSE,TRUE,0.219071492397035,0.359041638972476,-0.352166277651015,0.296311846071399
"GSE20347","ESCC","validation","TAM_AXL_AXIS",TRUE,17,17,17,0.0887621079752091,"SMCRPH",-0.888270683030922,0.126386734806808,-0.389276863281565,0.140079196223473,0.0134101003103446,-0.377866467755673,0.271479803852565,0.189219970173598,-0.836635608206073,-0.812112334153253,0.465288423614025,0.408422489319141,FALSE,TRUE,-0.153413053007909,0.415577840865624,0.235863810273655,0.439668934284224
"GSE20347","ESCC","validation","TGFB_SMAD",TRUE,17,17,17,-0.241831002632497,"SMCRPH",0.0580983102409716,0.151731669254087,0.0235947949957944,0.149593596750348,0.8766461149692,0.0556559196035582,0.233822785719419,0.815876655115174,0.0604864951115632,0.142676870455124,0.390083686486966,0.351770123772907,FALSE,TRUE,-0.033322820087932,0.480232069511255,-0.0569176150837263,0.287962323914957
"GSE20347","ESCC","validation","TIE_ANGPT_AXIS",TRUE,17,17,17,0.0164858301750256,"SMCRPH",0.79866446449146,0.133086275254183,0.36342806477786,0.151135214259747,0.0286525340271243,0.327147451611313,0.31520742885806,0.319787838378075,0.765455000855643,0.689040492803224,0.474786975552596,0.474207660824779,FALSE,TRUE,0.191360550501412,0.415087047190644,-0.172067514276448,0.471666753908936
"GSE20347","ESCC","validation","VEGF_PDGF_AXIS",TRUE,17,17,17,0.0850788022195939,"SMCRPH",1.37969667882875,0.1444292691078,0.461463770707022,0.107125835753833,0.000541919148038883,0.574164125352046,0.165657801734465,0.00466554544883774,1.16012560673451,1.4434556872551,0.397770524181375,0.249220644775,FALSE,TRUE,0.197193278124999,0.317382482538983,-0.264270492582022,0.335366844305224
"GSE20347","ESCC","validation","WNT_CTNNB1",TRUE,17,17,17,0.253475884245828,"SMCRPH",0.436845486243006,0.0975094554596431,0.204785386319257,0.136056267881579,0.151769788671064,0.275285977612673,0.255108677974828,0.301758921552959,0.443408346453476,0.596058646219843,0.461843778894099,0.38379326869552,FALSE,TRUE,0.0631361017729212,0.507358512719237,-0.141649284546336,0.400298465345063
"GSE76925","COPD","discovery","EPH_RECEPTORS",FALSE,111,40,NA,NA,"SMDH",0.406066599929623,0.0341062424774625,0.168659889681123,0.0776158846712647,0.0313599274165738,0.171682721096088,0.0773999071016847,0.0281013188313264,0.395854749482945,0.402949513832443,0.426065090545011,0.396516282187477,FALSE,TRUE,0.0516289718603127,0.429090738550321,-0.11703091782081,0.396788851342186
"GSE76925","COPD","discovery","ERBB_LIGANDS",FALSE,111,40,NA,NA,"SMDH",-0.319721652520818,0.0356530236763681,-0.136246968053076,0.0776655965580507,0.0814388800842376,-0.0446040341206373,0.0738579663576593,0.546842918235797,-0.321298218466223,-0.10518543571395,0.424051427061988,0.378371077262306,FALSE,TRUE,-0.0524314925313826,0.417993679977427,0.0838154755216934,0.429909060012339
"GSE76925","COPD","discovery","ERBB_RECEPTORS",FALSE,111,40,NA,NA,"SMDH",0.0943120984273951,0.0343499465344895,0.0501624531919624,0.0981794792612892,0.610159046241309,0.0795154361858508,0.0787293893594739,0.31418529157567,0.0944555370742329,0.149726992056877,0.531069482486131,0.403327160673419,FALSE,TRUE,0.0407594190185197,0.535862642817604,-0.00940303417344263,0.522441653743416
"GSE76925","COPD","discovery","FGFR_AXIS",FALSE,111,40,NA,NA,"SMDH",-0.438076199699047,0.0359189624406768,-0.157293494195074,0.0655606056774198,0.017666394216267,-0.033690738231656,0.0583952458638527,0.564872487736445,-0.435598522069804,-0.0933009712591761,0.361097400991338,0.29915624778385,FALSE,TRUE,-0.0209680458652137,0.353584874380837,0.13632544832986,0.360866482672315
"GSE76925","COPD","discovery","HGF_MET_AXIS",FALSE,111,40,NA,NA,"SMDH",-0.742495016858115,0.0311971046541405,-0.285955602577117,0.0759955443945742,0.000241024926687075,-0.0871134491588779,0.0622871129067253,0.164074454641176,-0.665346818344807,-0.202691102082082,0.429784278954685,0.319094109577152,FALSE,TRUE,-0.0391052478380782,0.441667196236237,0.246850354739038,0.313994441742912
"GSE76925","COPD","discovery","IGF_INSR_AXIS",FALSE,111,40,NA,NA,"SMDH",-0.518027890658895,0.0327287464691146,-0.200181744959685,0.0739080140598035,0.00754952855535186,-0.164019589524155,0.0740707403829214,0.0283646012177177,-0.4892669771725,-0.400882551901619,0.409146241825979,0.379461109131881,FALSE,TRUE,-0.0348819938295574,0.417932023445767,0.165299751130127,0.347828803102738
"GSE76925","COPD","discovery","JAK_STAT",FALSE,111,40,NA,NA,"SMDH",0.356691039433366,0.0358016703897162,0.120569959281119,0.0615734277895443,0.0520803268962665,0.0481675468572608,0.0579654506457417,0.407356834021477,0.357748577988001,0.142920106269406,0.337024286607123,0.29695442599402,FALSE,TRUE,0.0332568390379999,0.331189803301801,-0.0873131202431186,0.341370581344153
"GSE76925","COPD","discovery","PDGFR_KIT_CSF1R",FALSE,111,40,NA,NA,"SMDH",0.120857307633125,0.0316254922966445,0.0456128344170196,0.0723315475267791,0.529263056331881,0.0507990719417398,0.0625960152927447,0.418386711541936,0.116527925561017,0.129777299513468,0.391432647559968,0.320676602764157,FALSE,TRUE,0.0533526935813576,0.409797450642644,0.00773985916433808,0.337753407506201
"GSE76925","COPD","discovery","PI3K_AKT",FALSE,111,40,NA,NA,"SMDH",0.109157397561488,0.0369490347780228,0.0320905538398654,0.0522390612043061,0.539952714883328,0.0427727311286733,0.0549806809350371,0.437860562277933,0.113522531543113,0.151311465142363,0.282680040725466,0.281663583495726,FALSE,TRUE,0.0116340729614459,0.272765248568146,-0.0204564808784195,0.310987822486216
"GSE76925","COPD","discovery","RAS_MAPK",FALSE,111,40,NA,NA,"SMDH",-0.0961306888653178,0.0330193098230802,-0.0263506766221748,0.0515466238714228,0.609967114511558,-0.0417831908261832,0.0480293740112754,0.385765168092577,-0.0945062466982227,-0.149854692411776,0.278824707813418,0.246052347242782,FALSE,TRUE,-0.00534810600518776,0.286780871474996,0.021002570616987,0.257916019792219
"GSE76925","COPD","discovery","RET_ALK_NTRK",FALSE,111,40,NA,NA,"SMDH",0.590720960929178,0.0344558550396632,0.20184205156306,0.0641765994553295,0.00200465421476832,0.186319586873234,0.0683534590879077,0.00720483471685225,0.563542916226451,0.520204201867448,0.358166247416643,0.350171731299159,FALSE,TRUE,0.0613106070724921,0.356619990559371,-0.140531444490567,0.322449559092682
"GSE76925","COPD","discovery","SRC_FAK",FALSE,111,40,NA,NA,"SMDH",-0.26963401981972,0.0373346595204122,-0.0990097428640066,0.0651664090415041,0.130796767681217,-0.0924319535184656,0.0661242618644439,0.164292196878297,-0.278974984680178,-0.260441064392937,0.354905451388458,0.338751653053467,FALSE,TRUE,-0.0252577210794211,0.339718852460295,0.0737520217845853,0.389294496161908
"GSE76925","COPD","discovery","TAM_AXL_AXIS",FALSE,111,40,NA,NA,"SMDH",0.261304594832462,0.0303404495617209,0.112340815490548,0.0839801816656434,0.183030417510903,0.0420993598253252,0.0867814930820428,0.628323986270455,0.24604689584634,0.09220528404488,0.456582941654773,0.444577729975349,FALSE,TRUE,0.032472549695802,0.483926669391233,-0.0798682657947454,0.362991608515455
"GSE76925","COPD","discovery","TGFB_SMAD",FALSE,111,40,NA,NA,"SMDH",-0.110096902604122,0.035156742134003,-0.0465023574495103,0.0770848046216258,0.547251400303612,0.0656703891560505,0.0752697956726652,0.384396279801195,-0.111487442485755,0.157441990806628,0.417108477983536,0.38560381606048,FALSE,TRUE,0.00648832211280585,0.415509002070102,0.0529906795623161,0.424930968276758
"GSE76925","COPD","discovery","TIE_ANGPT_AXIS",FALSE,111,40,NA,NA,"SMDH",-0.00393992565028319,0.0380356293688504,-0.00189403154320474,0.0839066551946826,0.982021019756272,0.126614418489376,0.0692717219422108,0.0696361418769894,-0.00417676018024378,0.279212911362788,0.453469067284153,0.354875951067547,FALSE,TRUE,0.017107909806452,0.427910976747787,0.0190019413496568,0.523870343195015
"GSE76925","COPD","discovery","VEGF_PDGF_AXIS",FALSE,111,40,NA,NA,"SMDH",-0.420432525913533,0.0383588320699382,-0.146700036582015,0.0614661157405782,0.0182562176313211,-0.0742206916662742,0.0548985346419154,0.178492758999785,-0.433408256387115,-0.219276431774723,0.338480022980882,0.281242751689025,FALSE,TRUE,-0.0129184476963059,0.317374393551265,0.133781588885709,0.374596989374163
"GSE76925","COPD","discovery","WNT_CTNNB1",FALSE,111,40,NA,NA,"SMDH",-0.713235684525037,0.0344773765344143,-0.252336413447006,0.0669583576865067,0.000236004280175659,-0.118492164946058,0.061001583921704,0.0540213479374985,-0.666277242712214,-0.312870551914382,0.378725847546317,0.312508401753043,FALSE,TRUE,-0.0562204089554914,0.374877425123584,0.196116004491514,0.32754299539258
"GSE47460","COPD","validation","EPH_RECEPTORS",FALSE,145,91,NA,NA,"SMDH",-0.173342569072421,0.0186065840494415,-0.0828645435858697,0.0628758357281115,0.188823304327736,-0.0165113133818709,0.0601297354529388,0.783874038127652,-0.175977215365856,-0.0350646347066843,0.470882229915927,0.420065262347007,FALSE,TRUE,-0.0341435858384101,0.448296579450436,0.0487209577474594,0.503134598106476
"GSE47460","COPD","validation","ERBB_LIGANDS",FALSE,145,91,NA,NA,"SMDH",-0.0302976306302859,0.0176359416041588,-0.013784242143336,0.06135385170065,0.822433683888522,-0.105650175913525,0.0605997775624193,0.0825984992131596,-0.0301072807687929,-0.230759114387631,0.457837499480316,0.423348968163202,FALSE,TRUE,-0.0108249999627745,0.475892331102689,0.00295924218056139,0.429945182510962
"GSE47460","COPD","validation","ERBB_RECEPTORS",FALSE,145,91,NA,NA,"SMDH",-0.519422852525359,0.0182110527353133,-0.251376679057734,0.065280038213154,0.000152036001191391,-0.039599469355981,0.0537045773955036,0.46165656200226,-0.500472246683154,-0.0788395943105636,0.502278958970684,0.37517922244201,FALSE,TRUE,-0.0718169394954619,0.506729834361796,0.179559739562271,0.456777694224166
"GSE47460","COPD","validation","FGFR_AXIS",FALSE,145,91,NA,NA,"SMDH",0.0147028249413413,0.0185038707926351,0.00465197320226237,0.0416522414400447,0.911168103978068,0.048154056751211,0.0396185694929042,0.225443851726643,0.014968027028025,0.154938816631757,0.310794014037546,0.276774621782184,FALSE,TRUE,-0.00510310772822513,0.297955591621103,-0.00975508093048738,0.331899600975688
"GSE47460","COPD","validation","IGF_INSR_AXIS",FALSE,145,91,NA,NA,"SMDH",0.0717888123994609,0.0183721668322077,0.0339235876031028,0.0624606811772282,0.587564790703057,0.0301559027492492,0.0571620154707695,0.598319246541029,0.0727442723301466,0.0646650120741403,0.46634032503813,0.399332823338389,FALSE,TRUE,0.0166956493080924,0.453491092003231,-0.0172279382950104,0.487939906432369
"GSE47460","COPD","validation","JAK_STAT",FALSE,145,91,NA,NA,"SMDH",0.243768939288509,0.018212170125828,0.10219835068681,0.0558539800003317,0.0685608832307107,-0.0635343206019385,0.0460164813587901,0.16871568125532,0.2434906285389,-0.151372419938227,0.419721905931517,0.321470320277645,FALSE,TRUE,0.0264381614776475,0.416784230385149,-0.0757601892091621,0.419007424897314
"GSE47460","COPD","validation","PDGFR_KIT_CSF1R",FALSE,145,91,NA,NA,"SMDH",0.595519113123308,0.0187005389433636,0.234004100653603,0.0525900776135716,1.33112388586427e-05,0.0980725048388926,0.0452137939790726,0.0311015004600938,0.572611534536653,0.239984886310952,0.408661171736533,0.315862760520334,FALSE,TRUE,0.0768420243245204,0.398374584903193,-0.157162076329082,0.384869753620701
"GSE47460","COPD","validation","PI3K_AKT",FALSE,145,91,NA,NA,"SMDH",0.0663852899588651,0.017734686468573,0.0189148336517602,0.0383287844307586,0.62212994635453,-0.0672364573894525,0.0361656322651432,0.0642864853897594,0.0661041784336348,-0.234980167330429,0.286136732956294,0.252652463726419,FALSE,TRUE,0.00459917673287637,0.295060113452832,-0.0143156569188836,0.272513668190544
"GSE47460","COPD","validation","RAS_MAPK",FALSE,145,91,NA,NA,"SMDH",-0.315931904296336,0.01846429636586,-0.105605636212978,0.0443394544093979,0.0180309574330036,-0.148413198998706,0.0451564667353651,0.00117248938536079,-0.315407967559292,-0.443259537405276,0.334822347799841,0.315462273415473,FALSE,TRUE,-0.062110670254773,0.325975228713982,0.0434949659582047,0.340260395080976
"GSE47460","COPD","validation","RET_ALK_NTRK",FALSE,145,91,NA,NA,"SMDH",0.763454752275273,0.0189222675683002,0.258982270755573,0.0457223537386644,4.31372491294411e-08,0.189495367437082,0.0473177955351771,8.38255975009348e-05,0.711897794749828,0.520890228509451,0.363791365369496,0.330561277967418,FALSE,TRUE,0.0917173665459704,0.354087538200197,-0.167264904209602,0.32139269413193
"GSE47460","COPD","validation","SRC_FAK",FALSE,145,91,NA,NA,"SMDH",-0.282728865970112,0.0179454249415537,-0.120830459423491,0.0574209663962852,0.0364202319489599,-0.109543034906416,0.0467867781958812,0.0200704875361188,-0.279391054845464,-0.253291630434097,0.432477909825441,0.326851600280298,FALSE,TRUE,-0.0488863756827585,0.440362604286919,0.0719440837407323,0.411137439747308
"GSE47460","COPD","validation","TGFB_SMAD",FALSE,145,91,NA,NA,"SMDH",-0.24102621985051,0.0178755331349158,-0.095460975068345,0.053245465559747,0.0742889062874817,-0.0978845479879604,0.0477931923886263,0.0416874274707571,-0.238648131951811,-0.244706954936818,0.400007216849369,0.333882391929733,FALSE,TRUE,-0.0272728375240011,0.409092753614422,0.0681881375443435,0.3799482438034
"GSE47460","COPD","validation","TIE_ANGPT_AXIS",FALSE,145,91,NA,NA,"SMDH",0.160314517836002,0.0181637667936924,0.0723911729758072,0.0601128656120917,0.229708008410986,0.104171243511776,0.0439007615124565,0.0184734121928094,0.160899190681315,0.231534703532327,0.449916327541937,0.306689939063454,FALSE,TRUE,0.0332300775432138,0.447405951439598,-0.0391610954325929,0.452794090452938
"GSE47460","COPD","validation","VEGF_PDGF_AXIS",FALSE,145,91,NA,NA,"SMDH",-0.369240089144378,0.0186508473917326,-0.157725318035223,0.056505831858964,0.00568291741101896,-0.0833375075052192,0.0403694041592317,0.0401039901996388,-0.368021284522211,-0.194451828932759,0.428576619528927,0.282019939406056,FALSE,TRUE,-0.0522778226774296,0.411405463202429,0.105447495357793,0.439706411905254
"GSE47460","COPD","validation","WNT_CTNNB1",FALSE,145,91,NA,NA,"SMDH",-0.387611992118041,0.0182433785506525,-0.14824773566656,0.051191440870692,0.00413812570923708,-0.136334757277263,0.0510528861879142,0.00811540871866402,-0.381348221044674,-0.350703617296256,0.388746367455042,0.356654554831406,FALSE,TRUE,-0.0743268964334605,0.387867353696576,0.0739208392330983,0.374489045769061
"GSE33814","NAFLD","discovery","EPH_RECEPTORS",FALSE,31,13,NA,NA,"SMDH",0.523975002847282,0.128841995289674,0.191941233100347,0.114947963810213,0.102394782058967,-0.0903385794002885,0.117719908125131,0.447584319010857,0.540621014233081,-0.254447330731832,0.355038424417579,0.291826255856357,FALSE,TRUE,0.0715316508873301,0.331417102483393,-0.120409582213017,0.38597228052729
"GSE33814","NAFLD","discovery","ERBB_LIGANDS",FALSE,31,13,NA,NA,"SMDH",0.377919488506367,0.121238464570632,0.129078095402825,0.109682077836098,0.245886623591561,0.0842224106916589,0.133038979009825,0.530482434738824,0.387128707041172,0.252598342524342,0.333424241228118,0.329802050865695,FALSE,TRUE,0.0498457898893386,0.327263722674114,-0.0792323055134863,0.343358025419136
"GSE33814","NAFLD","discovery","ERBB_RECEPTORS",FALSE,31,13,NA,NA,"SMDH",0.200491585200689,0.111218241491198,0.0889038849339776,0.147529009463333,0.5500018420559,0.128618182103679,0.181498366749908,0.482868818408073,0.20061214913417,0.290227698696301,0.443163015389055,0.449932298251277,FALSE,TRUE,0.0352129455778121,0.460772646601241,-0.0536909393561654,0.408573045461651
"GSE33814","NAFLD","discovery","FGFR_AXIS",FALSE,31,13,NA,NA,"SMDH",0.254997931847713,0.108523375664351,0.09230728971212,0.121895617301223,0.453118750560673,0.137724309599811,0.153066151966648,0.373909547567233,0.251470199949545,0.375198532867661,0.367070490780381,0.379449175064645,FALSE,TRUE,0.026269825011052,0.386075414229001,-0.066037464701068,0.321996894682422
"GSE33814","NAFLD","discovery","HGF_MET_AXIS",FALSE,31,13,NA,NA,"SMDH",-0.38218134185002,0.11431666920608,-0.166594533898475,0.144049462494675,0.254008905544636,-0.47424998750426,0.152035307198499,0.00345109842040451,-0.380649403066026,-1.08360682924675,0.437658728889634,0.376893723112218,FALSE,TRUE,-0.0339138635585455,0.446248073913691,0.132680670339929,0.409076468773774
"GSE33814","NAFLD","discovery","IGF_INSR_AXIS",FALSE,31,13,NA,NA,"SMDH",-1.70838056744691,0.121729301099088,-0.645742145836954,0.138155262139978,3.0453441082027e-05,-0.399047804861388,0.150358015935602,0.0115512612028891,-1.26745028846902,-0.783243371437306,0.509481240969978,0.372735737967415,FALSE,TRUE,-0.168244092298861,0.473500072128979,0.477498053538093,0.226624651074013
"GSE33814","NAFLD","discovery","JAK_STAT",FALSE,31,13,NA,NA,"SMDH",0.35431792657437,0.113913926264736,0.104976192357528,0.0979566998094663,0.289992724501095,0.052623372561526,0.118723675626162,0.660103707890811,0.353494041447084,0.177202546821232,0.296967360263813,0.294314583584787,FALSE,TRUE,0.0421446421182131,0.303643278013725,-0.0628315502393144,0.277675314374043
"GSE33814","NAFLD","discovery","PDGFR_KIT_CSF1R",FALSE,31,13,NA,NA,"SMDH",0.358626900514319,0.11102840730156,0.165911319582095,0.154752708205119,0.289794292116884,-0.0980153801682508,0.129924836995726,0.455258603577461,0.35363754280182,-0.208918344370924,0.469156408755707,0.322082129752493,FALSE,TRUE,0.011038943643562,0.486424963326107,-0.154872375938533,0.419745654553125
"GSE33814","NAFLD","discovery","PI3K_AKT",FALSE,31,13,NA,NA,"SMDH",-0.394326333847279,0.100396325293995,-0.110209887216968,0.0974824188973784,0.264654537677129,-0.0986862869767364,0.123514445088958,0.429264516501462,-0.372364149268924,-0.333429569910163,0.295973410526624,0.306190844255266,FALSE,TRUE,-0.0130398824298509,0.320385285733438,0.0971700047871177,0.219119621650572
"GSE33814","NAFLD","discovery","RAS_MAPK",FALSE,31,13,NA,NA,"SMDH",0.975502413812714,0.136712546537458,0.265231727466881,0.0863613139490413,0.00373163843239161,0.238659713435306,0.110360090898053,0.0369349830700005,0.927890597349564,0.834930670541346,0.285843749494274,0.2735813562521,FALSE,TRUE,0.0624701869313035,0.253649565621277,-0.202761540535577,0.279720145623081
"GSE33814","NAFLD","discovery","RET_ALK_NTRK",FALSE,31,13,NA,NA,"SMDH",-0.404519329702835,0.101517195614197,-0.133251146367315,0.114459080612336,0.25092110354725,-0.139509919302278,0.135169114609196,0.308543231389307,-0.383095942939076,-0.401089863325712,0.347827088287661,0.335082631749009,FALSE,TRUE,-0.0334920660794021,0.374780315122758,0.0997590802879127,0.262339194641934
"GSE33814","NAFLD","discovery","SRC_FAK",FALSE,31,13,NA,NA,"SMDH",0.107105950310027,0.122549958182262,0.0386165743772428,0.114098824251353,0.736711390405816,0.0310927313413546,0.12279772877705,0.801476336953532,0.113001589010773,0.0909849748435658,0.341734790769724,0.304414113019688,FALSE,TRUE,-0.000901190905925702,0.333279613359809,-0.0395177652831685,0.373690744363867
"GSE33814","NAFLD","discovery","TAM_AXL_AXIS",FALSE,31,13,NA,NA,"SMDH",-0.47843803304811,0.117749036617623,-0.197556852691586,0.135209024929904,0.151423573163979,-0.100238156256874,0.136560966441521,0.467443112714893,-0.476544543407434,-0.241793416703228,0.414561147377738,0.338533015931286,FALSE,TRUE,-0.0312492216978964,0.414079894313444,0.16630763099369,0.39672496368621
"GSE33814","NAFLD","discovery","TGFB_SMAD",FALSE,31,13,NA,NA,"SMDH",-0.962513728615673,0.119061785978493,-0.33572000467894,0.1176560507629,0.00668720967060727,-0.288375836948676,0.141623629893333,0.048742571970385,-0.87311327588091,-0.749984416102781,0.384509105465407,0.351083298575346,FALSE,TRUE,-0.0641831222682883,0.373378134817496,0.271536882410652,0.308598012202163
"GSE33814","NAFLD","discovery","TIE_ANGPT_AXIS",FALSE,31,13,NA,NA,"SMDH",-0.206347675849008,0.117382997383967,-0.0971612133953703,0.152725249883845,0.528109023893695,-0.0752630889197437,0.153196783927203,0.626051440242735,-0.211681538410044,-0.163972905352605,0.458997105393109,0.379773010145315,FALSE,TRUE,-0.00620727361317233,0.461958012884029,0.0909539397821977,0.462830781710849
"GSE33814","NAFLD","discovery","VEGF_PDGF_AXIS",FALSE,31,13,NA,NA,"SMDH",0.695072047802826,0.10918329789425,0.243891469689549,0.120225336234609,0.0488685659097153,0.0566246923585974,0.120958471073139,0.64236332032972,0.647270995790847,0.15027799478167,0.376799626857307,0.299854614988846,FALSE,TRUE,0.0581260097530243,0.38806094480611,-0.185765459936524,0.294746030317129
"GSE33814","NAFLD","discovery","WNT_CTNNB1",FALSE,31,13,NA,NA,"SMDH",0.0863003983167207,0.12380492206901,0.0393523478123524,0.143445324066181,0.78517058561334,0.0445307344281955,0.166476888425318,0.790539208719315,0.0916386931273811,0.10369745476079,0.429429386969228,0.41269423166841,FALSE,TRUE,0.0108499833363548,0.4151963505431,-0.0285023644759978,0.478172616227208
"GSE66676","NAFLD","validation","EPH_RECEPTORS",FALSE,31,34,NA,NA,"SMDH",-0.758159855245151,0.0678129251782294,-0.323636930070432,0.105087672957264,0.00306907689684303,-0.225291049009477,0.0712280542402466,0.00246785717211605,-0.718638043976474,-0.500260334166267,0.450347616276527,0.280243054759688,FALSE,TRUE,-0.145994397963421,0.391111894718383,0.177642532107011,0.450338648161524
"GSE66676","NAFLD","validation","ERBB_LIGANDS",FALSE,31,34,NA,NA,"SMDH",-0.00798474177325358,0.064184398843779,-0.00306333632385312,0.0937277738008361,0.974030440587917,-0.00361094813603527,0.0888196500106038,0.967708333090505,-0.00818047990346082,-0.00964284869058086,0.374469023823058,0.349456268420618,FALSE,TRUE,-0.00647352249016786,0.411882761320263,-0.00341018616631476,0.343112171319976
"GSE66676","NAFLD","validation","ERBB_RECEPTORS",FALSE,31,34,NA,NA,"SMDH",-0.359145301964656,0.0653509804553595,-0.15685816191804,0.10663631320579,0.146278301130895,-0.115215972473148,0.0952745983651936,0.231369660640862,-0.362014008748613,-0.265907719157565,0.433293071890386,0.374852925180395,FALSE,TRUE,-0.0813899032781762,0.473936076658537,0.0754682586398636,0.384475692428905
"GSE66676","NAFLD","validation","FGFR_AXIS",FALSE,31,34,NA,NA,"SMDH",-0.340476075751656,0.0647074408734046,-0.133515683010023,0.0961100466193509,0.169664116694049,-0.0533183452709788,0.0758954817653205,0.485115490379013,-0.342505541856478,-0.136776656691008,0.389820504177334,0.298606804288551,FALSE,TRUE,-0.0656366442548716,0.396476240316859,0.0678790387551518,0.378216581142878
"GSE66676","NAFLD","validation","HGF_MET_AXIS",FALSE,31,34,NA,NA,"SMDH",-0.0197737806559225,0.0634446741866449,-0.00946784462620989,0.117661917745197,0.936121301215086,-0.12872952717409,0.0947158603522704,0.179283634993759,-0.0201395131856916,-0.273826843623253,0.470112884006375,0.372654599686007,FALSE,TRUE,-0.00291464380190004,0.457623579122725,0.00655320082430983,0.488049865928567
"GSE66676","NAFLD","validation","IGF_INSR_AXIS",FALSE,31,34,NA,NA,"SMDH",-0.398161760491078,0.0655041539976914,-0.180295575589646,0.110629393476068,0.108149834673475,-0.196324031277604,0.112627654890015,0.0865213907185756,-0.399579930783269,-0.435102983378491,0.451212790482809,0.44312761865343,FALSE,TRUE,-0.0887480528578788,0.48593688551862,0.0915475227317675,0.405223688828804
"GSE66676","NAFLD","validation","JAK_STAT",FALSE,31,34,NA,NA,"SMDH",-0.336534773631348,0.0644409292060944,-0.109339757260533,0.0797776655424879,0.175377125492817,-0.113982970518408,0.0778635257726977,0.148534226054159,-0.338043816784355,-0.352399158072482,0.323448475705394,0.306349970522864,FALSE,TRUE,-0.0726854104906902,0.315966246500481,0.0366543467698429,0.325981627173844
"GSE66676","NAFLD","validation","PDGFR_KIT_CSF1R",FALSE,31,34,NA,NA,"SMDH",-0.0153839005616218,0.0635489873246663,-0.0066866605799765,0.106722993752183,0.950240105365716,0.0181785254618517,0.101258421577584,0.858139793958214,-0.0156817250207051,0.0426327363509823,0.426398280236892,0.398395964704205,FALSE,TRUE,-0.00291933465555418,0.423082717469998,0.00376732592442236,0.435733341767201
"GSE66676","NAFLD","validation","PI3K_AKT",FALSE,31,34,NA,NA,"SMDH",-0.229630818473916,0.0636010106519689,-0.0755052641272834,0.0809685433238233,0.35462496879912,-0.100021620301918,0.0686841051441632,0.150623173633478,-0.231814261739516,-0.307083729012493,0.325714490388546,0.270234020069018,FALSE,TRUE,-0.0484758696439953,0.2993021089544,0.0270293944832881,0.348584073736213
"GSE66676","NAFLD","validation","RAS_MAPK",FALSE,31,34,NA,NA,"SMDH",-0.0240794215231572,0.0634276858502484,-0.00692312753727477,0.0706632620714902,0.922264379279262,0.00704748544230168,0.0600762370442872,0.907013600378166,-0.0245206316128145,0.0249610878027213,0.282338874731788,0.236366813151625,FALSE,TRUE,-0.00480801064422983,0.273894154020922,0.00211511689304493,0.293900516315426
"GSE66676","NAFLD","validation","SRC_FAK",FALSE,31,34,NA,NA,"SMDH",-0.193781218848121,0.0641477036801777,-0.0785211914724105,0.0992592134502408,0.431870068352418,-0.160118720526236,0.0869327358815382,0.0705219759966732,-0.197027025259433,-0.40177326148592,0.398530056315973,0.342032303450089,FALSE,TRUE,-0.0478691697540614,0.41395115995888,0.0306520217183491,0.38628899037245
"GSE66676","NAFLD","validation","TAM_AXL_AXIS",FALSE,31,34,NA,NA,"SMDH",-0.356035872857126,0.0647923006719655,-0.174971934760359,0.120449206039399,0.151280490216917,-0.120232651666375,0.108211228604364,0.271036140727739,-0.357656573889012,-0.245765118408745,0.489217723185639,0.425751420375749,FALSE,TRUE,-0.117098805792683,0.496731894583337,0.0578731289676757,0.47413911220911
"GSE66676","NAFLD","validation","TGFB_SMAD",FALSE,31,34,NA,NA,"SMDH",-0.365465712784796,0.0646811550007552,-0.150547124197557,0.101086945001543,0.141402060032821,-0.193105253921007,0.0886391378564584,0.0333719538536006,-0.366370189170724,-0.469939288352399,0.41091532184515,0.348746052789453,FALSE,TRUE,-0.0834696712041316,0.405854086597477,0.067077452993425,0.408153675963054
"GSE66676","NAFLD","validation","TIE_ANGPT_AXIS",FALSE,31,34,NA,NA,"SMDH",0.516546300548828,0.0662263370504858,0.238396816648806,0.112881341369385,0.0386645664782482,0.208150183904923,0.0990421014821379,0.0398649263646682,0.510835139218887,0.446022852436611,0.466680536138011,0.389675969184207,FALSE,TRUE,0.0957825382008,0.485383254270218,-0.142614278448006,0.424589981044819
"GSE66676","NAFLD","validation","VEGF_PDGF_AXIS",FALSE,31,34,NA,NA,"SMDH",-0.312689078492216,0.0646217763667149,-0.115697698924934,0.090644465605185,0.206502911715701,-0.0595150975725353,0.0775372012027271,0.445804728355507,-0.315424550958307,-0.162254937665067,0.366799916409254,0.305066063566439,FALSE,TRUE,-0.0691807525532051,0.377420933523115,0.0465169463717284,0.353349520225468
"GSE66676","NAFLD","validation","WNT_CTNNB1",FALSE,31,34,NA,NA,"SMDH",0.0810451420397291,0.0640311913551808,0.0339513857110787,0.10251169116486,0.741596137873494,-0.00317491327998189,0.103914228176811,0.975728978194375,0.0828251901615916,-0.00774527432838344,0.409916181838396,0.408845096891753,FALSE,TRUE,0.0225237930818783,0.436600053023983,-0.0114275926292005,0.389899834258724
