context,sample_id,gene,assay_status,assayed,variant_reported
CRC,TCGA-AF-2687-01,KRAS,mutation_assayed_no_variant_reported,1,0
CRC,TCGA-AF-2687-01,TP53,variant_reported,1,1
CRC,TCGA-AF-2687-01,EGFR,mutation_assayed_no_variant_reported,1,0
CRC,TCGA-AF-2687-01,ERBB2,mutation_assayed_no_variant_reported,1,0
CRC,TCGA-AF-2689-01,KRAS,mutation_assayed_no_variant_reported,1,0
CRC,TCGA-AF-2689-01,TP53,mutation_assayed_no_variant_reported,1,0
CRC,TCGA-AF-2689-01,EGFR,mutation_assayed_no_variant_reported,1,0
CRC,TCGA-AF-2689-01,ERBB2,mutation_assayed_no_variant_reported,1,0
CRC,TCGA-AF-2690-01,KRAS,mutation_assayed_no_variant_reported,1,0
CRC,TCGA-AF-2690-01,TP53,variant_reported,1,1
CRC,TCGA-AF-2690-01,EGFR,mutation_assayed_no_variant_reported,1,0
CRC,TCGA-AF-2690-01,ERBB2,mutation_assayed_no_variant_reported,1,0
CRC,TCGA-AF-2691-01,KRAS,mutation_assayed_no_variant_reported,1,0
CRC,TCGA-AF-2691-01,TP53,mutation_assayed_no_variant_reported,1,0
CRC,TCGA-AF-2691-01,EGFR,mutation_assayed_no_variant_reported,1,0
CRC,TCGA-AF-2691-01,ERBB2,mutation_assayed_no_variant_reported,1,0
CRC,TCGA-AF-2692-01,KRAS,mutation_assayed_no_variant_reported,1,0
CRC,TCGA-AF-2692-01,TP53,mutation_assayed_no_variant_reported,1,0
CRC,TCGA-AF-2692-01,EGFR,mutation_assayed_no_variant_reported,1,0
CRC,TCGA-AF-2692-01,ERBB2,mutation_assayed_no_variant_reported,1,0
CRC,TCGA-AF-2693-01,KRAS,mutation_assayed_no_variant_reported,1,0
CRC,TCGA-AF-2693-01,TP53,variant_reported,1,1
CRC,TCGA-AF-2693-01,EGFR,mutation_assayed_no_variant_reported,1,0
CRC,TCGA-AF-2693-01,ERBB2,mutation_assayed_no_variant_reported,1,0
CRC,TCGA-AF-3400-01,KRAS,mutation_assayed_no_variant_reported,1,0
CRC,TCGA-AF-3400-01,TP53,mutation_assayed_no_variant_reported,1,0
CRC,TCGA-AF-3400-01,EGFR,mutation_assayed_no_variant_reported,1,0
CRC,TCGA-AF-3400-01,ERBB2,mutation_assayed_no_variant_reported,1,0
CRC,TCGA-AF-3911-01,KRAS,mutation_assayed_no_variant_reported,1,0
CRC,TCGA-AF-3911-01,TP53,variant_reported,1,1
CRC,TCGA-AF-3911-01,EGFR,mutation_assayed_no_variant_reported,1,0
CRC,TCGA-AF-3911-01,ERBB2,mutation_assayed_no_variant_reported,1,0
CRC,TCGA-AF-4110-01,KRAS,variant_reported,1,1
CRC,TCGA-AF-4110-01,TP53,variant_reported,1,1
CRC,TCGA-AF-4110-01,EGFR,mutation_assayed_no_variant_reported,1,0
CRC,TCGA-AF-4110-01,ERBB2,mutation_assayed_no_variant_reported,1,0
CRC,TCGA-AF-5654-01,KRAS,variant_reported,1,1
CRC,TCGA-AF-5654-01,TP53,mutation_assayed_no_variant_reported,1,0
CRC,TCGA-AF-5654-01,EGFR,mutation_assayed_no_variant_reported,1,0
CRC,TCGA-AF-5654-01,ERBB2,mutation_assayed_no_variant_reported,1,0
CRC,TCGA-AF-6136-01,KRAS,mutation_assayed_no_variant_reported,1,0
CRC,TCGA-AF-6136-01,TP53,variant_reported,1,1
CRC,TCGA-AF-6136-01,EGFR,mutation_assayed_no_variant_reported,1,0
CRC,TCGA-AF-6136-01,ERBB2,mutation_assayed_no_variant_reported,1,0
CRC,TCGA-AF-6655-01,KRAS,variant_reported,1,1
CRC,TCGA-AF-6655-01,TP53,variant_reported,1,1
CRC,TCGA-AF-6655-01,EGFR,mutation_assayed_no_variant_reported,1,0
CRC,TCGA-AF-6655-01,ERBB2,mutation_assayed_no_variant_reported,1,0
CRC,TCGA-AF-6672-01,KRAS,variant_reported,1,1
CRC,TCGA-AF-6672-01,TP53,variant_reported,1,1
CRC,TCGA-AF-6672-01,EGFR,mutation_assayed_no_variant_reported,1,0
CRC,TCGA-AF-6672-01,ERBB2,mutation_assayed_no_variant_reported,1,0
CRC,TCGA-AF-A56K-01,KRAS,mutation_assayed_no_variant_reported,1,0
CRC,TCGA-AF-A56K-01,TP53,variant_reported,1,1
CRC,TCGA-AF-A56K-01,EGFR,mutation_assayed_no_variant_reported,1,0
CRC,TCGA-AF-A56K-01,ERBB2,mutation_assayed_no_variant_reported,1,0
CRC,TCGA-AF-A56L-01,KRAS,mutation_assayed_no_variant_reported,1,0
CRC,TCGA-AF-A56L-01,TP53,variant_reported,1,1
CRC,TCGA-AF-A56L-01,EGFR,mutation_assayed_no_variant_reported,1,0
CRC,TCGA-AF-A56L-01,ERBB2,mutation_assayed_no_variant_reported,1,0
CRC,TCGA-AF-A56N-01,KRAS,mutation_assayed_no_variant_reported,1,0
CRC,TCGA-AF-A56N-01,TP53,variant_reported,1,1
CRC,TCGA-AF-A56N-01,EGFR,mutation_assayed_no_variant_reported,1,0
CRC,TCGA-AF-A56N-01,ERBB2,mutation_assayed_no_variant_reported,1,0
CRC,TCGA-AG-3574-01,KRAS,mutation_assayed_no_variant_reported,1,0
CRC,TCGA-AG-3574-01,TP53,mutation_assayed_no_variant_reported,1,0
CRC,TCGA-AG-3574-01,EGFR,mutation_assayed_no_variant_reported,1,0
CRC,TCGA-AG-3574-01,ERBB2,mutation_assayed_no_variant_reported,1,0
CRC,TCGA-AG-3575-01,KRAS,mutation_assayed_no_variant_reported,1,0
CRC,TCGA-AG-3575-01,TP53,mutation_assayed_no_variant_reported,1,0
CRC,TCGA-AG-3575-01,EGFR,mutation_assayed_no_variant_reported,1,0
CRC,TCGA-AG-3575-01,ERBB2,mutation_assayed_no_variant_reported,1,0
CRC,TCGA-AG-3580-01,KRAS,mutation_assayed_no_variant_reported,1,0
CRC,TCGA-AG-3580-01,TP53,mutation_assayed_no_variant_reported,1,0
CRC,TCGA-AG-3580-01,EGFR,mutation_assayed_no_variant_reported,1,0
CRC,TCGA-AG-3580-01,ERBB2,mutation_assayed_no_variant_reported,1,0
CRC,TCGA-AG-3581-01,KRAS,mutation_assayed_no_variant_reported,1,0
CRC,TCGA-AG-3581-01,TP53,mutation_assayed_no_variant_reported,1,0
CRC,TCGA-AG-3581-01,EGFR,mutation_assayed_no_variant_reported,1,0
CRC,TCGA-AG-3581-01,ERBB2,mutation_assayed_no_variant_reported,1,0
CRC,TCGA-AG-3583-01,KRAS,mutation_assayed_no_variant_reported,1,0
CRC,TCGA-AG-3583-01,TP53,mutation_assayed_no_variant_reported,1,0
CRC,TCGA-AG-3583-01,EGFR,mutation_assayed_no_variant_reported,1,0
CRC,TCGA-AG-3583-01,ERBB2,mutation_assayed_no_variant_reported,1,0
CRC,TCGA-AG-3584-01,KRAS,mutation_assayed_no_variant_reported,1,0
CRC,TCGA-AG-3584-01,TP53,mutation_assayed_no_variant_reported,1,0
CRC,TCGA-AG-3584-01,EGFR,mutation_assayed_no_variant_reported,1,0
CRC,TCGA-AG-3584-01,ERBB2,mutation_assayed_no_variant_reported,1,0
CRC,TCGA-AG-3591-01,KRAS,variant_reported,1,1
CRC,TCGA-AG-3591-01,TP53,variant_reported,1,1
CRC,TCGA-AG-3591-01,EGFR,mutation_assayed_no_variant_reported,1,0
CRC,TCGA-AG-3591-01,ERBB2,mutation_assayed_no_variant_reported,1,0
CRC,TCGA-AG-3592-01,KRAS,mutation_assayed_no_variant_reported,1,0
CRC,TCGA-AG-3592-01,TP53,variant_reported,1,1
CRC,TCGA-AG-3592-01,EGFR,mutation_assayed_no_variant_reported,1,0
CRC,TCGA-AG-3592-01,ERBB2,mutation_assayed_no_variant_reported,1,0
CRC,TCGA-AG-3594-01,KRAS,mutation_assayed_no_variant_reported,1,0
CRC,TCGA-AG-3594-01,TP53,mutation_assayed_no_variant_reported,1,0
CRC,TCGA-AG-3594-01,EGFR,mutation_assayed_no_variant_reported,1,0
CRC,TCGA-AG-3594-01,ERBB2,mutation_assayed_no_variant_reported,1,0
CRC,TCGA-AG-3598-01,KRAS,mutation_assayed_no_variant_reported,1,0
CRC,TCGA-AG-3598-01,TP53,mutation_assayed_no_variant_reported,1,0
CRC,TCGA-AG-3598-01,EGFR,mutation_assayed_no_variant_reported,1,0
CRC,TCGA-AG-3598-01,ERBB2,mutation_assayed_no_variant_reported,1,0
CRC,TCGA-AG-3599-01,KRAS,mutation_assayed_no_variant_reported,1,0
CRC,TCGA-AG-3599-01,TP53,mutation_assayed_no_variant_reported,1,0
CRC,TCGA-AG-3599-01,EGFR,mutation_assayed_no_variant_reported,1,0
CRC,TCGA-AG-3599-01,ERBB2,mutation_assayed_no_variant_reported,1,0
CRC,TCGA-AG-3602-01,KRAS,mutation_assayed_no_variant_reported,1,0
CRC,TCGA-AG-3602-01,TP53,mutation_assayed_no_variant_reported,1,0
CRC,TCGA-AG-3602-01,EGFR,mutation_assayed_no_variant_reported,1,0
CRC,TCGA-AG-3602-01,ERBB2,mutation_assayed_no_variant_reported,1,0
CRC,TCGA-AG-3605-01,KRAS,mutation_assayed_no_variant_reported,1,0
CRC,TCGA-AG-3605-01,TP53,mutation_assayed_no_variant_reported,1,0
CRC,TCGA-AG-3605-01,EGFR,mutation_assayed_no_variant_reported,1,0
CRC,TCGA-AG-3605-01,ERBB2,mutation_assayed_no_variant_reported,1,0
CRC,TCGA-AG-3725-01,KRAS,mutation_assayed_no_variant_reported,1,0
CRC,TCGA-AG-3725-01,TP53,variant_reported,1,1
CRC,TCGA-AG-3725-01,EGFR,mutation_assayed_no_variant_reported,1,0
CRC,TCGA-AG-3725-01,ERBB2,mutation_assayed_no_variant_reported,1,0
CRC,TCGA-AG-3726-01,KRAS,variant_reported,1,1
CRC,TCGA-AG-3726-01,TP53,variant_reported,1,1
CRC,TCGA-AG-3726-01,EGFR,mutation_assayed_no_variant_reported,1,0
CRC,TCGA-AG-3726-01,ERBB2,mutation_assayed_no_variant_reported,1,0
CRC,TCGA-AG-3727-01,KRAS,variant_reported,1,1
CRC,TCGA-AG-3727-01,TP53,mutation_assayed_no_variant_reported,1,0
CRC,TCGA-AG-3727-01,EGFR,mutation_assayed_no_variant_reported,1,0
CRC,TCGA-AG-3727-01,ERBB2,mutation_assayed_no_variant_reported,1,0
CRC,TCGA-AG-3731-01,KRAS,variant_reported,1,1
CRC,TCGA-AG-3731-01,TP53,variant_reported,1,1
CRC,TCGA-AG-3731-01,EGFR,mutation_assayed_no_variant_reported,1,0
CRC,TCGA-AG-3731-01,ERBB2,mutation_assayed_no_variant_reported,1,0
CRC,TCGA-AG-3732-01,KRAS,mutation_assayed_no_variant_reported,1,0
CRC,TCGA-AG-3732-01,TP53,variant_reported,1,1
CRC,TCGA-AG-3732-01,EGFR,mutation_assayed_no_variant_reported,1,0
CRC,TCGA-AG-3732-01,ERBB2,variant_reported,1,1
CRC,TCGA-AG-3742-01,KRAS,variant_reported,1,1
CRC,TCGA-AG-3742-01,TP53,variant_reported,1,1
CRC,TCGA-AG-3742-01,EGFR,mutation_assayed_no_variant_reported,1,0
CRC,TCGA-AG-3742-01,ERBB2,mutation_assayed_no_variant_reported,1,0
CRC,TCGA-AG-3878-01,KRAS,variant_reported,1,1
CRC,TCGA-AG-3878-01,TP53,mutation_assayed_no_variant_reported,1,0
CRC,TCGA-AG-3878-01,EGFR,mutation_assayed_no_variant_reported,1,0
CRC,TCGA-AG-3878-01,ERBB2,mutation_assayed_no_variant_reported,1,0
CRC,TCGA-AG-3881-01,KRAS,variant_reported,1,1
CRC,TCGA-AG-3881-01,TP53,mutation_assayed_no_variant_reported,1,0
CRC,TCGA-AG-3881-01,EGFR,variant_reported,1,1
CRC,TCGA-AG-3881-01,ERBB2,mutation_assayed_no_variant_reported,1,0
CRC,TCGA-AG-3882-01,KRAS,mutation_assayed_no_variant_reported,1,0
CRC,TCGA-AG-3882-01,TP53,variant_reported,1,1
CRC,TCGA-AG-3882-01,EGFR,mutation_assayed_no_variant_reported,1,0
CRC,TCGA-AG-3882-01,ERBB2,mutation_assayed_no_variant_reported,1,0
CRC,TCGA-AG-3883-01,KRAS,mutation_assayed_no_variant_reported,1,0
CRC,TCGA-AG-3883-01,TP53,variant_reported,1,1
CRC,TCGA-AG-3883-01,EGFR,mutation_assayed_no_variant_reported,1,0
CRC,TCGA-AG-3883-01,ERBB2,mutation_assayed_no_variant_reported,1,0
CRC,TCGA-AG-3885-01,KRAS,variant_reported,1,1
CRC,TCGA-AG-3885-01,TP53,variant_reported,1,1
CRC,TCGA-AG-3885-01,EGFR,mutation_assayed_no_variant_reported,1,0
CRC,TCGA-AG-3885-01,ERBB2,mutation_assayed_no_variant_reported,1,0
CRC,TCGA-AG-3887-01,KRAS,variant_reported,1,1
CRC,TCGA-AG-3887-01,TP53,mutation_assayed_no_variant_reported,1,0
CRC,TCGA-AG-3887-01,EGFR,mutation_assayed_no_variant_reported,1,0
CRC,TCGA-AG-3887-01,ERBB2,mutation_assayed_no_variant_reported,1,0
CRC,TCGA-AG-3890-01,KRAS,mutation_assayed_no_variant_reported,1,0
CRC,TCGA-AG-3890-01,TP53,variant_reported,1,1
CRC,TCGA-AG-3890-01,EGFR,mutation_assayed_no_variant_reported,1,0
CRC,TCGA-AG-3890-01,ERBB2,mutation_assayed_no_variant_reported,1,0
CRC,TCGA-AG-3892-01,KRAS,variant_reported,1,1
CRC,TCGA-AG-3892-01,TP53,mutation_assayed_no_variant_reported,1,0
CRC,TCGA-AG-3892-01,EGFR,mutation_assayed_no_variant_reported,1,0
CRC,TCGA-AG-3892-01,ERBB2,mutation_assayed_no_variant_reported,1,0
CRC,TCGA-AG-3893-01,KRAS,mutation_assayed_no_variant_reported,1,0
CRC,TCGA-AG-3893-01,TP53,variant_reported,1,1
CRC,TCGA-AG-3893-01,EGFR,mutation_assayed_no_variant_reported,1,0
CRC,TCGA-AG-3893-01,ERBB2,mutation_assayed_no_variant_reported,1,0
CRC,TCGA-AG-3894-01,KRAS,mutation_assayed_no_variant_reported,1,0
CRC,TCGA-AG-3894-01,TP53,mutation_assayed_no_variant_reported,1,0
CRC,TCGA-AG-3894-01,EGFR,mutation_assayed_no_variant_reported,1,0
CRC,TCGA-AG-3894-01,ERBB2,mutation_assayed_no_variant_reported,1,0
CRC,TCGA-AG-3896-01,KRAS,variant_reported,1,1
CRC,TCGA-AG-3896-01,TP53,variant_reported,1,1
CRC,TCGA-AG-3896-01,EGFR,mutation_assayed_no_variant_reported,1,0
CRC,TCGA-AG-3896-01,ERBB2,mutation_assayed_no_variant_reported,1,0
CRC,TCGA-AG-3898-01,KRAS,mutation_assayed_no_variant_reported,1,0
CRC,TCGA-AG-3898-01,TP53,variant_reported,1,1
CRC,TCGA-AG-3898-01,EGFR,mutation_assayed_no_variant_reported,1,0
CRC,TCGA-AG-3898-01,ERBB2,variant_reported,1,1
CRC,TCGA-AG-3901-01,KRAS,variant_reported,1,1
CRC,TCGA-AG-3901-01,TP53,mutation_assayed_no_variant_reported,1,0
CRC,TCGA-AG-3901-01,EGFR,mutation_assayed_no_variant_reported,1,0
CRC,TCGA-AG-3901-01,ERBB2,mutation_assayed_no_variant_reported,1,0
CRC,TCGA-AG-3902-01,KRAS,variant_reported,1,1
CRC,TCGA-AG-3902-01,TP53,variant_reported,1,1
CRC,TCGA-AG-3902-01,EGFR,mutation_assayed_no_variant_reported,1,0
CRC,TCGA-AG-3902-01,ERBB2,variant_reported,1,1
CRC,TCGA-AG-3909-01,KRAS,variant_reported,1,1
CRC,TCGA-AG-3909-01,TP53,variant_reported,1,1
CRC,TCGA-AG-3909-01,EGFR,mutation_assayed_no_variant_reported,1,0
CRC,TCGA-AG-3909-01,ERBB2,mutation_assayed_no_variant_reported,1,0
CRC,TCGA-AG-4001-01,KRAS,mutation_assayed_no_variant_reported,1,0
CRC,TCGA-AG-4001-01,TP53,variant_reported,1,1
CRC,TCGA-AG-4001-01,EGFR,mutation_assayed_no_variant_reported,1,0
CRC,TCGA-AG-4001-01,ERBB2,mutation_assayed_no_variant_reported,1,0
CRC,TCGA-AG-4008-01,KRAS,variant_reported,1,1
CRC,TCGA-AG-4008-01,TP53,variant_reported,1,1
CRC,TCGA-AG-4008-01,EGFR,mutation_assayed_no_variant_reported,1,0
CRC,TCGA-AG-4008-01,ERBB2,mutation_assayed_no_variant_reported,1,0
CRC,TCGA-AG-4015-01,KRAS,mutation_assayed_no_variant_reported,1,0
CRC,TCGA-AG-4015-01,TP53,variant_reported,1,1
CRC,TCGA-AG-4015-01,EGFR,mutation_assayed_no_variant_reported,1,0
CRC,TCGA-AG-4015-01,ERBB2,mutation_assayed_no_variant_reported,1,0
CRC,TCGA-AG-4021-01,KRAS,variant_reported,1,1
CRC,TCGA-AG-4021-01,TP53,variant_reported,1,1
CRC,TCGA-AG-4021-01,EGFR,mutation_assayed_no_variant_reported,1,0
CRC,TCGA-AG-4021-01,ERBB2,mutation_assayed_no_variant_reported,1,0
CRC,TCGA-AG-4022-01,KRAS,mutation_assayed_no_variant_reported,1,0
CRC,TCGA-AG-4022-01,TP53,variant_reported,1,1
CRC,TCGA-AG-4022-01,EGFR,mutation_assayed_no_variant_reported,1,0
CRC,TCGA-AG-4022-01,ERBB2,mutation_assayed_no_variant_reported,1,0
CRC,TCGA-AG-A002-01,KRAS,mutation_assayed_no_variant_reported,1,0
CRC,TCGA-AG-A002-01,TP53,mutation_assayed_no_variant_reported,1,0
CRC,TCGA-AG-A002-01,EGFR,variant_reported,1,1
CRC,TCGA-AG-A002-01,ERBB2,variant_reported,1,1
CRC,TCGA-AG-A008-01,KRAS,variant_reported,1,1
CRC,TCGA-AG-A008-01,TP53,mutation_assayed_no_variant_reported,1,0
CRC,TCGA-AG-A008-01,EGFR,mutation_assayed_no_variant_reported,1,0
CRC,TCGA-AG-A008-01,ERBB2,mutation_assayed_no_variant_reported,1,0
CRC,TCGA-AG-A00C-01,KRAS,variant_reported,1,1
CRC,TCGA-AG-A00C-01,TP53,variant_reported,1,1
CRC,TCGA-AG-A00C-01,EGFR,mutation_assayed_no_variant_reported,1,0
CRC,TCGA-AG-A00C-01,ERBB2,mutation_assayed_no_variant_reported,1,0
CRC,TCGA-AG-A00Y-01,KRAS,variant_reported,1,1
CRC,TCGA-AG-A00Y-01,TP53,variant_reported,1,1
CRC,TCGA-AG-A00Y-01,EGFR,mutation_assayed_no_variant_reported,1,0
CRC,TCGA-AG-A00Y-01,ERBB2,variant_reported,1,1
CRC,TCGA-AG-A011-01,KRAS,mutation_assayed_no_variant_reported,1,0
CRC,TCGA-AG-A011-01,TP53,variant_reported,1,1
CRC,TCGA-AG-A011-01,EGFR,mutation_assayed_no_variant_reported,1,0
CRC,TCGA-AG-A011-01,ERBB2,mutation_assayed_no_variant_reported,1,0
CRC,TCGA-AG-A015-01,KRAS,variant_reported,1,1
CRC,TCGA-AG-A015-01,TP53,mutation_assayed_no_variant_reported,1,0
CRC,TCGA-AG-A015-01,EGFR,mutation_assayed_no_variant_reported,1,0
CRC,TCGA-AG-A015-01,ERBB2,mutation_assayed_no_variant_reported,1,0
CRC,TCGA-AG-A016-01,KRAS,mutation_assayed_no_variant_reported,1,0
CRC,TCGA-AG-A016-01,TP53,variant_reported,1,1
CRC,TCGA-AG-A016-01,EGFR,mutation_assayed_no_variant_reported,1,0
CRC,TCGA-AG-A016-01,ERBB2,mutation_assayed_no_variant_reported,1,0
CRC,TCGA-AG-A01J-01,KRAS,mutation_assayed_no_variant_reported,1,0
CRC,TCGA-AG-A01J-01,TP53,variant_reported,1,1
CRC,TCGA-AG-A01J-01,EGFR,mutation_assayed_no_variant_reported,1,0
CRC,TCGA-AG-A01J-01,ERBB2,mutation_assayed_no_variant_reported,1,0
CRC,TCGA-AG-A01L-01,KRAS,mutation_assayed_no_variant_reported,1,0
CRC,TCGA-AG-A01L-01,TP53,variant_reported,1,1
CRC,TCGA-AG-A01L-01,EGFR,mutation_assayed_no_variant_reported,1,0
CRC,TCGA-AG-A01L-01,ERBB2,mutation_assayed_no_variant_reported,1,0
CRC,TCGA-AG-A01N-01,KRAS,mutation_assayed_no_variant_reported,1,0
CRC,TCGA-AG-A01N-01,TP53,variant_reported,1,1
CRC,TCGA-AG-A01N-01,EGFR,mutation_assayed_no_variant_reported,1,0
CRC,TCGA-AG-A01N-01,ERBB2,mutation_assayed_no_variant_reported,1,0
CRC,TCGA-AG-A01W-01,KRAS,variant_reported,1,1
CRC,TCGA-AG-A01W-01,TP53,variant_reported,1,1
CRC,TCGA-AG-A01W-01,EGFR,mutation_assayed_no_variant_reported,1,0
CRC,TCGA-AG-A01W-01,ERBB2,mutation_assayed_no_variant_reported,1,0
CRC,TCGA-AG-A01Y-01,KRAS,mutation_assayed_no_variant_reported,1,0
CRC,TCGA-AG-A01Y-01,TP53,variant_reported,1,1
CRC,TCGA-AG-A01Y-01,EGFR,mutation_assayed_no_variant_reported,1,0
CRC,TCGA-AG-A01Y-01,ERBB2,mutation_assayed_no_variant_reported,1,0
CRC,TCGA-AG-A020-01,KRAS,variant_reported,1,1
CRC,TCGA-AG-A020-01,TP53,variant_reported,1,1
CRC,TCGA-AG-A020-01,EGFR,mutation_assayed_no_variant_reported,1,0
CRC,TCGA-AG-A020-01,ERBB2,mutation_assayed_no_variant_reported,1,0
CRC,TCGA-AG-A026-01,KRAS,mutation_assayed_no_variant_reported,1,0
CRC,TCGA-AG-A026-01,TP53,variant_reported,1,1
CRC,TCGA-AG-A026-01,EGFR,mutation_assayed_no_variant_reported,1,0
CRC,TCGA-AG-A026-01,ERBB2,mutation_assayed_no_variant_reported,1,0
CRC,TCGA-AG-A02N-01,KRAS,variant_reported,1,1
CRC,TCGA-AG-A02N-01,TP53,variant_reported,1,1
CRC,TCGA-AG-A02N-01,EGFR,mutation_assayed_no_variant_reported,1,0
CRC,TCGA-AG-A02N-01,ERBB2,mutation_assayed_no_variant_reported,1,0
CRC,TCGA-AG-A02X-01,KRAS,variant_reported,1,1
CRC,TCGA-AG-A02X-01,TP53,variant_reported,1,1
CRC,TCGA-AG-A02X-01,EGFR,mutation_assayed_no_variant_reported,1,0
CRC,TCGA-AG-A02X-01,ERBB2,mutation_assayed_no_variant_reported,1,0
CRC,TCGA-AG-A032-01,KRAS,variant_reported,1,1
CRC,TCGA-AG-A032-01,TP53,variant_reported,1,1
CRC,TCGA-AG-A032-01,EGFR,mutation_assayed_no_variant_reported,1,0
CRC,TCGA-AG-A032-01,ERBB2,mutation_assayed_no_variant_reported,1,0
CRC,TCGA-AH-6544-01,KRAS,variant_reported,1,1
CRC,TCGA-AH-6544-01,TP53,variant_reported,1,1
CRC,TCGA-AH-6544-01,EGFR,mutation_assayed_no_variant_reported,1,0
CRC,TCGA-AH-6544-01,ERBB2,mutation_assayed_no_variant_reported,1,0
CRC,TCGA-AH-6547-01,KRAS,mutation_assayed_no_variant_reported,1,0
CRC,TCGA-AH-6547-01,TP53,mutation_assayed_no_variant_reported,1,0
CRC,TCGA-AH-6547-01,EGFR,mutation_assayed_no_variant_reported,1,0
CRC,TCGA-AH-6547-01,ERBB2,mutation_assayed_no_variant_reported,1,0
CRC,TCGA-AH-6643-01,KRAS,mutation_assayed_no_variant_reported,1,0
CRC,TCGA-AH-6643-01,TP53,variant_reported,1,1
CRC,TCGA-AH-6643-01,EGFR,mutation_assayed_no_variant_reported,1,0
CRC,TCGA-AH-6643-01,ERBB2,mutation_assayed_no_variant_reported,1,0
CRC,TCGA-AH-6644-01,KRAS,variant_reported,1,1
CRC,TCGA-AH-6644-01,TP53,mutation_assayed_no_variant_reported,1,0
CRC,TCGA-AH-6644-01,EGFR,mutation_assayed_no_variant_reported,1,0
CRC,TCGA-AH-6644-01,ERBB2,variant_reported,1,1
CRC,TCGA-AH-6897-01,KRAS,mutation_assayed_no_variant_reported,1,0
CRC,TCGA-AH-6897-01,TP53,variant_reported,1,1
CRC,TCGA-AH-6897-01,EGFR,mutation_assayed_no_variant_reported,1,0
CRC,TCGA-AH-6897-01,ERBB2,mutation_assayed_no_variant_reported,1,0
CRC,TCGA-AH-6903-01,KRAS,variant_reported,1,1
CRC,TCGA-AH-6903-01,TP53,mutation_assayed_no_variant_reported,1,0
CRC,TCGA-AH-6903-01,EGFR,mutation_assayed_no_variant_reported,1,0
CRC,TCGA-AH-6903-01,ERBB2,mutation_assayed_no_variant_reported,1,0
CRC,TCGA-CI-6619-01,KRAS,mutation_assayed_no_variant_reported,1,0
CRC,TCGA-CI-6619-01,TP53,variant_reported,1,1
CRC,TCGA-CI-6619-01,EGFR,mutation_assayed_no_variant_reported,1,0
CRC,TCGA-CI-6619-01,ERBB2,mutation_assayed_no_variant_reported,1,0
CRC,TCGA-CI-6620-01,KRAS,variant_reported,1,1
CRC,TCGA-CI-6620-01,TP53,variant_reported,1,1
CRC,TCGA-CI-6620-01,EGFR,mutation_assayed_no_variant_reported,1,0
CRC,TCGA-CI-6620-01,ERBB2,mutation_assayed_no_variant_reported,1,0
CRC,TCGA-CI-6621-01,KRAS,mutation_assayed_no_variant_reported,1,0
CRC,TCGA-CI-6621-01,TP53,variant_reported,1,1
CRC,TCGA-CI-6621-01,EGFR,mutation_assayed_no_variant_reported,1,0
CRC,TCGA-CI-6621-01,ERBB2,mutation_assayed_no_variant_reported,1,0
CRC,TCGA-CI-6622-01,KRAS,variant_reported,1,1
CRC,TCGA-CI-6622-01,TP53,mutation_assayed_no_variant_reported,1,0
CRC,TCGA-CI-6622-01,EGFR,mutation_assayed_no_variant_reported,1,0
CRC,TCGA-CI-6622-01,ERBB2,mutation_assayed_no_variant_reported,1,0
CRC,TCGA-CI-6623-01,KRAS,mutation_assayed_no_variant_reported,1,0
CRC,TCGA-CI-6623-01,TP53,variant_reported,1,1
CRC,TCGA-CI-6623-01,EGFR,mutation_assayed_no_variant_reported,1,0
CRC,TCGA-CI-6623-01,ERBB2,mutation_assayed_no_variant_reported,1,0
CRC,TCGA-CI-6624-01,KRAS,mutation_assayed_no_variant_reported,1,0
CRC,TCGA-CI-6624-01,TP53,variant_reported,1,1
CRC,TCGA-CI-6624-01,EGFR,mutation_assayed_no_variant_reported,1,0
CRC,TCGA-CI-6624-01,ERBB2,mutation_assayed_no_variant_reported,1,0
CRC,TCGA-CL-4957-01,KRAS,mutation_assayed_no_variant_reported,1,0
CRC,TCGA-CL-4957-01,TP53,variant_reported,1,1
CRC,TCGA-CL-4957-01,EGFR,mutation_assayed_no_variant_reported,1,0
CRC,TCGA-CL-4957-01,ERBB2,mutation_assayed_no_variant_reported,1,0
CRC,TCGA-CL-5917-01,KRAS,variant_reported,1,1
CRC,TCGA-CL-5917-01,TP53,variant_reported,1,1
CRC,TCGA-CL-5917-01,EGFR,mutation_assayed_no_variant_reported,1,0
CRC,TCGA-CL-5917-01,ERBB2,mutation_assayed_no_variant_reported,1,0
CRC,TCGA-CL-5918-01,KRAS,mutation_assayed_no_variant_reported,1,0
CRC,TCGA-CL-5918-01,TP53,variant_reported,1,1
CRC,TCGA-CL-5918-01,EGFR,mutation_assayed_no_variant_reported,1,0
CRC,TCGA-CL-5918-01,ERBB2,mutation_assayed_no_variant_reported,1,0
CRC,TCGA-DC-4745-01,KRAS,mutation_assayed_no_variant_reported,1,0
CRC,TCGA-DC-4745-01,TP53,variant_reported,1,1
CRC,TCGA-DC-4745-01,EGFR,mutation_assayed_no_variant_reported,1,0
CRC,TCGA-DC-4745-01,ERBB2,mutation_assayed_no_variant_reported,1,0
CRC,TCGA-DC-4749-01,KRAS,mutation_assayed_no_variant_reported,1,0
CRC,TCGA-DC-4749-01,TP53,variant_reported,1,1
CRC,TCGA-DC-4749-01,EGFR,mutation_assayed_no_variant_reported,1,0
CRC,TCGA-DC-4749-01,ERBB2,mutation_assayed_no_variant_reported,1,0
CRC,TCGA-DC-5337-01,KRAS,mutation_assayed_no_variant_reported,1,0
CRC,TCGA-DC-5337-01,TP53,mutation_assayed_no_variant_reported,1,0
CRC,TCGA-DC-5337-01,EGFR,mutation_assayed_no_variant_reported,1,0
CRC,TCGA-DC-5337-01,ERBB2,mutation_assayed_no_variant_reported,1,0
CRC,TCGA-DC-5869-01,KRAS,mutation_assayed_no_variant_reported,1,0
CRC,TCGA-DC-5869-01,TP53,variant_reported,1,1
CRC,TCGA-DC-5869-01,EGFR,mutation_assayed_no_variant_reported,1,0
CRC,TCGA-DC-5869-01,ERBB2,mutation_assayed_no_variant_reported,1,0
CRC,TCGA-DC-6154-01,KRAS,mutation_assayed_no_variant_reported,1,0
CRC,TCGA-DC-6154-01,TP53,variant_reported,1,1
CRC,TCGA-DC-6154-01,EGFR,mutation_assayed_no_variant_reported,1,0
CRC,TCGA-DC-6154-01,ERBB2,mutation_assayed_no_variant_reported,1,0
CRC,TCGA-DC-6155-01,KRAS,variant_reported,1,1
CRC,TCGA-DC-6155-01,TP53,variant_reported,1,1
CRC,TCGA-DC-6155-01,EGFR,mutation_assayed_no_variant_reported,1,0
CRC,TCGA-DC-6155-01,ERBB2,mutation_assayed_no_variant_reported,1,0
CRC,TCGA-DC-6156-01,KRAS,mutation_assayed_no_variant_reported,1,0
CRC,TCGA-DC-6156-01,TP53,mutation_assayed_no_variant_reported,1,0
CRC,TCGA-DC-6156-01,EGFR,mutation_assayed_no_variant_reported,1,0
CRC,TCGA-DC-6156-01,ERBB2,mutation_assayed_no_variant_reported,1,0
CRC,TCGA-DC-6157-01,KRAS,mutation_assayed_no_variant_reported,1,0
CRC,TCGA-DC-6157-01,TP53,variant_reported,1,1
CRC,TCGA-DC-6157-01,EGFR,mutation_assayed_no_variant_reported,1,0
CRC,TCGA-DC-6157-01,ERBB2,mutation_assayed_no_variant_reported,1,0
CRC,TCGA-DC-6158-01,KRAS,mutation_assayed_no_variant_reported,1,0
CRC,TCGA-DC-6158-01,TP53,variant_reported,1,1
CRC,TCGA-DC-6158-01,EGFR,mutation_assayed_no_variant_reported,1,0
CRC,TCGA-DC-6158-01,ERBB2,mutation_assayed_no_variant_reported,1,0
CRC,TCGA-DC-6160-01,KRAS,variant_reported,1,1
CRC,TCGA-DC-6160-01,TP53,variant_reported,1,1
CRC,TCGA-DC-6160-01,EGFR,mutation_assayed_no_variant_reported,1,0
CRC,TCGA-DC-6160-01,ERBB2,mutation_assayed_no_variant_reported,1,0
CRC,TCGA-DC-6681-01,KRAS,variant_reported,1,1
CRC,TCGA-DC-6681-01,TP53,mutation_assayed_no_variant_reported,1,0
CRC,TCGA-DC-6681-01,EGFR,mutation_assayed_no_variant_reported,1,0
CRC,TCGA-DC-6681-01,ERBB2,mutation_assayed_no_variant_reported,1,0
CRC,TCGA-DC-6682-01,KRAS,mutation_assayed_no_variant_reported,1,0
CRC,TCGA-DC-6682-01,TP53,variant_reported,1,1
CRC,TCGA-DC-6682-01,EGFR,mutation_assayed_no_variant_reported,1,0
CRC,TCGA-DC-6682-01,ERBB2,mutation_assayed_no_variant_reported,1,0
CRC,TCGA-DC-6683-01,KRAS,variant_reported,1,1
CRC,TCGA-DC-6683-01,TP53,variant_reported,1,1
CRC,TCGA-DC-6683-01,EGFR,mutation_assayed_no_variant_reported,1,0
CRC,TCGA-DC-6683-01,ERBB2,mutation_assayed_no_variant_reported,1,0
CRC,TCGA-DT-5265-01,KRAS,mutation_assayed_no_variant_reported,1,0
CRC,TCGA-DT-5265-01,TP53,variant_reported,1,1
CRC,TCGA-DT-5265-01,EGFR,mutation_assayed_no_variant_reported,1,0
CRC,TCGA-DT-5265-01,ERBB2,mutation_assayed_no_variant_reported,1,0
CRC,TCGA-DY-A0XA-01,KRAS,mutation_assayed_no_variant_reported,1,0
CRC,TCGA-DY-A0XA-01,TP53,variant_reported,1,1
CRC,TCGA-DY-A0XA-01,EGFR,mutation_assayed_no_variant_reported,1,0
CRC,TCGA-DY-A0XA-01,ERBB2,mutation_assayed_no_variant_reported,1,0
CRC,TCGA-DY-A1DC-01,KRAS,mutation_assayed_no_variant_reported,1,0
CRC,TCGA-DY-A1DC-01,TP53,variant_reported,1,1
CRC,TCGA-DY-A1DC-01,EGFR,mutation_assayed_no_variant_reported,1,0
CRC,TCGA-DY-A1DC-01,ERBB2,mutation_assayed_no_variant_reported,1,0
CRC,TCGA-DY-A1DD-01,KRAS,mutation_assayed_no_variant_reported,1,0
CRC,TCGA-DY-A1DD-01,TP53,variant_reported,1,1
CRC,TCGA-DY-A1DD-01,EGFR,mutation_assayed_no_variant_reported,1,0
CRC,TCGA-DY-A1DD-01,ERBB2,mutation_assayed_no_variant_reported,1,0
CRC,TCGA-DY-A1DE-01,KRAS,mutation_assayed_no_variant_reported,1,0
CRC,TCGA-DY-A1DE-01,TP53,mutation_assayed_no_variant_reported,1,0
CRC,TCGA-DY-A1DE-01,EGFR,mutation_assayed_no_variant_reported,1,0
CRC,TCGA-DY-A1DE-01,ERBB2,mutation_assayed_no_variant_reported,1,0
CRC,TCGA-DY-A1DF-01,KRAS,variant_reported,1,1
CRC,TCGA-DY-A1DF-01,TP53,variant_reported,1,1
CRC,TCGA-DY-A1DF-01,EGFR,variant_reported,1,1
CRC,TCGA-DY-A1DF-01,ERBB2,mutation_assayed_no_variant_reported,1,0
CRC,TCGA-DY-A1DG-01,KRAS,mutation_assayed_no_variant_reported,1,0
CRC,TCGA-DY-A1DG-01,TP53,variant_reported,1,1
CRC,TCGA-DY-A1DG-01,EGFR,mutation_assayed_no_variant_reported,1,0
CRC,TCGA-DY-A1DG-01,ERBB2,mutation_assayed_no_variant_reported,1,0
CRC,TCGA-DY-A1H8-01,KRAS,variant_reported,1,1
CRC,TCGA-DY-A1H8-01,TP53,mutation_assayed_no_variant_reported,1,0
CRC,TCGA-DY-A1H8-01,EGFR,mutation_assayed_no_variant_reported,1,0
CRC,TCGA-DY-A1H8-01,ERBB2,mutation_assayed_no_variant_reported,1,0
CRC,TCGA-EF-5830-01,KRAS,variant_reported,1,1
CRC,TCGA-EF-5830-01,TP53,variant_reported,1,1
CRC,TCGA-EF-5830-01,EGFR,mutation_assayed_no_variant_reported,1,0
CRC,TCGA-EF-5830-01,ERBB2,mutation_assayed_no_variant_reported,1,0
CRC,TCGA-EF-5831-01,KRAS,mutation_assayed_no_variant_reported,1,0
CRC,TCGA-EF-5831-01,TP53,mutation_assayed_no_variant_reported,1,0
CRC,TCGA-EF-5831-01,EGFR,mutation_assayed_no_variant_reported,1,0
CRC,TCGA-EF-5831-01,ERBB2,mutation_assayed_no_variant_reported,1,0
CRC,TCGA-EI-6506-01,KRAS,mutation_assayed_no_variant_reported,1,0
CRC,TCGA-EI-6506-01,TP53,variant_reported,1,1
CRC,TCGA-EI-6506-01,EGFR,mutation_assayed_no_variant_reported,1,0
CRC,TCGA-EI-6506-01,ERBB2,mutation_assayed_no_variant_reported,1,0
CRC,TCGA-EI-6507-01,KRAS,variant_reported,1,1
CRC,TCGA-EI-6507-01,TP53,variant_reported,1,1
CRC,TCGA-EI-6507-01,EGFR,mutation_assayed_no_variant_reported,1,0
CRC,TCGA-EI-6507-01,ERBB2,mutation_assayed_no_variant_reported,1,0
CRC,TCGA-EI-6508-01,KRAS,mutation_assayed_no_variant_reported,1,0
CRC,TCGA-EI-6508-01,TP53,variant_reported,1,1
CRC,TCGA-EI-6508-01,EGFR,mutation_assayed_no_variant_reported,1,0
CRC,TCGA-EI-6508-01,ERBB2,mutation_assayed_no_variant_reported,1,0
CRC,TCGA-EI-6509-01,KRAS,mutation_assayed_no_variant_reported,1,0
CRC,TCGA-EI-6509-01,TP53,variant_reported,1,1
CRC,TCGA-EI-6509-01,EGFR,mutation_assayed_no_variant_reported,1,0
CRC,TCGA-EI-6509-01,ERBB2,mutation_assayed_no_variant_reported,1,0
CRC,TCGA-EI-6510-01,KRAS,variant_reported,1,1
CRC,TCGA-EI-6510-01,TP53,variant_reported,1,1
CRC,TCGA-EI-6510-01,EGFR,mutation_assayed_no_variant_reported,1,0
CRC,TCGA-EI-6510-01,ERBB2,mutation_assayed_no_variant_reported,1,0
CRC,TCGA-EI-6511-01,KRAS,mutation_assayed_no_variant_reported,1,0
CRC,TCGA-EI-6511-01,TP53,variant_reported,1,1
CRC,TCGA-EI-6511-01,EGFR,mutation_assayed_no_variant_reported,1,0
CRC,TCGA-EI-6511-01,ERBB2,mutation_assayed_no_variant_reported,1,0
CRC,TCGA-EI-6512-01,KRAS,variant_reported,1,1
CRC,TCGA-EI-6512-01,TP53,variant_reported,1,1
CRC,TCGA-EI-6512-01,EGFR,mutation_assayed_no_variant_reported,1,0
CRC,TCGA-EI-6512-01,ERBB2,mutation_assayed_no_variant_reported,1,0
CRC,TCGA-EI-6513-01,KRAS,mutation_assayed_no_variant_reported,1,0
CRC,TCGA-EI-6513-01,TP53,mutation_assayed_no_variant_reported,1,0
CRC,TCGA-EI-6513-01,EGFR,mutation_assayed_no_variant_reported,1,0
CRC,TCGA-EI-6513-01,ERBB2,mutation_assayed_no_variant_reported,1,0
CRC,TCGA-EI-6514-01,KRAS,mutation_assayed_no_variant_reported,1,0
CRC,TCGA-EI-6514-01,TP53,variant_reported,1,1
CRC,TCGA-EI-6514-01,EGFR,mutation_assayed_no_variant_reported,1,0
CRC,TCGA-EI-6514-01,ERBB2,mutation_assayed_no_variant_reported,1,0
CRC,TCGA-EI-6881-01,KRAS,variant_reported,1,1
CRC,TCGA-EI-6881-01,TP53,variant_reported,1,1
CRC,TCGA-EI-6881-01,EGFR,mutation_assayed_no_variant_reported,1,0
CRC,TCGA-EI-6881-01,ERBB2,mutation_assayed_no_variant_reported,1,0
CRC,TCGA-EI-6882-01,KRAS,variant_reported,1,1
CRC,TCGA-EI-6882-01,TP53,variant_reported,1,1
CRC,TCGA-EI-6882-01,EGFR,mutation_assayed_no_variant_reported,1,0
CRC,TCGA-EI-6882-01,ERBB2,mutation_assayed_no_variant_reported,1,0
CRC,TCGA-EI-6883-01,KRAS,mutation_assayed_no_variant_reported,1,0
CRC,TCGA-EI-6883-01,TP53,variant_reported,1,1
CRC,TCGA-EI-6883-01,EGFR,mutation_assayed_no_variant_reported,1,0
CRC,TCGA-EI-6883-01,ERBB2,mutation_assayed_no_variant_reported,1,0
CRC,TCGA-EI-6884-01,KRAS,mutation_assayed_no_variant_reported,1,0
CRC,TCGA-EI-6884-01,TP53,variant_reported,1,1
CRC,TCGA-EI-6884-01,EGFR,mutation_assayed_no_variant_reported,1,0
CRC,TCGA-EI-6884-01,ERBB2,mutation_assayed_no_variant_reported,1,0
CRC,TCGA-EI-6885-01,KRAS,mutation_assayed_no_variant_reported,1,0
CRC,TCGA-EI-6885-01,TP53,variant_reported,1,1
CRC,TCGA-EI-6885-01,EGFR,mutation_assayed_no_variant_reported,1,0
CRC,TCGA-EI-6885-01,ERBB2,mutation_assayed_no_variant_reported,1,0
CRC,TCGA-EI-6917-01,KRAS,mutation_assayed_no_variant_reported,1,0
CRC,TCGA-EI-6917-01,TP53,variant_reported,1,1
CRC,TCGA-EI-6917-01,EGFR,mutation_assayed_no_variant_reported,1,0
CRC,TCGA-EI-6917-01,ERBB2,mutation_assayed_no_variant_reported,1,0
CRC,TCGA-EI-7002-01,KRAS,variant_reported,1,1
CRC,TCGA-EI-7002-01,TP53,variant_reported,1,1
CRC,TCGA-EI-7002-01,EGFR,mutation_assayed_no_variant_reported,1,0
CRC,TCGA-EI-7002-01,ERBB2,mutation_assayed_no_variant_reported,1,0
CRC,TCGA-EI-7004-01,KRAS,mutation_assayed_no_variant_reported,1,0
CRC,TCGA-EI-7004-01,TP53,mutation_assayed_no_variant_reported,1,0
CRC,TCGA-EI-7004-01,EGFR,mutation_assayed_no_variant_reported,1,0
CRC,TCGA-EI-7004-01,ERBB2,mutation_assayed_no_variant_reported,1,0
CRC,TCGA-F5-6464-01,KRAS,mutation_assayed_no_variant_reported,1,0
CRC,TCGA-F5-6464-01,TP53,variant_reported,1,1
CRC,TCGA-F5-6464-01,EGFR,mutation_assayed_no_variant_reported,1,0
CRC,TCGA-F5-6464-01,ERBB2,mutation_assayed_no_variant_reported,1,0
CRC,TCGA-F5-6465-01,KRAS,mutation_assayed_no_variant_reported,1,0
CRC,TCGA-F5-6465-01,TP53,variant_reported,1,1
CRC,TCGA-F5-6465-01,EGFR,mutation_assayed_no_variant_reported,1,0
CRC,TCGA-F5-6465-01,ERBB2,mutation_assayed_no_variant_reported,1,0
CRC,TCGA-F5-6571-01,KRAS,variant_reported,1,1
CRC,TCGA-F5-6571-01,TP53,variant_reported,1,1
CRC,TCGA-F5-6571-01,EGFR,mutation_assayed_no_variant_reported,1,0
CRC,TCGA-F5-6571-01,ERBB2,mutation_assayed_no_variant_reported,1,0
CRC,TCGA-F5-6702-01,KRAS,variant_reported,1,1
CRC,TCGA-F5-6702-01,TP53,variant_reported,1,1
CRC,TCGA-F5-6702-01,EGFR,mutation_assayed_no_variant_reported,1,0
CRC,TCGA-F5-6702-01,ERBB2,mutation_assayed_no_variant_reported,1,0
CRC,TCGA-F5-6810-01,KRAS,mutation_assayed_no_variant_reported,1,0
CRC,TCGA-F5-6810-01,TP53,variant_reported,1,1
CRC,TCGA-F5-6810-01,EGFR,mutation_assayed_no_variant_reported,1,0
CRC,TCGA-F5-6810-01,ERBB2,mutation_assayed_no_variant_reported,1,0
CRC,TCGA-F5-6811-01,KRAS,mutation_assayed_no_variant_reported,1,0
CRC,TCGA-F5-6811-01,TP53,variant_reported,1,1
CRC,TCGA-F5-6811-01,EGFR,mutation_assayed_no_variant_reported,1,0
CRC,TCGA-F5-6811-01,ERBB2,mutation_assayed_no_variant_reported,1,0
CRC,TCGA-F5-6812-01,KRAS,variant_reported,1,1
CRC,TCGA-F5-6812-01,TP53,variant_reported,1,1
CRC,TCGA-F5-6812-01,EGFR,mutation_assayed_no_variant_reported,1,0
CRC,TCGA-F5-6812-01,ERBB2,mutation_assayed_no_variant_reported,1,0
CRC,TCGA-F5-6813-01,KRAS,mutation_assayed_no_variant_reported,1,0
CRC,TCGA-F5-6813-01,TP53,variant_reported,1,1
CRC,TCGA-F5-6813-01,EGFR,mutation_assayed_no_variant_reported,1,0
CRC,TCGA-F5-6813-01,ERBB2,mutation_assayed_no_variant_reported,1,0
CRC,TCGA-F5-6814-01,KRAS,mutation_assayed_no_variant_reported,1,0
CRC,TCGA-F5-6814-01,TP53,variant_reported,1,1
CRC,TCGA-F5-6814-01,EGFR,mutation_assayed_no_variant_reported,1,0
CRC,TCGA-F5-6814-01,ERBB2,mutation_assayed_no_variant_reported,1,0
CRC,TCGA-F5-6861-01,KRAS,variant_reported,1,1
CRC,TCGA-F5-6861-01,TP53,mutation_assayed_no_variant_reported,1,0
CRC,TCGA-F5-6861-01,EGFR,mutation_assayed_no_variant_reported,1,0
CRC,TCGA-F5-6861-01,ERBB2,mutation_assayed_no_variant_reported,1,0
CRC,TCGA-F5-6863-01,KRAS,mutation_assayed_no_variant_reported,1,0
CRC,TCGA-F5-6863-01,TP53,variant_reported,1,1
CRC,TCGA-F5-6863-01,EGFR,mutation_assayed_no_variant_reported,1,0
CRC,TCGA-F5-6863-01,ERBB2,mutation_assayed_no_variant_reported,1,0
CRC,TCGA-F5-6864-01,KRAS,mutation_assayed_no_variant_reported,1,0
CRC,TCGA-F5-6864-01,TP53,variant_reported,1,1
CRC,TCGA-F5-6864-01,EGFR,mutation_assayed_no_variant_reported,1,0
CRC,TCGA-F5-6864-01,ERBB2,mutation_assayed_no_variant_reported,1,0
CRC,TCGA-G5-6641-01,KRAS,mutation_assayed_no_variant_reported,1,0
CRC,TCGA-G5-6641-01,TP53,mutation_assayed_no_variant_reported,1,0
CRC,TCGA-G5-6641-01,EGFR,mutation_assayed_no_variant_reported,1,0
CRC,TCGA-G5-6641-01,ERBB2,mutation_assayed_no_variant_reported,1,0
CRC,TCGA-3L-AA1B-01,KRAS,mutation_assayed_no_variant_reported,1,0
CRC,TCGA-3L-AA1B-01,TP53,mutation_assayed_no_variant_reported,1,0
CRC,TCGA-3L-AA1B-01,EGFR,mutation_assayed_no_variant_reported,1,0
CRC,TCGA-3L-AA1B-01,ERBB2,mutation_assayed_no_variant_reported,1,0
CRC,TCGA-4N-A93T-01,KRAS,variant_reported,1,1
CRC,TCGA-4N-A93T-01,TP53,variant_reported,1,1
CRC,TCGA-4N-A93T-01,EGFR,mutation_assayed_no_variant_reported,1,0
CRC,TCGA-4N-A93T-01,ERBB2,mutation_assayed_no_variant_reported,1,0
CRC,TCGA-4T-AA8H-01,KRAS,variant_reported,1,1
CRC,TCGA-4T-AA8H-01,TP53,mutation_assayed_no_variant_reported,1,0
CRC,TCGA-4T-AA8H-01,EGFR,mutation_assayed_no_variant_reported,1,0
CRC,TCGA-4T-AA8H-01,ERBB2,mutation_assayed_no_variant_reported,1,0
CRC,TCGA-5M-AAT4-01,KRAS,variant_reported,1,1
CRC,TCGA-5M-AAT4-01,TP53,variant_reported,1,1
CRC,TCGA-5M-AAT4-01,EGFR,mutation_assayed_no_variant_reported,1,0
CRC,TCGA-5M-AAT4-01,ERBB2,mutation_assayed_no_variant_reported,1,0
CRC,TCGA-5M-AAT6-01,KRAS,variant_reported,1,1
CRC,TCGA-5M-AAT6-01,TP53,mutation_assayed_no_variant_reported,1,0
CRC,TCGA-5M-AAT6-01,EGFR,mutation_assayed_no_variant_reported,1,0
CRC,TCGA-5M-AAT6-01,ERBB2,mutation_assayed_no_variant_reported,1,0
CRC,TCGA-5M-AATE-01,KRAS,variant_reported,1,1
CRC,TCGA-5M-AATE-01,TP53,variant_reported,1,1
CRC,TCGA-5M-AATE-01,EGFR,mutation_assayed_no_variant_reported,1,0
CRC,TCGA-5M-AATE-01,ERBB2,mutation_assayed_no_variant_reported,1,0
CRC,TCGA-A6-2671-01,KRAS,mutation_assayed_no_variant_reported,1,0
CRC,TCGA-A6-2671-01,TP53,variant_reported,1,1
CRC,TCGA-A6-2671-01,EGFR,mutation_assayed_no_variant_reported,1,0
CRC,TCGA-A6-2671-01,ERBB2,mutation_assayed_no_variant_reported,1,0
CRC,TCGA-A6-2674-01,KRAS,variant_reported,1,1
CRC,TCGA-A6-2674-01,TP53,variant_reported,1,1
CRC,TCGA-A6-2674-01,EGFR,mutation_assayed_no_variant_reported,1,0
CRC,TCGA-A6-2674-01,ERBB2,mutation_assayed_no_variant_reported,1,0
CRC,TCGA-A6-2675-01,KRAS,mutation_assayed_no_variant_reported,1,0
CRC,TCGA-A6-2675-01,TP53,variant_reported,1,1
CRC,TCGA-A6-2675-01,EGFR,mutation_assayed_no_variant_reported,1,0
CRC,TCGA-A6-2675-01,ERBB2,mutation_assayed_no_variant_reported,1,0
CRC,TCGA-A6-2677-01,KRAS,mutation_assayed_no_variant_reported,1,0
CRC,TCGA-A6-2677-01,TP53,mutation_assayed_no_variant_reported,1,0
CRC,TCGA-A6-2677-01,EGFR,mutation_assayed_no_variant_reported,1,0
CRC,TCGA-A6-2677-01,ERBB2,mutation_assayed_no_variant_reported,1,0
CRC,TCGA-A6-2678-01,KRAS,mutation_assayed_no_variant_reported,1,0
CRC,TCGA-A6-2678-01,TP53,mutation_assayed_no_variant_reported,1,0
CRC,TCGA-A6-2678-01,EGFR,mutation_assayed_no_variant_reported,1,0
CRC,TCGA-A6-2678-01,ERBB2,mutation_assayed_no_variant_reported,1,0
CRC,TCGA-A6-2681-01,KRAS,variant_reported,1,1
CRC,TCGA-A6-2681-01,TP53,variant_reported,1,1
CRC,TCGA-A6-2681-01,EGFR,mutation_assayed_no_variant_reported,1,0
CRC,TCGA-A6-2681-01,ERBB2,mutation_assayed_no_variant_reported,1,0
CRC,TCGA-A6-2683-01,KRAS,mutation_assayed_no_variant_reported,1,0
CRC,TCGA-A6-2683-01,TP53,mutation_assayed_no_variant_reported,1,0
CRC,TCGA-A6-2683-01,EGFR,mutation_assayed_no_variant_reported,1,0
CRC,TCGA-A6-2683-01,ERBB2,mutation_assayed_no_variant_reported,1,0
CRC,TCGA-A6-2684-01,KRAS,variant_reported,1,1
CRC,TCGA-A6-2684-01,TP53,variant_reported,1,1
CRC,TCGA-A6-2684-01,EGFR,mutation_assayed_no_variant_reported,1,0
CRC,TCGA-A6-2684-01,ERBB2,mutation_assayed_no_variant_reported,1,0
CRC,TCGA-A6-2685-01,KRAS,variant_reported,1,1
CRC,TCGA-A6-2685-01,TP53,variant_reported,1,1
CRC,TCGA-A6-2685-01,EGFR,mutation_assayed_no_variant_reported,1,0
CRC,TCGA-A6-2685-01,ERBB2,mutation_assayed_no_variant_reported,1,0
CRC,TCGA-A6-2686-01,KRAS,mutation_assayed_no_variant_reported,1,0
CRC,TCGA-A6-2686-01,TP53,mutation_assayed_no_variant_reported,1,0
CRC,TCGA-A6-2686-01,EGFR,mutation_assayed_no_variant_reported,1,0
CRC,TCGA-A6-2686-01,ERBB2,mutation_assayed_no_variant_reported,1,0
CRC,TCGA-A6-3807-01,KRAS,mutation_assayed_no_variant_reported,1,0
CRC,TCGA-A6-3807-01,TP53,variant_reported,1,1
CRC,TCGA-A6-3807-01,EGFR,mutation_assayed_no_variant_reported,1,0
CRC,TCGA-A6-3807-01,ERBB2,mutation_assayed_no_variant_reported,1,0
CRC,TCGA-A6-3808-01,KRAS,variant_reported,1,1
CRC,TCGA-A6-3808-01,TP53,mutation_assayed_no_variant_reported,1,0
CRC,TCGA-A6-3808-01,EGFR,mutation_assayed_no_variant_reported,1,0
CRC,TCGA-A6-3808-01,ERBB2,mutation_assayed_no_variant_reported,1,0
CRC,TCGA-A6-3809-01,KRAS,mutation_assayed_no_variant_reported,1,0
CRC,TCGA-A6-3809-01,TP53,mutation_assayed_no_variant_reported,1,0
CRC,TCGA-A6-3809-01,EGFR,variant_reported,1,1
CRC,TCGA-A6-3809-01,ERBB2,mutation_assayed_no_variant_reported,1,0
CRC,TCGA-A6-3810-01,KRAS,mutation_assayed_no_variant_reported,1,0
CRC,TCGA-A6-3810-01,TP53,variant_reported,1,1
CRC,TCGA-A6-3810-01,EGFR,mutation_assayed_no_variant_reported,1,0
CRC,TCGA-A6-3810-01,ERBB2,mutation_assayed_no_variant_reported,1,0
CRC,TCGA-A6-4105-01,KRAS,variant_reported,1,1
CRC,TCGA-A6-4105-01,TP53,variant_reported,1,1
CRC,TCGA-A6-4105-01,EGFR,mutation_assayed_no_variant_reported,1,0
CRC,TCGA-A6-4105-01,ERBB2,mutation_assayed_no_variant_reported,1,0
CRC,TCGA-A6-4107-01,KRAS,variant_reported,1,1
CRC,TCGA-A6-4107-01,TP53,mutation_assayed_no_variant_reported,1,0
CRC,TCGA-A6-4107-01,EGFR,mutation_assayed_no_variant_reported,1,0
CRC,TCGA-A6-4107-01,ERBB2,mutation_assayed_no_variant_reported,1,0
CRC,TCGA-A6-5656-01,KRAS,mutation_assayed_no_variant_reported,1,0
CRC,TCGA-A6-5656-01,TP53,variant_reported,1,1
CRC,TCGA-A6-5656-01,EGFR,mutation_assayed_no_variant_reported,1,0
CRC,TCGA-A6-5656-01,ERBB2,mutation_assayed_no_variant_reported,1,0
CRC,TCGA-A6-5657-01,KRAS,variant_reported,1,1
CRC,TCGA-A6-5657-01,TP53,mutation_assayed_no_variant_reported,1,0
CRC,TCGA-A6-5657-01,EGFR,mutation_assayed_no_variant_reported,1,0
CRC,TCGA-A6-5657-01,ERBB2,mutation_assayed_no_variant_reported,1,0
CRC,TCGA-A6-5659-01,KRAS,variant_reported,1,1
CRC,TCGA-A6-5659-01,TP53,variant_reported,1,1
CRC,TCGA-A6-5659-01,EGFR,mutation_assayed_no_variant_reported,1,0
CRC,TCGA-A6-5659-01,ERBB2,mutation_assayed_no_variant_reported,1,0
CRC,TCGA-A6-5660-01,KRAS,mutation_assayed_no_variant_reported,1,0
CRC,TCGA-A6-5660-01,TP53,variant_reported,1,1
CRC,TCGA-A6-5660-01,EGFR,mutation_assayed_no_variant_reported,1,0
CRC,TCGA-A6-5660-01,ERBB2,mutation_assayed_no_variant_reported,1,0
CRC,TCGA-A6-5661-01,KRAS,mutation_assayed_no_variant_reported,1,0
CRC,TCGA-A6-5661-01,TP53,mutation_assayed_no_variant_reported,1,0
CRC,TCGA-A6-5661-01,EGFR,mutation_assayed_no_variant_reported,1,0
CRC,TCGA-A6-5661-01,ERBB2,mutation_assayed_no_variant_reported,1,0
CRC,TCGA-A6-5662-01,KRAS,variant_reported,1,1
CRC,TCGA-A6-5662-01,TP53,variant_reported,1,1
CRC,TCGA-A6-5662-01,EGFR,mutation_assayed_no_variant_reported,1,0
CRC,TCGA-A6-5662-01,ERBB2,mutation_assayed_no_variant_reported,1,0
CRC,TCGA-A6-5664-01,KRAS,variant_reported,1,1
CRC,TCGA-A6-5664-01,TP53,mutation_assayed_no_variant_reported,1,0
CRC,TCGA-A6-5664-01,EGFR,mutation_assayed_no_variant_reported,1,0
CRC,TCGA-A6-5664-01,ERBB2,mutation_assayed_no_variant_reported,1,0
CRC,TCGA-A6-5665-01,KRAS,mutation_assayed_no_variant_reported,1,0
CRC,TCGA-A6-5665-01,TP53,mutation_assayed_no_variant_reported,1,0
CRC,TCGA-A6-5665-01,EGFR,mutation_assayed_no_variant_reported,1,0
CRC,TCGA-A6-5665-01,ERBB2,mutation_assayed_no_variant_reported,1,0
CRC,TCGA-A6-5666-01,KRAS,variant_reported,1,1
CRC,TCGA-A6-5666-01,TP53,mutation_assayed_no_variant_reported,1,0
CRC,TCGA-A6-5666-01,EGFR,mutation_assayed_no_variant_reported,1,0
CRC,TCGA-A6-5666-01,ERBB2,mutation_assayed_no_variant_reported,1,0
CRC,TCGA-A6-5667-01,KRAS,mutation_assayed_no_variant_reported,1,0
CRC,TCGA-A6-5667-01,TP53,variant_reported,1,1
CRC,TCGA-A6-5667-01,EGFR,mutation_assayed_no_variant_reported,1,0
CRC,TCGA-A6-5667-01,ERBB2,mutation_assayed_no_variant_reported,1,0
CRC,TCGA-A6-6137-01,KRAS,mutation_assayed_no_variant_reported,1,0
CRC,TCGA-A6-6137-01,TP53,variant_reported,1,1
CRC,TCGA-A6-6137-01,EGFR,mutation_assayed_no_variant_reported,1,0
CRC,TCGA-A6-6137-01,ERBB2,mutation_assayed_no_variant_reported,1,0
CRC,TCGA-A6-6138-01,KRAS,variant_reported,1,1
CRC,TCGA-A6-6138-01,TP53,variant_reported,1,1
CRC,TCGA-A6-6138-01,EGFR,mutation_assayed_no_variant_reported,1,0
CRC,TCGA-A6-6138-01,ERBB2,mutation_assayed_no_variant_reported,1,0
CRC,TCGA-A6-6142-01,KRAS,mutation_assayed_no_variant_reported,1,0
CRC,TCGA-A6-6142-01,TP53,variant_reported,1,1
CRC,TCGA-A6-6142-01,EGFR,mutation_assayed_no_variant_reported,1,0
CRC,TCGA-A6-6142-01,ERBB2,mutation_assayed_no_variant_reported,1,0
CRC,TCGA-A6-6648-01,KRAS,mutation_assayed_no_variant_reported,1,0
CRC,TCGA-A6-6648-01,TP53,mutation_assayed_no_variant_reported,1,0
CRC,TCGA-A6-6648-01,EGFR,mutation_assayed_no_variant_reported,1,0
CRC,TCGA-A6-6648-01,ERBB2,mutation_assayed_no_variant_reported,1,0
CRC,TCGA-A6-6649-01,KRAS,mutation_assayed_no_variant_reported,1,0
CRC,TCGA-A6-6649-01,TP53,variant_reported,1,1
CRC,TCGA-A6-6649-01,EGFR,mutation_assayed_no_variant_reported,1,0
CRC,TCGA-A6-6649-01,ERBB2,mutation_assayed_no_variant_reported,1,0
CRC,TCGA-A6-6650-01,KRAS,mutation_assayed_no_variant_reported,1,0
CRC,TCGA-A6-6650-01,TP53,mutation_assayed_no_variant_reported,1,0
CRC,TCGA-A6-6650-01,EGFR,mutation_assayed_no_variant_reported,1,0
CRC,TCGA-A6-6650-01,ERBB2,mutation_assayed_no_variant_reported,1,0
CRC,TCGA-A6-6651-01,KRAS,mutation_assayed_no_variant_reported,1,0
CRC,TCGA-A6-6651-01,TP53,variant_reported,1,1
CRC,TCGA-A6-6651-01,EGFR,mutation_assayed_no_variant_reported,1,0
CRC,TCGA-A6-6651-01,ERBB2,mutation_assayed_no_variant_reported,1,0
CRC,TCGA-A6-6652-01,KRAS,mutation_assayed_no_variant_reported,1,0
CRC,TCGA-A6-6652-01,TP53,variant_reported,1,1
CRC,TCGA-A6-6652-01,EGFR,mutation_assayed_no_variant_reported,1,0
CRC,TCGA-A6-6652-01,ERBB2,mutation_assayed_no_variant_reported,1,0
CRC,TCGA-A6-6653-01,KRAS,variant_reported,1,1
CRC,TCGA-A6-6653-01,TP53,mutation_assayed_no_variant_reported,1,0
CRC,TCGA-A6-6653-01,EGFR,mutation_assayed_no_variant_reported,1,0
CRC,TCGA-A6-6653-01,ERBB2,mutation_assayed_no_variant_reported,1,0
CRC,TCGA-A6-6654-01,KRAS,variant_reported,1,1
CRC,TCGA-A6-6654-01,TP53,variant_reported,1,1
CRC,TCGA-A6-6654-01,EGFR,mutation_assayed_no_variant_reported,1,0
CRC,TCGA-A6-6654-01,ERBB2,mutation_assayed_no_variant_reported,1,0
CRC,TCGA-A6-6780-01,KRAS,mutation_assayed_no_variant_reported,1,0
CRC,TCGA-A6-6780-01,TP53,mutation_assayed_no_variant_reported,1,0
CRC,TCGA-A6-6780-01,EGFR,mutation_assayed_no_variant_reported,1,0
CRC,TCGA-A6-6780-01,ERBB2,mutation_assayed_no_variant_reported,1,0
CRC,TCGA-A6-6781-01,KRAS,mutation_assayed_no_variant_reported,1,0
CRC,TCGA-A6-6781-01,TP53,mutation_assayed_no_variant_reported,1,0
CRC,TCGA-A6-6781-01,EGFR,mutation_assayed_no_variant_reported,1,0
CRC,TCGA-A6-6781-01,ERBB2,mutation_assayed_no_variant_reported,1,0
CRC,TCGA-A6-6782-01,KRAS,mutation_assayed_no_variant_reported,1,0
CRC,TCGA-A6-6782-01,TP53,variant_reported,1,1
CRC,TCGA-A6-6782-01,EGFR,mutation_assayed_no_variant_reported,1,0
CRC,TCGA-A6-6782-01,ERBB2,mutation_assayed_no_variant_reported,1,0
CRC,TCGA-A6-A565-01,KRAS,mutation_assayed_no_variant_reported,1,0
CRC,TCGA-A6-A565-01,TP53,mutation_assayed_no_variant_reported,1,0
CRC,TCGA-A6-A565-01,EGFR,mutation_assayed_no_variant_reported,1,0
CRC,TCGA-A6-A565-01,ERBB2,mutation_assayed_no_variant_reported,1,0
CRC,TCGA-A6-A566-01,KRAS,variant_reported,1,1
CRC,TCGA-A6-A566-01,TP53,mutation_assayed_no_variant_reported,1,0
CRC,TCGA-A6-A566-01,EGFR,mutation_assayed_no_variant_reported,1,0
CRC,TCGA-A6-A566-01,ERBB2,mutation_assayed_no_variant_reported,1,0
CRC,TCGA-A6-A567-01,KRAS,variant_reported,1,1
CRC,TCGA-A6-A567-01,TP53,variant_reported,1,1
CRC,TCGA-A6-A567-01,EGFR,mutation_assayed_no_variant_reported,1,0
CRC,TCGA-A6-A567-01,ERBB2,mutation_assayed_no_variant_reported,1,0
CRC,TCGA-A6-A56B-01,KRAS,mutation_assayed_no_variant_reported,1,0
CRC,TCGA-A6-A56B-01,TP53,variant_reported,1,1
CRC,TCGA-A6-A56B-01,EGFR,mutation_assayed_no_variant_reported,1,0
CRC,TCGA-A6-A56B-01,ERBB2,mutation_assayed_no_variant_reported,1,0
CRC,TCGA-AA-3489-01,KRAS,mutation_assayed_no_variant_reported,1,0
CRC,TCGA-AA-3489-01,TP53,mutation_assayed_no_variant_reported,1,0
CRC,TCGA-AA-3489-01,EGFR,mutation_assayed_no_variant_reported,1,0
CRC,TCGA-AA-3489-01,ERBB2,mutation_assayed_no_variant_reported,1,0
CRC,TCGA-AA-3492-01,KRAS,mutation_assayed_no_variant_reported,1,0
CRC,TCGA-AA-3492-01,TP53,variant_reported,1,1
CRC,TCGA-AA-3492-01,EGFR,mutation_assayed_no_variant_reported,1,0
CRC,TCGA-AA-3492-01,ERBB2,mutation_assayed_no_variant_reported,1,0
CRC,TCGA-AA-3496-01,KRAS,mutation_assayed_no_variant_reported,1,0
CRC,TCGA-AA-3496-01,TP53,mutation_assayed_no_variant_reported,1,0
CRC,TCGA-AA-3496-01,EGFR,mutation_assayed_no_variant_reported,1,0
CRC,TCGA-AA-3496-01,ERBB2,mutation_assayed_no_variant_reported,1,0
CRC,TCGA-AA-3502-01,KRAS,variant_reported,1,1
CRC,TCGA-AA-3502-01,TP53,mutation_assayed_no_variant_reported,1,0
CRC,TCGA-AA-3502-01,EGFR,mutation_assayed_no_variant_reported,1,0
CRC,TCGA-AA-3502-01,ERBB2,variant_reported,1,1
CRC,TCGA-AA-3506-01,KRAS,variant_reported,1,1
CRC,TCGA-AA-3506-01,TP53,mutation_assayed_no_variant_reported,1,0
CRC,TCGA-AA-3506-01,EGFR,mutation_assayed_no_variant_reported,1,0
CRC,TCGA-AA-3506-01,ERBB2,mutation_assayed_no_variant_reported,1,0
CRC,TCGA-AA-3510-01,KRAS,mutation_assayed_no_variant_reported,1,0
CRC,TCGA-AA-3510-01,TP53,mutation_assayed_no_variant_reported,1,0
CRC,TCGA-AA-3510-01,EGFR,mutation_assayed_no_variant_reported,1,0
CRC,TCGA-AA-3510-01,ERBB2,mutation_assayed_no_variant_reported,1,0
CRC,TCGA-AA-3511-01,KRAS,variant_reported,1,1
CRC,TCGA-AA-3511-01,TP53,variant_reported,1,1
CRC,TCGA-AA-3511-01,EGFR,mutation_assayed_no_variant_reported,1,0
CRC,TCGA-AA-3511-01,ERBB2,mutation_assayed_no_variant_reported,1,0
CRC,TCGA-AA-3514-01,KRAS,mutation_assayed_no_variant_reported,1,0
CRC,TCGA-AA-3514-01,TP53,mutation_assayed_no_variant_reported,1,0
CRC,TCGA-AA-3514-01,EGFR,mutation_assayed_no_variant_reported,1,0
CRC,TCGA-AA-3514-01,ERBB2,mutation_assayed_no_variant_reported,1,0
CRC,TCGA-AA-3517-01,KRAS,mutation_assayed_no_variant_reported,1,0
CRC,TCGA-AA-3517-01,TP53,mutation_assayed_no_variant_reported,1,0
CRC,TCGA-AA-3517-01,EGFR,mutation_assayed_no_variant_reported,1,0
CRC,TCGA-AA-3517-01,ERBB2,mutation_assayed_no_variant_reported,1,0
CRC,TCGA-AA-3519-01,KRAS,mutation_assayed_no_variant_reported,1,0
CRC,TCGA-AA-3519-01,TP53,mutation_assayed_no_variant_reported,1,0
CRC,TCGA-AA-3519-01,EGFR,mutation_assayed_no_variant_reported,1,0
CRC,TCGA-AA-3519-01,ERBB2,mutation_assayed_no_variant_reported,1,0
CRC,TCGA-AA-3520-01,KRAS,mutation_assayed_no_variant_reported,1,0
CRC,TCGA-AA-3520-01,TP53,mutation_assayed_no_variant_reported,1,0
CRC,TCGA-AA-3520-01,EGFR,mutation_assayed_no_variant_reported,1,0
CRC,TCGA-AA-3520-01,ERBB2,mutation_assayed_no_variant_reported,1,0
CRC,TCGA-AA-3521-01,KRAS,mutation_assayed_no_variant_reported,1,0
CRC,TCGA-AA-3521-01,TP53,mutation_assayed_no_variant_reported,1,0
CRC,TCGA-AA-3521-01,EGFR,mutation_assayed_no_variant_reported,1,0
CRC,TCGA-AA-3521-01,ERBB2,mutation_assayed_no_variant_reported,1,0
CRC,TCGA-AA-3522-01,KRAS,mutation_assayed_no_variant_reported,1,0
CRC,TCGA-AA-3522-01,TP53,mutation_assayed_no_variant_reported,1,0
CRC,TCGA-AA-3522-01,EGFR,mutation_assayed_no_variant_reported,1,0
CRC,TCGA-AA-3522-01,ERBB2,mutation_assayed_no_variant_reported,1,0
CRC,TCGA-AA-3524-01,KRAS,mutation_assayed_no_variant_reported,1,0
CRC,TCGA-AA-3524-01,TP53,mutation_assayed_no_variant_reported,1,0
CRC,TCGA-AA-3524-01,EGFR,mutation_assayed_no_variant_reported,1,0
CRC,TCGA-AA-3524-01,ERBB2,mutation_assayed_no_variant_reported,1,0
CRC,TCGA-AA-3526-01,KRAS,mutation_assayed_no_variant_reported,1,0
CRC,TCGA-AA-3526-01,TP53,mutation_assayed_no_variant_reported,1,0
CRC,TCGA-AA-3526-01,EGFR,mutation_assayed_no_variant_reported,1,0
CRC,TCGA-AA-3526-01,ERBB2,mutation_assayed_no_variant_reported,1,0
CRC,TCGA-AA-3527-01,KRAS,mutation_assayed_no_variant_reported,1,0
CRC,TCGA-AA-3527-01,TP53,mutation_assayed_no_variant_reported,1,0
CRC,TCGA-AA-3527-01,EGFR,mutation_assayed_no_variant_reported,1,0
CRC,TCGA-AA-3527-01,ERBB2,mutation_assayed_no_variant_reported,1,0
CRC,TCGA-AA-3529-01,KRAS,mutation_assayed_no_variant_reported,1,0
CRC,TCGA-AA-3529-01,TP53,mutation_assayed_no_variant_reported,1,0
CRC,TCGA-AA-3529-01,EGFR,mutation_assayed_no_variant_reported,1,0
CRC,TCGA-AA-3529-01,ERBB2,mutation_assayed_no_variant_reported,1,0
CRC,TCGA-AA-3530-01,KRAS,variant_reported,1,1
CRC,TCGA-AA-3530-01,TP53,mutation_assayed_no_variant_reported,1,0
CRC,TCGA-AA-3530-01,EGFR,mutation_assayed_no_variant_reported,1,0
CRC,TCGA-AA-3530-01,ERBB2,mutation_assayed_no_variant_reported,1,0
CRC,TCGA-AA-3531-01,KRAS,mutation_assayed_no_variant_reported,1,0
CRC,TCGA-AA-3531-01,TP53,mutation_assayed_no_variant_reported,1,0
CRC,TCGA-AA-3531-01,EGFR,mutation_assayed_no_variant_reported,1,0
CRC,TCGA-AA-3531-01,ERBB2,mutation_assayed_no_variant_reported,1,0
CRC,TCGA-AA-3532-01,KRAS,mutation_assayed_no_variant_reported,1,0
CRC,TCGA-AA-3532-01,TP53,mutation_assayed_no_variant_reported,1,0
CRC,TCGA-AA-3532-01,EGFR,mutation_assayed_no_variant_reported,1,0
CRC,TCGA-AA-3532-01,ERBB2,mutation_assayed_no_variant_reported,1,0
CRC,TCGA-AA-3534-01,KRAS,mutation_assayed_no_variant_reported,1,0
CRC,TCGA-AA-3534-01,TP53,mutation_assayed_no_variant_reported,1,0
CRC,TCGA-AA-3534-01,EGFR,mutation_assayed_no_variant_reported,1,0
CRC,TCGA-AA-3534-01,ERBB2,mutation_assayed_no_variant_reported,1,0
CRC,TCGA-AA-3538-01,KRAS,mutation_assayed_no_variant_reported,1,0
CRC,TCGA-AA-3538-01,TP53,mutation_assayed_no_variant_reported,1,0
CRC,TCGA-AA-3538-01,EGFR,mutation_assayed_no_variant_reported,1,0
CRC,TCGA-AA-3538-01,ERBB2,mutation_assayed_no_variant_reported,1,0
CRC,TCGA-AA-3544-01,KRAS,mutation_assayed_no_variant_reported,1,0
CRC,TCGA-AA-3544-01,TP53,mutation_assayed_no_variant_reported,1,0
CRC,TCGA-AA-3544-01,EGFR,mutation_assayed_no_variant_reported,1,0
CRC,TCGA-AA-3544-01,ERBB2,mutation_assayed_no_variant_reported,1,0
CRC,TCGA-AA-3548-01,KRAS,mutation_assayed_no_variant_reported,1,0
CRC,TCGA-AA-3548-01,TP53,mutation_assayed_no_variant_reported,1,0
CRC,TCGA-AA-3548-01,EGFR,mutation_assayed_no_variant_reported,1,0
CRC,TCGA-AA-3548-01,ERBB2,mutation_assayed_no_variant_reported,1,0
CRC,TCGA-AA-3549-01,KRAS,mutation_assayed_no_variant_reported,1,0
CRC,TCGA-AA-3549-01,TP53,mutation_assayed_no_variant_reported,1,0
CRC,TCGA-AA-3549-01,EGFR,mutation_assayed_no_variant_reported,1,0
CRC,TCGA-AA-3549-01,ERBB2,mutation_assayed_no_variant_reported,1,0
CRC,TCGA-AA-3558-01,KRAS,mutation_assayed_no_variant_reported,1,0
CRC,TCGA-AA-3558-01,TP53,mutation_assayed_no_variant_reported,1,0
CRC,TCGA-AA-3558-01,EGFR,mutation_assayed_no_variant_reported,1,0
CRC,TCGA-AA-3558-01,ERBB2,mutation_assayed_no_variant_reported,1,0
CRC,TCGA-AA-3560-01,KRAS,mutation_assayed_no_variant_reported,1,0
CRC,TCGA-AA-3560-01,TP53,mutation_assayed_no_variant_reported,1,0
CRC,TCGA-AA-3560-01,EGFR,mutation_assayed_no_variant_reported,1,0
CRC,TCGA-AA-3560-01,ERBB2,mutation_assayed_no_variant_reported,1,0
CRC,TCGA-AA-3561-01,KRAS,mutation_assayed_no_variant_reported,1,0
CRC,TCGA-AA-3561-01,TP53,mutation_assayed_no_variant_reported,1,0
CRC,TCGA-AA-3561-01,EGFR,mutation_assayed_no_variant_reported,1,0
CRC,TCGA-AA-3561-01,ERBB2,mutation_assayed_no_variant_reported,1,0
CRC,TCGA-AA-3655-01,KRAS,variant_reported,1,1
CRC,TCGA-AA-3655-01,TP53,variant_reported,1,1
CRC,TCGA-AA-3655-01,EGFR,mutation_assayed_no_variant_reported,1,0
CRC,TCGA-AA-3655-01,ERBB2,mutation_assayed_no_variant_reported,1,0
CRC,TCGA-AA-3660-01,KRAS,variant_reported,1,1
CRC,TCGA-AA-3660-01,TP53,variant_reported,1,1
CRC,TCGA-AA-3660-01,EGFR,mutation_assayed_no_variant_reported,1,0
CRC,TCGA-AA-3660-01,ERBB2,mutation_assayed_no_variant_reported,1,0
CRC,TCGA-AA-3663-01,KRAS,variant_reported,1,1
CRC,TCGA-AA-3663-01,TP53,mutation_assayed_no_variant_reported,1,0
CRC,TCGA-AA-3663-01,EGFR,mutation_assayed_no_variant_reported,1,0
CRC,TCGA-AA-3663-01,ERBB2,mutation_assayed_no_variant_reported,1,0
CRC,TCGA-AA-3664-01,KRAS,mutation_assayed_no_variant_reported,1,0
CRC,TCGA-AA-3664-01,TP53,mutation_assayed_no_variant_reported,1,0
CRC,TCGA-AA-3664-01,EGFR,mutation_assayed_no_variant_reported,1,0
CRC,TCGA-AA-3664-01,ERBB2,mutation_assayed_no_variant_reported,1,0
CRC,TCGA-AA-3666-01,KRAS,mutation_assayed_no_variant_reported,1,0
CRC,TCGA-AA-3666-01,TP53,variant_reported,1,1
CRC,TCGA-AA-3666-01,EGFR,mutation_assayed_no_variant_reported,1,0
CRC,TCGA-AA-3666-01,ERBB2,mutation_assayed_no_variant_reported,1,0
CRC,TCGA-AA-3667-01,KRAS,mutation_assayed_no_variant_reported,1,0
CRC,TCGA-AA-3667-01,TP53,variant_reported,1,1
CRC,TCGA-AA-3667-01,EGFR,mutation_assayed_no_variant_reported,1,0
CRC,TCGA-AA-3667-01,ERBB2,mutation_assayed_no_variant_reported,1,0
CRC,TCGA-AA-3673-01,KRAS,variant_reported,1,1
CRC,TCGA-AA-3673-01,TP53,variant_reported,1,1
CRC,TCGA-AA-3673-01,EGFR,mutation_assayed_no_variant_reported,1,0
CRC,TCGA-AA-3673-01,ERBB2,mutation_assayed_no_variant_reported,1,0
CRC,TCGA-AA-3675-01,KRAS,variant_reported,1,1
CRC,TCGA-AA-3675-01,TP53,mutation_assayed_no_variant_reported,1,0
CRC,TCGA-AA-3675-01,EGFR,mutation_assayed_no_variant_reported,1,0
CRC,TCGA-AA-3675-01,ERBB2,mutation_assayed_no_variant_reported,1,0
CRC,TCGA-AA-3678-01,KRAS,mutation_assayed_no_variant_reported,1,0
CRC,TCGA-AA-3678-01,TP53,mutation_assayed_no_variant_reported,1,0
CRC,TCGA-AA-3678-01,EGFR,mutation_assayed_no_variant_reported,1,0
CRC,TCGA-AA-3678-01,ERBB2,mutation_assayed_no_variant_reported,1,0
CRC,TCGA-AA-3679-01,KRAS,mutation_assayed_no_variant_reported,1,0
CRC,TCGA-AA-3679-01,TP53,variant_reported,1,1
CRC,TCGA-AA-3679-01,EGFR,mutation_assayed_no_variant_reported,1,0
CRC,TCGA-AA-3679-01,ERBB2,mutation_assayed_no_variant_reported,1,0
CRC,TCGA-AA-3680-01,KRAS,variant_reported,1,1
CRC,TCGA-AA-3680-01,TP53,mutation_assayed_no_variant_reported,1,0
CRC,TCGA-AA-3680-01,EGFR,mutation_assayed_no_variant_reported,1,0
CRC,TCGA-AA-3680-01,ERBB2,mutation_assayed_no_variant_reported,1,0
CRC,TCGA-AA-3681-01,KRAS,variant_reported,1,1
CRC,TCGA-AA-3681-01,TP53,variant_reported,1,1
CRC,TCGA-AA-3681-01,EGFR,mutation_assayed_no_variant_reported,1,0
CRC,TCGA-AA-3681-01,ERBB2,mutation_assayed_no_variant_reported,1,0
CRC,TCGA-AA-3684-01,KRAS,mutation_assayed_no_variant_reported,1,0
CRC,TCGA-AA-3684-01,TP53,mutation_assayed_no_variant_reported,1,0
CRC,TCGA-AA-3684-01,EGFR,mutation_assayed_no_variant_reported,1,0
CRC,TCGA-AA-3684-01,ERBB2,mutation_assayed_no_variant_reported,1,0
CRC,TCGA-AA-3685-01,KRAS,mutation_assayed_no_variant_reported,1,0
CRC,TCGA-AA-3685-01,TP53,variant_reported,1,1
CRC,TCGA-AA-3685-01,EGFR,mutation_assayed_no_variant_reported,1,0
CRC,TCGA-AA-3685-01,ERBB2,mutation_assayed_no_variant_reported,1,0
CRC,TCGA-AA-3688-01,KRAS,mutation_assayed_no_variant_reported,1,0
CRC,TCGA-AA-3688-01,TP53,variant_reported,1,1
CRC,TCGA-AA-3688-01,EGFR,mutation_assayed_no_variant_reported,1,0
CRC,TCGA-AA-3688-01,ERBB2,mutation_assayed_no_variant_reported,1,0
CRC,TCGA-AA-3692-01,KRAS,mutation_assayed_no_variant_reported,1,0
CRC,TCGA-AA-3692-01,TP53,mutation_assayed_no_variant_reported,1,0
CRC,TCGA-AA-3692-01,EGFR,mutation_assayed_no_variant_reported,1,0
CRC,TCGA-AA-3692-01,ERBB2,mutation_assayed_no_variant_reported,1,0
CRC,TCGA-AA-3693-01,KRAS,mutation_assayed_no_variant_reported,1,0
CRC,TCGA-AA-3693-01,TP53,variant_reported,1,1
CRC,TCGA-AA-3693-01,EGFR,mutation_assayed_no_variant_reported,1,0
CRC,TCGA-AA-3693-01,ERBB2,mutation_assayed_no_variant_reported,1,0
CRC,TCGA-AA-3695-01,KRAS,variant_reported,1,1
CRC,TCGA-AA-3695-01,TP53,mutation_assayed_no_variant_reported,1,0
CRC,TCGA-AA-3695-01,EGFR,mutation_assayed_no_variant_reported,1,0
CRC,TCGA-AA-3695-01,ERBB2,mutation_assayed_no_variant_reported,1,0
CRC,TCGA-AA-3696-01,KRAS,variant_reported,1,1
CRC,TCGA-AA-3696-01,TP53,mutation_assayed_no_variant_reported,1,0
CRC,TCGA-AA-3696-01,EGFR,mutation_assayed_no_variant_reported,1,0
CRC,TCGA-AA-3696-01,ERBB2,mutation_assayed_no_variant_reported,1,0
CRC,TCGA-AA-3712-01,KRAS,mutation_assayed_no_variant_reported,1,0
CRC,TCGA-AA-3712-01,TP53,variant_reported,1,1
CRC,TCGA-AA-3712-01,EGFR,mutation_assayed_no_variant_reported,1,0
CRC,TCGA-AA-3712-01,ERBB2,mutation_assayed_no_variant_reported,1,0
CRC,TCGA-AA-3713-01,KRAS,mutation_assayed_no_variant_reported,1,0
CRC,TCGA-AA-3713-01,TP53,mutation_assayed_no_variant_reported,1,0
CRC,TCGA-AA-3713-01,EGFR,mutation_assayed_no_variant_reported,1,0
CRC,TCGA-AA-3713-01,ERBB2,mutation_assayed_no_variant_reported,1,0
CRC,TCGA-AA-3715-01,KRAS,variant_reported,1,1
CRC,TCGA-AA-3715-01,TP53,mutation_assayed_no_variant_reported,1,0
CRC,TCGA-AA-3715-01,EGFR,mutation_assayed_no_variant_reported,1,0
CRC,TCGA-AA-3715-01,ERBB2,mutation_assayed_no_variant_reported,1,0
CRC,TCGA-AA-3811-01,KRAS,mutation_assayed_no_variant_reported,1,0
CRC,TCGA-AA-3811-01,TP53,variant_reported,1,1
CRC,TCGA-AA-3811-01,EGFR,variant_reported,1,1
CRC,TCGA-AA-3811-01,ERBB2,mutation_assayed_no_variant_reported,1,0
CRC,TCGA-AA-3812-01,KRAS,mutation_assayed_no_variant_reported,1,0
CRC,TCGA-AA-3812-01,TP53,mutation_assayed_no_variant_reported,1,0
CRC,TCGA-AA-3812-01,EGFR,mutation_assayed_no_variant_reported,1,0
CRC,TCGA-AA-3812-01,ERBB2,mutation_assayed_no_variant_reported,1,0
CRC,TCGA-AA-3814-01,KRAS,variant_reported,1,1
CRC,TCGA-AA-3814-01,TP53,variant_reported,1,1
CRC,TCGA-AA-3814-01,EGFR,mutation_assayed_no_variant_reported,1,0
CRC,TCGA-AA-3814-01,ERBB2,mutation_assayed_no_variant_reported,1,0
CRC,TCGA-AA-3818-01,KRAS,variant_reported,1,1
CRC,TCGA-AA-3818-01,TP53,mutation_assayed_no_variant_reported,1,0
CRC,TCGA-AA-3818-01,EGFR,mutation_assayed_no_variant_reported,1,0
CRC,TCGA-AA-3818-01,ERBB2,mutation_assayed_no_variant_reported,1,0
CRC,TCGA-AA-3819-01,KRAS,mutation_assayed_no_variant_reported,1,0
CRC,TCGA-AA-3819-01,TP53,mutation_assayed_no_variant_reported,1,0
CRC,TCGA-AA-3819-01,EGFR,mutation_assayed_no_variant_reported,1,0
CRC,TCGA-AA-3819-01,ERBB2,mutation_assayed_no_variant_reported,1,0
CRC,TCGA-AA-3821-01,KRAS,mutation_assayed_no_variant_reported,1,0
CRC,TCGA-AA-3821-01,TP53,mutation_assayed_no_variant_reported,1,0
CRC,TCGA-AA-3821-01,EGFR,mutation_assayed_no_variant_reported,1,0
CRC,TCGA-AA-3821-01,ERBB2,mutation_assayed_no_variant_reported,1,0
CRC,TCGA-AA-3831-01,KRAS,mutation_assayed_no_variant_reported,1,0
CRC,TCGA-AA-3831-01,TP53,mutation_assayed_no_variant_reported,1,0
CRC,TCGA-AA-3831-01,EGFR,mutation_assayed_no_variant_reported,1,0
CRC,TCGA-AA-3831-01,ERBB2,mutation_assayed_no_variant_reported,1,0
CRC,TCGA-AA-3833-01,KRAS,mutation_assayed_no_variant_reported,1,0
CRC,TCGA-AA-3833-01,TP53,mutation_assayed_no_variant_reported,1,0
CRC,TCGA-AA-3833-01,EGFR,mutation_assayed_no_variant_reported,1,0
CRC,TCGA-AA-3833-01,ERBB2,mutation_assayed_no_variant_reported,1,0
CRC,TCGA-AA-3837-01,KRAS,variant_reported,1,1
CRC,TCGA-AA-3837-01,TP53,mutation_assayed_no_variant_reported,1,0
CRC,TCGA-AA-3837-01,EGFR,mutation_assayed_no_variant_reported,1,0
CRC,TCGA-AA-3837-01,ERBB2,mutation_assayed_no_variant_reported,1,0
CRC,TCGA-AA-3841-01,KRAS,variant_reported,1,1
CRC,TCGA-AA-3841-01,TP53,variant_reported,1,1
CRC,TCGA-AA-3841-01,EGFR,mutation_assayed_no_variant_reported,1,0
CRC,TCGA-AA-3841-01,ERBB2,mutation_assayed_no_variant_reported,1,0
CRC,TCGA-AA-3842-01,KRAS,variant_reported,1,1
CRC,TCGA-AA-3842-01,TP53,variant_reported,1,1
CRC,TCGA-AA-3842-01,EGFR,mutation_assayed_no_variant_reported,1,0
CRC,TCGA-AA-3842-01,ERBB2,mutation_assayed_no_variant_reported,1,0
CRC,TCGA-AA-3844-01,KRAS,variant_reported,1,1
CRC,TCGA-AA-3844-01,TP53,variant_reported,1,1
CRC,TCGA-AA-3844-01,EGFR,mutation_assayed_no_variant_reported,1,0
CRC,TCGA-AA-3844-01,ERBB2,mutation_assayed_no_variant_reported,1,0
CRC,TCGA-AA-3845-01,KRAS,variant_reported,1,1
CRC,TCGA-AA-3845-01,TP53,mutation_assayed_no_variant_reported,1,0
CRC,TCGA-AA-3845-01,EGFR,mutation_assayed_no_variant_reported,1,0
CRC,TCGA-AA-3845-01,ERBB2,mutation_assayed_no_variant_reported,1,0
CRC,TCGA-AA-3846-01,KRAS,mutation_assayed_no_variant_reported,1,0
CRC,TCGA-AA-3846-01,TP53,mutation_assayed_no_variant_reported,1,0
CRC,TCGA-AA-3846-01,EGFR,mutation_assayed_no_variant_reported,1,0
CRC,TCGA-AA-3846-01,ERBB2,mutation_assayed_no_variant_reported,1,0
CRC,TCGA-AA-3848-01,KRAS,variant_reported,1,1
CRC,TCGA-AA-3848-01,TP53,variant_reported,1,1
CRC,TCGA-AA-3848-01,EGFR,mutation_assayed_no_variant_reported,1,0
CRC,TCGA-AA-3848-01,ERBB2,mutation_assayed_no_variant_reported,1,0
CRC,TCGA-AA-3850-01,KRAS,mutation_assayed_no_variant_reported,1,0
CRC,TCGA-AA-3850-01,TP53,mutation_assayed_no_variant_reported,1,0
CRC,TCGA-AA-3850-01,EGFR,mutation_assayed_no_variant_reported,1,0
CRC,TCGA-AA-3850-01,ERBB2,mutation_assayed_no_variant_reported,1,0
CRC,TCGA-AA-3851-01,KRAS,variant_reported,1,1
CRC,TCGA-AA-3851-01,TP53,variant_reported,1,1
CRC,TCGA-AA-3851-01,EGFR,mutation_assayed_no_variant_reported,1,0
CRC,TCGA-AA-3851-01,ERBB2,mutation_assayed_no_variant_reported,1,0
CRC,TCGA-AA-3852-01,KRAS,variant_reported,1,1
CRC,TCGA-AA-3852-01,TP53,mutation_assayed_no_variant_reported,1,0
CRC,TCGA-AA-3852-01,EGFR,mutation_assayed_no_variant_reported,1,0
CRC,TCGA-AA-3852-01,ERBB2,mutation_assayed_no_variant_reported,1,0
CRC,TCGA-AA-3854-01,KRAS,variant_reported,1,1
CRC,TCGA-AA-3854-01,TP53,mutation_assayed_no_variant_reported,1,0
CRC,TCGA-AA-3854-01,EGFR,mutation_assayed_no_variant_reported,1,0
CRC,TCGA-AA-3854-01,ERBB2,mutation_assayed_no_variant_reported,1,0
CRC,TCGA-AA-3855-01,KRAS,mutation_assayed_no_variant_reported,1,0
CRC,TCGA-AA-3855-01,TP53,mutation_assayed_no_variant_reported,1,0
CRC,TCGA-AA-3855-01,EGFR,mutation_assayed_no_variant_reported,1,0
CRC,TCGA-AA-3855-01,ERBB2,mutation_assayed_no_variant_reported,1,0
CRC,TCGA-AA-3856-01,KRAS,mutation_assayed_no_variant_reported,1,0
CRC,TCGA-AA-3856-01,TP53,variant_reported,1,1
CRC,TCGA-AA-3856-01,EGFR,mutation_assayed_no_variant_reported,1,0
CRC,TCGA-AA-3856-01,ERBB2,mutation_assayed_no_variant_reported,1,0
CRC,TCGA-AA-3858-01,KRAS,mutation_assayed_no_variant_reported,1,0
CRC,TCGA-AA-3858-01,TP53,variant_reported,1,1
CRC,TCGA-AA-3858-01,EGFR,mutation_assayed_no_variant_reported,1,0
CRC,TCGA-AA-3858-01,ERBB2,variant_reported,1,1
CRC,TCGA-AA-3864-01,KRAS,variant_reported,1,1
CRC,TCGA-AA-3864-01,TP53,mutation_assayed_no_variant_reported,1,0
CRC,TCGA-AA-3864-01,EGFR,mutation_assayed_no_variant_reported,1,0
CRC,TCGA-AA-3864-01,ERBB2,variant_reported,1,1
CRC,TCGA-AA-3866-01,KRAS,mutation_assayed_no_variant_reported,1,0
CRC,TCGA-AA-3866-01,TP53,variant_reported,1,1
CRC,TCGA-AA-3866-01,EGFR,mutation_assayed_no_variant_reported,1,0
CRC,TCGA-AA-3866-01,ERBB2,mutation_assayed_no_variant_reported,1,0
CRC,TCGA-AA-3867-01,KRAS,mutation_assayed_no_variant_reported,1,0
CRC,TCGA-AA-3867-01,TP53,variant_reported,1,1
CRC,TCGA-AA-3867-01,EGFR,mutation_assayed_no_variant_reported,1,0
CRC,TCGA-AA-3867-01,ERBB2,mutation_assayed_no_variant_reported,1,0
CRC,TCGA-AA-3875-01,KRAS,mutation_assayed_no_variant_reported,1,0
CRC,TCGA-AA-3875-01,TP53,variant_reported,1,1
CRC,TCGA-AA-3875-01,EGFR,mutation_assayed_no_variant_reported,1,0
CRC,TCGA-AA-3875-01,ERBB2,mutation_assayed_no_variant_reported,1,0
CRC,TCGA-AA-3877-01,KRAS,mutation_assayed_no_variant_reported,1,0
CRC,TCGA-AA-3877-01,TP53,mutation_assayed_no_variant_reported,1,0
CRC,TCGA-AA-3877-01,EGFR,mutation_assayed_no_variant_reported,1,0
CRC,TCGA-AA-3877-01,ERBB2,mutation_assayed_no_variant_reported,1,0
CRC,TCGA-AA-3947-01,KRAS,mutation_assayed_no_variant_reported,1,0
CRC,TCGA-AA-3947-01,TP53,mutation_assayed_no_variant_reported,1,0
CRC,TCGA-AA-3947-01,EGFR,mutation_assayed_no_variant_reported,1,0
CRC,TCGA-AA-3947-01,ERBB2,variant_reported,1,1
CRC,TCGA-AA-3949-01,KRAS,mutation_assayed_no_variant_reported,1,0
CRC,TCGA-AA-3949-01,TP53,variant_reported,1,1
CRC,TCGA-AA-3949-01,EGFR,mutation_assayed_no_variant_reported,1,0
CRC,TCGA-AA-3949-01,ERBB2,mutation_assayed_no_variant_reported,1,0
CRC,TCGA-AA-3950-01,KRAS,mutation_assayed_no_variant_reported,1,0
CRC,TCGA-AA-3950-01,TP53,mutation_assayed_no_variant_reported,1,0
CRC,TCGA-AA-3950-01,EGFR,mutation_assayed_no_variant_reported,1,0
CRC,TCGA-AA-3950-01,ERBB2,mutation_assayed_no_variant_reported,1,0
CRC,TCGA-AA-3952-01,KRAS,mutation_assayed_no_variant_reported,1,0
CRC,TCGA-AA-3952-01,TP53,mutation_assayed_no_variant_reported,1,0
CRC,TCGA-AA-3952-01,EGFR,mutation_assayed_no_variant_reported,1,0
CRC,TCGA-AA-3952-01,ERBB2,mutation_assayed_no_variant_reported,1,0
CRC,TCGA-AA-3955-01,KRAS,mutation_assayed_no_variant_reported,1,0
CRC,TCGA-AA-3955-01,TP53,variant_reported,1,1
CRC,TCGA-AA-3955-01,EGFR,mutation_assayed_no_variant_reported,1,0
CRC,TCGA-AA-3955-01,ERBB2,mutation_assayed_no_variant_reported,1,0
CRC,TCGA-AA-3956-01,KRAS,mutation_assayed_no_variant_reported,1,0
CRC,TCGA-AA-3956-01,TP53,variant_reported,1,1
CRC,TCGA-AA-3956-01,EGFR,mutation_assayed_no_variant_reported,1,0
CRC,TCGA-AA-3956-01,ERBB2,mutation_assayed_no_variant_reported,1,0
CRC,TCGA-AA-3966-01,KRAS,mutation_assayed_no_variant_reported,1,0
CRC,TCGA-AA-3966-01,TP53,variant_reported,1,1
CRC,TCGA-AA-3966-01,EGFR,variant_reported,1,1
CRC,TCGA-AA-3966-01,ERBB2,mutation_assayed_no_variant_reported,1,0
CRC,TCGA-AA-3968-01,KRAS,mutation_assayed_no_variant_reported,1,0
CRC,TCGA-AA-3968-01,TP53,variant_reported,1,1
CRC,TCGA-AA-3968-01,EGFR,mutation_assayed_no_variant_reported,1,0
CRC,TCGA-AA-3968-01,ERBB2,mutation_assayed_no_variant_reported,1,0
CRC,TCGA-AA-3971-01,KRAS,mutation_assayed_no_variant_reported,1,0
CRC,TCGA-AA-3971-01,TP53,variant_reported,1,1
CRC,TCGA-AA-3971-01,EGFR,mutation_assayed_no_variant_reported,1,0
CRC,TCGA-AA-3971-01,ERBB2,mutation_assayed_no_variant_reported,1,0
CRC,TCGA-AA-3973-01,KRAS,mutation_assayed_no_variant_reported,1,0
CRC,TCGA-AA-3973-01,TP53,mutation_assayed_no_variant_reported,1,0
CRC,TCGA-AA-3973-01,EGFR,mutation_assayed_no_variant_reported,1,0
CRC,TCGA-AA-3973-01,ERBB2,mutation_assayed_no_variant_reported,1,0
CRC,TCGA-AA-3975-01,KRAS,variant_reported,1,1
CRC,TCGA-AA-3975-01,TP53,variant_reported,1,1
CRC,TCGA-AA-3975-01,EGFR,mutation_assayed_no_variant_reported,1,0
CRC,TCGA-AA-3975-01,ERBB2,mutation_assayed_no_variant_reported,1,0
CRC,TCGA-AA-3976-01,KRAS,mutation_assayed_no_variant_reported,1,0
CRC,TCGA-AA-3976-01,TP53,variant_reported,1,1
CRC,TCGA-AA-3976-01,EGFR,mutation_assayed_no_variant_reported,1,0
CRC,TCGA-AA-3976-01,ERBB2,mutation_assayed_no_variant_reported,1,0
CRC,TCGA-AA-3977-01,KRAS,variant_reported,1,1
CRC,TCGA-AA-3977-01,TP53,variant_reported,1,1
CRC,TCGA-AA-3977-01,EGFR,mutation_assayed_no_variant_reported,1,0
CRC,TCGA-AA-3977-01,ERBB2,mutation_assayed_no_variant_reported,1,0
CRC,TCGA-AA-3979-01,KRAS,variant_reported,1,1
CRC,TCGA-AA-3979-01,TP53,variant_reported,1,1
CRC,TCGA-AA-3979-01,EGFR,mutation_assayed_no_variant_reported,1,0
CRC,TCGA-AA-3979-01,ERBB2,mutation_assayed_no_variant_reported,1,0
CRC,TCGA-AA-3980-01,KRAS,mutation_assayed_no_variant_reported,1,0
CRC,TCGA-AA-3980-01,TP53,variant_reported,1,1
CRC,TCGA-AA-3980-01,EGFR,mutation_assayed_no_variant_reported,1,0
CRC,TCGA-AA-3980-01,ERBB2,mutation_assayed_no_variant_reported,1,0
CRC,TCGA-AA-3982-01,KRAS,mutation_assayed_no_variant_reported,1,0
CRC,TCGA-AA-3982-01,TP53,variant_reported,1,1
CRC,TCGA-AA-3982-01,EGFR,variant_reported,1,1
CRC,TCGA-AA-3982-01,ERBB2,mutation_assayed_no_variant_reported,1,0
CRC,TCGA-AA-3984-01,KRAS,mutation_assayed_no_variant_reported,1,0
CRC,TCGA-AA-3984-01,TP53,mutation_assayed_no_variant_reported,1,0
CRC,TCGA-AA-3984-01,EGFR,mutation_assayed_no_variant_reported,1,0
CRC,TCGA-AA-3984-01,ERBB2,mutation_assayed_no_variant_reported,1,0
CRC,TCGA-AA-3986-01,KRAS,variant_reported,1,1
CRC,TCGA-AA-3986-01,TP53,mutation_assayed_no_variant_reported,1,0
CRC,TCGA-AA-3986-01,EGFR,mutation_assayed_no_variant_reported,1,0
CRC,TCGA-AA-3986-01,ERBB2,mutation_assayed_no_variant_reported,1,0
CRC,TCGA-AA-3989-01,KRAS,variant_reported,1,1
CRC,TCGA-AA-3989-01,TP53,mutation_assayed_no_variant_reported,1,0
CRC,TCGA-AA-3989-01,EGFR,mutation_assayed_no_variant_reported,1,0
CRC,TCGA-AA-3989-01,ERBB2,mutation_assayed_no_variant_reported,1,0
CRC,TCGA-AA-3994-01,KRAS,variant_reported,1,1
CRC,TCGA-AA-3994-01,TP53,mutation_assayed_no_variant_reported,1,0
CRC,TCGA-AA-3994-01,EGFR,mutation_assayed_no_variant_reported,1,0
CRC,TCGA-AA-3994-01,ERBB2,variant_reported,1,1
CRC,TCGA-AA-A004-01,KRAS,mutation_assayed_no_variant_reported,1,0
CRC,TCGA-AA-A004-01,TP53,variant_reported,1,1
CRC,TCGA-AA-A004-01,EGFR,mutation_assayed_no_variant_reported,1,0
CRC,TCGA-AA-A004-01,ERBB2,mutation_assayed_no_variant_reported,1,0
CRC,TCGA-AA-A00N-01,KRAS,variant_reported,1,1
CRC,TCGA-AA-A00N-01,TP53,mutation_assayed_no_variant_reported,1,0
CRC,TCGA-AA-A00N-01,EGFR,variant_reported,1,1
CRC,TCGA-AA-A00N-01,ERBB2,mutation_assayed_no_variant_reported,1,0
CRC,TCGA-AA-A00Z-01,KRAS,mutation_assayed_no_variant_reported,1,0
CRC,TCGA-AA-A00Z-01,TP53,mutation_assayed_no_variant_reported,1,0
CRC,TCGA-AA-A00Z-01,EGFR,mutation_assayed_no_variant_reported,1,0
CRC,TCGA-AA-A00Z-01,ERBB2,mutation_assayed_no_variant_reported,1,0
CRC,TCGA-AA-A010-01,KRAS,mutation_assayed_no_variant_reported,1,0
CRC,TCGA-AA-A010-01,TP53,variant_reported,1,1
CRC,TCGA-AA-A010-01,EGFR,mutation_assayed_no_variant_reported,1,0
CRC,TCGA-AA-A010-01,ERBB2,mutation_assayed_no_variant_reported,1,0
CRC,TCGA-AA-A017-01,KRAS,mutation_assayed_no_variant_reported,1,0
CRC,TCGA-AA-A017-01,TP53,variant_reported,1,1
CRC,TCGA-AA-A017-01,EGFR,mutation_assayed_no_variant_reported,1,0
CRC,TCGA-AA-A017-01,ERBB2,mutation_assayed_no_variant_reported,1,0
CRC,TCGA-AA-A01C-01,KRAS,mutation_assayed_no_variant_reported,1,0
CRC,TCGA-AA-A01C-01,TP53,variant_reported,1,1
CRC,TCGA-AA-A01C-01,EGFR,mutation_assayed_no_variant_reported,1,0
CRC,TCGA-AA-A01C-01,ERBB2,mutation_assayed_no_variant_reported,1,0
CRC,TCGA-AA-A01I-01,KRAS,variant_reported,1,1
CRC,TCGA-AA-A01I-01,TP53,mutation_assayed_no_variant_reported,1,0
CRC,TCGA-AA-A01I-01,EGFR,mutation_assayed_no_variant_reported,1,0
CRC,TCGA-AA-A01I-01,ERBB2,mutation_assayed_no_variant_reported,1,0
CRC,TCGA-AA-A01P-01,KRAS,mutation_assayed_no_variant_reported,1,0
CRC,TCGA-AA-A01P-01,TP53,mutation_assayed_no_variant_reported,1,0
CRC,TCGA-AA-A01P-01,EGFR,mutation_assayed_no_variant_reported,1,0
CRC,TCGA-AA-A01P-01,ERBB2,mutation_assayed_no_variant_reported,1,0
CRC,TCGA-AA-A01R-01,KRAS,variant_reported,1,1
CRC,TCGA-AA-A01R-01,TP53,mutation_assayed_no_variant_reported,1,0
CRC,TCGA-AA-A01R-01,EGFR,variant_reported,1,1
CRC,TCGA-AA-A01R-01,ERBB2,mutation_assayed_no_variant_reported,1,0
CRC,TCGA-AA-A01S-01,KRAS,mutation_assayed_no_variant_reported,1,0
CRC,TCGA-AA-A01S-01,TP53,variant_reported,1,1
CRC,TCGA-AA-A01S-01,EGFR,mutation_assayed_no_variant_reported,1,0
CRC,TCGA-AA-A01S-01,ERBB2,mutation_assayed_no_variant_reported,1,0
CRC,TCGA-AA-A01T-01,KRAS,mutation_assayed_no_variant_reported,1,0
CRC,TCGA-AA-A01T-01,TP53,variant_reported,1,1
CRC,TCGA-AA-A01T-01,EGFR,mutation_assayed_no_variant_reported,1,0
CRC,TCGA-AA-A01T-01,ERBB2,mutation_assayed_no_variant_reported,1,0
CRC,TCGA-AA-A01V-01,KRAS,mutation_assayed_no_variant_reported,1,0
CRC,TCGA-AA-A01V-01,TP53,mutation_assayed_no_variant_reported,1,0
CRC,TCGA-AA-A01V-01,EGFR,mutation_assayed_no_variant_reported,1,0
CRC,TCGA-AA-A01V-01,ERBB2,mutation_assayed_no_variant_reported,1,0
CRC,TCGA-AA-A01X-01,KRAS,variant_reported,1,1
CRC,TCGA-AA-A01X-01,TP53,mutation_assayed_no_variant_reported,1,0
CRC,TCGA-AA-A01X-01,EGFR,mutation_assayed_no_variant_reported,1,0
CRC,TCGA-AA-A01X-01,ERBB2,mutation_assayed_no_variant_reported,1,0
CRC,TCGA-AA-A01Z-01,KRAS,variant_reported,1,1
CRC,TCGA-AA-A01Z-01,TP53,variant_reported,1,1
CRC,TCGA-AA-A01Z-01,EGFR,mutation_assayed_no_variant_reported,1,0
CRC,TCGA-AA-A01Z-01,ERBB2,mutation_assayed_no_variant_reported,1,0
CRC,TCGA-AA-A022-01,KRAS,mutation_assayed_no_variant_reported,1,0
CRC,TCGA-AA-A022-01,TP53,mutation_assayed_no_variant_reported,1,0
CRC,TCGA-AA-A022-01,EGFR,mutation_assayed_no_variant_reported,1,0
CRC,TCGA-AA-A022-01,ERBB2,mutation_assayed_no_variant_reported,1,0
CRC,TCGA-AA-A024-01,KRAS,mutation_assayed_no_variant_reported,1,0
CRC,TCGA-AA-A024-01,TP53,mutation_assayed_no_variant_reported,1,0
CRC,TCGA-AA-A024-01,EGFR,mutation_assayed_no_variant_reported,1,0
CRC,TCGA-AA-A024-01,ERBB2,mutation_assayed_no_variant_reported,1,0
CRC,TCGA-AA-A02E-01,KRAS,variant_reported,1,1
CRC,TCGA-AA-A02E-01,TP53,variant_reported,1,1
CRC,TCGA-AA-A02E-01,EGFR,mutation_assayed_no_variant_reported,1,0
CRC,TCGA-AA-A02E-01,ERBB2,mutation_assayed_no_variant_reported,1,0
CRC,TCGA-AA-A02F-01,KRAS,mutation_assayed_no_variant_reported,1,0
CRC,TCGA-AA-A02F-01,TP53,variant_reported,1,1
CRC,TCGA-AA-A02F-01,EGFR,mutation_assayed_no_variant_reported,1,0
CRC,TCGA-AA-A02F-01,ERBB2,mutation_assayed_no_variant_reported,1,0
CRC,TCGA-AA-A02H-01,KRAS,mutation_assayed_no_variant_reported,1,0
CRC,TCGA-AA-A02H-01,TP53,variant_reported,1,1
CRC,TCGA-AA-A02H-01,EGFR,mutation_assayed_no_variant_reported,1,0
CRC,TCGA-AA-A02H-01,ERBB2,mutation_assayed_no_variant_reported,1,0
CRC,TCGA-AA-A02O-01,KRAS,variant_reported,1,1
CRC,TCGA-AA-A02O-01,TP53,mutation_assayed_no_variant_reported,1,0
CRC,TCGA-AA-A02O-01,EGFR,mutation_assayed_no_variant_reported,1,0
CRC,TCGA-AA-A02O-01,ERBB2,mutation_assayed_no_variant_reported,1,0
CRC,TCGA-AA-A02R-01,KRAS,mutation_assayed_no_variant_reported,1,0
CRC,TCGA-AA-A02R-01,TP53,mutation_assayed_no_variant_reported,1,0
CRC,TCGA-AA-A02R-01,EGFR,mutation_assayed_no_variant_reported,1,0
CRC,TCGA-AA-A02R-01,ERBB2,mutation_assayed_no_variant_reported,1,0
CRC,TCGA-AA-A02W-01,KRAS,variant_reported,1,1
CRC,TCGA-AA-A02W-01,TP53,variant_reported,1,1
CRC,TCGA-AA-A02W-01,EGFR,mutation_assayed_no_variant_reported,1,0
CRC,TCGA-AA-A02W-01,ERBB2,mutation_assayed_no_variant_reported,1,0
CRC,TCGA-AA-A02Y-01,KRAS,variant_reported,1,1
CRC,TCGA-AA-A02Y-01,TP53,mutation_assayed_no_variant_reported,1,0
CRC,TCGA-AA-A02Y-01,EGFR,mutation_assayed_no_variant_reported,1,0
CRC,TCGA-AA-A02Y-01,ERBB2,mutation_assayed_no_variant_reported,1,0
CRC,TCGA-AA-A03F-01,KRAS,variant_reported,1,1
CRC,TCGA-AA-A03F-01,TP53,mutation_assayed_no_variant_reported,1,0
CRC,TCGA-AA-A03F-01,EGFR,mutation_assayed_no_variant_reported,1,0
CRC,TCGA-AA-A03F-01,ERBB2,mutation_assayed_no_variant_reported,1,0
CRC,TCGA-AA-A03J-01,KRAS,variant_reported,1,1
CRC,TCGA-AA-A03J-01,TP53,variant_reported,1,1
CRC,TCGA-AA-A03J-01,EGFR,mutation_assayed_no_variant_reported,1,0
CRC,TCGA-AA-A03J-01,ERBB2,mutation_assayed_no_variant_reported,1,0
CRC,TCGA-AD-5900-01,KRAS,mutation_assayed_no_variant_reported,1,0
CRC,TCGA-AD-5900-01,TP53,mutation_assayed_no_variant_reported,1,0
CRC,TCGA-AD-5900-01,EGFR,mutation_assayed_no_variant_reported,1,0
CRC,TCGA-AD-5900-01,ERBB2,mutation_assayed_no_variant_reported,1,0
CRC,TCGA-AD-6548-01,KRAS,variant_reported,1,1
CRC,TCGA-AD-6548-01,TP53,variant_reported,1,1
CRC,TCGA-AD-6548-01,EGFR,mutation_assayed_no_variant_reported,1,0
CRC,TCGA-AD-6548-01,ERBB2,mutation_assayed_no_variant_reported,1,0
CRC,TCGA-AD-6888-01,KRAS,mutation_assayed_no_variant_reported,1,0
CRC,TCGA-AD-6888-01,TP53,variant_reported,1,1
CRC,TCGA-AD-6888-01,EGFR,mutation_assayed_no_variant_reported,1,0
CRC,TCGA-AD-6888-01,ERBB2,variant_reported,1,1
CRC,TCGA-AD-6889-01,KRAS,mutation_assayed_no_variant_reported,1,0
CRC,TCGA-AD-6889-01,TP53,mutation_assayed_no_variant_reported,1,0
CRC,TCGA-AD-6889-01,EGFR,mutation_assayed_no_variant_reported,1,0
CRC,TCGA-AD-6889-01,ERBB2,mutation_assayed_no_variant_reported,1,0
CRC,TCGA-AD-6890-01,KRAS,mutation_assayed_no_variant_reported,1,0
CRC,TCGA-AD-6890-01,TP53,mutation_assayed_no_variant_reported,1,0
CRC,TCGA-AD-6890-01,EGFR,mutation_assayed_no_variant_reported,1,0
CRC,TCGA-AD-6890-01,ERBB2,mutation_assayed_no_variant_reported,1,0
CRC,TCGA-AD-6895-01,KRAS,variant_reported,1,1
CRC,TCGA-AD-6895-01,TP53,mutation_assayed_no_variant_reported,1,0
CRC,TCGA-AD-6895-01,EGFR,mutation_assayed_no_variant_reported,1,0
CRC,TCGA-AD-6895-01,ERBB2,mutation_assayed_no_variant_reported,1,0
CRC,TCGA-AD-6899-01,KRAS,mutation_assayed_no_variant_reported,1,0
CRC,TCGA-AD-6899-01,TP53,variant_reported,1,1
CRC,TCGA-AD-6899-01,EGFR,mutation_assayed_no_variant_reported,1,0
CRC,TCGA-AD-6899-01,ERBB2,mutation_assayed_no_variant_reported,1,0
CRC,TCGA-AD-6901-01,KRAS,variant_reported,1,1
CRC,TCGA-AD-6901-01,TP53,variant_reported,1,1
CRC,TCGA-AD-6901-01,EGFR,mutation_assayed_no_variant_reported,1,0
CRC,TCGA-AD-6901-01,ERBB2,mutation_assayed_no_variant_reported,1,0
CRC,TCGA-AD-6963-01,KRAS,mutation_assayed_no_variant_reported,1,0
CRC,TCGA-AD-6963-01,TP53,variant_reported,1,1
CRC,TCGA-AD-6963-01,EGFR,mutation_assayed_no_variant_reported,1,0
CRC,TCGA-AD-6963-01,ERBB2,mutation_assayed_no_variant_reported,1,0
CRC,TCGA-AD-6964-01,KRAS,variant_reported,1,1
CRC,TCGA-AD-6964-01,TP53,mutation_assayed_no_variant_reported,1,0
CRC,TCGA-AD-6964-01,EGFR,variant_reported,1,1
CRC,TCGA-AD-6964-01,ERBB2,mutation_assayed_no_variant_reported,1,0
CRC,TCGA-AD-6965-01,KRAS,variant_reported,1,1
CRC,TCGA-AD-6965-01,TP53,variant_reported,1,1
CRC,TCGA-AD-6965-01,EGFR,mutation_assayed_no_variant_reported,1,0
CRC,TCGA-AD-6965-01,ERBB2,mutation_assayed_no_variant_reported,1,0
CRC,TCGA-AD-A5EJ-01,KRAS,mutation_assayed_no_variant_reported,1,0
CRC,TCGA-AD-A5EJ-01,TP53,variant_reported,1,1
CRC,TCGA-AD-A5EJ-01,EGFR,mutation_assayed_no_variant_reported,1,0
CRC,TCGA-AD-A5EJ-01,ERBB2,mutation_assayed_no_variant_reported,1,0
CRC,TCGA-AD-A5EK-01,KRAS,variant_reported,1,1
CRC,TCGA-AD-A5EK-01,TP53,variant_reported,1,1
CRC,TCGA-AD-A5EK-01,EGFR,mutation_assayed_no_variant_reported,1,0
CRC,TCGA-AD-A5EK-01,ERBB2,mutation_assayed_no_variant_reported,1,0
CRC,TCGA-AM-5820-01,KRAS,variant_reported,1,1
CRC,TCGA-AM-5820-01,TP53,mutation_assayed_no_variant_reported,1,0
CRC,TCGA-AM-5820-01,EGFR,mutation_assayed_no_variant_reported,1,0
CRC,TCGA-AM-5820-01,ERBB2,mutation_assayed_no_variant_reported,1,0
CRC,TCGA-AM-5821-01,KRAS,mutation_assayed_no_variant_reported,1,0
CRC,TCGA-AM-5821-01,TP53,variant_reported,1,1
CRC,TCGA-AM-5821-01,EGFR,variant_reported,1,1
CRC,TCGA-AM-5821-01,ERBB2,mutation_assayed_no_variant_reported,1,0
CRC,TCGA-AU-3779-01,KRAS,mutation_assayed_no_variant_reported,1,0
CRC,TCGA-AU-3779-01,TP53,variant_reported,1,1
CRC,TCGA-AU-3779-01,EGFR,mutation_assayed_no_variant_reported,1,0
CRC,TCGA-AU-3779-01,ERBB2,mutation_assayed_no_variant_reported,1,0
CRC,TCGA-AU-6004-01,KRAS,mutation_assayed_no_variant_reported,1,0
CRC,TCGA-AU-6004-01,TP53,mutation_assayed_no_variant_reported,1,0
CRC,TCGA-AU-6004-01,EGFR,mutation_assayed_no_variant_reported,1,0
CRC,TCGA-AU-6004-01,ERBB2,mutation_assayed_no_variant_reported,1,0
CRC,TCGA-AY-4070-01,KRAS,mutation_assayed_no_variant_reported,1,0
CRC,TCGA-AY-4070-01,TP53,variant_reported,1,1
CRC,TCGA-AY-4070-01,EGFR,mutation_assayed_no_variant_reported,1,0
CRC,TCGA-AY-4070-01,ERBB2,mutation_assayed_no_variant_reported,1,0
CRC,TCGA-AY-4071-01,KRAS,mutation_assayed_no_variant_reported,1,0
CRC,TCGA-AY-4071-01,TP53,variant_reported,1,1
CRC,TCGA-AY-4071-01,EGFR,mutation_assayed_no_variant_reported,1,0
CRC,TCGA-AY-4071-01,ERBB2,mutation_assayed_no_variant_reported,1,0
CRC,TCGA-AY-5543-01,KRAS,variant_reported,1,1
CRC,TCGA-AY-5543-01,TP53,variant_reported,1,1
CRC,TCGA-AY-5543-01,EGFR,mutation_assayed_no_variant_reported,1,0
CRC,TCGA-AY-5543-01,ERBB2,mutation_assayed_no_variant_reported,1,0
CRC,TCGA-AY-6196-01,KRAS,mutation_assayed_no_variant_reported,1,0
CRC,TCGA-AY-6196-01,TP53,variant_reported,1,1
CRC,TCGA-AY-6196-01,EGFR,mutation_assayed_no_variant_reported,1,0
CRC,TCGA-AY-6196-01,ERBB2,mutation_assayed_no_variant_reported,1,0
CRC,TCGA-AY-6197-01,KRAS,mutation_assayed_no_variant_reported,1,0
CRC,TCGA-AY-6197-01,TP53,variant_reported,1,1
CRC,TCGA-AY-6197-01,EGFR,mutation_assayed_no_variant_reported,1,0
CRC,TCGA-AY-6197-01,ERBB2,mutation_assayed_no_variant_reported,1,0
CRC,TCGA-AY-6386-01,KRAS,variant_reported,1,1
CRC,TCGA-AY-6386-01,TP53,mutation_assayed_no_variant_reported,1,0
CRC,TCGA-AY-6386-01,EGFR,mutation_assayed_no_variant_reported,1,0
CRC,TCGA-AY-6386-01,ERBB2,mutation_assayed_no_variant_reported,1,0
CRC,TCGA-AY-A54L-01,KRAS,variant_reported,1,1
CRC,TCGA-AY-A54L-01,TP53,variant_reported,1,1
CRC,TCGA-AY-A54L-01,EGFR,mutation_assayed_no_variant_reported,1,0
CRC,TCGA-AY-A54L-01,ERBB2,mutation_assayed_no_variant_reported,1,0
CRC,TCGA-AY-A69D-01,KRAS,variant_reported,1,1
CRC,TCGA-AY-A69D-01,TP53,mutation_assayed_no_variant_reported,1,0
CRC,TCGA-AY-A69D-01,EGFR,mutation_assayed_no_variant_reported,1,0
CRC,TCGA-AY-A69D-01,ERBB2,mutation_assayed_no_variant_reported,1,0
CRC,TCGA-AY-A71X-01,KRAS,variant_reported,1,1
CRC,TCGA-AY-A71X-01,TP53,mutation_assayed_no_variant_reported,1,0
CRC,TCGA-AY-A71X-01,EGFR,mutation_assayed_no_variant_reported,1,0
CRC,TCGA-AY-A71X-01,ERBB2,mutation_assayed_no_variant_reported,1,0
CRC,TCGA-AY-A8YK-01,KRAS,mutation_assayed_no_variant_reported,1,0
CRC,TCGA-AY-A8YK-01,TP53,variant_reported,1,1
CRC,TCGA-AY-A8YK-01,EGFR,mutation_assayed_no_variant_reported,1,0
CRC,TCGA-AY-A8YK-01,ERBB2,mutation_assayed_no_variant_reported,1,0
CRC,TCGA-AZ-4308-01,KRAS,mutation_assayed_no_variant_reported,1,0
CRC,TCGA-AZ-4308-01,TP53,variant_reported,1,1
CRC,TCGA-AZ-4308-01,EGFR,mutation_assayed_no_variant_reported,1,0
CRC,TCGA-AZ-4308-01,ERBB2,mutation_assayed_no_variant_reported,1,0
CRC,TCGA-AZ-4315-01,KRAS,variant_reported,1,1
CRC,TCGA-AZ-4315-01,TP53,mutation_assayed_no_variant_reported,1,0
CRC,TCGA-AZ-4315-01,EGFR,mutation_assayed_no_variant_reported,1,0
CRC,TCGA-AZ-4315-01,ERBB2,mutation_assayed_no_variant_reported,1,0
CRC,TCGA-AZ-4323-01,KRAS,mutation_assayed_no_variant_reported,1,0
CRC,TCGA-AZ-4323-01,TP53,variant_reported,1,1
CRC,TCGA-AZ-4323-01,EGFR,mutation_assayed_no_variant_reported,1,0
CRC,TCGA-AZ-4323-01,ERBB2,mutation_assayed_no_variant_reported,1,0
CRC,TCGA-AZ-4614-01,KRAS,mutation_assayed_no_variant_reported,1,0
CRC,TCGA-AZ-4614-01,TP53,variant_reported,1,1
CRC,TCGA-AZ-4614-01,EGFR,mutation_assayed_no_variant_reported,1,0
CRC,TCGA-AZ-4614-01,ERBB2,mutation_assayed_no_variant_reported,1,0
CRC,TCGA-AZ-4615-01,KRAS,mutation_assayed_no_variant_reported,1,0
CRC,TCGA-AZ-4615-01,TP53,mutation_assayed_no_variant_reported,1,0
CRC,TCGA-AZ-4615-01,EGFR,mutation_assayed_no_variant_reported,1,0
CRC,TCGA-AZ-4615-01,ERBB2,mutation_assayed_no_variant_reported,1,0
CRC,TCGA-AZ-4616-01,KRAS,variant_reported,1,1
CRC,TCGA-AZ-4616-01,TP53,variant_reported,1,1
CRC,TCGA-AZ-4616-01,EGFR,mutation_assayed_no_variant_reported,1,0
CRC,TCGA-AZ-4616-01,ERBB2,mutation_assayed_no_variant_reported,1,0
CRC,TCGA-AZ-4681-01,KRAS,mutation_assayed_no_variant_reported,1,0
CRC,TCGA-AZ-4681-01,TP53,variant_reported,1,1
CRC,TCGA-AZ-4681-01,EGFR,mutation_assayed_no_variant_reported,1,0
CRC,TCGA-AZ-4681-01,ERBB2,mutation_assayed_no_variant_reported,1,0
CRC,TCGA-AZ-4682-01,KRAS,mutation_assayed_no_variant_reported,1,0
CRC,TCGA-AZ-4682-01,TP53,mutation_assayed_no_variant_reported,1,0
CRC,TCGA-AZ-4682-01,EGFR,mutation_assayed_no_variant_reported,1,0
CRC,TCGA-AZ-4682-01,ERBB2,mutation_assayed_no_variant_reported,1,0
CRC,TCGA-AZ-4684-01,KRAS,mutation_assayed_no_variant_reported,1,0
CRC,TCGA-AZ-4684-01,TP53,mutation_assayed_no_variant_reported,1,0
CRC,TCGA-AZ-4684-01,EGFR,mutation_assayed_no_variant_reported,1,0
CRC,TCGA-AZ-4684-01,ERBB2,mutation_assayed_no_variant_reported,1,0
CRC,TCGA-AZ-5403-01,KRAS,mutation_assayed_no_variant_reported,1,0
CRC,TCGA-AZ-5403-01,TP53,variant_reported,1,1
CRC,TCGA-AZ-5403-01,EGFR,mutation_assayed_no_variant_reported,1,0
CRC,TCGA-AZ-5403-01,ERBB2,mutation_assayed_no_variant_reported,1,0
CRC,TCGA-AZ-5407-01,KRAS,variant_reported,1,1
CRC,TCGA-AZ-5407-01,TP53,variant_reported,1,1
CRC,TCGA-AZ-5407-01,EGFR,mutation_assayed_no_variant_reported,1,0
CRC,TCGA-AZ-5407-01,ERBB2,mutation_assayed_no_variant_reported,1,0
CRC,TCGA-AZ-6598-01,KRAS,mutation_assayed_no_variant_reported,1,0
CRC,TCGA-AZ-6598-01,TP53,variant_reported,1,1
CRC,TCGA-AZ-6598-01,EGFR,mutation_assayed_no_variant_reported,1,0
CRC,TCGA-AZ-6598-01,ERBB2,mutation_assayed_no_variant_reported,1,0
CRC,TCGA-AZ-6599-01,KRAS,variant_reported,1,1
CRC,TCGA-AZ-6599-01,TP53,mutation_assayed_no_variant_reported,1,0
CRC,TCGA-AZ-6599-01,EGFR,variant_reported,1,1
CRC,TCGA-AZ-6599-01,ERBB2,mutation_assayed_no_variant_reported,1,0
CRC,TCGA-AZ-6600-01,KRAS,variant_reported,1,1
CRC,TCGA-AZ-6600-01,TP53,variant_reported,1,1
CRC,TCGA-AZ-6600-01,EGFR,mutation_assayed_no_variant_reported,1,0
CRC,TCGA-AZ-6600-01,ERBB2,mutation_assayed_no_variant_reported,1,0
CRC,TCGA-AZ-6603-01,KRAS,mutation_assayed_no_variant_reported,1,0
CRC,TCGA-AZ-6603-01,TP53,variant_reported,1,1
CRC,TCGA-AZ-6603-01,EGFR,mutation_assayed_no_variant_reported,1,0
CRC,TCGA-AZ-6603-01,ERBB2,mutation_assayed_no_variant_reported,1,0
CRC,TCGA-AZ-6605-01,KRAS,mutation_assayed_no_variant_reported,1,0
CRC,TCGA-AZ-6605-01,TP53,variant_reported,1,1
CRC,TCGA-AZ-6605-01,EGFR,mutation_assayed_no_variant_reported,1,0
CRC,TCGA-AZ-6605-01,ERBB2,mutation_assayed_no_variant_reported,1,0
CRC,TCGA-AZ-6606-01,KRAS,variant_reported,1,1
CRC,TCGA-AZ-6606-01,TP53,variant_reported,1,1
CRC,TCGA-AZ-6606-01,EGFR,mutation_assayed_no_variant_reported,1,0
CRC,TCGA-AZ-6606-01,ERBB2,mutation_assayed_no_variant_reported,1,0
CRC,TCGA-AZ-6607-01,KRAS,variant_reported,1,1
CRC,TCGA-AZ-6607-01,TP53,variant_reported,1,1
CRC,TCGA-AZ-6607-01,EGFR,mutation_assayed_no_variant_reported,1,0
CRC,TCGA-AZ-6607-01,ERBB2,mutation_assayed_no_variant_reported,1,0
CRC,TCGA-CA-5254-01,KRAS,mutation_assayed_no_variant_reported,1,0
CRC,TCGA-CA-5254-01,TP53,mutation_assayed_no_variant_reported,1,0
CRC,TCGA-CA-5254-01,EGFR,variant_reported,1,1
CRC,TCGA-CA-5254-01,ERBB2,mutation_assayed_no_variant_reported,1,0
CRC,TCGA-CA-5255-01,KRAS,variant_reported,1,1
CRC,TCGA-CA-5255-01,TP53,mutation_assayed_no_variant_reported,1,0
CRC,TCGA-CA-5255-01,EGFR,mutation_assayed_no_variant_reported,1,0
CRC,TCGA-CA-5255-01,ERBB2,mutation_assayed_no_variant_reported,1,0
CRC,TCGA-CA-5256-01,KRAS,mutation_assayed_no_variant_reported,1,0
CRC,TCGA-CA-5256-01,TP53,mutation_assayed_no_variant_reported,1,0
CRC,TCGA-CA-5256-01,EGFR,mutation_assayed_no_variant_reported,1,0
CRC,TCGA-CA-5256-01,ERBB2,mutation_assayed_no_variant_reported,1,0
CRC,TCGA-CA-5796-01,KRAS,variant_reported,1,1
CRC,TCGA-CA-5796-01,TP53,mutation_assayed_no_variant_reported,1,0
CRC,TCGA-CA-5796-01,EGFR,mutation_assayed_no_variant_reported,1,0
CRC,TCGA-CA-5796-01,ERBB2,mutation_assayed_no_variant_reported,1,0
CRC,TCGA-CA-5797-01,KRAS,mutation_assayed_no_variant_reported,1,0
CRC,TCGA-CA-5797-01,TP53,variant_reported,1,1
CRC,TCGA-CA-5797-01,EGFR,mutation_assayed_no_variant_reported,1,0
CRC,TCGA-CA-5797-01,ERBB2,mutation_assayed_no_variant_reported,1,0
CRC,TCGA-CA-6715-01,KRAS,mutation_assayed_no_variant_reported,1,0
CRC,TCGA-CA-6715-01,TP53,variant_reported,1,1
CRC,TCGA-CA-6715-01,EGFR,mutation_assayed_no_variant_reported,1,0
CRC,TCGA-CA-6715-01,ERBB2,mutation_assayed_no_variant_reported,1,0
CRC,TCGA-CA-6716-01,KRAS,variant_reported,1,1
CRC,TCGA-CA-6716-01,TP53,mutation_assayed_no_variant_reported,1,0
CRC,TCGA-CA-6716-01,EGFR,mutation_assayed_no_variant_reported,1,0
CRC,TCGA-CA-6716-01,ERBB2,mutation_assayed_no_variant_reported,1,0
CRC,TCGA-CA-6717-01,KRAS,mutation_assayed_no_variant_reported,1,0
CRC,TCGA-CA-6717-01,TP53,mutation_assayed_no_variant_reported,1,0
CRC,TCGA-CA-6717-01,EGFR,mutation_assayed_no_variant_reported,1,0
CRC,TCGA-CA-6717-01,ERBB2,variant_reported,1,1
CRC,TCGA-CA-6718-01,KRAS,variant_reported,1,1
CRC,TCGA-CA-6718-01,TP53,variant_reported,1,1
CRC,TCGA-CA-6718-01,EGFR,mutation_assayed_no_variant_reported,1,0
CRC,TCGA-CA-6718-01,ERBB2,mutation_assayed_no_variant_reported,1,0
CRC,TCGA-CA-6719-01,KRAS,mutation_assayed_no_variant_reported,1,0
CRC,TCGA-CA-6719-01,TP53,variant_reported,1,1
CRC,TCGA-CA-6719-01,EGFR,mutation_assayed_no_variant_reported,1,0
CRC,TCGA-CA-6719-01,ERBB2,mutation_assayed_no_variant_reported,1,0
CRC,TCGA-CK-4947-01,KRAS,variant_reported,1,1
CRC,TCGA-CK-4947-01,TP53,mutation_assayed_no_variant_reported,1,0
CRC,TCGA-CK-4947-01,EGFR,mutation_assayed_no_variant_reported,1,0
CRC,TCGA-CK-4947-01,ERBB2,mutation_assayed_no_variant_reported,1,0
CRC,TCGA-CK-4948-01,KRAS,variant_reported,1,1
CRC,TCGA-CK-4948-01,TP53,variant_reported,1,1
CRC,TCGA-CK-4948-01,EGFR,mutation_assayed_no_variant_reported,1,0
CRC,TCGA-CK-4948-01,ERBB2,mutation_assayed_no_variant_reported,1,0
CRC,TCGA-CK-4950-01,KRAS,variant_reported,1,1
CRC,TCGA-CK-4950-01,TP53,mutation_assayed_no_variant_reported,1,0
CRC,TCGA-CK-4950-01,EGFR,mutation_assayed_no_variant_reported,1,0
CRC,TCGA-CK-4950-01,ERBB2,mutation_assayed_no_variant_reported,1,0
CRC,TCGA-CK-4951-01,KRAS,mutation_assayed_no_variant_reported,1,0
CRC,TCGA-CK-4951-01,TP53,variant_reported,1,1
CRC,TCGA-CK-4951-01,EGFR,mutation_assayed_no_variant_reported,1,0
CRC,TCGA-CK-4951-01,ERBB2,mutation_assayed_no_variant_reported,1,0
CRC,TCGA-CK-4952-01,KRAS,mutation_assayed_no_variant_reported,1,0
CRC,TCGA-CK-4952-01,TP53,mutation_assayed_no_variant_reported,1,0
CRC,TCGA-CK-4952-01,EGFR,mutation_assayed_no_variant_reported,1,0
CRC,TCGA-CK-4952-01,ERBB2,mutation_assayed_no_variant_reported,1,0
CRC,TCGA-CK-5912-01,KRAS,mutation_assayed_no_variant_reported,1,0
CRC,TCGA-CK-5912-01,TP53,mutation_assayed_no_variant_reported,1,0
CRC,TCGA-CK-5912-01,EGFR,mutation_assayed_no_variant_reported,1,0
CRC,TCGA-CK-5912-01,ERBB2,mutation_assayed_no_variant_reported,1,0
CRC,TCGA-CK-5913-01,KRAS,mutation_assayed_no_variant_reported,1,0
CRC,TCGA-CK-5913-01,TP53,mutation_assayed_no_variant_reported,1,0
CRC,TCGA-CK-5913-01,EGFR,variant_reported,1,1
CRC,TCGA-CK-5913-01,ERBB2,mutation_assayed_no_variant_reported,1,0
CRC,TCGA-CK-5914-01,KRAS,mutation_assayed_no_variant_reported,1,0
CRC,TCGA-CK-5914-01,TP53,variant_reported,1,1
CRC,TCGA-CK-5914-01,EGFR,mutation_assayed_no_variant_reported,1,0
CRC,TCGA-CK-5914-01,ERBB2,mutation_assayed_no_variant_reported,1,0
CRC,TCGA-CK-5915-01,KRAS,mutation_assayed_no_variant_reported,1,0
CRC,TCGA-CK-5915-01,TP53,mutation_assayed_no_variant_reported,1,0
CRC,TCGA-CK-5915-01,EGFR,mutation_assayed_no_variant_reported,1,0
CRC,TCGA-CK-5915-01,ERBB2,mutation_assayed_no_variant_reported,1,0
CRC,TCGA-CK-5916-01,KRAS,mutation_assayed_no_variant_reported,1,0
CRC,TCGA-CK-5916-01,TP53,variant_reported,1,1
CRC,TCGA-CK-5916-01,EGFR,mutation_assayed_no_variant_reported,1,0
CRC,TCGA-CK-5916-01,ERBB2,mutation_assayed_no_variant_reported,1,0
CRC,TCGA-CK-6746-01,KRAS,mutation_assayed_no_variant_reported,1,0
CRC,TCGA-CK-6746-01,TP53,mutation_assayed_no_variant_reported,1,0
CRC,TCGA-CK-6746-01,EGFR,mutation_assayed_no_variant_reported,1,0
CRC,TCGA-CK-6746-01,ERBB2,mutation_assayed_no_variant_reported,1,0
CRC,TCGA-CK-6747-01,KRAS,mutation_assayed_no_variant_reported,1,0
CRC,TCGA-CK-6747-01,TP53,variant_reported,1,1
CRC,TCGA-CK-6747-01,EGFR,mutation_assayed_no_variant_reported,1,0
CRC,TCGA-CK-6747-01,ERBB2,mutation_assayed_no_variant_reported,1,0
CRC,TCGA-CK-6748-01,KRAS,variant_reported,1,1
CRC,TCGA-CK-6748-01,TP53,mutation_assayed_no_variant_reported,1,0
CRC,TCGA-CK-6748-01,EGFR,mutation_assayed_no_variant_reported,1,0
CRC,TCGA-CK-6748-01,ERBB2,mutation_assayed_no_variant_reported,1,0
CRC,TCGA-CK-6751-01,KRAS,variant_reported,1,1
CRC,TCGA-CK-6751-01,TP53,mutation_assayed_no_variant_reported,1,0
CRC,TCGA-CK-6751-01,EGFR,mutation_assayed_no_variant_reported,1,0
CRC,TCGA-CK-6751-01,ERBB2,mutation_assayed_no_variant_reported,1,0
CRC,TCGA-CM-4743-01,KRAS,mutation_assayed_no_variant_reported,1,0
CRC,TCGA-CM-4743-01,TP53,mutation_assayed_no_variant_reported,1,0
CRC,TCGA-CM-4743-01,EGFR,mutation_assayed_no_variant_reported,1,0
CRC,TCGA-CM-4743-01,ERBB2,mutation_assayed_no_variant_reported,1,0
CRC,TCGA-CM-4744-01,KRAS,variant_reported,1,1
CRC,TCGA-CM-4744-01,TP53,mutation_assayed_no_variant_reported,1,0
CRC,TCGA-CM-4744-01,EGFR,mutation_assayed_no_variant_reported,1,0
CRC,TCGA-CM-4744-01,ERBB2,mutation_assayed_no_variant_reported,1,0
CRC,TCGA-CM-4746-01,KRAS,variant_reported,1,1
CRC,TCGA-CM-4746-01,TP53,variant_reported,1,1
CRC,TCGA-CM-4746-01,EGFR,mutation_assayed_no_variant_reported,1,0
CRC,TCGA-CM-4746-01,ERBB2,mutation_assayed_no_variant_reported,1,0
CRC,TCGA-CM-4747-01,KRAS,variant_reported,1,1
CRC,TCGA-CM-4747-01,TP53,mutation_assayed_no_variant_reported,1,0
CRC,TCGA-CM-4747-01,EGFR,mutation_assayed_no_variant_reported,1,0
CRC,TCGA-CM-4747-01,ERBB2,mutation_assayed_no_variant_reported,1,0
CRC,TCGA-CM-4748-01,KRAS,variant_reported,1,1
CRC,TCGA-CM-4748-01,TP53,mutation_assayed_no_variant_reported,1,0
CRC,TCGA-CM-4748-01,EGFR,mutation_assayed_no_variant_reported,1,0
CRC,TCGA-CM-4748-01,ERBB2,mutation_assayed_no_variant_reported,1,0
CRC,TCGA-CM-4750-01,KRAS,mutation_assayed_no_variant_reported,1,0
CRC,TCGA-CM-4750-01,TP53,variant_reported,1,1
CRC,TCGA-CM-4750-01,EGFR,mutation_assayed_no_variant_reported,1,0
CRC,TCGA-CM-4750-01,ERBB2,mutation_assayed_no_variant_reported,1,0
CRC,TCGA-CM-4751-01,KRAS,variant_reported,1,1
CRC,TCGA-CM-4751-01,TP53,variant_reported,1,1
CRC,TCGA-CM-4751-01,EGFR,mutation_assayed_no_variant_reported,1,0
CRC,TCGA-CM-4751-01,ERBB2,mutation_assayed_no_variant_reported,1,0
CRC,TCGA-CM-4752-01,KRAS,mutation_assayed_no_variant_reported,1,0
CRC,TCGA-CM-4752-01,TP53,variant_reported,1,1
CRC,TCGA-CM-4752-01,EGFR,mutation_assayed_no_variant_reported,1,0
CRC,TCGA-CM-4752-01,ERBB2,mutation_assayed_no_variant_reported,1,0
CRC,TCGA-CM-5341-01,KRAS,mutation_assayed_no_variant_reported,1,0
CRC,TCGA-CM-5341-01,TP53,variant_reported,1,1
CRC,TCGA-CM-5341-01,EGFR,mutation_assayed_no_variant_reported,1,0
CRC,TCGA-CM-5341-01,ERBB2,mutation_assayed_no_variant_reported,1,0
CRC,TCGA-CM-5344-01,KRAS,mutation_assayed_no_variant_reported,1,0
CRC,TCGA-CM-5344-01,TP53,mutation_assayed_no_variant_reported,1,0
CRC,TCGA-CM-5344-01,EGFR,mutation_assayed_no_variant_reported,1,0
CRC,TCGA-CM-5344-01,ERBB2,mutation_assayed_no_variant_reported,1,0
CRC,TCGA-CM-5348-01,KRAS,mutation_assayed_no_variant_reported,1,0
CRC,TCGA-CM-5348-01,TP53,variant_reported,1,1
CRC,TCGA-CM-5348-01,EGFR,mutation_assayed_no_variant_reported,1,0
CRC,TCGA-CM-5348-01,ERBB2,mutation_assayed_no_variant_reported,1,0
CRC,TCGA-CM-5349-01,KRAS,variant_reported,1,1
CRC,TCGA-CM-5349-01,TP53,mutation_assayed_no_variant_reported,1,0
CRC,TCGA-CM-5349-01,EGFR,mutation_assayed_no_variant_reported,1,0
CRC,TCGA-CM-5349-01,ERBB2,mutation_assayed_no_variant_reported,1,0
CRC,TCGA-CM-5860-01,KRAS,mutation_assayed_no_variant_reported,1,0
CRC,TCGA-CM-5860-01,TP53,variant_reported,1,1
CRC,TCGA-CM-5860-01,EGFR,mutation_assayed_no_variant_reported,1,0
CRC,TCGA-CM-5860-01,ERBB2,mutation_assayed_no_variant_reported,1,0
CRC,TCGA-CM-5861-01,KRAS,mutation_assayed_no_variant_reported,1,0
CRC,TCGA-CM-5861-01,TP53,mutation_assayed_no_variant_reported,1,0
CRC,TCGA-CM-5861-01,EGFR,mutation_assayed_no_variant_reported,1,0
CRC,TCGA-CM-5861-01,ERBB2,mutation_assayed_no_variant_reported,1,0
CRC,TCGA-CM-5862-01,KRAS,mutation_assayed_no_variant_reported,1,0
CRC,TCGA-CM-5862-01,TP53,variant_reported,1,1
CRC,TCGA-CM-5862-01,EGFR,mutation_assayed_no_variant_reported,1,0
CRC,TCGA-CM-5862-01,ERBB2,mutation_assayed_no_variant_reported,1,0
CRC,TCGA-CM-5863-01,KRAS,variant_reported,1,1
CRC,TCGA-CM-5863-01,TP53,variant_reported,1,1
CRC,TCGA-CM-5863-01,EGFR,mutation_assayed_no_variant_reported,1,0
CRC,TCGA-CM-5863-01,ERBB2,mutation_assayed_no_variant_reported,1,0
CRC,TCGA-CM-5864-01,KRAS,mutation_assayed_no_variant_reported,1,0
CRC,TCGA-CM-5864-01,TP53,variant_reported,1,1
CRC,TCGA-CM-5864-01,EGFR,mutation_assayed_no_variant_reported,1,0
CRC,TCGA-CM-5864-01,ERBB2,mutation_assayed_no_variant_reported,1,0
CRC,TCGA-CM-5868-01,KRAS,mutation_assayed_no_variant_reported,1,0
CRC,TCGA-CM-5868-01,TP53,variant_reported,1,1
CRC,TCGA-CM-5868-01,EGFR,mutation_assayed_no_variant_reported,1,0
CRC,TCGA-CM-5868-01,ERBB2,mutation_assayed_no_variant_reported,1,0
CRC,TCGA-CM-6161-01,KRAS,mutation_assayed_no_variant_reported,1,0
CRC,TCGA-CM-6161-01,TP53,mutation_assayed_no_variant_reported,1,0
CRC,TCGA-CM-6161-01,EGFR,mutation_assayed_no_variant_reported,1,0
CRC,TCGA-CM-6161-01,ERBB2,mutation_assayed_no_variant_reported,1,0
CRC,TCGA-CM-6162-01,KRAS,mutation_assayed_no_variant_reported,1,0
CRC,TCGA-CM-6162-01,TP53,mutation_assayed_no_variant_reported,1,0
CRC,TCGA-CM-6162-01,EGFR,mutation_assayed_no_variant_reported,1,0
CRC,TCGA-CM-6162-01,ERBB2,variant_reported,1,1
CRC,TCGA-CM-6163-01,KRAS,mutation_assayed_no_variant_reported,1,0
CRC,TCGA-CM-6163-01,TP53,variant_reported,1,1
CRC,TCGA-CM-6163-01,EGFR,mutation_assayed_no_variant_reported,1,0
CRC,TCGA-CM-6163-01,ERBB2,mutation_assayed_no_variant_reported,1,0
CRC,TCGA-CM-6164-01,KRAS,variant_reported,1,1
CRC,TCGA-CM-6164-01,TP53,variant_reported,1,1
CRC,TCGA-CM-6164-01,EGFR,mutation_assayed_no_variant_reported,1,0
CRC,TCGA-CM-6164-01,ERBB2,mutation_assayed_no_variant_reported,1,0
CRC,TCGA-CM-6165-01,KRAS,mutation_assayed_no_variant_reported,1,0
CRC,TCGA-CM-6165-01,TP53,variant_reported,1,1
CRC,TCGA-CM-6165-01,EGFR,mutation_assayed_no_variant_reported,1,0
CRC,TCGA-CM-6165-01,ERBB2,mutation_assayed_no_variant_reported,1,0
CRC,TCGA-CM-6166-01,KRAS,variant_reported,1,1
CRC,TCGA-CM-6166-01,TP53,variant_reported,1,1
CRC,TCGA-CM-6166-01,EGFR,mutation_assayed_no_variant_reported,1,0
CRC,TCGA-CM-6166-01,ERBB2,mutation_assayed_no_variant_reported,1,0
CRC,TCGA-CM-6167-01,KRAS,mutation_assayed_no_variant_reported,1,0
CRC,TCGA-CM-6167-01,TP53,variant_reported,1,1
CRC,TCGA-CM-6167-01,EGFR,mutation_assayed_no_variant_reported,1,0
CRC,TCGA-CM-6167-01,ERBB2,mutation_assayed_no_variant_reported,1,0
CRC,TCGA-CM-6168-01,KRAS,variant_reported,1,1
CRC,TCGA-CM-6168-01,TP53,mutation_assayed_no_variant_reported,1,0
CRC,TCGA-CM-6168-01,EGFR,mutation_assayed_no_variant_reported,1,0
CRC,TCGA-CM-6168-01,ERBB2,mutation_assayed_no_variant_reported,1,0
CRC,TCGA-CM-6169-01,KRAS,mutation_assayed_no_variant_reported,1,0
CRC,TCGA-CM-6169-01,TP53,variant_reported,1,1
CRC,TCGA-CM-6169-01,EGFR,mutation_assayed_no_variant_reported,1,0
CRC,TCGA-CM-6169-01,ERBB2,mutation_assayed_no_variant_reported,1,0
CRC,TCGA-CM-6170-01,KRAS,mutation_assayed_no_variant_reported,1,0
CRC,TCGA-CM-6170-01,TP53,mutation_assayed_no_variant_reported,1,0
CRC,TCGA-CM-6170-01,EGFR,mutation_assayed_no_variant_reported,1,0
CRC,TCGA-CM-6170-01,ERBB2,mutation_assayed_no_variant_reported,1,0
CRC,TCGA-CM-6171-01,KRAS,mutation_assayed_no_variant_reported,1,0
CRC,TCGA-CM-6171-01,TP53,mutation_assayed_no_variant_reported,1,0
CRC,TCGA-CM-6171-01,EGFR,mutation_assayed_no_variant_reported,1,0
CRC,TCGA-CM-6171-01,ERBB2,variant_reported,1,1
CRC,TCGA-CM-6172-01,KRAS,mutation_assayed_no_variant_reported,1,0
CRC,TCGA-CM-6172-01,TP53,variant_reported,1,1
CRC,TCGA-CM-6172-01,EGFR,mutation_assayed_no_variant_reported,1,0
CRC,TCGA-CM-6172-01,ERBB2,mutation_assayed_no_variant_reported,1,0
CRC,TCGA-CM-6674-01,KRAS,variant_reported,1,1
CRC,TCGA-CM-6674-01,TP53,mutation_assayed_no_variant_reported,1,0
CRC,TCGA-CM-6674-01,EGFR,mutation_assayed_no_variant_reported,1,0
CRC,TCGA-CM-6674-01,ERBB2,mutation_assayed_no_variant_reported,1,0
CRC,TCGA-CM-6675-01,KRAS,mutation_assayed_no_variant_reported,1,0
CRC,TCGA-CM-6675-01,TP53,variant_reported,1,1
CRC,TCGA-CM-6675-01,EGFR,mutation_assayed_no_variant_reported,1,0
CRC,TCGA-CM-6675-01,ERBB2,mutation_assayed_no_variant_reported,1,0
CRC,TCGA-CM-6676-01,KRAS,mutation_assayed_no_variant_reported,1,0
CRC,TCGA-CM-6676-01,TP53,variant_reported,1,1
CRC,TCGA-CM-6676-01,EGFR,mutation_assayed_no_variant_reported,1,0
CRC,TCGA-CM-6676-01,ERBB2,mutation_assayed_no_variant_reported,1,0
CRC,TCGA-CM-6677-01,KRAS,mutation_assayed_no_variant_reported,1,0
CRC,TCGA-CM-6677-01,TP53,variant_reported,1,1
CRC,TCGA-CM-6677-01,EGFR,mutation_assayed_no_variant_reported,1,0
CRC,TCGA-CM-6677-01,ERBB2,mutation_assayed_no_variant_reported,1,0
CRC,TCGA-CM-6678-01,KRAS,variant_reported,1,1
CRC,TCGA-CM-6678-01,TP53,mutation_assayed_no_variant_reported,1,0
CRC,TCGA-CM-6678-01,EGFR,mutation_assayed_no_variant_reported,1,0
CRC,TCGA-CM-6678-01,ERBB2,mutation_assayed_no_variant_reported,1,0
CRC,TCGA-CM-6679-01,KRAS,mutation_assayed_no_variant_reported,1,0
CRC,TCGA-CM-6679-01,TP53,variant_reported,1,1
CRC,TCGA-CM-6679-01,EGFR,mutation_assayed_no_variant_reported,1,0
CRC,TCGA-CM-6679-01,ERBB2,mutation_assayed_no_variant_reported,1,0
CRC,TCGA-CM-6680-01,KRAS,mutation_assayed_no_variant_reported,1,0
CRC,TCGA-CM-6680-01,TP53,mutation_assayed_no_variant_reported,1,0
CRC,TCGA-CM-6680-01,EGFR,mutation_assayed_no_variant_reported,1,0
CRC,TCGA-CM-6680-01,ERBB2,mutation_assayed_no_variant_reported,1,0
CRC,TCGA-D5-5537-01,KRAS,variant_reported,1,1
CRC,TCGA-D5-5537-01,TP53,mutation_assayed_no_variant_reported,1,0
CRC,TCGA-D5-5537-01,EGFR,mutation_assayed_no_variant_reported,1,0
CRC,TCGA-D5-5537-01,ERBB2,mutation_assayed_no_variant_reported,1,0
CRC,TCGA-D5-5538-01,KRAS,variant_reported,1,1
CRC,TCGA-D5-5538-01,TP53,variant_reported,1,1
CRC,TCGA-D5-5538-01,EGFR,mutation_assayed_no_variant_reported,1,0
CRC,TCGA-D5-5538-01,ERBB2,mutation_assayed_no_variant_reported,1,0
CRC,TCGA-D5-5539-01,KRAS,variant_reported,1,1
CRC,TCGA-D5-5539-01,TP53,mutation_assayed_no_variant_reported,1,0
CRC,TCGA-D5-5539-01,EGFR,mutation_assayed_no_variant_reported,1,0
CRC,TCGA-D5-5539-01,ERBB2,mutation_assayed_no_variant_reported,1,0
CRC,TCGA-D5-5540-01,KRAS,variant_reported,1,1
CRC,TCGA-D5-5540-01,TP53,variant_reported,1,1
CRC,TCGA-D5-5540-01,EGFR,mutation_assayed_no_variant_reported,1,0
CRC,TCGA-D5-5540-01,ERBB2,mutation_assayed_no_variant_reported,1,0
CRC,TCGA-D5-5541-01,KRAS,mutation_assayed_no_variant_reported,1,0
CRC,TCGA-D5-5541-01,TP53,variant_reported,1,1
CRC,TCGA-D5-5541-01,EGFR,mutation_assayed_no_variant_reported,1,0
CRC,TCGA-D5-5541-01,ERBB2,mutation_assayed_no_variant_reported,1,0
CRC,TCGA-D5-6529-01,KRAS,variant_reported,1,1
CRC,TCGA-D5-6529-01,TP53,mutation_assayed_no_variant_reported,1,0
CRC,TCGA-D5-6529-01,EGFR,mutation_assayed_no_variant_reported,1,0
CRC,TCGA-D5-6529-01,ERBB2,mutation_assayed_no_variant_reported,1,0
CRC,TCGA-D5-6530-01,KRAS,mutation_assayed_no_variant_reported,1,0
CRC,TCGA-D5-6530-01,TP53,mutation_assayed_no_variant_reported,1,0
CRC,TCGA-D5-6530-01,EGFR,mutation_assayed_no_variant_reported,1,0
CRC,TCGA-D5-6530-01,ERBB2,variant_reported,1,1
CRC,TCGA-D5-6531-01,KRAS,variant_reported,1,1
CRC,TCGA-D5-6531-01,TP53,variant_reported,1,1
CRC,TCGA-D5-6531-01,EGFR,mutation_assayed_no_variant_reported,1,0
CRC,TCGA-D5-6531-01,ERBB2,mutation_assayed_no_variant_reported,1,0
CRC,TCGA-D5-6532-01,KRAS,variant_reported,1,1
CRC,TCGA-D5-6532-01,TP53,variant_reported,1,1
CRC,TCGA-D5-6532-01,EGFR,mutation_assayed_no_variant_reported,1,0
CRC,TCGA-D5-6532-01,ERBB2,mutation_assayed_no_variant_reported,1,0
CRC,TCGA-D5-6533-01,KRAS,mutation_assayed_no_variant_reported,1,0
CRC,TCGA-D5-6533-01,TP53,variant_reported,1,1
CRC,TCGA-D5-6533-01,EGFR,mutation_assayed_no_variant_reported,1,0
CRC,TCGA-D5-6533-01,ERBB2,mutation_assayed_no_variant_reported,1,0
CRC,TCGA-D5-6534-01,KRAS,mutation_assayed_no_variant_reported,1,0
CRC,TCGA-D5-6534-01,TP53,variant_reported,1,1
CRC,TCGA-D5-6534-01,EGFR,mutation_assayed_no_variant_reported,1,0
CRC,TCGA-D5-6534-01,ERBB2,mutation_assayed_no_variant_reported,1,0
CRC,TCGA-D5-6535-01,KRAS,variant_reported,1,1
CRC,TCGA-D5-6535-01,TP53,variant_reported,1,1
CRC,TCGA-D5-6535-01,EGFR,mutation_assayed_no_variant_reported,1,0
CRC,TCGA-D5-6535-01,ERBB2,mutation_assayed_no_variant_reported,1,0
CRC,TCGA-D5-6536-01,KRAS,variant_reported,1,1
CRC,TCGA-D5-6536-01,TP53,mutation_assayed_no_variant_reported,1,0
CRC,TCGA-D5-6536-01,EGFR,mutation_assayed_no_variant_reported,1,0
CRC,TCGA-D5-6536-01,ERBB2,mutation_assayed_no_variant_reported,1,0
CRC,TCGA-D5-6537-01,KRAS,variant_reported,1,1
CRC,TCGA-D5-6537-01,TP53,mutation_assayed_no_variant_reported,1,0
CRC,TCGA-D5-6537-01,EGFR,mutation_assayed_no_variant_reported,1,0
CRC,TCGA-D5-6537-01,ERBB2,mutation_assayed_no_variant_reported,1,0
CRC,TCGA-D5-6538-01,KRAS,variant_reported,1,1
CRC,TCGA-D5-6538-01,TP53,variant_reported,1,1
CRC,TCGA-D5-6538-01,EGFR,mutation_assayed_no_variant_reported,1,0
CRC,TCGA-D5-6538-01,ERBB2,mutation_assayed_no_variant_reported,1,0
CRC,TCGA-D5-6539-01,KRAS,variant_reported,1,1
CRC,TCGA-D5-6539-01,TP53,variant_reported,1,1
CRC,TCGA-D5-6539-01,EGFR,mutation_assayed_no_variant_reported,1,0
CRC,TCGA-D5-6539-01,ERBB2,mutation_assayed_no_variant_reported,1,0
CRC,TCGA-D5-6540-01,KRAS,mutation_assayed_no_variant_reported,1,0
CRC,TCGA-D5-6540-01,TP53,variant_reported,1,1
CRC,TCGA-D5-6540-01,EGFR,mutation_assayed_no_variant_reported,1,0
CRC,TCGA-D5-6540-01,ERBB2,mutation_assayed_no_variant_reported,1,0
CRC,TCGA-D5-6541-01,KRAS,variant_reported,1,1
CRC,TCGA-D5-6541-01,TP53,variant_reported,1,1
CRC,TCGA-D5-6541-01,EGFR,mutation_assayed_no_variant_reported,1,0
CRC,TCGA-D5-6541-01,ERBB2,mutation_assayed_no_variant_reported,1,0
CRC,TCGA-D5-6898-01,KRAS,mutation_assayed_no_variant_reported,1,0
CRC,TCGA-D5-6898-01,TP53,variant_reported,1,1
CRC,TCGA-D5-6898-01,EGFR,mutation_assayed_no_variant_reported,1,0
CRC,TCGA-D5-6898-01,ERBB2,mutation_assayed_no_variant_reported,1,0
CRC,TCGA-D5-6920-01,KRAS,mutation_assayed_no_variant_reported,1,0
CRC,TCGA-D5-6920-01,TP53,mutation_assayed_no_variant_reported,1,0
CRC,TCGA-D5-6920-01,EGFR,mutation_assayed_no_variant_reported,1,0
CRC,TCGA-D5-6920-01,ERBB2,mutation_assayed_no_variant_reported,1,0
CRC,TCGA-D5-6922-01,KRAS,mutation_assayed_no_variant_reported,1,0
CRC,TCGA-D5-6922-01,TP53,variant_reported,1,1
CRC,TCGA-D5-6922-01,EGFR,mutation_assayed_no_variant_reported,1,0
CRC,TCGA-D5-6922-01,ERBB2,mutation_assayed_no_variant_reported,1,0
CRC,TCGA-D5-6923-01,KRAS,mutation_assayed_no_variant_reported,1,0
CRC,TCGA-D5-6923-01,TP53,mutation_assayed_no_variant_reported,1,0
CRC,TCGA-D5-6923-01,EGFR,mutation_assayed_no_variant_reported,1,0
CRC,TCGA-D5-6923-01,ERBB2,mutation_assayed_no_variant_reported,1,0
CRC,TCGA-D5-6924-01,KRAS,mutation_assayed_no_variant_reported,1,0
CRC,TCGA-D5-6924-01,TP53,variant_reported,1,1
CRC,TCGA-D5-6924-01,EGFR,mutation_assayed_no_variant_reported,1,0
CRC,TCGA-D5-6924-01,ERBB2,mutation_assayed_no_variant_reported,1,0
CRC,TCGA-D5-6926-01,KRAS,mutation_assayed_no_variant_reported,1,0
CRC,TCGA-D5-6926-01,TP53,variant_reported,1,1
CRC,TCGA-D5-6926-01,EGFR,mutation_assayed_no_variant_reported,1,0
CRC,TCGA-D5-6926-01,ERBB2,mutation_assayed_no_variant_reported,1,0
CRC,TCGA-D5-6927-01,KRAS,variant_reported,1,1
CRC,TCGA-D5-6927-01,TP53,mutation_assayed_no_variant_reported,1,0
CRC,TCGA-D5-6927-01,EGFR,mutation_assayed_no_variant_reported,1,0
CRC,TCGA-D5-6927-01,ERBB2,mutation_assayed_no_variant_reported,1,0
CRC,TCGA-D5-6928-01,KRAS,mutation_assayed_no_variant_reported,1,0
CRC,TCGA-D5-6928-01,TP53,mutation_assayed_no_variant_reported,1,0
CRC,TCGA-D5-6928-01,EGFR,variant_reported,1,1
CRC,TCGA-D5-6928-01,ERBB2,mutation_assayed_no_variant_reported,1,0
CRC,TCGA-D5-6929-01,KRAS,mutation_assayed_no_variant_reported,1,0
CRC,TCGA-D5-6929-01,TP53,variant_reported,1,1
CRC,TCGA-D5-6929-01,EGFR,mutation_assayed_no_variant_reported,1,0
CRC,TCGA-D5-6929-01,ERBB2,mutation_assayed_no_variant_reported,1,0
CRC,TCGA-D5-6930-01,KRAS,mutation_assayed_no_variant_reported,1,0
CRC,TCGA-D5-6930-01,TP53,mutation_assayed_no_variant_reported,1,0
CRC,TCGA-D5-6930-01,EGFR,mutation_assayed_no_variant_reported,1,0
CRC,TCGA-D5-6930-01,ERBB2,mutation_assayed_no_variant_reported,1,0
CRC,TCGA-D5-6931-01,KRAS,variant_reported,1,1
CRC,TCGA-D5-6931-01,TP53,variant_reported,1,1
CRC,TCGA-D5-6931-01,EGFR,mutation_assayed_no_variant_reported,1,0
CRC,TCGA-D5-6931-01,ERBB2,mutation_assayed_no_variant_reported,1,0
CRC,TCGA-D5-6932-01,KRAS,variant_reported,1,1
CRC,TCGA-D5-6932-01,TP53,variant_reported,1,1
CRC,TCGA-D5-6932-01,EGFR,mutation_assayed_no_variant_reported,1,0
CRC,TCGA-D5-6932-01,ERBB2,mutation_assayed_no_variant_reported,1,0
CRC,TCGA-D5-7000-01,KRAS,variant_reported,1,1
CRC,TCGA-D5-7000-01,TP53,mutation_assayed_no_variant_reported,1,0
CRC,TCGA-D5-7000-01,EGFR,mutation_assayed_no_variant_reported,1,0
CRC,TCGA-D5-7000-01,ERBB2,mutation_assayed_no_variant_reported,1,0
CRC,TCGA-DM-A0X9-01,KRAS,variant_reported,1,1
CRC,TCGA-DM-A0X9-01,TP53,mutation_assayed_no_variant_reported,1,0
CRC,TCGA-DM-A0X9-01,EGFR,mutation_assayed_no_variant_reported,1,0
CRC,TCGA-DM-A0X9-01,ERBB2,mutation_assayed_no_variant_reported,1,0
CRC,TCGA-DM-A0XD-01,KRAS,variant_reported,1,1
CRC,TCGA-DM-A0XD-01,TP53,variant_reported,1,1
CRC,TCGA-DM-A0XD-01,EGFR,mutation_assayed_no_variant_reported,1,0
CRC,TCGA-DM-A0XD-01,ERBB2,mutation_assayed_no_variant_reported,1,0
CRC,TCGA-DM-A0XF-01,KRAS,mutation_assayed_no_variant_reported,1,0
CRC,TCGA-DM-A0XF-01,TP53,variant_reported,1,1
CRC,TCGA-DM-A0XF-01,EGFR,mutation_assayed_no_variant_reported,1,0
CRC,TCGA-DM-A0XF-01,ERBB2,mutation_assayed_no_variant_reported,1,0
CRC,TCGA-DM-A1D0-01,KRAS,variant_reported,1,1
CRC,TCGA-DM-A1D0-01,TP53,variant_reported,1,1
CRC,TCGA-DM-A1D0-01,EGFR,mutation_assayed_no_variant_reported,1,0
CRC,TCGA-DM-A1D0-01,ERBB2,mutation_assayed_no_variant_reported,1,0
CRC,TCGA-DM-A1D4-01,KRAS,variant_reported,1,1
CRC,TCGA-DM-A1D4-01,TP53,variant_reported,1,1
CRC,TCGA-DM-A1D4-01,EGFR,mutation_assayed_no_variant_reported,1,0
CRC,TCGA-DM-A1D4-01,ERBB2,mutation_assayed_no_variant_reported,1,0
CRC,TCGA-DM-A1D6-01,KRAS,variant_reported,1,1
CRC,TCGA-DM-A1D6-01,TP53,variant_reported,1,1
CRC,TCGA-DM-A1D6-01,EGFR,mutation_assayed_no_variant_reported,1,0
CRC,TCGA-DM-A1D6-01,ERBB2,mutation_assayed_no_variant_reported,1,0
CRC,TCGA-DM-A1D7-01,KRAS,variant_reported,1,1
CRC,TCGA-DM-A1D7-01,TP53,variant_reported,1,1
CRC,TCGA-DM-A1D7-01,EGFR,mutation_assayed_no_variant_reported,1,0
CRC,TCGA-DM-A1D7-01,ERBB2,mutation_assayed_no_variant_reported,1,0
CRC,TCGA-DM-A1D8-01,KRAS,variant_reported,1,1
CRC,TCGA-DM-A1D8-01,TP53,variant_reported,1,1
CRC,TCGA-DM-A1D8-01,EGFR,mutation_assayed_no_variant_reported,1,0
CRC,TCGA-DM-A1D8-01,ERBB2,mutation_assayed_no_variant_reported,1,0
CRC,TCGA-DM-A1D9-01,KRAS,variant_reported,1,1
CRC,TCGA-DM-A1D9-01,TP53,variant_reported,1,1
CRC,TCGA-DM-A1D9-01,EGFR,mutation_assayed_no_variant_reported,1,0
CRC,TCGA-DM-A1D9-01,ERBB2,mutation_assayed_no_variant_reported,1,0
CRC,TCGA-DM-A1DA-01,KRAS,mutation_assayed_no_variant_reported,1,0
CRC,TCGA-DM-A1DA-01,TP53,variant_reported,1,1
CRC,TCGA-DM-A1DA-01,EGFR,mutation_assayed_no_variant_reported,1,0
CRC,TCGA-DM-A1DA-01,ERBB2,mutation_assayed_no_variant_reported,1,0
CRC,TCGA-DM-A1DB-01,KRAS,mutation_assayed_no_variant_reported,1,0
CRC,TCGA-DM-A1DB-01,TP53,variant_reported,1,1
CRC,TCGA-DM-A1DB-01,EGFR,mutation_assayed_no_variant_reported,1,0
CRC,TCGA-DM-A1DB-01,ERBB2,mutation_assayed_no_variant_reported,1,0
CRC,TCGA-DM-A1HA-01,KRAS,variant_reported,1,1
CRC,TCGA-DM-A1HA-01,TP53,variant_reported,1,1
CRC,TCGA-DM-A1HA-01,EGFR,mutation_assayed_no_variant_reported,1,0
CRC,TCGA-DM-A1HA-01,ERBB2,mutation_assayed_no_variant_reported,1,0
CRC,TCGA-DM-A1HB-01,KRAS,mutation_assayed_no_variant_reported,1,0
CRC,TCGA-DM-A1HB-01,TP53,mutation_assayed_no_variant_reported,1,0
CRC,TCGA-DM-A1HB-01,EGFR,mutation_assayed_no_variant_reported,1,0
CRC,TCGA-DM-A1HB-01,ERBB2,mutation_assayed_no_variant_reported,1,0
CRC,TCGA-DM-A280-01,KRAS,variant_reported,1,1
CRC,TCGA-DM-A280-01,TP53,mutation_assayed_no_variant_reported,1,0
CRC,TCGA-DM-A280-01,EGFR,mutation_assayed_no_variant_reported,1,0
CRC,TCGA-DM-A280-01,ERBB2,mutation_assayed_no_variant_reported,1,0
CRC,TCGA-DM-A282-01,KRAS,variant_reported,1,1
CRC,TCGA-DM-A282-01,TP53,mutation_assayed_no_variant_reported,1,0
CRC,TCGA-DM-A282-01,EGFR,mutation_assayed_no_variant_reported,1,0
CRC,TCGA-DM-A282-01,ERBB2,mutation_assayed_no_variant_reported,1,0
CRC,TCGA-DM-A285-01,KRAS,variant_reported,1,1
CRC,TCGA-DM-A285-01,TP53,variant_reported,1,1
CRC,TCGA-DM-A285-01,EGFR,mutation_assayed_no_variant_reported,1,0
CRC,TCGA-DM-A285-01,ERBB2,mutation_assayed_no_variant_reported,1,0
CRC,TCGA-DM-A288-01,KRAS,variant_reported,1,1
CRC,TCGA-DM-A288-01,TP53,variant_reported,1,1
CRC,TCGA-DM-A288-01,EGFR,mutation_assayed_no_variant_reported,1,0
CRC,TCGA-DM-A288-01,ERBB2,mutation_assayed_no_variant_reported,1,0
CRC,TCGA-DM-A28A-01,KRAS,variant_reported,1,1
CRC,TCGA-DM-A28A-01,TP53,variant_reported,1,1
CRC,TCGA-DM-A28A-01,EGFR,mutation_assayed_no_variant_reported,1,0
CRC,TCGA-DM-A28A-01,ERBB2,mutation_assayed_no_variant_reported,1,0
CRC,TCGA-DM-A28C-01,KRAS,mutation_assayed_no_variant_reported,1,0
CRC,TCGA-DM-A28C-01,TP53,mutation_assayed_no_variant_reported,1,0
CRC,TCGA-DM-A28C-01,EGFR,mutation_assayed_no_variant_reported,1,0
CRC,TCGA-DM-A28C-01,ERBB2,mutation_assayed_no_variant_reported,1,0
CRC,TCGA-DM-A28E-01,KRAS,variant_reported,1,1
CRC,TCGA-DM-A28E-01,TP53,variant_reported,1,1
CRC,TCGA-DM-A28E-01,EGFR,mutation_assayed_no_variant_reported,1,0
CRC,TCGA-DM-A28E-01,ERBB2,mutation_assayed_no_variant_reported,1,0
CRC,TCGA-DM-A28F-01,KRAS,mutation_assayed_no_variant_reported,1,0
CRC,TCGA-DM-A28F-01,TP53,variant_reported,1,1
CRC,TCGA-DM-A28F-01,EGFR,mutation_assayed_no_variant_reported,1,0
CRC,TCGA-DM-A28F-01,ERBB2,mutation_assayed_no_variant_reported,1,0
CRC,TCGA-DM-A28G-01,KRAS,variant_reported,1,1
CRC,TCGA-DM-A28G-01,TP53,mutation_assayed_no_variant_reported,1,0
CRC,TCGA-DM-A28G-01,EGFR,mutation_assayed_no_variant_reported,1,0
CRC,TCGA-DM-A28G-01,ERBB2,mutation_assayed_no_variant_reported,1,0
CRC,TCGA-DM-A28H-01,KRAS,mutation_assayed_no_variant_reported,1,0
CRC,TCGA-DM-A28H-01,TP53,variant_reported,1,1
CRC,TCGA-DM-A28H-01,EGFR,mutation_assayed_no_variant_reported,1,0
CRC,TCGA-DM-A28H-01,ERBB2,mutation_assayed_no_variant_reported,1,0
CRC,TCGA-DM-A28K-01,KRAS,variant_reported,1,1
CRC,TCGA-DM-A28K-01,TP53,mutation_assayed_no_variant_reported,1,0
CRC,TCGA-DM-A28K-01,EGFR,mutation_assayed_no_variant_reported,1,0
CRC,TCGA-DM-A28K-01,ERBB2,mutation_assayed_no_variant_reported,1,0
CRC,TCGA-DM-A28M-01,KRAS,variant_reported,1,1
CRC,TCGA-DM-A28M-01,TP53,mutation_assayed_no_variant_reported,1,0
CRC,TCGA-DM-A28M-01,EGFR,mutation_assayed_no_variant_reported,1,0
CRC,TCGA-DM-A28M-01,ERBB2,mutation_assayed_no_variant_reported,1,0
CRC,TCGA-F4-6459-01,KRAS,mutation_assayed_no_variant_reported,1,0
CRC,TCGA-F4-6459-01,TP53,variant_reported,1,1
CRC,TCGA-F4-6459-01,EGFR,mutation_assayed_no_variant_reported,1,0
CRC,TCGA-F4-6459-01,ERBB2,mutation_assayed_no_variant_reported,1,0
CRC,TCGA-F4-6460-01,KRAS,mutation_assayed_no_variant_reported,1,0
CRC,TCGA-F4-6460-01,TP53,variant_reported,1,1
CRC,TCGA-F4-6460-01,EGFR,mutation_assayed_no_variant_reported,1,0
CRC,TCGA-F4-6460-01,ERBB2,mutation_assayed_no_variant_reported,1,0
CRC,TCGA-F4-6461-01,KRAS,variant_reported,1,1
CRC,TCGA-F4-6461-01,TP53,mutation_assayed_no_variant_reported,1,0
CRC,TCGA-F4-6461-01,EGFR,mutation_assayed_no_variant_reported,1,0
CRC,TCGA-F4-6461-01,ERBB2,mutation_assayed_no_variant_reported,1,0
CRC,TCGA-F4-6463-01,KRAS,variant_reported,1,1
CRC,TCGA-F4-6463-01,TP53,mutation_assayed_no_variant_reported,1,0
CRC,TCGA-F4-6463-01,EGFR,mutation_assayed_no_variant_reported,1,0
CRC,TCGA-F4-6463-01,ERBB2,mutation_assayed_no_variant_reported,1,0
CRC,TCGA-F4-6569-01,KRAS,mutation_assayed_no_variant_reported,1,0
CRC,TCGA-F4-6569-01,TP53,mutation_assayed_no_variant_reported,1,0
CRC,TCGA-F4-6569-01,EGFR,mutation_assayed_no_variant_reported,1,0
CRC,TCGA-F4-6569-01,ERBB2,mutation_assayed_no_variant_reported,1,0
CRC,TCGA-F4-6570-01,KRAS,mutation_assayed_no_variant_reported,1,0
CRC,TCGA-F4-6570-01,TP53,mutation_assayed_no_variant_reported,1,0
CRC,TCGA-F4-6570-01,EGFR,mutation_assayed_no_variant_reported,1,0
CRC,TCGA-F4-6570-01,ERBB2,mutation_assayed_no_variant_reported,1,0
CRC,TCGA-F4-6703-01,KRAS,variant_reported,1,1
CRC,TCGA-F4-6703-01,TP53,mutation_assayed_no_variant_reported,1,0
CRC,TCGA-F4-6703-01,EGFR,mutation_assayed_no_variant_reported,1,0
CRC,TCGA-F4-6703-01,ERBB2,mutation_assayed_no_variant_reported,1,0
CRC,TCGA-F4-6704-01,KRAS,mutation_assayed_no_variant_reported,1,0
CRC,TCGA-F4-6704-01,TP53,mutation_assayed_no_variant_reported,1,0
CRC,TCGA-F4-6704-01,EGFR,mutation_assayed_no_variant_reported,1,0
CRC,TCGA-F4-6704-01,ERBB2,mutation_assayed_no_variant_reported,1,0
CRC,TCGA-F4-6805-01,KRAS,variant_reported,1,1
CRC,TCGA-F4-6805-01,TP53,variant_reported,1,1
CRC,TCGA-F4-6805-01,EGFR,mutation_assayed_no_variant_reported,1,0
CRC,TCGA-F4-6805-01,ERBB2,mutation_assayed_no_variant_reported,1,0
CRC,TCGA-F4-6806-01,KRAS,variant_reported,1,1
CRC,TCGA-F4-6806-01,TP53,mutation_assayed_no_variant_reported,1,0
CRC,TCGA-F4-6806-01,EGFR,mutation_assayed_no_variant_reported,1,0
CRC,TCGA-F4-6806-01,ERBB2,mutation_assayed_no_variant_reported,1,0
CRC,TCGA-F4-6807-01,KRAS,variant_reported,1,1
CRC,TCGA-F4-6807-01,TP53,variant_reported,1,1
CRC,TCGA-F4-6807-01,EGFR,mutation_assayed_no_variant_reported,1,0
CRC,TCGA-F4-6807-01,ERBB2,mutation_assayed_no_variant_reported,1,0
CRC,TCGA-F4-6808-01,KRAS,mutation_assayed_no_variant_reported,1,0
CRC,TCGA-F4-6808-01,TP53,variant_reported,1,1
CRC,TCGA-F4-6808-01,EGFR,mutation_assayed_no_variant_reported,1,0
CRC,TCGA-F4-6808-01,ERBB2,mutation_assayed_no_variant_reported,1,0
CRC,TCGA-F4-6809-01,KRAS,mutation_assayed_no_variant_reported,1,0
CRC,TCGA-F4-6809-01,TP53,variant_reported,1,1
CRC,TCGA-F4-6809-01,EGFR,mutation_assayed_no_variant_reported,1,0
CRC,TCGA-F4-6809-01,ERBB2,mutation_assayed_no_variant_reported,1,0
CRC,TCGA-F4-6854-01,KRAS,variant_reported,1,1
CRC,TCGA-F4-6854-01,TP53,variant_reported,1,1
CRC,TCGA-F4-6854-01,EGFR,mutation_assayed_no_variant_reported,1,0
CRC,TCGA-F4-6854-01,ERBB2,mutation_assayed_no_variant_reported,1,0
CRC,TCGA-F4-6855-01,KRAS,variant_reported,1,1
CRC,TCGA-F4-6855-01,TP53,mutation_assayed_no_variant_reported,1,0
CRC,TCGA-F4-6855-01,EGFR,mutation_assayed_no_variant_reported,1,0
CRC,TCGA-F4-6855-01,ERBB2,variant_reported,1,1
CRC,TCGA-F4-6856-01,KRAS,variant_reported,1,1
CRC,TCGA-F4-6856-01,TP53,variant_reported,1,1
CRC,TCGA-F4-6856-01,EGFR,mutation_assayed_no_variant_reported,1,0
CRC,TCGA-F4-6856-01,ERBB2,mutation_assayed_no_variant_reported,1,0
CRC,TCGA-G4-6293-01,KRAS,mutation_assayed_no_variant_reported,1,0
CRC,TCGA-G4-6293-01,TP53,mutation_assayed_no_variant_reported,1,0
CRC,TCGA-G4-6293-01,EGFR,mutation_assayed_no_variant_reported,1,0
CRC,TCGA-G4-6293-01,ERBB2,mutation_assayed_no_variant_reported,1,0
CRC,TCGA-G4-6294-01,KRAS,variant_reported,1,1
CRC,TCGA-G4-6294-01,TP53,variant_reported,1,1
CRC,TCGA-G4-6294-01,EGFR,mutation_assayed_no_variant_reported,1,0
CRC,TCGA-G4-6294-01,ERBB2,mutation_assayed_no_variant_reported,1,0
CRC,TCGA-G4-6295-01,KRAS,mutation_assayed_no_variant_reported,1,0
CRC,TCGA-G4-6295-01,TP53,variant_reported,1,1
CRC,TCGA-G4-6295-01,EGFR,mutation_assayed_no_variant_reported,1,0
CRC,TCGA-G4-6295-01,ERBB2,mutation_assayed_no_variant_reported,1,0
CRC,TCGA-G4-6297-01,KRAS,variant_reported,1,1
CRC,TCGA-G4-6297-01,TP53,variant_reported,1,1
CRC,TCGA-G4-6297-01,EGFR,mutation_assayed_no_variant_reported,1,0
CRC,TCGA-G4-6297-01,ERBB2,mutation_assayed_no_variant_reported,1,0
CRC,TCGA-G4-6298-01,KRAS,mutation_assayed_no_variant_reported,1,0
CRC,TCGA-G4-6298-01,TP53,variant_reported,1,1
CRC,TCGA-G4-6298-01,EGFR,mutation_assayed_no_variant_reported,1,0
CRC,TCGA-G4-6298-01,ERBB2,variant_reported,1,1
CRC,TCGA-G4-6299-01,KRAS,mutation_assayed_no_variant_reported,1,0
CRC,TCGA-G4-6299-01,TP53,variant_reported,1,1
CRC,TCGA-G4-6299-01,EGFR,mutation_assayed_no_variant_reported,1,0
CRC,TCGA-G4-6299-01,ERBB2,mutation_assayed_no_variant_reported,1,0
CRC,TCGA-G4-6302-01,KRAS,mutation_assayed_no_variant_reported,1,0
CRC,TCGA-G4-6302-01,TP53,variant_reported,1,1
CRC,TCGA-G4-6302-01,EGFR,mutation_assayed_no_variant_reported,1,0
CRC,TCGA-G4-6302-01,ERBB2,mutation_assayed_no_variant_reported,1,0
CRC,TCGA-G4-6303-01,KRAS,mutation_assayed_no_variant_reported,1,0
CRC,TCGA-G4-6303-01,TP53,variant_reported,1,1
CRC,TCGA-G4-6303-01,EGFR,mutation_assayed_no_variant_reported,1,0
CRC,TCGA-G4-6303-01,ERBB2,mutation_assayed_no_variant_reported,1,0
CRC,TCGA-G4-6304-01,KRAS,variant_reported,1,1
CRC,TCGA-G4-6304-01,TP53,mutation_assayed_no_variant_reported,1,0
CRC,TCGA-G4-6304-01,EGFR,mutation_assayed_no_variant_reported,1,0
CRC,TCGA-G4-6304-01,ERBB2,mutation_assayed_no_variant_reported,1,0
CRC,TCGA-G4-6306-01,KRAS,mutation_assayed_no_variant_reported,1,0
CRC,TCGA-G4-6306-01,TP53,variant_reported,1,1
CRC,TCGA-G4-6306-01,EGFR,mutation_assayed_no_variant_reported,1,0
CRC,TCGA-G4-6306-01,ERBB2,mutation_assayed_no_variant_reported,1,0
CRC,TCGA-G4-6307-01,KRAS,mutation_assayed_no_variant_reported,1,0
CRC,TCGA-G4-6307-01,TP53,variant_reported,1,1
CRC,TCGA-G4-6307-01,EGFR,mutation_assayed_no_variant_reported,1,0
CRC,TCGA-G4-6307-01,ERBB2,mutation_assayed_no_variant_reported,1,0
CRC,TCGA-G4-6309-01,KRAS,mutation_assayed_no_variant_reported,1,0
CRC,TCGA-G4-6309-01,TP53,mutation_assayed_no_variant_reported,1,0
CRC,TCGA-G4-6309-01,EGFR,mutation_assayed_no_variant_reported,1,0
CRC,TCGA-G4-6309-01,ERBB2,mutation_assayed_no_variant_reported,1,0
CRC,TCGA-G4-6311-01,KRAS,mutation_assayed_no_variant_reported,1,0
CRC,TCGA-G4-6311-01,TP53,variant_reported,1,1
CRC,TCGA-G4-6311-01,EGFR,mutation_assayed_no_variant_reported,1,0
CRC,TCGA-G4-6311-01,ERBB2,mutation_assayed_no_variant_reported,1,0
CRC,TCGA-G4-6315-01,KRAS,mutation_assayed_no_variant_reported,1,0
CRC,TCGA-G4-6315-01,TP53,variant_reported,1,1
CRC,TCGA-G4-6315-01,EGFR,mutation_assayed_no_variant_reported,1,0
CRC,TCGA-G4-6315-01,ERBB2,mutation_assayed_no_variant_reported,1,0
CRC,TCGA-G4-6317-01,KRAS,mutation_assayed_no_variant_reported,1,0
CRC,TCGA-G4-6317-01,TP53,variant_reported,1,1
CRC,TCGA-G4-6317-01,EGFR,mutation_assayed_no_variant_reported,1,0
CRC,TCGA-G4-6317-01,ERBB2,mutation_assayed_no_variant_reported,1,0
CRC,TCGA-G4-6320-01,KRAS,variant_reported,1,1
CRC,TCGA-G4-6320-01,TP53,variant_reported,1,1
CRC,TCGA-G4-6320-01,EGFR,mutation_assayed_no_variant_reported,1,0
CRC,TCGA-G4-6320-01,ERBB2,mutation_assayed_no_variant_reported,1,0
CRC,TCGA-G4-6321-01,KRAS,mutation_assayed_no_variant_reported,1,0
CRC,TCGA-G4-6321-01,TP53,mutation_assayed_no_variant_reported,1,0
CRC,TCGA-G4-6321-01,EGFR,mutation_assayed_no_variant_reported,1,0
CRC,TCGA-G4-6321-01,ERBB2,mutation_assayed_no_variant_reported,1,0
CRC,TCGA-G4-6322-01,KRAS,mutation_assayed_no_variant_reported,1,0
CRC,TCGA-G4-6322-01,TP53,mutation_assayed_no_variant_reported,1,0
CRC,TCGA-G4-6322-01,EGFR,mutation_assayed_no_variant_reported,1,0
CRC,TCGA-G4-6322-01,ERBB2,mutation_assayed_no_variant_reported,1,0
CRC,TCGA-G4-6323-01,KRAS,variant_reported,1,1
CRC,TCGA-G4-6323-01,TP53,mutation_assayed_no_variant_reported,1,0
CRC,TCGA-G4-6323-01,EGFR,mutation_assayed_no_variant_reported,1,0
CRC,TCGA-G4-6323-01,ERBB2,mutation_assayed_no_variant_reported,1,0
CRC,TCGA-G4-6586-01,KRAS,mutation_assayed_no_variant_reported,1,0
CRC,TCGA-G4-6586-01,TP53,variant_reported,1,1
CRC,TCGA-G4-6586-01,EGFR,mutation_assayed_no_variant_reported,1,0
CRC,TCGA-G4-6586-01,ERBB2,variant_reported,1,1
CRC,TCGA-G4-6588-01,KRAS,mutation_assayed_no_variant_reported,1,0
CRC,TCGA-G4-6588-01,TP53,mutation_assayed_no_variant_reported,1,0
CRC,TCGA-G4-6588-01,EGFR,mutation_assayed_no_variant_reported,1,0
CRC,TCGA-G4-6588-01,ERBB2,mutation_assayed_no_variant_reported,1,0
CRC,TCGA-G4-6626-01,KRAS,mutation_assayed_no_variant_reported,1,0
CRC,TCGA-G4-6626-01,TP53,variant_reported,1,1
CRC,TCGA-G4-6626-01,EGFR,mutation_assayed_no_variant_reported,1,0
CRC,TCGA-G4-6626-01,ERBB2,mutation_assayed_no_variant_reported,1,0
CRC,TCGA-G4-6627-01,KRAS,variant_reported,1,1
CRC,TCGA-G4-6627-01,TP53,mutation_assayed_no_variant_reported,1,0
CRC,TCGA-G4-6627-01,EGFR,mutation_assayed_no_variant_reported,1,0
CRC,TCGA-G4-6627-01,ERBB2,mutation_assayed_no_variant_reported,1,0
CRC,TCGA-G4-6628-01,KRAS,mutation_assayed_no_variant_reported,1,0
CRC,TCGA-G4-6628-01,TP53,mutation_assayed_no_variant_reported,1,0
CRC,TCGA-G4-6628-01,EGFR,mutation_assayed_no_variant_reported,1,0
CRC,TCGA-G4-6628-01,ERBB2,mutation_assayed_no_variant_reported,1,0
CRC,TCGA-NH-A50T-01,KRAS,mutation_assayed_no_variant_reported,1,0
CRC,TCGA-NH-A50T-01,TP53,mutation_assayed_no_variant_reported,1,0
CRC,TCGA-NH-A50T-01,EGFR,mutation_assayed_no_variant_reported,1,0
CRC,TCGA-NH-A50T-01,ERBB2,mutation_assayed_no_variant_reported,1,0
CRC,TCGA-NH-A50U-01,KRAS,variant_reported,1,1
CRC,TCGA-NH-A50U-01,TP53,variant_reported,1,1
CRC,TCGA-NH-A50U-01,EGFR,mutation_assayed_no_variant_reported,1,0
CRC,TCGA-NH-A50U-01,ERBB2,mutation_assayed_no_variant_reported,1,0
CRC,TCGA-NH-A50V-01,KRAS,variant_reported,1,1
CRC,TCGA-NH-A50V-01,TP53,variant_reported,1,1
CRC,TCGA-NH-A50V-01,EGFR,mutation_assayed_no_variant_reported,1,0
CRC,TCGA-NH-A50V-01,ERBB2,mutation_assayed_no_variant_reported,1,0
CRC,TCGA-NH-A5IV-01,KRAS,variant_reported,1,1
CRC,TCGA-NH-A5IV-01,TP53,mutation_assayed_no_variant_reported,1,0
CRC,TCGA-NH-A5IV-01,EGFR,mutation_assayed_no_variant_reported,1,0
CRC,TCGA-NH-A5IV-01,ERBB2,mutation_assayed_no_variant_reported,1,0
CRC,TCGA-NH-A6GA-01,KRAS,variant_reported,1,1
CRC,TCGA-NH-A6GA-01,TP53,variant_reported,1,1
CRC,TCGA-NH-A6GA-01,EGFR,mutation_assayed_no_variant_reported,1,0
CRC,TCGA-NH-A6GA-01,ERBB2,mutation_assayed_no_variant_reported,1,0
CRC,TCGA-NH-A6GB-01,KRAS,variant_reported,1,1
CRC,TCGA-NH-A6GB-01,TP53,variant_reported,1,1
CRC,TCGA-NH-A6GB-01,EGFR,mutation_assayed_no_variant_reported,1,0
CRC,TCGA-NH-A6GB-01,ERBB2,mutation_assayed_no_variant_reported,1,0
CRC,TCGA-NH-A6GC-01,KRAS,variant_reported,1,1
CRC,TCGA-NH-A6GC-01,TP53,variant_reported,1,1
CRC,TCGA-NH-A6GC-01,EGFR,mutation_assayed_no_variant_reported,1,0
CRC,TCGA-NH-A6GC-01,ERBB2,mutation_assayed_no_variant_reported,1,0
CRC,TCGA-NH-A8F7-01,KRAS,mutation_assayed_no_variant_reported,1,0
CRC,TCGA-NH-A8F7-01,TP53,variant_reported,1,1
CRC,TCGA-NH-A8F7-01,EGFR,mutation_assayed_no_variant_reported,1,0
CRC,TCGA-NH-A8F7-01,ERBB2,mutation_assayed_no_variant_reported,1,0
CRC,TCGA-NH-A8F8-01,KRAS,variant_reported,1,1
CRC,TCGA-NH-A8F8-01,TP53,variant_reported,1,1
CRC,TCGA-NH-A8F8-01,EGFR,mutation_assayed_no_variant_reported,1,0
CRC,TCGA-NH-A8F8-01,ERBB2,mutation_assayed_no_variant_reported,1,0
CRC,TCGA-QG-A5YV-01,KRAS,variant_reported,1,1
CRC,TCGA-QG-A5YV-01,TP53,variant_reported,1,1
CRC,TCGA-QG-A5YV-01,EGFR,mutation_assayed_no_variant_reported,1,0
CRC,TCGA-QG-A5YV-01,ERBB2,mutation_assayed_no_variant_reported,1,0
CRC,TCGA-QG-A5YW-01,KRAS,mutation_assayed_no_variant_reported,1,0
CRC,TCGA-QG-A5YW-01,TP53,variant_reported,1,1
CRC,TCGA-QG-A5YW-01,EGFR,mutation_assayed_no_variant_reported,1,0
CRC,TCGA-QG-A5YW-01,ERBB2,mutation_assayed_no_variant_reported,1,0
CRC,TCGA-QG-A5YX-01,KRAS,mutation_assayed_no_variant_reported,1,0
CRC,TCGA-QG-A5YX-01,TP53,variant_reported,1,1
CRC,TCGA-QG-A5YX-01,EGFR,mutation_assayed_no_variant_reported,1,0
CRC,TCGA-QG-A5YX-01,ERBB2,mutation_assayed_no_variant_reported,1,0
CRC,TCGA-QG-A5Z1-01,KRAS,mutation_assayed_no_variant_reported,1,0
CRC,TCGA-QG-A5Z1-01,TP53,variant_reported,1,1
CRC,TCGA-QG-A5Z1-01,EGFR,mutation_assayed_no_variant_reported,1,0
CRC,TCGA-QG-A5Z1-01,ERBB2,mutation_assayed_no_variant_reported,1,0
CRC,TCGA-QG-A5Z2-01,KRAS,mutation_assayed_no_variant_reported,1,0
CRC,TCGA-QG-A5Z2-01,TP53,mutation_assayed_no_variant_reported,1,0
CRC,TCGA-QG-A5Z2-01,EGFR,mutation_assayed_no_variant_reported,1,0
CRC,TCGA-QG-A5Z2-01,ERBB2,mutation_assayed_no_variant_reported,1,0
CRC,TCGA-QL-A97D-01,KRAS,variant_reported,1,1
CRC,TCGA-QL-A97D-01,TP53,variant_reported,1,1
CRC,TCGA-QL-A97D-01,EGFR,mutation_assayed_no_variant_reported,1,0
CRC,TCGA-QL-A97D-01,ERBB2,variant_reported,1,1
CRC,TCGA-RU-A8FL-01,KRAS,mutation_assayed_no_variant_reported,1,0
CRC,TCGA-RU-A8FL-01,TP53,variant_reported,1,1
CRC,TCGA-RU-A8FL-01,EGFR,mutation_assayed_no_variant_reported,1,0
CRC,TCGA-RU-A8FL-01,ERBB2,mutation_assayed_no_variant_reported,1,0
CRC,TCGA-SS-A7HO-01,KRAS,variant_reported,1,1
CRC,TCGA-SS-A7HO-01,TP53,variant_reported,1,1
CRC,TCGA-SS-A7HO-01,EGFR,mutation_assayed_no_variant_reported,1,0
CRC,TCGA-SS-A7HO-01,ERBB2,mutation_assayed_no_variant_reported,1,0
CRC,TCGA-T9-A92H-01,KRAS,mutation_assayed_no_variant_reported,1,0
CRC,TCGA-T9-A92H-01,TP53,variant_reported,1,1
CRC,TCGA-T9-A92H-01,EGFR,mutation_assayed_no_variant_reported,1,0
CRC,TCGA-T9-A92H-01,ERBB2,mutation_assayed_no_variant_reported,1,0
CRC,TCGA-WS-AB45-01,KRAS,mutation_assayed_no_variant_reported,1,0
CRC,TCGA-WS-AB45-01,TP53,variant_reported,1,1
CRC,TCGA-WS-AB45-01,EGFR,mutation_assayed_no_variant_reported,1,0
CRC,TCGA-WS-AB45-01,ERBB2,mutation_assayed_no_variant_reported,1,0
CRC,TCGA-5M-AAT5-01,KRAS,variant_reported,1,1
CRC,TCGA-5M-AAT5-01,TP53,variant_reported,1,1
CRC,TCGA-5M-AAT5-01,EGFR,mutation_assayed_no_variant_reported,1,0
CRC,TCGA-5M-AAT5-01,ERBB2,mutation_assayed_no_variant_reported,1,0
CRC,TCGA-5M-AATA-01,KRAS,mutation_assayed_no_variant_reported,1,0
CRC,TCGA-5M-AATA-01,TP53,variant_reported,1,1
CRC,TCGA-5M-AATA-01,EGFR,mutation_assayed_no_variant_reported,1,0
CRC,TCGA-5M-AATA-01,ERBB2,mutation_assayed_no_variant_reported,1,0
ESCC,TCGA-2H-A9GF-01,KRAS,mutation_assayed_no_variant_reported,1,0
ESCC,TCGA-2H-A9GF-01,TP53,variant_reported,1,1
ESCC,TCGA-2H-A9GF-01,EGFR,mutation_assayed_no_variant_reported,1,0
ESCC,TCGA-2H-A9GF-01,ERBB2,mutation_assayed_no_variant_reported,1,0
ESCC,TCGA-2H-A9GH-01,KRAS,mutation_assayed_no_variant_reported,1,0
ESCC,TCGA-2H-A9GH-01,TP53,variant_reported,1,1
ESCC,TCGA-2H-A9GH-01,EGFR,mutation_assayed_no_variant_reported,1,0
ESCC,TCGA-2H-A9GH-01,ERBB2,variant_reported,1,1
ESCC,TCGA-2H-A9GI-01,KRAS,mutation_assayed_no_variant_reported,1,0
ESCC,TCGA-2H-A9GI-01,TP53,mutation_assayed_no_variant_reported,1,0
ESCC,TCGA-2H-A9GI-01,EGFR,mutation_assayed_no_variant_reported,1,0
ESCC,TCGA-2H-A9GI-01,ERBB2,mutation_assayed_no_variant_reported,1,0
ESCC,TCGA-2H-A9GJ-01,KRAS,mutation_assayed_no_variant_reported,1,0
ESCC,TCGA-2H-A9GJ-01,TP53,variant_reported,1,1
ESCC,TCGA-2H-A9GJ-01,EGFR,mutation_assayed_no_variant_reported,1,0
ESCC,TCGA-2H-A9GJ-01,ERBB2,mutation_assayed_no_variant_reported,1,0
ESCC,TCGA-2H-A9GK-01,KRAS,mutation_assayed_no_variant_reported,1,0
ESCC,TCGA-2H-A9GK-01,TP53,variant_reported,1,1
ESCC,TCGA-2H-A9GK-01,EGFR,mutation_assayed_no_variant_reported,1,0
ESCC,TCGA-2H-A9GK-01,ERBB2,mutation_assayed_no_variant_reported,1,0
ESCC,TCGA-2H-A9GL-01,KRAS,mutation_assayed_no_variant_reported,1,0
ESCC,TCGA-2H-A9GL-01,TP53,variant_reported,1,1
ESCC,TCGA-2H-A9GL-01,EGFR,mutation_assayed_no_variant_reported,1,0
ESCC,TCGA-2H-A9GL-01,ERBB2,mutation_assayed_no_variant_reported,1,0
ESCC,TCGA-2H-A9GM-01,KRAS,mutation_assayed_no_variant_reported,1,0
ESCC,TCGA-2H-A9GM-01,TP53,variant_reported,1,1
ESCC,TCGA-2H-A9GM-01,EGFR,mutation_assayed_no_variant_reported,1,0
ESCC,TCGA-2H-A9GM-01,ERBB2,mutation_assayed_no_variant_reported,1,0
ESCC,TCGA-2H-A9GN-01,KRAS,mutation_assayed_no_variant_reported,1,0
ESCC,TCGA-2H-A9GN-01,TP53,variant_reported,1,1
ESCC,TCGA-2H-A9GN-01,EGFR,mutation_assayed_no_variant_reported,1,0
ESCC,TCGA-2H-A9GN-01,ERBB2,mutation_assayed_no_variant_reported,1,0
ESCC,TCGA-2H-A9GO-01,KRAS,mutation_assayed_no_variant_reported,1,0
ESCC,TCGA-2H-A9GO-01,TP53,variant_reported,1,1
ESCC,TCGA-2H-A9GO-01,EGFR,mutation_assayed_no_variant_reported,1,0
ESCC,TCGA-2H-A9GO-01,ERBB2,mutation_assayed_no_variant_reported,1,0
ESCC,TCGA-2H-A9GQ-01,KRAS,mutation_assayed_no_variant_reported,1,0
ESCC,TCGA-2H-A9GQ-01,TP53,variant_reported,1,1
ESCC,TCGA-2H-A9GQ-01,EGFR,mutation_assayed_no_variant_reported,1,0
ESCC,TCGA-2H-A9GQ-01,ERBB2,mutation_assayed_no_variant_reported,1,0
ESCC,TCGA-2H-A9GR-01,KRAS,mutation_assayed_no_variant_reported,1,0
ESCC,TCGA-2H-A9GR-01,TP53,variant_reported,1,1
ESCC,TCGA-2H-A9GR-01,EGFR,mutation_assayed_no_variant_reported,1,0
ESCC,TCGA-2H-A9GR-01,ERBB2,mutation_assayed_no_variant_reported,1,0
ESCC,TCGA-IC-A6RE-01,KRAS,mutation_assayed_no_variant_reported,1,0
ESCC,TCGA-IC-A6RE-01,TP53,variant_reported,1,1
ESCC,TCGA-IC-A6RE-01,EGFR,mutation_assayed_no_variant_reported,1,0
ESCC,TCGA-IC-A6RE-01,ERBB2,mutation_assayed_no_variant_reported,1,0
ESCC,TCGA-IC-A6RF-01,KRAS,mutation_assayed_no_variant_reported,1,0
ESCC,TCGA-IC-A6RF-01,TP53,mutation_assayed_no_variant_reported,1,0
ESCC,TCGA-IC-A6RF-01,EGFR,mutation_assayed_no_variant_reported,1,0
ESCC,TCGA-IC-A6RF-01,ERBB2,mutation_assayed_no_variant_reported,1,0
ESCC,TCGA-IG-A3I8-01,KRAS,mutation_assayed_no_variant_reported,1,0
ESCC,TCGA-IG-A3I8-01,TP53,variant_reported,1,1
ESCC,TCGA-IG-A3I8-01,EGFR,mutation_assayed_no_variant_reported,1,0
ESCC,TCGA-IG-A3I8-01,ERBB2,mutation_assayed_no_variant_reported,1,0
ESCC,TCGA-IG-A3QL-01,KRAS,mutation_assayed_no_variant_reported,1,0
ESCC,TCGA-IG-A3QL-01,TP53,variant_reported,1,1
ESCC,TCGA-IG-A3QL-01,EGFR,mutation_assayed_no_variant_reported,1,0
ESCC,TCGA-IG-A3QL-01,ERBB2,mutation_assayed_no_variant_reported,1,0
ESCC,TCGA-IG-A3Y9-01,KRAS,mutation_assayed_no_variant_reported,1,0
ESCC,TCGA-IG-A3Y9-01,TP53,variant_reported,1,1
ESCC,TCGA-IG-A3Y9-01,EGFR,mutation_assayed_no_variant_reported,1,0
ESCC,TCGA-IG-A3Y9-01,ERBB2,mutation_assayed_no_variant_reported,1,0
ESCC,TCGA-IG-A3YA-01,KRAS,mutation_assayed_no_variant_reported,1,0
ESCC,TCGA-IG-A3YA-01,TP53,variant_reported,1,1
ESCC,TCGA-IG-A3YA-01,EGFR,mutation_assayed_no_variant_reported,1,0
ESCC,TCGA-IG-A3YA-01,ERBB2,mutation_assayed_no_variant_reported,1,0
ESCC,TCGA-IG-A3YB-01,KRAS,mutation_assayed_no_variant_reported,1,0
ESCC,TCGA-IG-A3YB-01,TP53,variant_reported,1,1
ESCC,TCGA-IG-A3YB-01,EGFR,mutation_assayed_no_variant_reported,1,0
ESCC,TCGA-IG-A3YB-01,ERBB2,mutation_assayed_no_variant_reported,1,0
ESCC,TCGA-IG-A3YC-01,KRAS,mutation_assayed_no_variant_reported,1,0
ESCC,TCGA-IG-A3YC-01,TP53,variant_reported,1,1
ESCC,TCGA-IG-A3YC-01,EGFR,mutation_assayed_no_variant_reported,1,0
ESCC,TCGA-IG-A3YC-01,ERBB2,mutation_assayed_no_variant_reported,1,0
ESCC,TCGA-IG-A4P3-01,KRAS,mutation_assayed_no_variant_reported,1,0
ESCC,TCGA-IG-A4P3-01,TP53,variant_reported,1,1
ESCC,TCGA-IG-A4P3-01,EGFR,mutation_assayed_no_variant_reported,1,0
ESCC,TCGA-IG-A4P3-01,ERBB2,mutation_assayed_no_variant_reported,1,0
ESCC,TCGA-IG-A4QS-01,KRAS,mutation_assayed_no_variant_reported,1,0
ESCC,TCGA-IG-A4QS-01,TP53,variant_reported,1,1
ESCC,TCGA-IG-A4QS-01,EGFR,mutation_assayed_no_variant_reported,1,0
ESCC,TCGA-IG-A4QS-01,ERBB2,mutation_assayed_no_variant_reported,1,0
ESCC,TCGA-IG-A4QT-01,KRAS,mutation_assayed_no_variant_reported,1,0
ESCC,TCGA-IG-A4QT-01,TP53,mutation_assayed_no_variant_reported,1,0
ESCC,TCGA-IG-A4QT-01,EGFR,mutation_assayed_no_variant_reported,1,0
ESCC,TCGA-IG-A4QT-01,ERBB2,mutation_assayed_no_variant_reported,1,0
ESCC,TCGA-IG-A50L-01,KRAS,mutation_assayed_no_variant_reported,1,0
ESCC,TCGA-IG-A50L-01,TP53,variant_reported,1,1
ESCC,TCGA-IG-A50L-01,EGFR,mutation_assayed_no_variant_reported,1,0
ESCC,TCGA-IG-A50L-01,ERBB2,mutation_assayed_no_variant_reported,1,0
ESCC,TCGA-IG-A51D-01,KRAS,mutation_assayed_no_variant_reported,1,0
ESCC,TCGA-IG-A51D-01,TP53,variant_reported,1,1
ESCC,TCGA-IG-A51D-01,EGFR,mutation_assayed_no_variant_reported,1,0
ESCC,TCGA-IG-A51D-01,ERBB2,mutation_assayed_no_variant_reported,1,0
ESCC,TCGA-IG-A5B8-01,KRAS,mutation_assayed_no_variant_reported,1,0
ESCC,TCGA-IG-A5B8-01,TP53,variant_reported,1,1
ESCC,TCGA-IG-A5B8-01,EGFR,mutation_assayed_no_variant_reported,1,0
ESCC,TCGA-IG-A5B8-01,ERBB2,mutation_assayed_no_variant_reported,1,0
ESCC,TCGA-IG-A5S3-01,KRAS,mutation_assayed_no_variant_reported,1,0
ESCC,TCGA-IG-A5S3-01,TP53,variant_reported,1,1
ESCC,TCGA-IG-A5S3-01,EGFR,mutation_assayed_no_variant_reported,1,0
ESCC,TCGA-IG-A5S3-01,ERBB2,mutation_assayed_no_variant_reported,1,0
ESCC,TCGA-IG-A625-01,KRAS,mutation_assayed_no_variant_reported,1,0
ESCC,TCGA-IG-A625-01,TP53,variant_reported,1,1
ESCC,TCGA-IG-A625-01,EGFR,mutation_assayed_no_variant_reported,1,0
ESCC,TCGA-IG-A625-01,ERBB2,mutation_assayed_no_variant_reported,1,0
ESCC,TCGA-IG-A6QS-01,KRAS,mutation_assayed_no_variant_reported,1,0
ESCC,TCGA-IG-A6QS-01,TP53,variant_reported,1,1
ESCC,TCGA-IG-A6QS-01,EGFR,mutation_assayed_no_variant_reported,1,0
ESCC,TCGA-IG-A6QS-01,ERBB2,mutation_assayed_no_variant_reported,1,0
ESCC,TCGA-IG-A7DP-01,KRAS,mutation_assayed_no_variant_reported,1,0
ESCC,TCGA-IG-A7DP-01,TP53,mutation_assayed_no_variant_reported,1,0
ESCC,TCGA-IG-A7DP-01,EGFR,mutation_assayed_no_variant_reported,1,0
ESCC,TCGA-IG-A7DP-01,ERBB2,mutation_assayed_no_variant_reported,1,0
ESCC,TCGA-IG-A8O2-01,KRAS,mutation_assayed_no_variant_reported,1,0
ESCC,TCGA-IG-A8O2-01,TP53,variant_reported,1,1
ESCC,TCGA-IG-A8O2-01,EGFR,mutation_assayed_no_variant_reported,1,0
ESCC,TCGA-IG-A8O2-01,ERBB2,mutation_assayed_no_variant_reported,1,0
ESCC,TCGA-IG-A97H-01,KRAS,mutation_assayed_no_variant_reported,1,0
ESCC,TCGA-IG-A97H-01,TP53,variant_reported,1,1
ESCC,TCGA-IG-A97H-01,EGFR,mutation_assayed_no_variant_reported,1,0
ESCC,TCGA-IG-A97H-01,ERBB2,mutation_assayed_no_variant_reported,1,0
ESCC,TCGA-IG-A97I-01,KRAS,mutation_assayed_no_variant_reported,1,0
ESCC,TCGA-IG-A97I-01,TP53,variant_reported,1,1
ESCC,TCGA-IG-A97I-01,EGFR,mutation_assayed_no_variant_reported,1,0
ESCC,TCGA-IG-A97I-01,ERBB2,mutation_assayed_no_variant_reported,1,0
ESCC,TCGA-JY-A6F8-01,KRAS,mutation_assayed_no_variant_reported,1,0
ESCC,TCGA-JY-A6F8-01,TP53,variant_reported,1,1
ESCC,TCGA-JY-A6F8-01,EGFR,mutation_assayed_no_variant_reported,1,0
ESCC,TCGA-JY-A6F8-01,ERBB2,mutation_assayed_no_variant_reported,1,0
ESCC,TCGA-JY-A6FA-01,KRAS,mutation_assayed_no_variant_reported,1,0
ESCC,TCGA-JY-A6FA-01,TP53,variant_reported,1,1
ESCC,TCGA-JY-A6FA-01,EGFR,mutation_assayed_no_variant_reported,1,0
ESCC,TCGA-JY-A6FA-01,ERBB2,mutation_assayed_no_variant_reported,1,0
ESCC,TCGA-JY-A6FB-01,KRAS,mutation_assayed_no_variant_reported,1,0
ESCC,TCGA-JY-A6FB-01,TP53,variant_reported,1,1
ESCC,TCGA-JY-A6FB-01,EGFR,mutation_assayed_no_variant_reported,1,0
ESCC,TCGA-JY-A6FB-01,ERBB2,mutation_assayed_no_variant_reported,1,0
ESCC,TCGA-JY-A6FD-01,KRAS,mutation_assayed_no_variant_reported,1,0
ESCC,TCGA-JY-A6FD-01,TP53,variant_reported,1,1
ESCC,TCGA-JY-A6FD-01,EGFR,mutation_assayed_no_variant_reported,1,0
ESCC,TCGA-JY-A6FD-01,ERBB2,mutation_assayed_no_variant_reported,1,0
ESCC,TCGA-JY-A6FE-01,KRAS,mutation_assayed_no_variant_reported,1,0
ESCC,TCGA-JY-A6FE-01,TP53,variant_reported,1,1
ESCC,TCGA-JY-A6FE-01,EGFR,mutation_assayed_no_variant_reported,1,0
ESCC,TCGA-JY-A6FE-01,ERBB2,mutation_assayed_no_variant_reported,1,0
ESCC,TCGA-JY-A6FG-01,KRAS,mutation_assayed_no_variant_reported,1,0
ESCC,TCGA-JY-A6FG-01,TP53,variant_reported,1,1
ESCC,TCGA-JY-A6FG-01,EGFR,mutation_assayed_no_variant_reported,1,0
ESCC,TCGA-JY-A6FG-01,ERBB2,mutation_assayed_no_variant_reported,1,0
ESCC,TCGA-JY-A6FH-01,KRAS,mutation_assayed_no_variant_reported,1,0
ESCC,TCGA-JY-A6FH-01,TP53,variant_reported,1,1
ESCC,TCGA-JY-A6FH-01,EGFR,mutation_assayed_no_variant_reported,1,0
ESCC,TCGA-JY-A6FH-01,ERBB2,mutation_assayed_no_variant_reported,1,0
ESCC,TCGA-JY-A938-01,KRAS,mutation_assayed_no_variant_reported,1,0
ESCC,TCGA-JY-A938-01,TP53,variant_reported,1,1
ESCC,TCGA-JY-A938-01,EGFR,mutation_assayed_no_variant_reported,1,0
ESCC,TCGA-JY-A938-01,ERBB2,variant_reported,1,1
ESCC,TCGA-JY-A939-01,KRAS,mutation_assayed_no_variant_reported,1,0
ESCC,TCGA-JY-A939-01,TP53,variant_reported,1,1
ESCC,TCGA-JY-A939-01,EGFR,mutation_assayed_no_variant_reported,1,0
ESCC,TCGA-JY-A939-01,ERBB2,mutation_assayed_no_variant_reported,1,0
ESCC,TCGA-JY-A93C-01,KRAS,mutation_assayed_no_variant_reported,1,0
ESCC,TCGA-JY-A93C-01,TP53,variant_reported,1,1
ESCC,TCGA-JY-A93C-01,EGFR,variant_reported,1,1
ESCC,TCGA-JY-A93C-01,ERBB2,mutation_assayed_no_variant_reported,1,0
ESCC,TCGA-JY-A93D-01,KRAS,mutation_assayed_no_variant_reported,1,0
ESCC,TCGA-JY-A93D-01,TP53,variant_reported,1,1
ESCC,TCGA-JY-A93D-01,EGFR,mutation_assayed_no_variant_reported,1,0
ESCC,TCGA-JY-A93D-01,ERBB2,mutation_assayed_no_variant_reported,1,0
ESCC,TCGA-JY-A93E-01,KRAS,mutation_assayed_no_variant_reported,1,0
ESCC,TCGA-JY-A93E-01,TP53,variant_reported,1,1
ESCC,TCGA-JY-A93E-01,EGFR,mutation_assayed_no_variant_reported,1,0
ESCC,TCGA-JY-A93E-01,ERBB2,mutation_assayed_no_variant_reported,1,0
ESCC,TCGA-JY-A93F-01,KRAS,mutation_assayed_no_variant_reported,1,0
ESCC,TCGA-JY-A93F-01,TP53,mutation_assayed_no_variant_reported,1,0
ESCC,TCGA-JY-A93F-01,EGFR,mutation_assayed_no_variant_reported,1,0
ESCC,TCGA-JY-A93F-01,ERBB2,mutation_assayed_no_variant_reported,1,0
ESCC,TCGA-KH-A6WC-01,KRAS,mutation_assayed_no_variant_reported,1,0
ESCC,TCGA-KH-A6WC-01,TP53,mutation_assayed_no_variant_reported,1,0
ESCC,TCGA-KH-A6WC-01,EGFR,mutation_assayed_no_variant_reported,1,0
ESCC,TCGA-KH-A6WC-01,ERBB2,mutation_assayed_no_variant_reported,1,0
ESCC,TCGA-L5-A43C-01,KRAS,mutation_assayed_no_variant_reported,1,0
ESCC,TCGA-L5-A43C-01,TP53,variant_reported,1,1
ESCC,TCGA-L5-A43C-01,EGFR,mutation_assayed_no_variant_reported,1,0
ESCC,TCGA-L5-A43C-01,ERBB2,mutation_assayed_no_variant_reported,1,0
ESCC,TCGA-L5-A43E-01,KRAS,mutation_assayed_no_variant_reported,1,0
ESCC,TCGA-L5-A43E-01,TP53,variant_reported,1,1
ESCC,TCGA-L5-A43E-01,EGFR,mutation_assayed_no_variant_reported,1,0
ESCC,TCGA-L5-A43E-01,ERBB2,mutation_assayed_no_variant_reported,1,0
ESCC,TCGA-L5-A43H-01,KRAS,mutation_assayed_no_variant_reported,1,0
ESCC,TCGA-L5-A43H-01,TP53,variant_reported,1,1
ESCC,TCGA-L5-A43H-01,EGFR,mutation_assayed_no_variant_reported,1,0
ESCC,TCGA-L5-A43H-01,ERBB2,mutation_assayed_no_variant_reported,1,0
ESCC,TCGA-L5-A43I-01,KRAS,mutation_assayed_no_variant_reported,1,0
ESCC,TCGA-L5-A43I-01,TP53,variant_reported,1,1
ESCC,TCGA-L5-A43I-01,EGFR,mutation_assayed_no_variant_reported,1,0
ESCC,TCGA-L5-A43I-01,ERBB2,mutation_assayed_no_variant_reported,1,0
ESCC,TCGA-L5-A43J-01,KRAS,mutation_assayed_no_variant_reported,1,0
ESCC,TCGA-L5-A43J-01,TP53,variant_reported,1,1
ESCC,TCGA-L5-A43J-01,EGFR,variant_reported,1,1
ESCC,TCGA-L5-A43J-01,ERBB2,mutation_assayed_no_variant_reported,1,0
ESCC,TCGA-L5-A43M-01,KRAS,mutation_assayed_no_variant_reported,1,0
ESCC,TCGA-L5-A43M-01,TP53,mutation_assayed_no_variant_reported,1,0
ESCC,TCGA-L5-A43M-01,EGFR,mutation_assayed_no_variant_reported,1,0
ESCC,TCGA-L5-A43M-01,ERBB2,mutation_assayed_no_variant_reported,1,0
ESCC,TCGA-L5-A4OE-01,KRAS,variant_reported,1,1
ESCC,TCGA-L5-A4OE-01,TP53,variant_reported,1,1
ESCC,TCGA-L5-A4OE-01,EGFR,mutation_assayed_no_variant_reported,1,0
ESCC,TCGA-L5-A4OE-01,ERBB2,mutation_assayed_no_variant_reported,1,0
ESCC,TCGA-L5-A4OF-01,KRAS,mutation_assayed_no_variant_reported,1,0
ESCC,TCGA-L5-A4OF-01,TP53,variant_reported,1,1
ESCC,TCGA-L5-A4OF-01,EGFR,mutation_assayed_no_variant_reported,1,0
ESCC,TCGA-L5-A4OF-01,ERBB2,mutation_assayed_no_variant_reported,1,0
ESCC,TCGA-L5-A4OG-01,KRAS,mutation_assayed_no_variant_reported,1,0
ESCC,TCGA-L5-A4OG-01,TP53,variant_reported,1,1
ESCC,TCGA-L5-A4OG-01,EGFR,mutation_assayed_no_variant_reported,1,0
ESCC,TCGA-L5-A4OG-01,ERBB2,mutation_assayed_no_variant_reported,1,0
ESCC,TCGA-L5-A4OH-01,KRAS,mutation_assayed_no_variant_reported,1,0
ESCC,TCGA-L5-A4OH-01,TP53,mutation_assayed_no_variant_reported,1,0
ESCC,TCGA-L5-A4OH-01,EGFR,mutation_assayed_no_variant_reported,1,0
ESCC,TCGA-L5-A4OH-01,ERBB2,mutation_assayed_no_variant_reported,1,0
ESCC,TCGA-L5-A4OI-01,KRAS,mutation_assayed_no_variant_reported,1,0
ESCC,TCGA-L5-A4OI-01,TP53,mutation_assayed_no_variant_reported,1,0
ESCC,TCGA-L5-A4OI-01,EGFR,mutation_assayed_no_variant_reported,1,0
ESCC,TCGA-L5-A4OI-01,ERBB2,variant_reported,1,1
ESCC,TCGA-L5-A4OJ-01,KRAS,mutation_assayed_no_variant_reported,1,0
ESCC,TCGA-L5-A4OJ-01,TP53,variant_reported,1,1
ESCC,TCGA-L5-A4OJ-01,EGFR,mutation_assayed_no_variant_reported,1,0
ESCC,TCGA-L5-A4OJ-01,ERBB2,mutation_assayed_no_variant_reported,1,0
ESCC,TCGA-L5-A4OM-01,KRAS,mutation_assayed_no_variant_reported,1,0
ESCC,TCGA-L5-A4OM-01,TP53,variant_reported,1,1
ESCC,TCGA-L5-A4OM-01,EGFR,mutation_assayed_no_variant_reported,1,0
ESCC,TCGA-L5-A4OM-01,ERBB2,mutation_assayed_no_variant_reported,1,0
ESCC,TCGA-L5-A4ON-01,KRAS,mutation_assayed_no_variant_reported,1,0
ESCC,TCGA-L5-A4ON-01,TP53,variant_reported,1,1
ESCC,TCGA-L5-A4ON-01,EGFR,mutation_assayed_no_variant_reported,1,0
ESCC,TCGA-L5-A4ON-01,ERBB2,mutation_assayed_no_variant_reported,1,0
ESCC,TCGA-L5-A4OO-01,KRAS,mutation_assayed_no_variant_reported,1,0
ESCC,TCGA-L5-A4OO-01,TP53,mutation_assayed_no_variant_reported,1,0
ESCC,TCGA-L5-A4OO-01,EGFR,mutation_assayed_no_variant_reported,1,0
ESCC,TCGA-L5-A4OO-01,ERBB2,mutation_assayed_no_variant_reported,1,0
ESCC,TCGA-L5-A4OP-01,KRAS,mutation_assayed_no_variant_reported,1,0
ESCC,TCGA-L5-A4OP-01,TP53,variant_reported,1,1
ESCC,TCGA-L5-A4OP-01,EGFR,mutation_assayed_no_variant_reported,1,0
ESCC,TCGA-L5-A4OP-01,ERBB2,mutation_assayed_no_variant_reported,1,0
ESCC,TCGA-L5-A4OQ-01,KRAS,mutation_assayed_no_variant_reported,1,0
ESCC,TCGA-L5-A4OQ-01,TP53,variant_reported,1,1
ESCC,TCGA-L5-A4OQ-01,EGFR,mutation_assayed_no_variant_reported,1,0
ESCC,TCGA-L5-A4OQ-01,ERBB2,mutation_assayed_no_variant_reported,1,0
ESCC,TCGA-L5-A4OR-01,KRAS,mutation_assayed_no_variant_reported,1,0
ESCC,TCGA-L5-A4OR-01,TP53,variant_reported,1,1
ESCC,TCGA-L5-A4OR-01,EGFR,mutation_assayed_no_variant_reported,1,0
ESCC,TCGA-L5-A4OR-01,ERBB2,mutation_assayed_no_variant_reported,1,0
ESCC,TCGA-L5-A4OS-01,KRAS,mutation_assayed_no_variant_reported,1,0
ESCC,TCGA-L5-A4OS-01,TP53,variant_reported,1,1
ESCC,TCGA-L5-A4OS-01,EGFR,mutation_assayed_no_variant_reported,1,0
ESCC,TCGA-L5-A4OS-01,ERBB2,mutation_assayed_no_variant_reported,1,0
ESCC,TCGA-L5-A4OT-01,KRAS,mutation_assayed_no_variant_reported,1,0
ESCC,TCGA-L5-A4OT-01,TP53,variant_reported,1,1
ESCC,TCGA-L5-A4OT-01,EGFR,mutation_assayed_no_variant_reported,1,0
ESCC,TCGA-L5-A4OT-01,ERBB2,mutation_assayed_no_variant_reported,1,0
ESCC,TCGA-L5-A4OU-01,KRAS,mutation_assayed_no_variant_reported,1,0
ESCC,TCGA-L5-A4OU-01,TP53,variant_reported,1,1
ESCC,TCGA-L5-A4OU-01,EGFR,mutation_assayed_no_variant_reported,1,0
ESCC,TCGA-L5-A4OU-01,ERBB2,variant_reported,1,1
ESCC,TCGA-L5-A4OW-01,KRAS,mutation_assayed_no_variant_reported,1,0
ESCC,TCGA-L5-A4OW-01,TP53,variant_reported,1,1
ESCC,TCGA-L5-A4OW-01,EGFR,mutation_assayed_no_variant_reported,1,0
ESCC,TCGA-L5-A4OW-01,ERBB2,mutation_assayed_no_variant_reported,1,0
ESCC,TCGA-L5-A4OX-01,KRAS,mutation_assayed_no_variant_reported,1,0
ESCC,TCGA-L5-A4OX-01,TP53,variant_reported,1,1
ESCC,TCGA-L5-A4OX-01,EGFR,mutation_assayed_no_variant_reported,1,0
ESCC,TCGA-L5-A4OX-01,ERBB2,mutation_assayed_no_variant_reported,1,0
ESCC,TCGA-L5-A88S-01,KRAS,mutation_assayed_no_variant_reported,1,0
ESCC,TCGA-L5-A88S-01,TP53,variant_reported,1,1
ESCC,TCGA-L5-A88S-01,EGFR,mutation_assayed_no_variant_reported,1,0
ESCC,TCGA-L5-A88S-01,ERBB2,mutation_assayed_no_variant_reported,1,0
ESCC,TCGA-L5-A88T-01,KRAS,mutation_assayed_no_variant_reported,1,0
ESCC,TCGA-L5-A88T-01,TP53,mutation_assayed_no_variant_reported,1,0
ESCC,TCGA-L5-A88T-01,EGFR,mutation_assayed_no_variant_reported,1,0
ESCC,TCGA-L5-A88T-01,ERBB2,mutation_assayed_no_variant_reported,1,0
ESCC,TCGA-L5-A88V-01,KRAS,mutation_assayed_no_variant_reported,1,0
ESCC,TCGA-L5-A88V-01,TP53,variant_reported,1,1
ESCC,TCGA-L5-A88V-01,EGFR,mutation_assayed_no_variant_reported,1,0
ESCC,TCGA-L5-A88V-01,ERBB2,variant_reported,1,1
ESCC,TCGA-L5-A88W-01,KRAS,mutation_assayed_no_variant_reported,1,0
ESCC,TCGA-L5-A88W-01,TP53,mutation_assayed_no_variant_reported,1,0
ESCC,TCGA-L5-A88W-01,EGFR,mutation_assayed_no_variant_reported,1,0
ESCC,TCGA-L5-A88W-01,ERBB2,mutation_assayed_no_variant_reported,1,0
ESCC,TCGA-L5-A88Y-01,KRAS,mutation_assayed_no_variant_reported,1,0
ESCC,TCGA-L5-A88Y-01,TP53,mutation_assayed_no_variant_reported,1,0
ESCC,TCGA-L5-A88Y-01,EGFR,mutation_assayed_no_variant_reported,1,0
ESCC,TCGA-L5-A88Y-01,ERBB2,mutation_assayed_no_variant_reported,1,0
ESCC,TCGA-L5-A88Z-01,KRAS,mutation_assayed_no_variant_reported,1,0
ESCC,TCGA-L5-A88Z-01,TP53,variant_reported,1,1
ESCC,TCGA-L5-A88Z-01,EGFR,mutation_assayed_no_variant_reported,1,0
ESCC,TCGA-L5-A88Z-01,ERBB2,mutation_assayed_no_variant_reported,1,0
ESCC,TCGA-L5-A891-01,KRAS,mutation_assayed_no_variant_reported,1,0
ESCC,TCGA-L5-A891-01,TP53,variant_reported,1,1
ESCC,TCGA-L5-A891-01,EGFR,mutation_assayed_no_variant_reported,1,0
ESCC,TCGA-L5-A891-01,ERBB2,mutation_assayed_no_variant_reported,1,0
ESCC,TCGA-L5-A893-01,KRAS,mutation_assayed_no_variant_reported,1,0
ESCC,TCGA-L5-A893-01,TP53,variant_reported,1,1
ESCC,TCGA-L5-A893-01,EGFR,mutation_assayed_no_variant_reported,1,0
ESCC,TCGA-L5-A893-01,ERBB2,mutation_assayed_no_variant_reported,1,0
ESCC,TCGA-L5-A8NE-01,KRAS,mutation_assayed_no_variant_reported,1,0
ESCC,TCGA-L5-A8NE-01,TP53,mutation_assayed_no_variant_reported,1,0
ESCC,TCGA-L5-A8NE-01,EGFR,mutation_assayed_no_variant_reported,1,0
ESCC,TCGA-L5-A8NE-01,ERBB2,mutation_assayed_no_variant_reported,1,0
ESCC,TCGA-L5-A8NF-01,KRAS,mutation_assayed_no_variant_reported,1,0
ESCC,TCGA-L5-A8NF-01,TP53,mutation_assayed_no_variant_reported,1,0
ESCC,TCGA-L5-A8NF-01,EGFR,mutation_assayed_no_variant_reported,1,0
ESCC,TCGA-L5-A8NF-01,ERBB2,mutation_assayed_no_variant_reported,1,0
ESCC,TCGA-L5-A8NG-01,KRAS,mutation_assayed_no_variant_reported,1,0
ESCC,TCGA-L5-A8NG-01,TP53,variant_reported,1,1
ESCC,TCGA-L5-A8NG-01,EGFR,mutation_assayed_no_variant_reported,1,0
ESCC,TCGA-L5-A8NG-01,ERBB2,mutation_assayed_no_variant_reported,1,0
ESCC,TCGA-L5-A8NH-01,KRAS,mutation_assayed_no_variant_reported,1,0
ESCC,TCGA-L5-A8NH-01,TP53,variant_reported,1,1
ESCC,TCGA-L5-A8NH-01,EGFR,mutation_assayed_no_variant_reported,1,0
ESCC,TCGA-L5-A8NH-01,ERBB2,mutation_assayed_no_variant_reported,1,0
ESCC,TCGA-L5-A8NI-01,KRAS,mutation_assayed_no_variant_reported,1,0
ESCC,TCGA-L5-A8NI-01,TP53,variant_reported,1,1
ESCC,TCGA-L5-A8NI-01,EGFR,mutation_assayed_no_variant_reported,1,0
ESCC,TCGA-L5-A8NI-01,ERBB2,mutation_assayed_no_variant_reported,1,0
ESCC,TCGA-L5-A8NJ-01,KRAS,mutation_assayed_no_variant_reported,1,0
ESCC,TCGA-L5-A8NJ-01,TP53,variant_reported,1,1
ESCC,TCGA-L5-A8NJ-01,EGFR,mutation_assayed_no_variant_reported,1,0
ESCC,TCGA-L5-A8NJ-01,ERBB2,mutation_assayed_no_variant_reported,1,0
ESCC,TCGA-L5-A8NK-01,KRAS,mutation_assayed_no_variant_reported,1,0
ESCC,TCGA-L5-A8NK-01,TP53,variant_reported,1,1
ESCC,TCGA-L5-A8NK-01,EGFR,mutation_assayed_no_variant_reported,1,0
ESCC,TCGA-L5-A8NK-01,ERBB2,mutation_assayed_no_variant_reported,1,0
ESCC,TCGA-L5-A8NL-01,KRAS,mutation_assayed_no_variant_reported,1,0
ESCC,TCGA-L5-A8NL-01,TP53,variant_reported,1,1
ESCC,TCGA-L5-A8NL-01,EGFR,mutation_assayed_no_variant_reported,1,0
ESCC,TCGA-L5-A8NL-01,ERBB2,mutation_assayed_no_variant_reported,1,0
ESCC,TCGA-L5-A8NM-01,KRAS,mutation_assayed_no_variant_reported,1,0
ESCC,TCGA-L5-A8NM-01,TP53,mutation_assayed_no_variant_reported,1,0
ESCC,TCGA-L5-A8NM-01,EGFR,variant_reported,1,1
ESCC,TCGA-L5-A8NM-01,ERBB2,variant_reported,1,1
ESCC,TCGA-L5-A8NN-01,KRAS,mutation_assayed_no_variant_reported,1,0
ESCC,TCGA-L5-A8NN-01,TP53,mutation_assayed_no_variant_reported,1,0
ESCC,TCGA-L5-A8NN-01,EGFR,mutation_assayed_no_variant_reported,1,0
ESCC,TCGA-L5-A8NN-01,ERBB2,mutation_assayed_no_variant_reported,1,0
ESCC,TCGA-L5-A8NQ-01,KRAS,mutation_assayed_no_variant_reported,1,0
ESCC,TCGA-L5-A8NQ-01,TP53,variant_reported,1,1
ESCC,TCGA-L5-A8NQ-01,EGFR,mutation_assayed_no_variant_reported,1,0
ESCC,TCGA-L5-A8NQ-01,ERBB2,mutation_assayed_no_variant_reported,1,0
ESCC,TCGA-L5-A8NR-01,KRAS,mutation_assayed_no_variant_reported,1,0
ESCC,TCGA-L5-A8NR-01,TP53,mutation_assayed_no_variant_reported,1,0
ESCC,TCGA-L5-A8NR-01,EGFR,mutation_assayed_no_variant_reported,1,0
ESCC,TCGA-L5-A8NR-01,ERBB2,mutation_assayed_no_variant_reported,1,0
ESCC,TCGA-L5-A8NS-01,KRAS,mutation_assayed_no_variant_reported,1,0
ESCC,TCGA-L5-A8NS-01,TP53,variant_reported,1,1
ESCC,TCGA-L5-A8NS-01,EGFR,mutation_assayed_no_variant_reported,1,0
ESCC,TCGA-L5-A8NS-01,ERBB2,mutation_assayed_no_variant_reported,1,0
ESCC,TCGA-L5-A8NT-01,KRAS,variant_reported,1,1
ESCC,TCGA-L5-A8NT-01,TP53,variant_reported,1,1
ESCC,TCGA-L5-A8NT-01,EGFR,mutation_assayed_no_variant_reported,1,0
ESCC,TCGA-L5-A8NT-01,ERBB2,mutation_assayed_no_variant_reported,1,0
ESCC,TCGA-L5-A8NU-01,KRAS,mutation_assayed_no_variant_reported,1,0
ESCC,TCGA-L5-A8NU-01,TP53,mutation_assayed_no_variant_reported,1,0
ESCC,TCGA-L5-A8NU-01,EGFR,mutation_assayed_no_variant_reported,1,0
ESCC,TCGA-L5-A8NU-01,ERBB2,mutation_assayed_no_variant_reported,1,0
ESCC,TCGA-L5-A8NV-01,KRAS,mutation_assayed_no_variant_reported,1,0
ESCC,TCGA-L5-A8NV-01,TP53,variant_reported,1,1
ESCC,TCGA-L5-A8NV-01,EGFR,mutation_assayed_no_variant_reported,1,0
ESCC,TCGA-L5-A8NV-01,ERBB2,mutation_assayed_no_variant_reported,1,0
ESCC,TCGA-L5-A8NW-01,KRAS,mutation_assayed_no_variant_reported,1,0
ESCC,TCGA-L5-A8NW-01,TP53,variant_reported,1,1
ESCC,TCGA-L5-A8NW-01,EGFR,mutation_assayed_no_variant_reported,1,0
ESCC,TCGA-L5-A8NW-01,ERBB2,mutation_assayed_no_variant_reported,1,0
ESCC,TCGA-L7-A56G-01,KRAS,mutation_assayed_no_variant_reported,1,0
ESCC,TCGA-L7-A56G-01,TP53,mutation_assayed_no_variant_reported,1,0
ESCC,TCGA-L7-A56G-01,EGFR,mutation_assayed_no_variant_reported,1,0
ESCC,TCGA-L7-A56G-01,ERBB2,mutation_assayed_no_variant_reported,1,0
ESCC,TCGA-L7-A6VZ-01,KRAS,mutation_assayed_no_variant_reported,1,0
ESCC,TCGA-L7-A6VZ-01,TP53,variant_reported,1,1
ESCC,TCGA-L7-A6VZ-01,EGFR,mutation_assayed_no_variant_reported,1,0
ESCC,TCGA-L7-A6VZ-01,ERBB2,mutation_assayed_no_variant_reported,1,0
ESCC,TCGA-LN-A49K-01,KRAS,mutation_assayed_no_variant_reported,1,0
ESCC,TCGA-LN-A49K-01,TP53,variant_reported,1,1
ESCC,TCGA-LN-A49K-01,EGFR,mutation_assayed_no_variant_reported,1,0
ESCC,TCGA-LN-A49K-01,ERBB2,mutation_assayed_no_variant_reported,1,0
ESCC,TCGA-LN-A49L-01,KRAS,mutation_assayed_no_variant_reported,1,0
ESCC,TCGA-LN-A49L-01,TP53,variant_reported,1,1
ESCC,TCGA-LN-A49L-01,EGFR,mutation_assayed_no_variant_reported,1,0
ESCC,TCGA-LN-A49L-01,ERBB2,mutation_assayed_no_variant_reported,1,0
ESCC,TCGA-LN-A49M-01,KRAS,mutation_assayed_no_variant_reported,1,0
ESCC,TCGA-LN-A49M-01,TP53,variant_reported,1,1
ESCC,TCGA-LN-A49M-01,EGFR,mutation_assayed_no_variant_reported,1,0
ESCC,TCGA-LN-A49M-01,ERBB2,mutation_assayed_no_variant_reported,1,0
ESCC,TCGA-LN-A49N-01,KRAS,mutation_assayed_no_variant_reported,1,0
ESCC,TCGA-LN-A49N-01,TP53,variant_reported,1,1
ESCC,TCGA-LN-A49N-01,EGFR,mutation_assayed_no_variant_reported,1,0
ESCC,TCGA-LN-A49N-01,ERBB2,mutation_assayed_no_variant_reported,1,0
ESCC,TCGA-LN-A49O-01,KRAS,mutation_assayed_no_variant_reported,1,0
ESCC,TCGA-LN-A49O-01,TP53,variant_reported,1,1
ESCC,TCGA-LN-A49O-01,EGFR,mutation_assayed_no_variant_reported,1,0
ESCC,TCGA-LN-A49O-01,ERBB2,mutation_assayed_no_variant_reported,1,0
ESCC,TCGA-LN-A49P-01,KRAS,mutation_assayed_no_variant_reported,1,0
ESCC,TCGA-LN-A49P-01,TP53,variant_reported,1,1
ESCC,TCGA-LN-A49P-01,EGFR,mutation_assayed_no_variant_reported,1,0
ESCC,TCGA-LN-A49P-01,ERBB2,mutation_assayed_no_variant_reported,1,0
ESCC,TCGA-LN-A49R-01,KRAS,mutation_assayed_no_variant_reported,1,0
ESCC,TCGA-LN-A49R-01,TP53,variant_reported,1,1
ESCC,TCGA-LN-A49R-01,EGFR,mutation_assayed_no_variant_reported,1,0
ESCC,TCGA-LN-A49R-01,ERBB2,mutation_assayed_no_variant_reported,1,0
ESCC,TCGA-LN-A49S-01,KRAS,mutation_assayed_no_variant_reported,1,0
ESCC,TCGA-LN-A49S-01,TP53,variant_reported,1,1
ESCC,TCGA-LN-A49S-01,EGFR,mutation_assayed_no_variant_reported,1,0
ESCC,TCGA-LN-A49S-01,ERBB2,mutation_assayed_no_variant_reported,1,0
ESCC,TCGA-LN-A49U-01,KRAS,mutation_assayed_no_variant_reported,1,0
ESCC,TCGA-LN-A49U-01,TP53,variant_reported,1,1
ESCC,TCGA-LN-A49U-01,EGFR,mutation_assayed_no_variant_reported,1,0
ESCC,TCGA-LN-A49U-01,ERBB2,mutation_assayed_no_variant_reported,1,0
ESCC,TCGA-LN-A49V-01,KRAS,mutation_assayed_no_variant_reported,1,0
ESCC,TCGA-LN-A49V-01,TP53,variant_reported,1,1
ESCC,TCGA-LN-A49V-01,EGFR,mutation_assayed_no_variant_reported,1,0
ESCC,TCGA-LN-A49V-01,ERBB2,mutation_assayed_no_variant_reported,1,0
ESCC,TCGA-LN-A49W-01,KRAS,mutation_assayed_no_variant_reported,1,0
ESCC,TCGA-LN-A49W-01,TP53,variant_reported,1,1
ESCC,TCGA-LN-A49W-01,EGFR,variant_reported,1,1
ESCC,TCGA-LN-A49W-01,ERBB2,mutation_assayed_no_variant_reported,1,0
ESCC,TCGA-LN-A49X-01,KRAS,mutation_assayed_no_variant_reported,1,0
ESCC,TCGA-LN-A49X-01,TP53,variant_reported,1,1
ESCC,TCGA-LN-A49X-01,EGFR,mutation_assayed_no_variant_reported,1,0
ESCC,TCGA-LN-A49X-01,ERBB2,mutation_assayed_no_variant_reported,1,0
ESCC,TCGA-LN-A49Y-01,KRAS,mutation_assayed_no_variant_reported,1,0
ESCC,TCGA-LN-A49Y-01,TP53,variant_reported,1,1
ESCC,TCGA-LN-A49Y-01,EGFR,mutation_assayed_no_variant_reported,1,0
ESCC,TCGA-LN-A49Y-01,ERBB2,mutation_assayed_no_variant_reported,1,0
ESCC,TCGA-LN-A4A1-01,KRAS,mutation_assayed_no_variant_reported,1,0
ESCC,TCGA-LN-A4A1-01,TP53,variant_reported,1,1
ESCC,TCGA-LN-A4A1-01,EGFR,mutation_assayed_no_variant_reported,1,0
ESCC,TCGA-LN-A4A1-01,ERBB2,mutation_assayed_no_variant_reported,1,0
ESCC,TCGA-LN-A4A2-01,KRAS,mutation_assayed_no_variant_reported,1,0
ESCC,TCGA-LN-A4A2-01,TP53,variant_reported,1,1
ESCC,TCGA-LN-A4A2-01,EGFR,mutation_assayed_no_variant_reported,1,0
ESCC,TCGA-LN-A4A2-01,ERBB2,mutation_assayed_no_variant_reported,1,0
ESCC,TCGA-LN-A4A3-01,KRAS,mutation_assayed_no_variant_reported,1,0
ESCC,TCGA-LN-A4A3-01,TP53,variant_reported,1,1
ESCC,TCGA-LN-A4A3-01,EGFR,mutation_assayed_no_variant_reported,1,0
ESCC,TCGA-LN-A4A3-01,ERBB2,mutation_assayed_no_variant_reported,1,0
ESCC,TCGA-LN-A4A4-01,KRAS,mutation_assayed_no_variant_reported,1,0
ESCC,TCGA-LN-A4A4-01,TP53,variant_reported,1,1
ESCC,TCGA-LN-A4A4-01,EGFR,mutation_assayed_no_variant_reported,1,0
ESCC,TCGA-LN-A4A4-01,ERBB2,mutation_assayed_no_variant_reported,1,0
ESCC,TCGA-LN-A4A5-01,KRAS,mutation_assayed_no_variant_reported,1,0
ESCC,TCGA-LN-A4A5-01,TP53,variant_reported,1,1
ESCC,TCGA-LN-A4A5-01,EGFR,mutation_assayed_no_variant_reported,1,0
ESCC,TCGA-LN-A4A5-01,ERBB2,mutation_assayed_no_variant_reported,1,0
ESCC,TCGA-LN-A4A6-01,KRAS,mutation_assayed_no_variant_reported,1,0
ESCC,TCGA-LN-A4A6-01,TP53,variant_reported,1,1
ESCC,TCGA-LN-A4A6-01,EGFR,mutation_assayed_no_variant_reported,1,0
ESCC,TCGA-LN-A4A6-01,ERBB2,mutation_assayed_no_variant_reported,1,0
ESCC,TCGA-LN-A4A8-01,KRAS,mutation_assayed_no_variant_reported,1,0
ESCC,TCGA-LN-A4A8-01,TP53,variant_reported,1,1
ESCC,TCGA-LN-A4A8-01,EGFR,mutation_assayed_no_variant_reported,1,0
ESCC,TCGA-LN-A4A8-01,ERBB2,mutation_assayed_no_variant_reported,1,0
ESCC,TCGA-LN-A4A9-01,KRAS,mutation_assayed_no_variant_reported,1,0
ESCC,TCGA-LN-A4A9-01,TP53,variant_reported,1,1
ESCC,TCGA-LN-A4A9-01,EGFR,mutation_assayed_no_variant_reported,1,0
ESCC,TCGA-LN-A4A9-01,ERBB2,mutation_assayed_no_variant_reported,1,0
ESCC,TCGA-LN-A4MQ-01,KRAS,mutation_assayed_no_variant_reported,1,0
ESCC,TCGA-LN-A4MQ-01,TP53,variant_reported,1,1
ESCC,TCGA-LN-A4MQ-01,EGFR,mutation_assayed_no_variant_reported,1,0
ESCC,TCGA-LN-A4MQ-01,ERBB2,mutation_assayed_no_variant_reported,1,0
ESCC,TCGA-LN-A4MR-01,KRAS,mutation_assayed_no_variant_reported,1,0
ESCC,TCGA-LN-A4MR-01,TP53,variant_reported,1,1
ESCC,TCGA-LN-A4MR-01,EGFR,mutation_assayed_no_variant_reported,1,0
ESCC,TCGA-LN-A4MR-01,ERBB2,mutation_assayed_no_variant_reported,1,0
ESCC,TCGA-LN-A5U5-01,KRAS,mutation_assayed_no_variant_reported,1,0
ESCC,TCGA-LN-A5U5-01,TP53,variant_reported,1,1
ESCC,TCGA-LN-A5U5-01,EGFR,mutation_assayed_no_variant_reported,1,0
ESCC,TCGA-LN-A5U5-01,ERBB2,mutation_assayed_no_variant_reported,1,0
ESCC,TCGA-LN-A5U6-01,KRAS,mutation_assayed_no_variant_reported,1,0
ESCC,TCGA-LN-A5U6-01,TP53,variant_reported,1,1
ESCC,TCGA-LN-A5U6-01,EGFR,mutation_assayed_no_variant_reported,1,0
ESCC,TCGA-LN-A5U6-01,ERBB2,mutation_assayed_no_variant_reported,1,0
ESCC,TCGA-LN-A5U7-01,KRAS,mutation_assayed_no_variant_reported,1,0
ESCC,TCGA-LN-A5U7-01,TP53,variant_reported,1,1
ESCC,TCGA-LN-A5U7-01,EGFR,mutation_assayed_no_variant_reported,1,0
ESCC,TCGA-LN-A5U7-01,ERBB2,mutation_assayed_no_variant_reported,1,0
ESCC,TCGA-LN-A7HV-01,KRAS,mutation_assayed_no_variant_reported,1,0
ESCC,TCGA-LN-A7HV-01,TP53,variant_reported,1,1
ESCC,TCGA-LN-A7HV-01,EGFR,mutation_assayed_no_variant_reported,1,0
ESCC,TCGA-LN-A7HV-01,ERBB2,mutation_assayed_no_variant_reported,1,0
ESCC,TCGA-LN-A7HW-01,KRAS,mutation_assayed_no_variant_reported,1,0
ESCC,TCGA-LN-A7HW-01,TP53,variant_reported,1,1
ESCC,TCGA-LN-A7HW-01,EGFR,mutation_assayed_no_variant_reported,1,0
ESCC,TCGA-LN-A7HW-01,ERBB2,mutation_assayed_no_variant_reported,1,0
ESCC,TCGA-LN-A7HX-01,KRAS,mutation_assayed_no_variant_reported,1,0
ESCC,TCGA-LN-A7HX-01,TP53,variant_reported,1,1
ESCC,TCGA-LN-A7HX-01,EGFR,mutation_assayed_no_variant_reported,1,0
ESCC,TCGA-LN-A7HX-01,ERBB2,mutation_assayed_no_variant_reported,1,0
ESCC,TCGA-LN-A7HY-01,KRAS,mutation_assayed_no_variant_reported,1,0
ESCC,TCGA-LN-A7HY-01,TP53,variant_reported,1,1
ESCC,TCGA-LN-A7HY-01,EGFR,mutation_assayed_no_variant_reported,1,0
ESCC,TCGA-LN-A7HY-01,ERBB2,mutation_assayed_no_variant_reported,1,0
ESCC,TCGA-LN-A7HZ-01,KRAS,mutation_assayed_no_variant_reported,1,0
ESCC,TCGA-LN-A7HZ-01,TP53,variant_reported,1,1
ESCC,TCGA-LN-A7HZ-01,EGFR,mutation_assayed_no_variant_reported,1,0
ESCC,TCGA-LN-A7HZ-01,ERBB2,mutation_assayed_no_variant_reported,1,0
ESCC,TCGA-LN-A8HZ-01,KRAS,mutation_assayed_no_variant_reported,1,0
ESCC,TCGA-LN-A8HZ-01,TP53,variant_reported,1,1
ESCC,TCGA-LN-A8HZ-01,EGFR,mutation_assayed_no_variant_reported,1,0
ESCC,TCGA-LN-A8HZ-01,ERBB2,mutation_assayed_no_variant_reported,1,0
ESCC,TCGA-LN-A8I0-01,KRAS,mutation_assayed_no_variant_reported,1,0
ESCC,TCGA-LN-A8I0-01,TP53,variant_reported,1,1
ESCC,TCGA-LN-A8I0-01,EGFR,mutation_assayed_no_variant_reported,1,0
ESCC,TCGA-LN-A8I0-01,ERBB2,mutation_assayed_no_variant_reported,1,0
ESCC,TCGA-LN-A8I1-01,KRAS,mutation_assayed_no_variant_reported,1,0
ESCC,TCGA-LN-A8I1-01,TP53,variant_reported,1,1
ESCC,TCGA-LN-A8I1-01,EGFR,mutation_assayed_no_variant_reported,1,0
ESCC,TCGA-LN-A8I1-01,ERBB2,mutation_assayed_no_variant_reported,1,0
ESCC,TCGA-LN-A9FO-01,KRAS,mutation_assayed_no_variant_reported,1,0
ESCC,TCGA-LN-A9FO-01,TP53,variant_reported,1,1
ESCC,TCGA-LN-A9FO-01,EGFR,mutation_assayed_no_variant_reported,1,0
ESCC,TCGA-LN-A9FO-01,ERBB2,mutation_assayed_no_variant_reported,1,0
ESCC,TCGA-LN-A9FP-01,KRAS,mutation_assayed_no_variant_reported,1,0
ESCC,TCGA-LN-A9FP-01,TP53,variant_reported,1,1
ESCC,TCGA-LN-A9FP-01,EGFR,mutation_assayed_no_variant_reported,1,0
ESCC,TCGA-LN-A9FP-01,ERBB2,mutation_assayed_no_variant_reported,1,0
ESCC,TCGA-LN-A9FQ-01,KRAS,mutation_assayed_no_variant_reported,1,0
ESCC,TCGA-LN-A9FQ-01,TP53,variant_reported,1,1
ESCC,TCGA-LN-A9FQ-01,EGFR,mutation_assayed_no_variant_reported,1,0
ESCC,TCGA-LN-A9FQ-01,ERBB2,mutation_assayed_no_variant_reported,1,0
ESCC,TCGA-LN-A9FR-01,KRAS,mutation_assayed_no_variant_reported,1,0
ESCC,TCGA-LN-A9FR-01,TP53,variant_reported,1,1
ESCC,TCGA-LN-A9FR-01,EGFR,mutation_assayed_no_variant_reported,1,0
ESCC,TCGA-LN-A9FR-01,ERBB2,mutation_assayed_no_variant_reported,1,0
ESCC,TCGA-M9-A5M8-01,KRAS,mutation_assayed_no_variant_reported,1,0
ESCC,TCGA-M9-A5M8-01,TP53,mutation_assayed_no_variant_reported,1,0
ESCC,TCGA-M9-A5M8-01,EGFR,mutation_assayed_no_variant_reported,1,0
ESCC,TCGA-M9-A5M8-01,ERBB2,mutation_assayed_no_variant_reported,1,0
ESCC,TCGA-Q9-A6FU-01,KRAS,mutation_assayed_no_variant_reported,1,0
ESCC,TCGA-Q9-A6FU-01,TP53,mutation_assayed_no_variant_reported,1,0
ESCC,TCGA-Q9-A6FU-01,EGFR,mutation_assayed_no_variant_reported,1,0
ESCC,TCGA-Q9-A6FU-01,ERBB2,mutation_assayed_no_variant_reported,1,0
ESCC,TCGA-Q9-A6FW-01,KRAS,mutation_assayed_no_variant_reported,1,0
ESCC,TCGA-Q9-A6FW-01,TP53,mutation_assayed_no_variant_reported,1,0
ESCC,TCGA-Q9-A6FW-01,EGFR,mutation_assayed_no_variant_reported,1,0
ESCC,TCGA-Q9-A6FW-01,ERBB2,mutation_assayed_no_variant_reported,1,0
ESCC,TCGA-R6-A6DN-01,KRAS,mutation_assayed_no_variant_reported,1,0
ESCC,TCGA-R6-A6DN-01,TP53,variant_reported,1,1
ESCC,TCGA-R6-A6DN-01,EGFR,mutation_assayed_no_variant_reported,1,0
ESCC,TCGA-R6-A6DN-01,ERBB2,mutation_assayed_no_variant_reported,1,0
ESCC,TCGA-R6-A6DQ-01,KRAS,mutation_assayed_no_variant_reported,1,0
ESCC,TCGA-R6-A6DQ-01,TP53,variant_reported,1,1
ESCC,TCGA-R6-A6DQ-01,EGFR,mutation_assayed_no_variant_reported,1,0
ESCC,TCGA-R6-A6DQ-01,ERBB2,variant_reported,1,1
ESCC,TCGA-R6-A6KZ-01,KRAS,mutation_assayed_no_variant_reported,1,0
ESCC,TCGA-R6-A6KZ-01,TP53,variant_reported,1,1
ESCC,TCGA-R6-A6KZ-01,EGFR,mutation_assayed_no_variant_reported,1,0
ESCC,TCGA-R6-A6KZ-01,ERBB2,variant_reported,1,1
ESCC,TCGA-R6-A6L4-01,KRAS,mutation_assayed_no_variant_reported,1,0
ESCC,TCGA-R6-A6L4-01,TP53,variant_reported,1,1
ESCC,TCGA-R6-A6L4-01,EGFR,mutation_assayed_no_variant_reported,1,0
ESCC,TCGA-R6-A6L4-01,ERBB2,mutation_assayed_no_variant_reported,1,0
ESCC,TCGA-R6-A6L6-01,KRAS,mutation_assayed_no_variant_reported,1,0
ESCC,TCGA-R6-A6L6-01,TP53,mutation_assayed_no_variant_reported,1,0
ESCC,TCGA-R6-A6L6-01,EGFR,mutation_assayed_no_variant_reported,1,0
ESCC,TCGA-R6-A6L6-01,ERBB2,mutation_assayed_no_variant_reported,1,0
ESCC,TCGA-R6-A6XG-01,KRAS,mutation_assayed_no_variant_reported,1,0
ESCC,TCGA-R6-A6XG-01,TP53,mutation_assayed_no_variant_reported,1,0
ESCC,TCGA-R6-A6XG-01,EGFR,variant_reported,1,1
ESCC,TCGA-R6-A6XG-01,ERBB2,mutation_assayed_no_variant_reported,1,0
ESCC,TCGA-R6-A6XQ-01,KRAS,mutation_assayed_no_variant_reported,1,0
ESCC,TCGA-R6-A6XQ-01,TP53,variant_reported,1,1
ESCC,TCGA-R6-A6XQ-01,EGFR,mutation_assayed_no_variant_reported,1,0
ESCC,TCGA-R6-A6XQ-01,ERBB2,mutation_assayed_no_variant_reported,1,0
ESCC,TCGA-R6-A6Y0-01,KRAS,mutation_assayed_no_variant_reported,1,0
ESCC,TCGA-R6-A6Y0-01,TP53,variant_reported,1,1
ESCC,TCGA-R6-A6Y0-01,EGFR,mutation_assayed_no_variant_reported,1,0
ESCC,TCGA-R6-A6Y0-01,ERBB2,mutation_assayed_no_variant_reported,1,0
ESCC,TCGA-R6-A6Y2-01,KRAS,mutation_assayed_no_variant_reported,1,0
ESCC,TCGA-R6-A6Y2-01,TP53,variant_reported,1,1
ESCC,TCGA-R6-A6Y2-01,EGFR,mutation_assayed_no_variant_reported,1,0
ESCC,TCGA-R6-A6Y2-01,ERBB2,mutation_assayed_no_variant_reported,1,0
ESCC,TCGA-R6-A8W5-01,KRAS,mutation_assayed_no_variant_reported,1,0
ESCC,TCGA-R6-A8W5-01,TP53,variant_reported,1,1
ESCC,TCGA-R6-A8W5-01,EGFR,mutation_assayed_no_variant_reported,1,0
ESCC,TCGA-R6-A8W5-01,ERBB2,mutation_assayed_no_variant_reported,1,0
ESCC,TCGA-R6-A8W8-01,KRAS,mutation_assayed_no_variant_reported,1,0
ESCC,TCGA-R6-A8W8-01,TP53,variant_reported,1,1
ESCC,TCGA-R6-A8W8-01,EGFR,mutation_assayed_no_variant_reported,1,0
ESCC,TCGA-R6-A8W8-01,ERBB2,mutation_assayed_no_variant_reported,1,0
ESCC,TCGA-R6-A8WC-01,KRAS,mutation_assayed_no_variant_reported,1,0
ESCC,TCGA-R6-A8WC-01,TP53,variant_reported,1,1
ESCC,TCGA-R6-A8WC-01,EGFR,mutation_assayed_no_variant_reported,1,0
ESCC,TCGA-R6-A8WC-01,ERBB2,variant_reported,1,1
ESCC,TCGA-R6-A8WG-01,KRAS,mutation_assayed_no_variant_reported,1,0
ESCC,TCGA-R6-A8WG-01,TP53,variant_reported,1,1
ESCC,TCGA-R6-A8WG-01,EGFR,mutation_assayed_no_variant_reported,1,0
ESCC,TCGA-R6-A8WG-01,ERBB2,variant_reported,1,1
ESCC,TCGA-RE-A7BO-01,KRAS,mutation_assayed_no_variant_reported,1,0
ESCC,TCGA-RE-A7BO-01,TP53,mutation_assayed_no_variant_reported,1,0
ESCC,TCGA-RE-A7BO-01,EGFR,mutation_assayed_no_variant_reported,1,0
ESCC,TCGA-RE-A7BO-01,ERBB2,mutation_assayed_no_variant_reported,1,0
ESCC,TCGA-S8-A6BV-01,KRAS,mutation_assayed_no_variant_reported,1,0
ESCC,TCGA-S8-A6BV-01,TP53,variant_reported,1,1
ESCC,TCGA-S8-A6BV-01,EGFR,mutation_assayed_no_variant_reported,1,0
ESCC,TCGA-S8-A6BV-01,ERBB2,mutation_assayed_no_variant_reported,1,0
ESCC,TCGA-S8-A6BW-01,KRAS,mutation_assayed_no_variant_reported,1,0
ESCC,TCGA-S8-A6BW-01,TP53,variant_reported,1,1
ESCC,TCGA-S8-A6BW-01,EGFR,mutation_assayed_no_variant_reported,1,0
ESCC,TCGA-S8-A6BW-01,ERBB2,mutation_assayed_no_variant_reported,1,0
ESCC,TCGA-V5-A7RB-01,KRAS,mutation_assayed_no_variant_reported,1,0
ESCC,TCGA-V5-A7RB-01,TP53,variant_reported,1,1
ESCC,TCGA-V5-A7RB-01,EGFR,mutation_assayed_no_variant_reported,1,0
ESCC,TCGA-V5-A7RB-01,ERBB2,mutation_assayed_no_variant_reported,1,0
ESCC,TCGA-V5-A7RC-01,KRAS,mutation_assayed_no_variant_reported,1,0
ESCC,TCGA-V5-A7RC-01,TP53,variant_reported,1,1
ESCC,TCGA-V5-A7RC-01,EGFR,mutation_assayed_no_variant_reported,1,0
ESCC,TCGA-V5-A7RC-01,ERBB2,mutation_assayed_no_variant_reported,1,0
ESCC,TCGA-V5-A7RC-06,KRAS,mutation_assayed_no_variant_reported,1,0
ESCC,TCGA-V5-A7RC-06,TP53,variant_reported,1,1
ESCC,TCGA-V5-A7RC-06,EGFR,mutation_assayed_no_variant_reported,1,0
ESCC,TCGA-V5-A7RC-06,ERBB2,mutation_assayed_no_variant_reported,1,0
ESCC,TCGA-V5-A7RE-01,KRAS,mutation_assayed_no_variant_reported,1,0
ESCC,TCGA-V5-A7RE-01,TP53,variant_reported,1,1
ESCC,TCGA-V5-A7RE-01,EGFR,mutation_assayed_no_variant_reported,1,0
ESCC,TCGA-V5-A7RE-01,ERBB2,mutation_assayed_no_variant_reported,1,0
ESCC,TCGA-V5-AASV-01,KRAS,mutation_assayed_no_variant_reported,1,0
ESCC,TCGA-V5-AASV-01,TP53,mutation_assayed_no_variant_reported,1,0
ESCC,TCGA-V5-AASV-01,EGFR,mutation_assayed_no_variant_reported,1,0
ESCC,TCGA-V5-AASV-01,ERBB2,mutation_assayed_no_variant_reported,1,0
ESCC,TCGA-V5-AASW-01,KRAS,mutation_assayed_no_variant_reported,1,0
ESCC,TCGA-V5-AASW-01,TP53,variant_reported,1,1
ESCC,TCGA-V5-AASW-01,EGFR,mutation_assayed_no_variant_reported,1,0
ESCC,TCGA-V5-AASW-01,ERBB2,mutation_assayed_no_variant_reported,1,0
ESCC,TCGA-V5-AASX-01,KRAS,mutation_assayed_no_variant_reported,1,0
ESCC,TCGA-V5-AASX-01,TP53,variant_reported,1,1
ESCC,TCGA-V5-AASX-01,EGFR,mutation_assayed_no_variant_reported,1,0
ESCC,TCGA-V5-AASX-01,ERBB2,mutation_assayed_no_variant_reported,1,0
ESCC,TCGA-VR-A8EO-01,KRAS,mutation_assayed_no_variant_reported,1,0
ESCC,TCGA-VR-A8EO-01,TP53,variant_reported,1,1
ESCC,TCGA-VR-A8EO-01,EGFR,mutation_assayed_no_variant_reported,1,0
ESCC,TCGA-VR-A8EO-01,ERBB2,mutation_assayed_no_variant_reported,1,0
ESCC,TCGA-VR-A8EP-01,KRAS,mutation_assayed_no_variant_reported,1,0
ESCC,TCGA-VR-A8EP-01,TP53,variant_reported,1,1
ESCC,TCGA-VR-A8EP-01,EGFR,mutation_assayed_no_variant_reported,1,0
ESCC,TCGA-VR-A8EP-01,ERBB2,mutation_assayed_no_variant_reported,1,0
ESCC,TCGA-VR-A8EQ-01,KRAS,mutation_assayed_no_variant_reported,1,0
ESCC,TCGA-VR-A8EQ-01,TP53,variant_reported,1,1
ESCC,TCGA-VR-A8EQ-01,EGFR,mutation_assayed_no_variant_reported,1,0
ESCC,TCGA-VR-A8EQ-01,ERBB2,mutation_assayed_no_variant_reported,1,0
ESCC,TCGA-VR-A8ER-01,KRAS,mutation_assayed_no_variant_reported,1,0
ESCC,TCGA-VR-A8ER-01,TP53,variant_reported,1,1
ESCC,TCGA-VR-A8ER-01,EGFR,mutation_assayed_no_variant_reported,1,0
ESCC,TCGA-VR-A8ER-01,ERBB2,mutation_assayed_no_variant_reported,1,0
ESCC,TCGA-VR-A8ET-01,KRAS,mutation_assayed_no_variant_reported,1,0
ESCC,TCGA-VR-A8ET-01,TP53,mutation_assayed_no_variant_reported,1,0
ESCC,TCGA-VR-A8ET-01,EGFR,mutation_assayed_no_variant_reported,1,0
ESCC,TCGA-VR-A8ET-01,ERBB2,mutation_assayed_no_variant_reported,1,0
ESCC,TCGA-VR-A8EU-01,KRAS,mutation_assayed_no_variant_reported,1,0
ESCC,TCGA-VR-A8EU-01,TP53,variant_reported,1,1
ESCC,TCGA-VR-A8EU-01,EGFR,mutation_assayed_no_variant_reported,1,0
ESCC,TCGA-VR-A8EU-01,ERBB2,mutation_assayed_no_variant_reported,1,0
ESCC,TCGA-VR-A8EW-01,KRAS,mutation_assayed_no_variant_reported,1,0
ESCC,TCGA-VR-A8EW-01,TP53,variant_reported,1,1
ESCC,TCGA-VR-A8EW-01,EGFR,mutation_assayed_no_variant_reported,1,0
ESCC,TCGA-VR-A8EW-01,ERBB2,mutation_assayed_no_variant_reported,1,0
ESCC,TCGA-VR-A8EX-01,KRAS,mutation_assayed_no_variant_reported,1,0
ESCC,TCGA-VR-A8EX-01,TP53,variant_reported,1,1
ESCC,TCGA-VR-A8EX-01,EGFR,mutation_assayed_no_variant_reported,1,0
ESCC,TCGA-VR-A8EX-01,ERBB2,mutation_assayed_no_variant_reported,1,0
ESCC,TCGA-VR-A8EY-01,KRAS,mutation_assayed_no_variant_reported,1,0
ESCC,TCGA-VR-A8EY-01,TP53,variant_reported,1,1
ESCC,TCGA-VR-A8EY-01,EGFR,mutation_assayed_no_variant_reported,1,0
ESCC,TCGA-VR-A8EY-01,ERBB2,mutation_assayed_no_variant_reported,1,0
ESCC,TCGA-VR-A8EZ-01,KRAS,mutation_assayed_no_variant_reported,1,0
ESCC,TCGA-VR-A8EZ-01,TP53,variant_reported,1,1
ESCC,TCGA-VR-A8EZ-01,EGFR,mutation_assayed_no_variant_reported,1,0
ESCC,TCGA-VR-A8EZ-01,ERBB2,mutation_assayed_no_variant_reported,1,0
ESCC,TCGA-VR-A8Q7-01,KRAS,mutation_assayed_no_variant_reported,1,0
ESCC,TCGA-VR-A8Q7-01,TP53,variant_reported,1,1
ESCC,TCGA-VR-A8Q7-01,EGFR,mutation_assayed_no_variant_reported,1,0
ESCC,TCGA-VR-A8Q7-01,ERBB2,mutation_assayed_no_variant_reported,1,0
ESCC,TCGA-VR-AA4D-01,KRAS,mutation_assayed_no_variant_reported,1,0
ESCC,TCGA-VR-AA4D-01,TP53,variant_reported,1,1
ESCC,TCGA-VR-AA4D-01,EGFR,mutation_assayed_no_variant_reported,1,0
ESCC,TCGA-VR-AA4D-01,ERBB2,mutation_assayed_no_variant_reported,1,0
ESCC,TCGA-VR-AA4G-01,KRAS,mutation_assayed_no_variant_reported,1,0
ESCC,TCGA-VR-AA4G-01,TP53,variant_reported,1,1
ESCC,TCGA-VR-AA4G-01,EGFR,mutation_assayed_no_variant_reported,1,0
ESCC,TCGA-VR-AA4G-01,ERBB2,mutation_assayed_no_variant_reported,1,0
ESCC,TCGA-VR-AA7B-01,KRAS,mutation_assayed_no_variant_reported,1,0
ESCC,TCGA-VR-AA7B-01,TP53,variant_reported,1,1
ESCC,TCGA-VR-AA7B-01,EGFR,mutation_assayed_no_variant_reported,1,0
ESCC,TCGA-VR-AA7B-01,ERBB2,mutation_assayed_no_variant_reported,1,0
ESCC,TCGA-VR-AA7D-01,KRAS,mutation_assayed_no_variant_reported,1,0
ESCC,TCGA-VR-AA7D-01,TP53,variant_reported,1,1
ESCC,TCGA-VR-AA7D-01,EGFR,mutation_assayed_no_variant_reported,1,0
ESCC,TCGA-VR-AA7D-01,ERBB2,mutation_assayed_no_variant_reported,1,0
ESCC,TCGA-VR-AA7I-01,KRAS,mutation_assayed_no_variant_reported,1,0
ESCC,TCGA-VR-AA7I-01,TP53,variant_reported,1,1
ESCC,TCGA-VR-AA7I-01,EGFR,mutation_assayed_no_variant_reported,1,0
ESCC,TCGA-VR-AA7I-01,ERBB2,mutation_assayed_no_variant_reported,1,0
ESCC,TCGA-X8-AAAR-01,KRAS,mutation_assayed_no_variant_reported,1,0
ESCC,TCGA-X8-AAAR-01,TP53,variant_reported,1,1
ESCC,TCGA-X8-AAAR-01,EGFR,mutation_assayed_no_variant_reported,1,0
ESCC,TCGA-X8-AAAR-01,ERBB2,mutation_assayed_no_variant_reported,1,0
ESCC,TCGA-XP-A8T6-01,KRAS,mutation_assayed_no_variant_reported,1,0
ESCC,TCGA-XP-A8T6-01,TP53,variant_reported,1,1
ESCC,TCGA-XP-A8T6-01,EGFR,mutation_assayed_no_variant_reported,1,0
ESCC,TCGA-XP-A8T6-01,ERBB2,mutation_assayed_no_variant_reported,1,0
ESCC,TCGA-XP-A8T7-01,KRAS,mutation_assayed_no_variant_reported,1,0
ESCC,TCGA-XP-A8T7-01,TP53,variant_reported,1,1
ESCC,TCGA-XP-A8T7-01,EGFR,mutation_assayed_no_variant_reported,1,0
ESCC,TCGA-XP-A8T7-01,ERBB2,mutation_assayed_no_variant_reported,1,0
ESCC,TCGA-XP-A8T8-01,KRAS,mutation_assayed_no_variant_reported,1,0
ESCC,TCGA-XP-A8T8-01,TP53,variant_reported,1,1
ESCC,TCGA-XP-A8T8-01,EGFR,mutation_assayed_no_variant_reported,1,0
ESCC,TCGA-XP-A8T8-01,ERBB2,mutation_assayed_no_variant_reported,1,0
ESCC,TCGA-Z6-A8JD-01,KRAS,mutation_assayed_no_variant_reported,1,0
ESCC,TCGA-Z6-A8JD-01,TP53,variant_reported,1,1
ESCC,TCGA-Z6-A8JD-01,EGFR,mutation_assayed_no_variant_reported,1,0
ESCC,TCGA-Z6-A8JD-01,ERBB2,mutation_assayed_no_variant_reported,1,0
ESCC,TCGA-Z6-A8JE-01,KRAS,mutation_assayed_no_variant_reported,1,0
ESCC,TCGA-Z6-A8JE-01,TP53,variant_reported,1,1
ESCC,TCGA-Z6-A8JE-01,EGFR,mutation_assayed_no_variant_reported,1,0
ESCC,TCGA-Z6-A8JE-01,ERBB2,mutation_assayed_no_variant_reported,1,0
ESCC,TCGA-Z6-A9VB-01,KRAS,mutation_assayed_no_variant_reported,1,0
ESCC,TCGA-Z6-A9VB-01,TP53,variant_reported,1,1
ESCC,TCGA-Z6-A9VB-01,EGFR,mutation_assayed_no_variant_reported,1,0
ESCC,TCGA-Z6-A9VB-01,ERBB2,mutation_assayed_no_variant_reported,1,0
ESCC,TCGA-Z6-AAPN-01,KRAS,mutation_assayed_no_variant_reported,1,0
ESCC,TCGA-Z6-AAPN-01,TP53,mutation_assayed_no_variant_reported,1,0
ESCC,TCGA-Z6-AAPN-01,EGFR,mutation_assayed_no_variant_reported,1,0
ESCC,TCGA-Z6-AAPN-01,ERBB2,mutation_assayed_no_variant_reported,1,0
ESCC,TCGA-ZR-A9CJ-01,KRAS,mutation_assayed_no_variant_reported,1,0
ESCC,TCGA-ZR-A9CJ-01,TP53,variant_reported,1,1
ESCC,TCGA-ZR-A9CJ-01,EGFR,mutation_assayed_no_variant_reported,1,0
ESCC,TCGA-ZR-A9CJ-01,ERBB2,mutation_assayed_no_variant_reported,1,0
HCC,TCGA-2V-A95S-01,KRAS,mutation_assayed_no_variant_reported,1,0
HCC,TCGA-2V-A95S-01,TP53,mutation_assayed_no_variant_reported,1,0
HCC,TCGA-2V-A95S-01,EGFR,mutation_assayed_no_variant_reported,1,0
HCC,TCGA-2V-A95S-01,ERBB2,mutation_assayed_no_variant_reported,1,0
HCC,TCGA-2Y-A9GS-01,KRAS,mutation_assayed_no_variant_reported,1,0
HCC,TCGA-2Y-A9GS-01,TP53,variant_reported,1,1
HCC,TCGA-2Y-A9GS-01,EGFR,mutation_assayed_no_variant_reported,1,0
HCC,TCGA-2Y-A9GS-01,ERBB2,mutation_assayed_no_variant_reported,1,0
HCC,TCGA-2Y-A9GT-01,KRAS,mutation_assayed_no_variant_reported,1,0
HCC,TCGA-2Y-A9GT-01,TP53,mutation_assayed_no_variant_reported,1,0
HCC,TCGA-2Y-A9GT-01,EGFR,mutation_assayed_no_variant_reported,1,0
HCC,TCGA-2Y-A9GT-01,ERBB2,mutation_assayed_no_variant_reported,1,0
HCC,TCGA-2Y-A9GU-01,KRAS,mutation_assayed_no_variant_reported,1,0
HCC,TCGA-2Y-A9GU-01,TP53,mutation_assayed_no_variant_reported,1,0
HCC,TCGA-2Y-A9GU-01,EGFR,mutation_assayed_no_variant_reported,1,0
HCC,TCGA-2Y-A9GU-01,ERBB2,mutation_assayed_no_variant_reported,1,0
HCC,TCGA-2Y-A9GV-01,KRAS,mutation_assayed_no_variant_reported,1,0
HCC,TCGA-2Y-A9GV-01,TP53,mutation_assayed_no_variant_reported,1,0
HCC,TCGA-2Y-A9GV-01,EGFR,mutation_assayed_no_variant_reported,1,0
HCC,TCGA-2Y-A9GV-01,ERBB2,mutation_assayed_no_variant_reported,1,0
HCC,TCGA-2Y-A9GW-01,KRAS,mutation_assayed_no_variant_reported,1,0
HCC,TCGA-2Y-A9GW-01,TP53,mutation_assayed_no_variant_reported,1,0
HCC,TCGA-2Y-A9GW-01,EGFR,mutation_assayed_no_variant_reported,1,0
HCC,TCGA-2Y-A9GW-01,ERBB2,mutation_assayed_no_variant_reported,1,0
HCC,TCGA-2Y-A9GX-01,KRAS,mutation_assayed_no_variant_reported,1,0
HCC,TCGA-2Y-A9GX-01,TP53,mutation_assayed_no_variant_reported,1,0
HCC,TCGA-2Y-A9GX-01,EGFR,mutation_assayed_no_variant_reported,1,0
HCC,TCGA-2Y-A9GX-01,ERBB2,mutation_assayed_no_variant_reported,1,0
HCC,TCGA-2Y-A9GY-01,KRAS,mutation_assayed_no_variant_reported,1,0
HCC,TCGA-2Y-A9GY-01,TP53,variant_reported,1,1
HCC,TCGA-2Y-A9GY-01,EGFR,mutation_assayed_no_variant_reported,1,0
HCC,TCGA-2Y-A9GY-01,ERBB2,mutation_assayed_no_variant_reported,1,0
HCC,TCGA-2Y-A9GZ-01,KRAS,mutation_assayed_no_variant_reported,1,0
HCC,TCGA-2Y-A9GZ-01,TP53,mutation_assayed_no_variant_reported,1,0
HCC,TCGA-2Y-A9GZ-01,EGFR,mutation_assayed_no_variant_reported,1,0
HCC,TCGA-2Y-A9GZ-01,ERBB2,mutation_assayed_no_variant_reported,1,0
HCC,TCGA-2Y-A9H0-01,KRAS,mutation_assayed_no_variant_reported,1,0
HCC,TCGA-2Y-A9H0-01,TP53,mutation_assayed_no_variant_reported,1,0
HCC,TCGA-2Y-A9H0-01,EGFR,mutation_assayed_no_variant_reported,1,0
HCC,TCGA-2Y-A9H0-01,ERBB2,mutation_assayed_no_variant_reported,1,0
HCC,TCGA-2Y-A9H1-01,KRAS,mutation_assayed_no_variant_reported,1,0
HCC,TCGA-2Y-A9H1-01,TP53,mutation_assayed_no_variant_reported,1,0
HCC,TCGA-2Y-A9H1-01,EGFR,mutation_assayed_no_variant_reported,1,0
HCC,TCGA-2Y-A9H1-01,ERBB2,mutation_assayed_no_variant_reported,1,0
HCC,TCGA-2Y-A9H2-01,KRAS,mutation_assayed_no_variant_reported,1,0
HCC,TCGA-2Y-A9H2-01,TP53,mutation_assayed_no_variant_reported,1,0
HCC,TCGA-2Y-A9H2-01,EGFR,mutation_assayed_no_variant_reported,1,0
HCC,TCGA-2Y-A9H2-01,ERBB2,mutation_assayed_no_variant_reported,1,0
HCC,TCGA-2Y-A9H3-01,KRAS,mutation_assayed_no_variant_reported,1,0
HCC,TCGA-2Y-A9H3-01,TP53,mutation_assayed_no_variant_reported,1,0
HCC,TCGA-2Y-A9H3-01,EGFR,mutation_assayed_no_variant_reported,1,0
HCC,TCGA-2Y-A9H3-01,ERBB2,mutation_assayed_no_variant_reported,1,0
HCC,TCGA-2Y-A9H4-01,KRAS,mutation_assayed_no_variant_reported,1,0
HCC,TCGA-2Y-A9H4-01,TP53,variant_reported,1,1
HCC,TCGA-2Y-A9H4-01,EGFR,mutation_assayed_no_variant_reported,1,0
HCC,TCGA-2Y-A9H4-01,ERBB2,mutation_assayed_no_variant_reported,1,0
HCC,TCGA-2Y-A9H5-01,KRAS,mutation_assayed_no_variant_reported,1,0
HCC,TCGA-2Y-A9H5-01,TP53,mutation_assayed_no_variant_reported,1,0
HCC,TCGA-2Y-A9H5-01,EGFR,mutation_assayed_no_variant_reported,1,0
HCC,TCGA-2Y-A9H5-01,ERBB2,mutation_assayed_no_variant_reported,1,0
HCC,TCGA-2Y-A9H6-01,KRAS,mutation_assayed_no_variant_reported,1,0
HCC,TCGA-2Y-A9H6-01,TP53,mutation_assayed_no_variant_reported,1,0
HCC,TCGA-2Y-A9H6-01,EGFR,mutation_assayed_no_variant_reported,1,0
HCC,TCGA-2Y-A9H6-01,ERBB2,mutation_assayed_no_variant_reported,1,0
HCC,TCGA-2Y-A9H7-01,KRAS,variant_reported,1,1
HCC,TCGA-2Y-A9H7-01,TP53,mutation_assayed_no_variant_reported,1,0
HCC,TCGA-2Y-A9H7-01,EGFR,mutation_assayed_no_variant_reported,1,0
HCC,TCGA-2Y-A9H7-01,ERBB2,mutation_assayed_no_variant_reported,1,0
HCC,TCGA-2Y-A9H8-01,KRAS,mutation_assayed_no_variant_reported,1,0
HCC,TCGA-2Y-A9H8-01,TP53,variant_reported,1,1
HCC,TCGA-2Y-A9H8-01,EGFR,mutation_assayed_no_variant_reported,1,0
HCC,TCGA-2Y-A9H8-01,ERBB2,mutation_assayed_no_variant_reported,1,0
HCC,TCGA-2Y-A9H9-01,KRAS,mutation_assayed_no_variant_reported,1,0
HCC,TCGA-2Y-A9H9-01,TP53,mutation_assayed_no_variant_reported,1,0
HCC,TCGA-2Y-A9H9-01,EGFR,mutation_assayed_no_variant_reported,1,0
HCC,TCGA-2Y-A9H9-01,ERBB2,mutation_assayed_no_variant_reported,1,0
HCC,TCGA-2Y-A9HA-01,KRAS,mutation_assayed_no_variant_reported,1,0
HCC,TCGA-2Y-A9HA-01,TP53,variant_reported,1,1
HCC,TCGA-2Y-A9HA-01,EGFR,mutation_assayed_no_variant_reported,1,0
HCC,TCGA-2Y-A9HA-01,ERBB2,mutation_assayed_no_variant_reported,1,0
HCC,TCGA-2Y-A9HB-01,KRAS,mutation_assayed_no_variant_reported,1,0
HCC,TCGA-2Y-A9HB-01,TP53,mutation_assayed_no_variant_reported,1,0
HCC,TCGA-2Y-A9HB-01,EGFR,mutation_assayed_no_variant_reported,1,0
HCC,TCGA-2Y-A9HB-01,ERBB2,mutation_assayed_no_variant_reported,1,0
HCC,TCGA-3K-AAZ8-01,KRAS,mutation_assayed_no_variant_reported,1,0
HCC,TCGA-3K-AAZ8-01,TP53,mutation_assayed_no_variant_reported,1,0
HCC,TCGA-3K-AAZ8-01,EGFR,mutation_assayed_no_variant_reported,1,0
HCC,TCGA-3K-AAZ8-01,ERBB2,mutation_assayed_no_variant_reported,1,0
HCC,TCGA-4R-AA8I-01,KRAS,mutation_assayed_no_variant_reported,1,0
HCC,TCGA-4R-AA8I-01,TP53,variant_reported,1,1
HCC,TCGA-4R-AA8I-01,EGFR,mutation_assayed_no_variant_reported,1,0
HCC,TCGA-4R-AA8I-01,ERBB2,mutation_assayed_no_variant_reported,1,0
HCC,TCGA-5C-A9VG-01,KRAS,mutation_assayed_no_variant_reported,1,0
HCC,TCGA-5C-A9VG-01,TP53,mutation_assayed_no_variant_reported,1,0
HCC,TCGA-5C-A9VG-01,EGFR,mutation_assayed_no_variant_reported,1,0
HCC,TCGA-5C-A9VG-01,ERBB2,mutation_assayed_no_variant_reported,1,0
HCC,TCGA-5C-A9VH-01,KRAS,mutation_assayed_no_variant_reported,1,0
HCC,TCGA-5C-A9VH-01,TP53,mutation_assayed_no_variant_reported,1,0
HCC,TCGA-5C-A9VH-01,EGFR,mutation_assayed_no_variant_reported,1,0
HCC,TCGA-5C-A9VH-01,ERBB2,mutation_assayed_no_variant_reported,1,0
HCC,TCGA-5C-AAPD-01,KRAS,mutation_assayed_no_variant_reported,1,0
HCC,TCGA-5C-AAPD-01,TP53,variant_reported,1,1
HCC,TCGA-5C-AAPD-01,EGFR,mutation_assayed_no_variant_reported,1,0
HCC,TCGA-5C-AAPD-01,ERBB2,mutation_assayed_no_variant_reported,1,0
HCC,TCGA-5R-AA1C-01,KRAS,mutation_assayed_no_variant_reported,1,0
HCC,TCGA-5R-AA1C-01,TP53,mutation_assayed_no_variant_reported,1,0
HCC,TCGA-5R-AA1C-01,EGFR,mutation_assayed_no_variant_reported,1,0
HCC,TCGA-5R-AA1C-01,ERBB2,mutation_assayed_no_variant_reported,1,0
HCC,TCGA-5R-AA1D-01,KRAS,mutation_assayed_no_variant_reported,1,0
HCC,TCGA-5R-AA1D-01,TP53,mutation_assayed_no_variant_reported,1,0
HCC,TCGA-5R-AA1D-01,EGFR,mutation_assayed_no_variant_reported,1,0
HCC,TCGA-5R-AA1D-01,ERBB2,mutation_assayed_no_variant_reported,1,0
HCC,TCGA-5R-AAAM-01,KRAS,mutation_assayed_no_variant_reported,1,0
HCC,TCGA-5R-AAAM-01,TP53,mutation_assayed_no_variant_reported,1,0
HCC,TCGA-5R-AAAM-01,EGFR,mutation_assayed_no_variant_reported,1,0
HCC,TCGA-5R-AAAM-01,ERBB2,mutation_assayed_no_variant_reported,1,0
HCC,TCGA-BC-4072-01,KRAS,mutation_assayed_no_variant_reported,1,0
HCC,TCGA-BC-4072-01,TP53,mutation_assayed_no_variant_reported,1,0
HCC,TCGA-BC-4072-01,EGFR,mutation_assayed_no_variant_reported,1,0
HCC,TCGA-BC-4072-01,ERBB2,mutation_assayed_no_variant_reported,1,0
HCC,TCGA-BC-4073-01,KRAS,mutation_assayed_no_variant_reported,1,0
HCC,TCGA-BC-4073-01,TP53,mutation_assayed_no_variant_reported,1,0
HCC,TCGA-BC-4073-01,EGFR,mutation_assayed_no_variant_reported,1,0
HCC,TCGA-BC-4073-01,ERBB2,mutation_assayed_no_variant_reported,1,0
HCC,TCGA-BC-A10Q-01,KRAS,mutation_assayed_no_variant_reported,1,0
HCC,TCGA-BC-A10Q-01,TP53,mutation_assayed_no_variant_reported,1,0
HCC,TCGA-BC-A10Q-01,EGFR,mutation_assayed_no_variant_reported,1,0
HCC,TCGA-BC-A10Q-01,ERBB2,mutation_assayed_no_variant_reported,1,0
HCC,TCGA-BC-A10R-01,KRAS,mutation_assayed_no_variant_reported,1,0
HCC,TCGA-BC-A10R-01,TP53,variant_reported,1,1
HCC,TCGA-BC-A10R-01,EGFR,mutation_assayed_no_variant_reported,1,0
HCC,TCGA-BC-A10R-01,ERBB2,mutation_assayed_no_variant_reported,1,0
HCC,TCGA-BC-A10T-01,KRAS,mutation_assayed_no_variant_reported,1,0
HCC,TCGA-BC-A10T-01,TP53,mutation_assayed_no_variant_reported,1,0
HCC,TCGA-BC-A10T-01,EGFR,mutation_assayed_no_variant_reported,1,0
HCC,TCGA-BC-A10T-01,ERBB2,mutation_assayed_no_variant_reported,1,0
HCC,TCGA-BC-A10U-01,KRAS,mutation_assayed_no_variant_reported,1,0
HCC,TCGA-BC-A10U-01,TP53,variant_reported,1,1
HCC,TCGA-BC-A10U-01,EGFR,mutation_assayed_no_variant_reported,1,0
HCC,TCGA-BC-A10U-01,ERBB2,mutation_assayed_no_variant_reported,1,0
HCC,TCGA-BC-A10W-01,KRAS,mutation_assayed_no_variant_reported,1,0
HCC,TCGA-BC-A10W-01,TP53,mutation_assayed_no_variant_reported,1,0
HCC,TCGA-BC-A10W-01,EGFR,mutation_assayed_no_variant_reported,1,0
HCC,TCGA-BC-A10W-01,ERBB2,mutation_assayed_no_variant_reported,1,0
HCC,TCGA-BC-A10X-01,KRAS,mutation_assayed_no_variant_reported,1,0
HCC,TCGA-BC-A10X-01,TP53,mutation_assayed_no_variant_reported,1,0
HCC,TCGA-BC-A10X-01,EGFR,mutation_assayed_no_variant_reported,1,0
HCC,TCGA-BC-A10X-01,ERBB2,mutation_assayed_no_variant_reported,1,0
HCC,TCGA-BC-A10Y-01,KRAS,mutation_assayed_no_variant_reported,1,0
HCC,TCGA-BC-A10Y-01,TP53,mutation_assayed_no_variant_reported,1,0
HCC,TCGA-BC-A10Y-01,EGFR,mutation_assayed_no_variant_reported,1,0
HCC,TCGA-BC-A10Y-01,ERBB2,mutation_assayed_no_variant_reported,1,0
HCC,TCGA-BC-A10Z-01,KRAS,mutation_assayed_no_variant_reported,1,0
HCC,TCGA-BC-A10Z-01,TP53,mutation_assayed_no_variant_reported,1,0
HCC,TCGA-BC-A10Z-01,EGFR,mutation_assayed_no_variant_reported,1,0
HCC,TCGA-BC-A10Z-01,ERBB2,mutation_assayed_no_variant_reported,1,0
HCC,TCGA-BC-A112-01,KRAS,mutation_assayed_no_variant_reported,1,0
HCC,TCGA-BC-A112-01,TP53,mutation_assayed_no_variant_reported,1,0
HCC,TCGA-BC-A112-01,EGFR,mutation_assayed_no_variant_reported,1,0
HCC,TCGA-BC-A112-01,ERBB2,mutation_assayed_no_variant_reported,1,0
HCC,TCGA-BC-A216-01,KRAS,mutation_assayed_no_variant_reported,1,0
HCC,TCGA-BC-A216-01,TP53,variant_reported,1,1
HCC,TCGA-BC-A216-01,EGFR,mutation_assayed_no_variant_reported,1,0
HCC,TCGA-BC-A216-01,ERBB2,mutation_assayed_no_variant_reported,1,0
HCC,TCGA-BC-A217-01,KRAS,mutation_assayed_no_variant_reported,1,0
HCC,TCGA-BC-A217-01,TP53,variant_reported,1,1
HCC,TCGA-BC-A217-01,EGFR,mutation_assayed_no_variant_reported,1,0
HCC,TCGA-BC-A217-01,ERBB2,mutation_assayed_no_variant_reported,1,0
HCC,TCGA-BC-A3KF-01,KRAS,mutation_assayed_no_variant_reported,1,0
HCC,TCGA-BC-A3KF-01,TP53,mutation_assayed_no_variant_reported,1,0
HCC,TCGA-BC-A3KF-01,EGFR,mutation_assayed_no_variant_reported,1,0
HCC,TCGA-BC-A3KF-01,ERBB2,mutation_assayed_no_variant_reported,1,0
HCC,TCGA-BC-A3KG-01,KRAS,mutation_assayed_no_variant_reported,1,0
HCC,TCGA-BC-A3KG-01,TP53,mutation_assayed_no_variant_reported,1,0
HCC,TCGA-BC-A3KG-01,EGFR,mutation_assayed_no_variant_reported,1,0
HCC,TCGA-BC-A3KG-01,ERBB2,mutation_assayed_no_variant_reported,1,0
HCC,TCGA-BC-A5W4-01,KRAS,mutation_assayed_no_variant_reported,1,0
HCC,TCGA-BC-A5W4-01,TP53,variant_reported,1,1
HCC,TCGA-BC-A5W4-01,EGFR,mutation_assayed_no_variant_reported,1,0
HCC,TCGA-BC-A5W4-01,ERBB2,mutation_assayed_no_variant_reported,1,0
HCC,TCGA-BC-A69H-01,KRAS,mutation_assayed_no_variant_reported,1,0
HCC,TCGA-BC-A69H-01,TP53,variant_reported,1,1
HCC,TCGA-BC-A69H-01,EGFR,mutation_assayed_no_variant_reported,1,0
HCC,TCGA-BC-A69H-01,ERBB2,mutation_assayed_no_variant_reported,1,0
HCC,TCGA-BC-A8YO-01,KRAS,mutation_assayed_no_variant_reported,1,0
HCC,TCGA-BC-A8YO-01,TP53,variant_reported,1,1
HCC,TCGA-BC-A8YO-01,EGFR,mutation_assayed_no_variant_reported,1,0
HCC,TCGA-BC-A8YO-01,ERBB2,mutation_assayed_no_variant_reported,1,0
HCC,TCGA-BD-A2L6-01,KRAS,mutation_assayed_no_variant_reported,1,0
HCC,TCGA-BD-A2L6-01,TP53,mutation_assayed_no_variant_reported,1,0
HCC,TCGA-BD-A2L6-01,EGFR,mutation_assayed_no_variant_reported,1,0
HCC,TCGA-BD-A2L6-01,ERBB2,mutation_assayed_no_variant_reported,1,0
HCC,TCGA-BD-A3EP-01,KRAS,mutation_assayed_no_variant_reported,1,0
HCC,TCGA-BD-A3EP-01,TP53,variant_reported,1,1
HCC,TCGA-BD-A3EP-01,EGFR,mutation_assayed_no_variant_reported,1,0
HCC,TCGA-BD-A3EP-01,ERBB2,mutation_assayed_no_variant_reported,1,0
HCC,TCGA-BW-A5NO-01,KRAS,mutation_assayed_no_variant_reported,1,0
HCC,TCGA-BW-A5NO-01,TP53,variant_reported,1,1
HCC,TCGA-BW-A5NO-01,EGFR,mutation_assayed_no_variant_reported,1,0
HCC,TCGA-BW-A5NO-01,ERBB2,mutation_assayed_no_variant_reported,1,0
HCC,TCGA-BW-A5NP-01,KRAS,mutation_assayed_no_variant_reported,1,0
HCC,TCGA-BW-A5NP-01,TP53,mutation_assayed_no_variant_reported,1,0
HCC,TCGA-BW-A5NP-01,EGFR,mutation_assayed_no_variant_reported,1,0
HCC,TCGA-BW-A5NP-01,ERBB2,mutation_assayed_no_variant_reported,1,0
HCC,TCGA-BW-A5NQ-01,KRAS,mutation_assayed_no_variant_reported,1,0
HCC,TCGA-BW-A5NQ-01,TP53,variant_reported,1,1
HCC,TCGA-BW-A5NQ-01,EGFR,mutation_assayed_no_variant_reported,1,0
HCC,TCGA-BW-A5NQ-01,ERBB2,mutation_assayed_no_variant_reported,1,0
HCC,TCGA-CC-5258-01,KRAS,mutation_assayed_no_variant_reported,1,0
HCC,TCGA-CC-5258-01,TP53,variant_reported,1,1
HCC,TCGA-CC-5258-01,EGFR,mutation_assayed_no_variant_reported,1,0
HCC,TCGA-CC-5258-01,ERBB2,mutation_assayed_no_variant_reported,1,0
HCC,TCGA-CC-5259-01,KRAS,mutation_assayed_no_variant_reported,1,0
HCC,TCGA-CC-5259-01,TP53,variant_reported,1,1
HCC,TCGA-CC-5259-01,EGFR,mutation_assayed_no_variant_reported,1,0
HCC,TCGA-CC-5259-01,ERBB2,mutation_assayed_no_variant_reported,1,0
HCC,TCGA-CC-5260-01,KRAS,mutation_assayed_no_variant_reported,1,0
HCC,TCGA-CC-5260-01,TP53,mutation_assayed_no_variant_reported,1,0
HCC,TCGA-CC-5260-01,EGFR,mutation_assayed_no_variant_reported,1,0
HCC,TCGA-CC-5260-01,ERBB2,mutation_assayed_no_variant_reported,1,0
HCC,TCGA-CC-5261-01,KRAS,mutation_assayed_no_variant_reported,1,0
HCC,TCGA-CC-5261-01,TP53,mutation_assayed_no_variant_reported,1,0
HCC,TCGA-CC-5261-01,EGFR,mutation_assayed_no_variant_reported,1,0
HCC,TCGA-CC-5261-01,ERBB2,mutation_assayed_no_variant_reported,1,0
HCC,TCGA-CC-5262-01,KRAS,mutation_assayed_no_variant_reported,1,0
HCC,TCGA-CC-5262-01,TP53,mutation_assayed_no_variant_reported,1,0
HCC,TCGA-CC-5262-01,EGFR,mutation_assayed_no_variant_reported,1,0
HCC,TCGA-CC-5262-01,ERBB2,mutation_assayed_no_variant_reported,1,0
HCC,TCGA-CC-5263-01,KRAS,mutation_assayed_no_variant_reported,1,0
HCC,TCGA-CC-5263-01,TP53,variant_reported,1,1
HCC,TCGA-CC-5263-01,EGFR,mutation_assayed_no_variant_reported,1,0
HCC,TCGA-CC-5263-01,ERBB2,mutation_assayed_no_variant_reported,1,0
HCC,TCGA-CC-5264-01,KRAS,mutation_assayed_no_variant_reported,1,0
HCC,TCGA-CC-5264-01,TP53,mutation_assayed_no_variant_reported,1,0
HCC,TCGA-CC-5264-01,EGFR,mutation_assayed_no_variant_reported,1,0
HCC,TCGA-CC-5264-01,ERBB2,mutation_assayed_no_variant_reported,1,0
HCC,TCGA-CC-A123-01,KRAS,mutation_assayed_no_variant_reported,1,0
HCC,TCGA-CC-A123-01,TP53,mutation_assayed_no_variant_reported,1,0
HCC,TCGA-CC-A123-01,EGFR,mutation_assayed_no_variant_reported,1,0
HCC,TCGA-CC-A123-01,ERBB2,mutation_assayed_no_variant_reported,1,0
HCC,TCGA-CC-A1HT-01,KRAS,mutation_assayed_no_variant_reported,1,0
HCC,TCGA-CC-A1HT-01,TP53,variant_reported,1,1
HCC,TCGA-CC-A1HT-01,EGFR,mutation_assayed_no_variant_reported,1,0
HCC,TCGA-CC-A1HT-01,ERBB2,mutation_assayed_no_variant_reported,1,0
HCC,TCGA-CC-A3M9-01,KRAS,mutation_assayed_no_variant_reported,1,0
HCC,TCGA-CC-A3M9-01,TP53,variant_reported,1,1
HCC,TCGA-CC-A3M9-01,EGFR,mutation_assayed_no_variant_reported,1,0
HCC,TCGA-CC-A3M9-01,ERBB2,mutation_assayed_no_variant_reported,1,0
HCC,TCGA-CC-A3MA-01,KRAS,mutation_assayed_no_variant_reported,1,0
HCC,TCGA-CC-A3MA-01,TP53,variant_reported,1,1
HCC,TCGA-CC-A3MA-01,EGFR,mutation_assayed_no_variant_reported,1,0
HCC,TCGA-CC-A3MA-01,ERBB2,mutation_assayed_no_variant_reported,1,0
HCC,TCGA-CC-A3MB-01,KRAS,mutation_assayed_no_variant_reported,1,0
HCC,TCGA-CC-A3MB-01,TP53,variant_reported,1,1
HCC,TCGA-CC-A3MB-01,EGFR,mutation_assayed_no_variant_reported,1,0
HCC,TCGA-CC-A3MB-01,ERBB2,mutation_assayed_no_variant_reported,1,0
HCC,TCGA-CC-A3MC-01,KRAS,mutation_assayed_no_variant_reported,1,0
HCC,TCGA-CC-A3MC-01,TP53,mutation_assayed_no_variant_reported,1,0
HCC,TCGA-CC-A3MC-01,EGFR,mutation_assayed_no_variant_reported,1,0
HCC,TCGA-CC-A3MC-01,ERBB2,mutation_assayed_no_variant_reported,1,0
HCC,TCGA-CC-A5UC-01,KRAS,mutation_assayed_no_variant_reported,1,0
HCC,TCGA-CC-A5UC-01,TP53,mutation_assayed_no_variant_reported,1,0
HCC,TCGA-CC-A5UC-01,EGFR,mutation_assayed_no_variant_reported,1,0
HCC,TCGA-CC-A5UC-01,ERBB2,mutation_assayed_no_variant_reported,1,0
HCC,TCGA-CC-A5UD-01,KRAS,mutation_assayed_no_variant_reported,1,0
HCC,TCGA-CC-A5UD-01,TP53,variant_reported,1,1
HCC,TCGA-CC-A5UD-01,EGFR,mutation_assayed_no_variant_reported,1,0
HCC,TCGA-CC-A5UD-01,ERBB2,mutation_assayed_no_variant_reported,1,0
HCC,TCGA-CC-A5UE-01,KRAS,mutation_assayed_no_variant_reported,1,0
HCC,TCGA-CC-A5UE-01,TP53,variant_reported,1,1
HCC,TCGA-CC-A5UE-01,EGFR,mutation_assayed_no_variant_reported,1,0
HCC,TCGA-CC-A5UE-01,ERBB2,mutation_assayed_no_variant_reported,1,0
HCC,TCGA-CC-A7IE-01,KRAS,mutation_assayed_no_variant_reported,1,0
HCC,TCGA-CC-A7IE-01,TP53,mutation_assayed_no_variant_reported,1,0
HCC,TCGA-CC-A7IE-01,EGFR,mutation_assayed_no_variant_reported,1,0
HCC,TCGA-CC-A7IE-01,ERBB2,mutation_assayed_no_variant_reported,1,0
HCC,TCGA-CC-A7IF-01,KRAS,mutation_assayed_no_variant_reported,1,0
HCC,TCGA-CC-A7IF-01,TP53,mutation_assayed_no_variant_reported,1,0
HCC,TCGA-CC-A7IF-01,EGFR,mutation_assayed_no_variant_reported,1,0
HCC,TCGA-CC-A7IF-01,ERBB2,mutation_assayed_no_variant_reported,1,0
HCC,TCGA-CC-A7IG-01,KRAS,mutation_assayed_no_variant_reported,1,0
HCC,TCGA-CC-A7IG-01,TP53,variant_reported,1,1
HCC,TCGA-CC-A7IG-01,EGFR,mutation_assayed_no_variant_reported,1,0
HCC,TCGA-CC-A7IG-01,ERBB2,mutation_assayed_no_variant_reported,1,0
HCC,TCGA-CC-A7IH-01,KRAS,mutation_assayed_no_variant_reported,1,0
HCC,TCGA-CC-A7IH-01,TP53,mutation_assayed_no_variant_reported,1,0
HCC,TCGA-CC-A7IH-01,EGFR,mutation_assayed_no_variant_reported,1,0
HCC,TCGA-CC-A7IH-01,ERBB2,mutation_assayed_no_variant_reported,1,0
HCC,TCGA-CC-A7II-01,KRAS,mutation_assayed_no_variant_reported,1,0
HCC,TCGA-CC-A7II-01,TP53,variant_reported,1,1
HCC,TCGA-CC-A7II-01,EGFR,mutation_assayed_no_variant_reported,1,0
HCC,TCGA-CC-A7II-01,ERBB2,mutation_assayed_no_variant_reported,1,0
HCC,TCGA-CC-A7IJ-01,KRAS,mutation_assayed_no_variant_reported,1,0
HCC,TCGA-CC-A7IJ-01,TP53,variant_reported,1,1
HCC,TCGA-CC-A7IJ-01,EGFR,mutation_assayed_no_variant_reported,1,0
HCC,TCGA-CC-A7IJ-01,ERBB2,mutation_assayed_no_variant_reported,1,0
HCC,TCGA-CC-A7IK-01,KRAS,mutation_assayed_no_variant_reported,1,0
HCC,TCGA-CC-A7IK-01,TP53,mutation_assayed_no_variant_reported,1,0
HCC,TCGA-CC-A7IK-01,EGFR,mutation_assayed_no_variant_reported,1,0
HCC,TCGA-CC-A7IK-01,ERBB2,mutation_assayed_no_variant_reported,1,0
HCC,TCGA-CC-A7IL-01,KRAS,mutation_assayed_no_variant_reported,1,0
HCC,TCGA-CC-A7IL-01,TP53,mutation_assayed_no_variant_reported,1,0
HCC,TCGA-CC-A7IL-01,EGFR,mutation_assayed_no_variant_reported,1,0
HCC,TCGA-CC-A7IL-01,ERBB2,mutation_assayed_no_variant_reported,1,0
HCC,TCGA-CC-A8HT-01,KRAS,mutation_assayed_no_variant_reported,1,0
HCC,TCGA-CC-A8HT-01,TP53,variant_reported,1,1
HCC,TCGA-CC-A8HT-01,EGFR,mutation_assayed_no_variant_reported,1,0
HCC,TCGA-CC-A8HT-01,ERBB2,mutation_assayed_no_variant_reported,1,0
HCC,TCGA-CC-A8HU-01,KRAS,mutation_assayed_no_variant_reported,1,0
HCC,TCGA-CC-A8HU-01,TP53,variant_reported,1,1
HCC,TCGA-CC-A8HU-01,EGFR,mutation_assayed_no_variant_reported,1,0
HCC,TCGA-CC-A8HU-01,ERBB2,mutation_assayed_no_variant_reported,1,0
HCC,TCGA-CC-A8HV-01,KRAS,mutation_assayed_no_variant_reported,1,0
HCC,TCGA-CC-A8HV-01,TP53,variant_reported,1,1
HCC,TCGA-CC-A8HV-01,EGFR,mutation_assayed_no_variant_reported,1,0
HCC,TCGA-CC-A8HV-01,ERBB2,mutation_assayed_no_variant_reported,1,0
HCC,TCGA-CC-A9FS-01,KRAS,mutation_assayed_no_variant_reported,1,0
HCC,TCGA-CC-A9FS-01,TP53,mutation_assayed_no_variant_reported,1,0
HCC,TCGA-CC-A9FS-01,EGFR,mutation_assayed_no_variant_reported,1,0
HCC,TCGA-CC-A9FS-01,ERBB2,mutation_assayed_no_variant_reported,1,0
HCC,TCGA-CC-A9FU-01,KRAS,mutation_assayed_no_variant_reported,1,0
HCC,TCGA-CC-A9FU-01,TP53,mutation_assayed_no_variant_reported,1,0
HCC,TCGA-CC-A9FU-01,EGFR,mutation_assayed_no_variant_reported,1,0
HCC,TCGA-CC-A9FU-01,ERBB2,mutation_assayed_no_variant_reported,1,0
HCC,TCGA-CC-A9FV-01,KRAS,mutation_assayed_no_variant_reported,1,0
HCC,TCGA-CC-A9FV-01,TP53,mutation_assayed_no_variant_reported,1,0
HCC,TCGA-CC-A9FV-01,EGFR,mutation_assayed_no_variant_reported,1,0
HCC,TCGA-CC-A9FV-01,ERBB2,mutation_assayed_no_variant_reported,1,0
HCC,TCGA-CC-A9FW-01,KRAS,mutation_assayed_no_variant_reported,1,0
HCC,TCGA-CC-A9FW-01,TP53,mutation_assayed_no_variant_reported,1,0
HCC,TCGA-CC-A9FW-01,EGFR,mutation_assayed_no_variant_reported,1,0
HCC,TCGA-CC-A9FW-01,ERBB2,mutation_assayed_no_variant_reported,1,0
HCC,TCGA-DD-A113-01,KRAS,mutation_assayed_no_variant_reported,1,0
HCC,TCGA-DD-A113-01,TP53,mutation_assayed_no_variant_reported,1,0
HCC,TCGA-DD-A113-01,EGFR,mutation_assayed_no_variant_reported,1,0
HCC,TCGA-DD-A113-01,ERBB2,mutation_assayed_no_variant_reported,1,0
HCC,TCGA-DD-A114-01,KRAS,mutation_assayed_no_variant_reported,1,0
HCC,TCGA-DD-A114-01,TP53,variant_reported,1,1
HCC,TCGA-DD-A114-01,EGFR,mutation_assayed_no_variant_reported,1,0
HCC,TCGA-DD-A114-01,ERBB2,mutation_assayed_no_variant_reported,1,0
HCC,TCGA-DD-A115-01,KRAS,mutation_assayed_no_variant_reported,1,0
HCC,TCGA-DD-A115-01,TP53,mutation_assayed_no_variant_reported,1,0
HCC,TCGA-DD-A115-01,EGFR,mutation_assayed_no_variant_reported,1,0
HCC,TCGA-DD-A115-01,ERBB2,mutation_assayed_no_variant_reported,1,0
HCC,TCGA-DD-A116-01,KRAS,mutation_assayed_no_variant_reported,1,0
HCC,TCGA-DD-A116-01,TP53,mutation_assayed_no_variant_reported,1,0
HCC,TCGA-DD-A116-01,EGFR,mutation_assayed_no_variant_reported,1,0
HCC,TCGA-DD-A116-01,ERBB2,mutation_assayed_no_variant_reported,1,0
HCC,TCGA-DD-A118-01,KRAS,mutation_assayed_no_variant_reported,1,0
HCC,TCGA-DD-A118-01,TP53,mutation_assayed_no_variant_reported,1,0
HCC,TCGA-DD-A118-01,EGFR,mutation_assayed_no_variant_reported,1,0
HCC,TCGA-DD-A118-01,ERBB2,mutation_assayed_no_variant_reported,1,0
HCC,TCGA-DD-A119-01,KRAS,mutation_assayed_no_variant_reported,1,0
HCC,TCGA-DD-A119-01,TP53,mutation_assayed_no_variant_reported,1,0
HCC,TCGA-DD-A119-01,EGFR,mutation_assayed_no_variant_reported,1,0
HCC,TCGA-DD-A119-01,ERBB2,mutation_assayed_no_variant_reported,1,0
HCC,TCGA-DD-A11A-01,KRAS,mutation_assayed_no_variant_reported,1,0
HCC,TCGA-DD-A11A-01,TP53,variant_reported,1,1
HCC,TCGA-DD-A11A-01,EGFR,mutation_assayed_no_variant_reported,1,0
HCC,TCGA-DD-A11A-01,ERBB2,mutation_assayed_no_variant_reported,1,0
HCC,TCGA-DD-A11B-01,KRAS,mutation_assayed_no_variant_reported,1,0
HCC,TCGA-DD-A11B-01,TP53,mutation_assayed_no_variant_reported,1,0
HCC,TCGA-DD-A11B-01,EGFR,mutation_assayed_no_variant_reported,1,0
HCC,TCGA-DD-A11B-01,ERBB2,mutation_assayed_no_variant_reported,1,0
HCC,TCGA-DD-A11C-01,KRAS,mutation_assayed_no_variant_reported,1,0
HCC,TCGA-DD-A11C-01,TP53,mutation_assayed_no_variant_reported,1,0
HCC,TCGA-DD-A11C-01,EGFR,mutation_assayed_no_variant_reported,1,0
HCC,TCGA-DD-A11C-01,ERBB2,mutation_assayed_no_variant_reported,1,0
HCC,TCGA-DD-A11D-01,KRAS,mutation_assayed_no_variant_reported,1,0
HCC,TCGA-DD-A11D-01,TP53,mutation_assayed_no_variant_reported,1,0
HCC,TCGA-DD-A11D-01,EGFR,mutation_assayed_no_variant_reported,1,0
HCC,TCGA-DD-A11D-01,ERBB2,mutation_assayed_no_variant_reported,1,0
HCC,TCGA-DD-A1E9-01,KRAS,mutation_assayed_no_variant_reported,1,0
HCC,TCGA-DD-A1E9-01,TP53,mutation_assayed_no_variant_reported,1,0
HCC,TCGA-DD-A1E9-01,EGFR,mutation_assayed_no_variant_reported,1,0
HCC,TCGA-DD-A1E9-01,ERBB2,mutation_assayed_no_variant_reported,1,0
HCC,TCGA-DD-A1EA-01,KRAS,mutation_assayed_no_variant_reported,1,0
HCC,TCGA-DD-A1EA-01,TP53,mutation_assayed_no_variant_reported,1,0
HCC,TCGA-DD-A1EA-01,EGFR,mutation_assayed_no_variant_reported,1,0
HCC,TCGA-DD-A1EA-01,ERBB2,mutation_assayed_no_variant_reported,1,0
HCC,TCGA-DD-A1EB-01,KRAS,mutation_assayed_no_variant_reported,1,0
HCC,TCGA-DD-A1EB-01,TP53,variant_reported,1,1
HCC,TCGA-DD-A1EB-01,EGFR,mutation_assayed_no_variant_reported,1,0
HCC,TCGA-DD-A1EB-01,ERBB2,mutation_assayed_no_variant_reported,1,0
HCC,TCGA-DD-A1EC-01,KRAS,mutation_assayed_no_variant_reported,1,0
HCC,TCGA-DD-A1EC-01,TP53,mutation_assayed_no_variant_reported,1,0
HCC,TCGA-DD-A1EC-01,EGFR,mutation_assayed_no_variant_reported,1,0
HCC,TCGA-DD-A1EC-01,ERBB2,mutation_assayed_no_variant_reported,1,0
HCC,TCGA-DD-A1ED-01,KRAS,mutation_assayed_no_variant_reported,1,0
HCC,TCGA-DD-A1ED-01,TP53,mutation_assayed_no_variant_reported,1,0
HCC,TCGA-DD-A1ED-01,EGFR,mutation_assayed_no_variant_reported,1,0
HCC,TCGA-DD-A1ED-01,ERBB2,mutation_assayed_no_variant_reported,1,0
HCC,TCGA-DD-A1EE-01,KRAS,mutation_assayed_no_variant_reported,1,0
HCC,TCGA-DD-A1EE-01,TP53,variant_reported,1,1
HCC,TCGA-DD-A1EE-01,EGFR,mutation_assayed_no_variant_reported,1,0
HCC,TCGA-DD-A1EE-01,ERBB2,mutation_assayed_no_variant_reported,1,0
HCC,TCGA-DD-A1EF-01,KRAS,mutation_assayed_no_variant_reported,1,0
HCC,TCGA-DD-A1EF-01,TP53,mutation_assayed_no_variant_reported,1,0
HCC,TCGA-DD-A1EF-01,EGFR,mutation_assayed_no_variant_reported,1,0
HCC,TCGA-DD-A1EF-01,ERBB2,mutation_assayed_no_variant_reported,1,0
HCC,TCGA-DD-A1EH-01,KRAS,mutation_assayed_no_variant_reported,1,0
HCC,TCGA-DD-A1EH-01,TP53,mutation_assayed_no_variant_reported,1,0
HCC,TCGA-DD-A1EH-01,EGFR,mutation_assayed_no_variant_reported,1,0
HCC,TCGA-DD-A1EH-01,ERBB2,mutation_assayed_no_variant_reported,1,0
HCC,TCGA-DD-A1EI-01,KRAS,mutation_assayed_no_variant_reported,1,0
HCC,TCGA-DD-A1EI-01,TP53,variant_reported,1,1
HCC,TCGA-DD-A1EI-01,EGFR,mutation_assayed_no_variant_reported,1,0
HCC,TCGA-DD-A1EI-01,ERBB2,mutation_assayed_no_variant_reported,1,0
HCC,TCGA-DD-A1EJ-01,KRAS,mutation_assayed_no_variant_reported,1,0
HCC,TCGA-DD-A1EJ-01,TP53,mutation_assayed_no_variant_reported,1,0
HCC,TCGA-DD-A1EJ-01,EGFR,mutation_assayed_no_variant_reported,1,0
HCC,TCGA-DD-A1EJ-01,ERBB2,mutation_assayed_no_variant_reported,1,0
HCC,TCGA-DD-A1EK-01,KRAS,mutation_assayed_no_variant_reported,1,0
HCC,TCGA-DD-A1EK-01,TP53,mutation_assayed_no_variant_reported,1,0
HCC,TCGA-DD-A1EK-01,EGFR,variant_reported,1,1
HCC,TCGA-DD-A1EK-01,ERBB2,mutation_assayed_no_variant_reported,1,0
HCC,TCGA-DD-A1EL-01,KRAS,mutation_assayed_no_variant_reported,1,0
HCC,TCGA-DD-A1EL-01,TP53,variant_reported,1,1
HCC,TCGA-DD-A1EL-01,EGFR,mutation_assayed_no_variant_reported,1,0
HCC,TCGA-DD-A1EL-01,ERBB2,mutation_assayed_no_variant_reported,1,0
HCC,TCGA-DD-A39V-01,KRAS,mutation_assayed_no_variant_reported,1,0
HCC,TCGA-DD-A39V-01,TP53,mutation_assayed_no_variant_reported,1,0
HCC,TCGA-DD-A39V-01,EGFR,mutation_assayed_no_variant_reported,1,0
HCC,TCGA-DD-A39V-01,ERBB2,mutation_assayed_no_variant_reported,1,0
HCC,TCGA-DD-A39W-01,KRAS,mutation_assayed_no_variant_reported,1,0
HCC,TCGA-DD-A39W-01,TP53,mutation_assayed_no_variant_reported,1,0
HCC,TCGA-DD-A39W-01,EGFR,mutation_assayed_no_variant_reported,1,0
HCC,TCGA-DD-A39W-01,ERBB2,mutation_assayed_no_variant_reported,1,0
HCC,TCGA-DD-A39X-01,KRAS,mutation_assayed_no_variant_reported,1,0
HCC,TCGA-DD-A39X-01,TP53,mutation_assayed_no_variant_reported,1,0
HCC,TCGA-DD-A39X-01,EGFR,mutation_assayed_no_variant_reported,1,0
HCC,TCGA-DD-A39X-01,ERBB2,mutation_assayed_no_variant_reported,1,0
HCC,TCGA-DD-A39Y-01,KRAS,mutation_assayed_no_variant_reported,1,0
HCC,TCGA-DD-A39Y-01,TP53,mutation_assayed_no_variant_reported,1,0
HCC,TCGA-DD-A39Y-01,EGFR,mutation_assayed_no_variant_reported,1,0
HCC,TCGA-DD-A39Y-01,ERBB2,mutation_assayed_no_variant_reported,1,0
HCC,TCGA-DD-A39Z-01,KRAS,mutation_assayed_no_variant_reported,1,0
HCC,TCGA-DD-A39Z-01,TP53,mutation_assayed_no_variant_reported,1,0
HCC,TCGA-DD-A39Z-01,EGFR,mutation_assayed_no_variant_reported,1,0
HCC,TCGA-DD-A39Z-01,ERBB2,mutation_assayed_no_variant_reported,1,0
HCC,TCGA-DD-A3A1-01,KRAS,mutation_assayed_no_variant_reported,1,0
HCC,TCGA-DD-A3A1-01,TP53,mutation_assayed_no_variant_reported,1,0
HCC,TCGA-DD-A3A1-01,EGFR,mutation_assayed_no_variant_reported,1,0
HCC,TCGA-DD-A3A1-01,ERBB2,mutation_assayed_no_variant_reported,1,0
HCC,TCGA-DD-A3A2-01,KRAS,mutation_assayed_no_variant_reported,1,0
HCC,TCGA-DD-A3A2-01,TP53,mutation_assayed_no_variant_reported,1,0
HCC,TCGA-DD-A3A2-01,EGFR,mutation_assayed_no_variant_reported,1,0
HCC,TCGA-DD-A3A2-01,ERBB2,mutation_assayed_no_variant_reported,1,0
HCC,TCGA-DD-A3A3-01,KRAS,mutation_assayed_no_variant_reported,1,0
HCC,TCGA-DD-A3A3-01,TP53,mutation_assayed_no_variant_reported,1,0
HCC,TCGA-DD-A3A3-01,EGFR,mutation_assayed_no_variant_reported,1,0
HCC,TCGA-DD-A3A3-01,ERBB2,mutation_assayed_no_variant_reported,1,0
HCC,TCGA-DD-A3A4-01,KRAS,variant_reported,1,1
HCC,TCGA-DD-A3A4-01,TP53,mutation_assayed_no_variant_reported,1,0
HCC,TCGA-DD-A3A4-01,EGFR,mutation_assayed_no_variant_reported,1,0
HCC,TCGA-DD-A3A4-01,ERBB2,mutation_assayed_no_variant_reported,1,0
HCC,TCGA-DD-A3A5-01,KRAS,mutation_assayed_no_variant_reported,1,0
HCC,TCGA-DD-A3A5-01,TP53,mutation_assayed_no_variant_reported,1,0
HCC,TCGA-DD-A3A5-01,EGFR,mutation_assayed_no_variant_reported,1,0
HCC,TCGA-DD-A3A5-01,ERBB2,mutation_assayed_no_variant_reported,1,0
HCC,TCGA-DD-A3A6-01,KRAS,mutation_assayed_no_variant_reported,1,0
HCC,TCGA-DD-A3A6-01,TP53,mutation_assayed_no_variant_reported,1,0
HCC,TCGA-DD-A3A6-01,EGFR,mutation_assayed_no_variant_reported,1,0
HCC,TCGA-DD-A3A6-01,ERBB2,mutation_assayed_no_variant_reported,1,0
HCC,TCGA-DD-A3A7-01,KRAS,mutation_assayed_no_variant_reported,1,0
HCC,TCGA-DD-A3A7-01,TP53,variant_reported,1,1
HCC,TCGA-DD-A3A7-01,EGFR,mutation_assayed_no_variant_reported,1,0
HCC,TCGA-DD-A3A7-01,ERBB2,mutation_assayed_no_variant_reported,1,0
HCC,TCGA-DD-A3A8-01,KRAS,mutation_assayed_no_variant_reported,1,0
HCC,TCGA-DD-A3A8-01,TP53,mutation_assayed_no_variant_reported,1,0
HCC,TCGA-DD-A3A8-01,EGFR,mutation_assayed_no_variant_reported,1,0
HCC,TCGA-DD-A3A8-01,ERBB2,mutation_assayed_no_variant_reported,1,0
HCC,TCGA-DD-A3A9-01,KRAS,mutation_assayed_no_variant_reported,1,0
HCC,TCGA-DD-A3A9-01,TP53,mutation_assayed_no_variant_reported,1,0
HCC,TCGA-DD-A3A9-01,EGFR,mutation_assayed_no_variant_reported,1,0
HCC,TCGA-DD-A3A9-01,ERBB2,mutation_assayed_no_variant_reported,1,0
HCC,TCGA-DD-A4NA-01,KRAS,mutation_assayed_no_variant_reported,1,0
HCC,TCGA-DD-A4NA-01,TP53,mutation_assayed_no_variant_reported,1,0
HCC,TCGA-DD-A4NA-01,EGFR,mutation_assayed_no_variant_reported,1,0
HCC,TCGA-DD-A4NA-01,ERBB2,mutation_assayed_no_variant_reported,1,0
HCC,TCGA-DD-A4NB-01,KRAS,variant_reported,1,1
HCC,TCGA-DD-A4NB-01,TP53,mutation_assayed_no_variant_reported,1,0
HCC,TCGA-DD-A4NB-01,EGFR,mutation_assayed_no_variant_reported,1,0
HCC,TCGA-DD-A4NB-01,ERBB2,mutation_assayed_no_variant_reported,1,0
HCC,TCGA-DD-A4ND-01,KRAS,mutation_assayed_no_variant_reported,1,0
HCC,TCGA-DD-A4ND-01,TP53,mutation_assayed_no_variant_reported,1,0
HCC,TCGA-DD-A4ND-01,EGFR,mutation_assayed_no_variant_reported,1,0
HCC,TCGA-DD-A4ND-01,ERBB2,mutation_assayed_no_variant_reported,1,0
HCC,TCGA-DD-A4NE-01,KRAS,mutation_assayed_no_variant_reported,1,0
HCC,TCGA-DD-A4NE-01,TP53,mutation_assayed_no_variant_reported,1,0
HCC,TCGA-DD-A4NE-01,EGFR,mutation_assayed_no_variant_reported,1,0
HCC,TCGA-DD-A4NE-01,ERBB2,mutation_assayed_no_variant_reported,1,0
HCC,TCGA-DD-A4NF-01,KRAS,mutation_assayed_no_variant_reported,1,0
HCC,TCGA-DD-A4NF-01,TP53,mutation_assayed_no_variant_reported,1,0
HCC,TCGA-DD-A4NF-01,EGFR,mutation_assayed_no_variant_reported,1,0
HCC,TCGA-DD-A4NF-01,ERBB2,mutation_assayed_no_variant_reported,1,0
HCC,TCGA-DD-A4NG-01,KRAS,mutation_assayed_no_variant_reported,1,0
HCC,TCGA-DD-A4NG-01,TP53,mutation_assayed_no_variant_reported,1,0
HCC,TCGA-DD-A4NG-01,EGFR,mutation_assayed_no_variant_reported,1,0
HCC,TCGA-DD-A4NG-01,ERBB2,mutation_assayed_no_variant_reported,1,0
HCC,TCGA-DD-A4NH-01,KRAS,mutation_assayed_no_variant_reported,1,0
HCC,TCGA-DD-A4NH-01,TP53,mutation_assayed_no_variant_reported,1,0
HCC,TCGA-DD-A4NH-01,EGFR,mutation_assayed_no_variant_reported,1,0
HCC,TCGA-DD-A4NH-01,ERBB2,mutation_assayed_no_variant_reported,1,0
HCC,TCGA-DD-A4NI-01,KRAS,mutation_assayed_no_variant_reported,1,0
HCC,TCGA-DD-A4NI-01,TP53,mutation_assayed_no_variant_reported,1,0
HCC,TCGA-DD-A4NI-01,EGFR,mutation_assayed_no_variant_reported,1,0
HCC,TCGA-DD-A4NI-01,ERBB2,mutation_assayed_no_variant_reported,1,0
HCC,TCGA-DD-A4NJ-01,KRAS,mutation_assayed_no_variant_reported,1,0
HCC,TCGA-DD-A4NJ-01,TP53,mutation_assayed_no_variant_reported,1,0
HCC,TCGA-DD-A4NJ-01,EGFR,mutation_assayed_no_variant_reported,1,0
HCC,TCGA-DD-A4NJ-01,ERBB2,mutation_assayed_no_variant_reported,1,0
HCC,TCGA-DD-A4NK-01,KRAS,mutation_assayed_no_variant_reported,1,0
HCC,TCGA-DD-A4NK-01,TP53,mutation_assayed_no_variant_reported,1,0
HCC,TCGA-DD-A4NK-01,EGFR,mutation_assayed_no_variant_reported,1,0
HCC,TCGA-DD-A4NK-01,ERBB2,mutation_assayed_no_variant_reported,1,0
HCC,TCGA-DD-A4NL-01,KRAS,mutation_assayed_no_variant_reported,1,0
HCC,TCGA-DD-A4NL-01,TP53,mutation_assayed_no_variant_reported,1,0
HCC,TCGA-DD-A4NL-01,EGFR,mutation_assayed_no_variant_reported,1,0
HCC,TCGA-DD-A4NL-01,ERBB2,mutation_assayed_no_variant_reported,1,0
HCC,TCGA-DD-A4NN-01,KRAS,mutation_assayed_no_variant_reported,1,0
HCC,TCGA-DD-A4NN-01,TP53,mutation_assayed_no_variant_reported,1,0
HCC,TCGA-DD-A4NN-01,EGFR,mutation_assayed_no_variant_reported,1,0
HCC,TCGA-DD-A4NN-01,ERBB2,mutation_assayed_no_variant_reported,1,0
HCC,TCGA-DD-A4NO-01,KRAS,mutation_assayed_no_variant_reported,1,0
HCC,TCGA-DD-A4NO-01,TP53,mutation_assayed_no_variant_reported,1,0
HCC,TCGA-DD-A4NO-01,EGFR,mutation_assayed_no_variant_reported,1,0
HCC,TCGA-DD-A4NO-01,ERBB2,mutation_assayed_no_variant_reported,1,0
HCC,TCGA-DD-A4NP-01,KRAS,mutation_assayed_no_variant_reported,1,0
HCC,TCGA-DD-A4NP-01,TP53,mutation_assayed_no_variant_reported,1,0
HCC,TCGA-DD-A4NP-01,EGFR,mutation_assayed_no_variant_reported,1,0
HCC,TCGA-DD-A4NP-01,ERBB2,mutation_assayed_no_variant_reported,1,0
HCC,TCGA-DD-A4NQ-01,KRAS,mutation_assayed_no_variant_reported,1,0
HCC,TCGA-DD-A4NQ-01,TP53,mutation_assayed_no_variant_reported,1,0
HCC,TCGA-DD-A4NQ-01,EGFR,mutation_assayed_no_variant_reported,1,0
HCC,TCGA-DD-A4NQ-01,ERBB2,mutation_assayed_no_variant_reported,1,0
HCC,TCGA-DD-A4NR-01,KRAS,mutation_assayed_no_variant_reported,1,0
HCC,TCGA-DD-A4NR-01,TP53,mutation_assayed_no_variant_reported,1,0
HCC,TCGA-DD-A4NR-01,EGFR,mutation_assayed_no_variant_reported,1,0
HCC,TCGA-DD-A4NR-01,ERBB2,mutation_assayed_no_variant_reported,1,0
HCC,TCGA-DD-A4NS-01,KRAS,mutation_assayed_no_variant_reported,1,0
HCC,TCGA-DD-A4NS-01,TP53,mutation_assayed_no_variant_reported,1,0
HCC,TCGA-DD-A4NS-01,EGFR,mutation_assayed_no_variant_reported,1,0
HCC,TCGA-DD-A4NS-01,ERBB2,mutation_assayed_no_variant_reported,1,0
HCC,TCGA-DD-A4NV-01,KRAS,mutation_assayed_no_variant_reported,1,0
HCC,TCGA-DD-A4NV-01,TP53,mutation_assayed_no_variant_reported,1,0
HCC,TCGA-DD-A4NV-01,EGFR,mutation_assayed_no_variant_reported,1,0
HCC,TCGA-DD-A4NV-01,ERBB2,mutation_assayed_no_variant_reported,1,0
HCC,TCGA-DD-A73A-01,KRAS,mutation_assayed_no_variant_reported,1,0
HCC,TCGA-DD-A73A-01,TP53,mutation_assayed_no_variant_reported,1,0
HCC,TCGA-DD-A73A-01,EGFR,variant_reported,1,1
HCC,TCGA-DD-A73A-01,ERBB2,mutation_assayed_no_variant_reported,1,0
HCC,TCGA-DD-A73B-01,KRAS,mutation_assayed_no_variant_reported,1,0
HCC,TCGA-DD-A73B-01,TP53,mutation_assayed_no_variant_reported,1,0
HCC,TCGA-DD-A73B-01,EGFR,mutation_assayed_no_variant_reported,1,0
HCC,TCGA-DD-A73B-01,ERBB2,mutation_assayed_no_variant_reported,1,0
HCC,TCGA-DD-A73C-01,KRAS,mutation_assayed_no_variant_reported,1,0
HCC,TCGA-DD-A73C-01,TP53,mutation_assayed_no_variant_reported,1,0
HCC,TCGA-DD-A73C-01,EGFR,mutation_assayed_no_variant_reported,1,0
HCC,TCGA-DD-A73C-01,ERBB2,mutation_assayed_no_variant_reported,1,0
HCC,TCGA-DD-A73D-01,KRAS,mutation_assayed_no_variant_reported,1,0
HCC,TCGA-DD-A73D-01,TP53,mutation_assayed_no_variant_reported,1,0
HCC,TCGA-DD-A73D-01,EGFR,mutation_assayed_no_variant_reported,1,0
HCC,TCGA-DD-A73D-01,ERBB2,mutation_assayed_no_variant_reported,1,0
HCC,TCGA-DD-A73E-01,KRAS,mutation_assayed_no_variant_reported,1,0
HCC,TCGA-DD-A73E-01,TP53,mutation_assayed_no_variant_reported,1,0
HCC,TCGA-DD-A73E-01,EGFR,mutation_assayed_no_variant_reported,1,0
HCC,TCGA-DD-A73E-01,ERBB2,mutation_assayed_no_variant_reported,1,0
HCC,TCGA-DD-A73F-01,KRAS,mutation_assayed_no_variant_reported,1,0
HCC,TCGA-DD-A73F-01,TP53,mutation_assayed_no_variant_reported,1,0
HCC,TCGA-DD-A73F-01,EGFR,mutation_assayed_no_variant_reported,1,0
HCC,TCGA-DD-A73F-01,ERBB2,mutation_assayed_no_variant_reported,1,0
HCC,TCGA-DD-A73G-01,KRAS,mutation_assayed_no_variant_reported,1,0
HCC,TCGA-DD-A73G-01,TP53,mutation_assayed_no_variant_reported,1,0
HCC,TCGA-DD-A73G-01,EGFR,mutation_assayed_no_variant_reported,1,0
HCC,TCGA-DD-A73G-01,ERBB2,mutation_assayed_no_variant_reported,1,0
HCC,TCGA-DD-AA3A-01,KRAS,mutation_assayed_no_variant_reported,1,0
HCC,TCGA-DD-AA3A-01,TP53,mutation_assayed_no_variant_reported,1,0
HCC,TCGA-DD-AA3A-01,EGFR,mutation_assayed_no_variant_reported,1,0
HCC,TCGA-DD-AA3A-01,ERBB2,mutation_assayed_no_variant_reported,1,0
HCC,TCGA-DD-AAC8-01,KRAS,mutation_assayed_no_variant_reported,1,0
HCC,TCGA-DD-AAC8-01,TP53,mutation_assayed_no_variant_reported,1,0
HCC,TCGA-DD-AAC8-01,EGFR,mutation_assayed_no_variant_reported,1,0
HCC,TCGA-DD-AAC8-01,ERBB2,mutation_assayed_no_variant_reported,1,0
HCC,TCGA-DD-AAC9-01,KRAS,mutation_assayed_no_variant_reported,1,0
HCC,TCGA-DD-AAC9-01,TP53,mutation_assayed_no_variant_reported,1,0
HCC,TCGA-DD-AAC9-01,EGFR,mutation_assayed_no_variant_reported,1,0
HCC,TCGA-DD-AAC9-01,ERBB2,mutation_assayed_no_variant_reported,1,0
HCC,TCGA-DD-AACA-01,KRAS,mutation_assayed_no_variant_reported,1,0
HCC,TCGA-DD-AACA-01,TP53,mutation_assayed_no_variant_reported,1,0
HCC,TCGA-DD-AACA-01,EGFR,mutation_assayed_no_variant_reported,1,0
HCC,TCGA-DD-AACA-01,ERBB2,mutation_assayed_no_variant_reported,1,0
HCC,TCGA-DD-AACB-01,KRAS,mutation_assayed_no_variant_reported,1,0
HCC,TCGA-DD-AACB-01,TP53,variant_reported,1,1
HCC,TCGA-DD-AACB-01,EGFR,mutation_assayed_no_variant_reported,1,0
HCC,TCGA-DD-AACB-01,ERBB2,mutation_assayed_no_variant_reported,1,0
HCC,TCGA-DD-AACC-01,KRAS,mutation_assayed_no_variant_reported,1,0
HCC,TCGA-DD-AACC-01,TP53,mutation_assayed_no_variant_reported,1,0
HCC,TCGA-DD-AACC-01,EGFR,mutation_assayed_no_variant_reported,1,0
HCC,TCGA-DD-AACC-01,ERBB2,mutation_assayed_no_variant_reported,1,0
HCC,TCGA-DD-AACD-01,KRAS,mutation_assayed_no_variant_reported,1,0
HCC,TCGA-DD-AACD-01,TP53,mutation_assayed_no_variant_reported,1,0
HCC,TCGA-DD-AACD-01,EGFR,mutation_assayed_no_variant_reported,1,0
HCC,TCGA-DD-AACD-01,ERBB2,mutation_assayed_no_variant_reported,1,0
HCC,TCGA-DD-AACE-01,KRAS,mutation_assayed_no_variant_reported,1,0
HCC,TCGA-DD-AACE-01,TP53,variant_reported,1,1
HCC,TCGA-DD-AACE-01,EGFR,mutation_assayed_no_variant_reported,1,0
HCC,TCGA-DD-AACE-01,ERBB2,mutation_assayed_no_variant_reported,1,0
HCC,TCGA-DD-AACF-01,KRAS,mutation_assayed_no_variant_reported,1,0
HCC,TCGA-DD-AACF-01,TP53,variant_reported,1,1
HCC,TCGA-DD-AACF-01,EGFR,mutation_assayed_no_variant_reported,1,0
HCC,TCGA-DD-AACF-01,ERBB2,mutation_assayed_no_variant_reported,1,0
HCC,TCGA-DD-AACG-01,KRAS,mutation_assayed_no_variant_reported,1,0
HCC,TCGA-DD-AACG-01,TP53,variant_reported,1,1
HCC,TCGA-DD-AACG-01,EGFR,mutation_assayed_no_variant_reported,1,0
HCC,TCGA-DD-AACG-01,ERBB2,mutation_assayed_no_variant_reported,1,0
HCC,TCGA-DD-AACH-01,KRAS,mutation_assayed_no_variant_reported,1,0
HCC,TCGA-DD-AACH-01,TP53,mutation_assayed_no_variant_reported,1,0
HCC,TCGA-DD-AACH-01,EGFR,mutation_assayed_no_variant_reported,1,0
HCC,TCGA-DD-AACH-01,ERBB2,mutation_assayed_no_variant_reported,1,0
HCC,TCGA-DD-AACI-01,KRAS,mutation_assayed_no_variant_reported,1,0
HCC,TCGA-DD-AACI-01,TP53,mutation_assayed_no_variant_reported,1,0
HCC,TCGA-DD-AACI-01,EGFR,variant_reported,1,1
HCC,TCGA-DD-AACI-01,ERBB2,mutation_assayed_no_variant_reported,1,0
HCC,TCGA-DD-AACJ-01,KRAS,mutation_assayed_no_variant_reported,1,0
HCC,TCGA-DD-AACJ-01,TP53,mutation_assayed_no_variant_reported,1,0
HCC,TCGA-DD-AACJ-01,EGFR,mutation_assayed_no_variant_reported,1,0
HCC,TCGA-DD-AACJ-01,ERBB2,mutation_assayed_no_variant_reported,1,0
HCC,TCGA-DD-AACK-01,KRAS,mutation_assayed_no_variant_reported,1,0
HCC,TCGA-DD-AACK-01,TP53,mutation_assayed_no_variant_reported,1,0
HCC,TCGA-DD-AACK-01,EGFR,mutation_assayed_no_variant_reported,1,0
HCC,TCGA-DD-AACK-01,ERBB2,mutation_assayed_no_variant_reported,1,0
HCC,TCGA-DD-AACL-01,KRAS,mutation_assayed_no_variant_reported,1,0
HCC,TCGA-DD-AACL-01,TP53,variant_reported,1,1
HCC,TCGA-DD-AACL-01,EGFR,mutation_assayed_no_variant_reported,1,0
HCC,TCGA-DD-AACL-01,ERBB2,mutation_assayed_no_variant_reported,1,0
HCC,TCGA-DD-AACM-01,KRAS,mutation_assayed_no_variant_reported,1,0
HCC,TCGA-DD-AACM-01,TP53,variant_reported,1,1
HCC,TCGA-DD-AACM-01,EGFR,mutation_assayed_no_variant_reported,1,0
HCC,TCGA-DD-AACM-01,ERBB2,mutation_assayed_no_variant_reported,1,0
HCC,TCGA-DD-AACN-01,KRAS,mutation_assayed_no_variant_reported,1,0
HCC,TCGA-DD-AACN-01,TP53,mutation_assayed_no_variant_reported,1,0
HCC,TCGA-DD-AACN-01,EGFR,mutation_assayed_no_variant_reported,1,0
HCC,TCGA-DD-AACN-01,ERBB2,mutation_assayed_no_variant_reported,1,0
HCC,TCGA-DD-AACO-01,KRAS,mutation_assayed_no_variant_reported,1,0
HCC,TCGA-DD-AACO-01,TP53,mutation_assayed_no_variant_reported,1,0
HCC,TCGA-DD-AACO-01,EGFR,mutation_assayed_no_variant_reported,1,0
HCC,TCGA-DD-AACO-01,ERBB2,mutation_assayed_no_variant_reported,1,0
HCC,TCGA-DD-AACP-01,KRAS,mutation_assayed_no_variant_reported,1,0
HCC,TCGA-DD-AACP-01,TP53,mutation_assayed_no_variant_reported,1,0
HCC,TCGA-DD-AACP-01,EGFR,mutation_assayed_no_variant_reported,1,0
HCC,TCGA-DD-AACP-01,ERBB2,mutation_assayed_no_variant_reported,1,0
HCC,TCGA-DD-AACQ-01,KRAS,mutation_assayed_no_variant_reported,1,0
HCC,TCGA-DD-AACQ-01,TP53,variant_reported,1,1
HCC,TCGA-DD-AACQ-01,EGFR,mutation_assayed_no_variant_reported,1,0
HCC,TCGA-DD-AACQ-01,ERBB2,mutation_assayed_no_variant_reported,1,0
HCC,TCGA-DD-AACS-01,KRAS,mutation_assayed_no_variant_reported,1,0
HCC,TCGA-DD-AACS-01,TP53,variant_reported,1,1
HCC,TCGA-DD-AACS-01,EGFR,mutation_assayed_no_variant_reported,1,0
HCC,TCGA-DD-AACS-01,ERBB2,mutation_assayed_no_variant_reported,1,0
HCC,TCGA-DD-AACT-01,KRAS,mutation_assayed_no_variant_reported,1,0
HCC,TCGA-DD-AACT-01,TP53,mutation_assayed_no_variant_reported,1,0
HCC,TCGA-DD-AACT-01,EGFR,mutation_assayed_no_variant_reported,1,0
HCC,TCGA-DD-AACT-01,ERBB2,mutation_assayed_no_variant_reported,1,0
HCC,TCGA-DD-AACU-01,KRAS,mutation_assayed_no_variant_reported,1,0
HCC,TCGA-DD-AACU-01,TP53,variant_reported,1,1
HCC,TCGA-DD-AACU-01,EGFR,mutation_assayed_no_variant_reported,1,0
HCC,TCGA-DD-AACU-01,ERBB2,mutation_assayed_no_variant_reported,1,0
HCC,TCGA-DD-AACV-01,KRAS,mutation_assayed_no_variant_reported,1,0
HCC,TCGA-DD-AACV-01,TP53,variant_reported,1,1
HCC,TCGA-DD-AACV-01,EGFR,mutation_assayed_no_variant_reported,1,0
HCC,TCGA-DD-AACV-01,ERBB2,mutation_assayed_no_variant_reported,1,0
HCC,TCGA-DD-AACW-01,KRAS,mutation_assayed_no_variant_reported,1,0
HCC,TCGA-DD-AACW-01,TP53,mutation_assayed_no_variant_reported,1,0
HCC,TCGA-DD-AACW-01,EGFR,mutation_assayed_no_variant_reported,1,0
HCC,TCGA-DD-AACW-01,ERBB2,mutation_assayed_no_variant_reported,1,0
HCC,TCGA-DD-AACX-01,KRAS,mutation_assayed_no_variant_reported,1,0
HCC,TCGA-DD-AACX-01,TP53,mutation_assayed_no_variant_reported,1,0
HCC,TCGA-DD-AACX-01,EGFR,mutation_assayed_no_variant_reported,1,0
HCC,TCGA-DD-AACX-01,ERBB2,mutation_assayed_no_variant_reported,1,0
HCC,TCGA-DD-AACY-01,KRAS,mutation_assayed_no_variant_reported,1,0
HCC,TCGA-DD-AACY-01,TP53,mutation_assayed_no_variant_reported,1,0
HCC,TCGA-DD-AACY-01,EGFR,variant_reported,1,1
HCC,TCGA-DD-AACY-01,ERBB2,mutation_assayed_no_variant_reported,1,0
HCC,TCGA-DD-AACZ-01,KRAS,mutation_assayed_no_variant_reported,1,0
HCC,TCGA-DD-AACZ-01,TP53,variant_reported,1,1
HCC,TCGA-DD-AACZ-01,EGFR,mutation_assayed_no_variant_reported,1,0
HCC,TCGA-DD-AACZ-01,ERBB2,mutation_assayed_no_variant_reported,1,0
HCC,TCGA-DD-AAD0-01,KRAS,mutation_assayed_no_variant_reported,1,0
HCC,TCGA-DD-AAD0-01,TP53,mutation_assayed_no_variant_reported,1,0
HCC,TCGA-DD-AAD0-01,EGFR,mutation_assayed_no_variant_reported,1,0
HCC,TCGA-DD-AAD0-01,ERBB2,mutation_assayed_no_variant_reported,1,0
HCC,TCGA-DD-AAD1-01,KRAS,mutation_assayed_no_variant_reported,1,0
HCC,TCGA-DD-AAD1-01,TP53,mutation_assayed_no_variant_reported,1,0
HCC,TCGA-DD-AAD1-01,EGFR,mutation_assayed_no_variant_reported,1,0
HCC,TCGA-DD-AAD1-01,ERBB2,mutation_assayed_no_variant_reported,1,0
HCC,TCGA-DD-AAD2-01,KRAS,mutation_assayed_no_variant_reported,1,0
HCC,TCGA-DD-AAD2-01,TP53,mutation_assayed_no_variant_reported,1,0
HCC,TCGA-DD-AAD2-01,EGFR,mutation_assayed_no_variant_reported,1,0
HCC,TCGA-DD-AAD2-01,ERBB2,mutation_assayed_no_variant_reported,1,0
HCC,TCGA-DD-AAD3-01,KRAS,mutation_assayed_no_variant_reported,1,0
HCC,TCGA-DD-AAD3-01,TP53,variant_reported,1,1
HCC,TCGA-DD-AAD3-01,EGFR,mutation_assayed_no_variant_reported,1,0
HCC,TCGA-DD-AAD3-01,ERBB2,mutation_assayed_no_variant_reported,1,0
HCC,TCGA-DD-AAD5-01,KRAS,mutation_assayed_no_variant_reported,1,0
HCC,TCGA-DD-AAD5-01,TP53,variant_reported,1,1
HCC,TCGA-DD-AAD5-01,EGFR,mutation_assayed_no_variant_reported,1,0
HCC,TCGA-DD-AAD5-01,ERBB2,mutation_assayed_no_variant_reported,1,0
HCC,TCGA-DD-AAD6-01,KRAS,mutation_assayed_no_variant_reported,1,0
HCC,TCGA-DD-AAD6-01,TP53,mutation_assayed_no_variant_reported,1,0
HCC,TCGA-DD-AAD6-01,EGFR,mutation_assayed_no_variant_reported,1,0
HCC,TCGA-DD-AAD6-01,ERBB2,mutation_assayed_no_variant_reported,1,0
HCC,TCGA-DD-AAD8-01,KRAS,mutation_assayed_no_variant_reported,1,0
HCC,TCGA-DD-AAD8-01,TP53,variant_reported,1,1
HCC,TCGA-DD-AAD8-01,EGFR,mutation_assayed_no_variant_reported,1,0
HCC,TCGA-DD-AAD8-01,ERBB2,mutation_assayed_no_variant_reported,1,0
HCC,TCGA-DD-AADA-01,KRAS,variant_reported,1,1
HCC,TCGA-DD-AADA-01,TP53,mutation_assayed_no_variant_reported,1,0
HCC,TCGA-DD-AADA-01,EGFR,mutation_assayed_no_variant_reported,1,0
HCC,TCGA-DD-AADA-01,ERBB2,mutation_assayed_no_variant_reported,1,0
HCC,TCGA-DD-AADB-01,KRAS,mutation_assayed_no_variant_reported,1,0
HCC,TCGA-DD-AADB-01,TP53,variant_reported,1,1
HCC,TCGA-DD-AADB-01,EGFR,mutation_assayed_no_variant_reported,1,0
HCC,TCGA-DD-AADB-01,ERBB2,mutation_assayed_no_variant_reported,1,0
HCC,TCGA-DD-AADC-01,KRAS,mutation_assayed_no_variant_reported,1,0
HCC,TCGA-DD-AADC-01,TP53,variant_reported,1,1
HCC,TCGA-DD-AADC-01,EGFR,mutation_assayed_no_variant_reported,1,0
HCC,TCGA-DD-AADC-01,ERBB2,mutation_assayed_no_variant_reported,1,0
HCC,TCGA-DD-AADD-01,KRAS,mutation_assayed_no_variant_reported,1,0
HCC,TCGA-DD-AADD-01,TP53,variant_reported,1,1
HCC,TCGA-DD-AADD-01,EGFR,mutation_assayed_no_variant_reported,1,0
HCC,TCGA-DD-AADD-01,ERBB2,mutation_assayed_no_variant_reported,1,0
HCC,TCGA-DD-AADE-01,KRAS,mutation_assayed_no_variant_reported,1,0
HCC,TCGA-DD-AADE-01,TP53,mutation_assayed_no_variant_reported,1,0
HCC,TCGA-DD-AADE-01,EGFR,mutation_assayed_no_variant_reported,1,0
HCC,TCGA-DD-AADE-01,ERBB2,mutation_assayed_no_variant_reported,1,0
HCC,TCGA-DD-AADF-01,KRAS,mutation_assayed_no_variant_reported,1,0
HCC,TCGA-DD-AADF-01,TP53,mutation_assayed_no_variant_reported,1,0
HCC,TCGA-DD-AADF-01,EGFR,mutation_assayed_no_variant_reported,1,0
HCC,TCGA-DD-AADF-01,ERBB2,mutation_assayed_no_variant_reported,1,0
HCC,TCGA-DD-AADG-01,KRAS,mutation_assayed_no_variant_reported,1,0
HCC,TCGA-DD-AADG-01,TP53,mutation_assayed_no_variant_reported,1,0
HCC,TCGA-DD-AADG-01,EGFR,mutation_assayed_no_variant_reported,1,0
HCC,TCGA-DD-AADG-01,ERBB2,mutation_assayed_no_variant_reported,1,0
HCC,TCGA-DD-AADI-01,KRAS,mutation_assayed_no_variant_reported,1,0
HCC,TCGA-DD-AADI-01,TP53,mutation_assayed_no_variant_reported,1,0
HCC,TCGA-DD-AADI-01,EGFR,mutation_assayed_no_variant_reported,1,0
HCC,TCGA-DD-AADI-01,ERBB2,mutation_assayed_no_variant_reported,1,0
HCC,TCGA-DD-AADJ-01,KRAS,mutation_assayed_no_variant_reported,1,0
HCC,TCGA-DD-AADJ-01,TP53,mutation_assayed_no_variant_reported,1,0
HCC,TCGA-DD-AADJ-01,EGFR,mutation_assayed_no_variant_reported,1,0
HCC,TCGA-DD-AADJ-01,ERBB2,mutation_assayed_no_variant_reported,1,0
HCC,TCGA-DD-AADK-01,KRAS,mutation_assayed_no_variant_reported,1,0
HCC,TCGA-DD-AADK-01,TP53,mutation_assayed_no_variant_reported,1,0
HCC,TCGA-DD-AADK-01,EGFR,mutation_assayed_no_variant_reported,1,0
HCC,TCGA-DD-AADK-01,ERBB2,mutation_assayed_no_variant_reported,1,0
HCC,TCGA-DD-AADL-01,KRAS,mutation_assayed_no_variant_reported,1,0
HCC,TCGA-DD-AADL-01,TP53,variant_reported,1,1
HCC,TCGA-DD-AADL-01,EGFR,mutation_assayed_no_variant_reported,1,0
HCC,TCGA-DD-AADL-01,ERBB2,mutation_assayed_no_variant_reported,1,0
HCC,TCGA-DD-AADM-01,KRAS,mutation_assayed_no_variant_reported,1,0
HCC,TCGA-DD-AADM-01,TP53,mutation_assayed_no_variant_reported,1,0
HCC,TCGA-DD-AADM-01,EGFR,mutation_assayed_no_variant_reported,1,0
HCC,TCGA-DD-AADM-01,ERBB2,mutation_assayed_no_variant_reported,1,0
HCC,TCGA-DD-AADN-01,KRAS,mutation_assayed_no_variant_reported,1,0
HCC,TCGA-DD-AADN-01,TP53,variant_reported,1,1
HCC,TCGA-DD-AADN-01,EGFR,mutation_assayed_no_variant_reported,1,0
HCC,TCGA-DD-AADN-01,ERBB2,mutation_assayed_no_variant_reported,1,0
HCC,TCGA-DD-AADO-01,KRAS,mutation_assayed_no_variant_reported,1,0
HCC,TCGA-DD-AADO-01,TP53,mutation_assayed_no_variant_reported,1,0
HCC,TCGA-DD-AADO-01,EGFR,mutation_assayed_no_variant_reported,1,0
HCC,TCGA-DD-AADO-01,ERBB2,mutation_assayed_no_variant_reported,1,0
HCC,TCGA-DD-AADP-01,KRAS,mutation_assayed_no_variant_reported,1,0
HCC,TCGA-DD-AADP-01,TP53,mutation_assayed_no_variant_reported,1,0
HCC,TCGA-DD-AADP-01,EGFR,mutation_assayed_no_variant_reported,1,0
HCC,TCGA-DD-AADP-01,ERBB2,mutation_assayed_no_variant_reported,1,0
HCC,TCGA-DD-AADQ-01,KRAS,mutation_assayed_no_variant_reported,1,0
HCC,TCGA-DD-AADQ-01,TP53,mutation_assayed_no_variant_reported,1,0
HCC,TCGA-DD-AADQ-01,EGFR,mutation_assayed_no_variant_reported,1,0
HCC,TCGA-DD-AADQ-01,ERBB2,mutation_assayed_no_variant_reported,1,0
HCC,TCGA-DD-AADR-01,KRAS,mutation_assayed_no_variant_reported,1,0
HCC,TCGA-DD-AADR-01,TP53,variant_reported,1,1
HCC,TCGA-DD-AADR-01,EGFR,mutation_assayed_no_variant_reported,1,0
HCC,TCGA-DD-AADR-01,ERBB2,mutation_assayed_no_variant_reported,1,0
HCC,TCGA-DD-AADS-01,KRAS,mutation_assayed_no_variant_reported,1,0
HCC,TCGA-DD-AADS-01,TP53,mutation_assayed_no_variant_reported,1,0
HCC,TCGA-DD-AADS-01,EGFR,mutation_assayed_no_variant_reported,1,0
HCC,TCGA-DD-AADS-01,ERBB2,mutation_assayed_no_variant_reported,1,0
HCC,TCGA-DD-AADU-01,KRAS,mutation_assayed_no_variant_reported,1,0
HCC,TCGA-DD-AADU-01,TP53,mutation_assayed_no_variant_reported,1,0
HCC,TCGA-DD-AADU-01,EGFR,mutation_assayed_no_variant_reported,1,0
HCC,TCGA-DD-AADU-01,ERBB2,mutation_assayed_no_variant_reported,1,0
HCC,TCGA-DD-AADV-01,KRAS,mutation_assayed_no_variant_reported,1,0
HCC,TCGA-DD-AADV-01,TP53,variant_reported,1,1
HCC,TCGA-DD-AADV-01,EGFR,mutation_assayed_no_variant_reported,1,0
HCC,TCGA-DD-AADV-01,ERBB2,mutation_assayed_no_variant_reported,1,0
HCC,TCGA-DD-AADW-01,KRAS,mutation_assayed_no_variant_reported,1,0
HCC,TCGA-DD-AADW-01,TP53,variant_reported,1,1
HCC,TCGA-DD-AADW-01,EGFR,mutation_assayed_no_variant_reported,1,0
HCC,TCGA-DD-AADW-01,ERBB2,mutation_assayed_no_variant_reported,1,0
HCC,TCGA-DD-AADY-01,KRAS,mutation_assayed_no_variant_reported,1,0
HCC,TCGA-DD-AADY-01,TP53,mutation_assayed_no_variant_reported,1,0
HCC,TCGA-DD-AADY-01,EGFR,mutation_assayed_no_variant_reported,1,0
HCC,TCGA-DD-AADY-01,ERBB2,mutation_assayed_no_variant_reported,1,0
HCC,TCGA-DD-AAE0-01,KRAS,mutation_assayed_no_variant_reported,1,0
HCC,TCGA-DD-AAE0-01,TP53,variant_reported,1,1
HCC,TCGA-DD-AAE0-01,EGFR,mutation_assayed_no_variant_reported,1,0
HCC,TCGA-DD-AAE0-01,ERBB2,mutation_assayed_no_variant_reported,1,0
HCC,TCGA-DD-AAE1-01,KRAS,mutation_assayed_no_variant_reported,1,0
HCC,TCGA-DD-AAE1-01,TP53,mutation_assayed_no_variant_reported,1,0
HCC,TCGA-DD-AAE1-01,EGFR,mutation_assayed_no_variant_reported,1,0
HCC,TCGA-DD-AAE1-01,ERBB2,mutation_assayed_no_variant_reported,1,0
HCC,TCGA-DD-AAE2-01,KRAS,mutation_assayed_no_variant_reported,1,0
HCC,TCGA-DD-AAE2-01,TP53,mutation_assayed_no_variant_reported,1,0
HCC,TCGA-DD-AAE2-01,EGFR,mutation_assayed_no_variant_reported,1,0
HCC,TCGA-DD-AAE2-01,ERBB2,mutation_assayed_no_variant_reported,1,0
HCC,TCGA-DD-AAE3-01,KRAS,mutation_assayed_no_variant_reported,1,0
HCC,TCGA-DD-AAE3-01,TP53,mutation_assayed_no_variant_reported,1,0
HCC,TCGA-DD-AAE3-01,EGFR,variant_reported,1,1
HCC,TCGA-DD-AAE3-01,ERBB2,mutation_assayed_no_variant_reported,1,0
HCC,TCGA-DD-AAE4-01,KRAS,mutation_assayed_no_variant_reported,1,0
HCC,TCGA-DD-AAE4-01,TP53,mutation_assayed_no_variant_reported,1,0
HCC,TCGA-DD-AAE4-01,EGFR,mutation_assayed_no_variant_reported,1,0
HCC,TCGA-DD-AAE4-01,ERBB2,mutation_assayed_no_variant_reported,1,0
HCC,TCGA-DD-AAE6-01,KRAS,mutation_assayed_no_variant_reported,1,0
HCC,TCGA-DD-AAE6-01,TP53,variant_reported,1,1
HCC,TCGA-DD-AAE6-01,EGFR,mutation_assayed_no_variant_reported,1,0
HCC,TCGA-DD-AAE6-01,ERBB2,mutation_assayed_no_variant_reported,1,0
HCC,TCGA-DD-AAE7-01,KRAS,mutation_assayed_no_variant_reported,1,0
HCC,TCGA-DD-AAE7-01,TP53,mutation_assayed_no_variant_reported,1,0
HCC,TCGA-DD-AAE7-01,EGFR,mutation_assayed_no_variant_reported,1,0
HCC,TCGA-DD-AAE7-01,ERBB2,mutation_assayed_no_variant_reported,1,0
HCC,TCGA-DD-AAE8-01,KRAS,mutation_assayed_no_variant_reported,1,0
HCC,TCGA-DD-AAE8-01,TP53,variant_reported,1,1
HCC,TCGA-DD-AAE8-01,EGFR,mutation_assayed_no_variant_reported,1,0
HCC,TCGA-DD-AAE8-01,ERBB2,mutation_assayed_no_variant_reported,1,0
HCC,TCGA-DD-AAE9-01,KRAS,mutation_assayed_no_variant_reported,1,0
HCC,TCGA-DD-AAE9-01,TP53,mutation_assayed_no_variant_reported,1,0
HCC,TCGA-DD-AAE9-01,EGFR,mutation_assayed_no_variant_reported,1,0
HCC,TCGA-DD-AAE9-01,ERBB2,mutation_assayed_no_variant_reported,1,0
HCC,TCGA-DD-AAEA-01,KRAS,mutation_assayed_no_variant_reported,1,0
HCC,TCGA-DD-AAEA-01,TP53,variant_reported,1,1
HCC,TCGA-DD-AAEA-01,EGFR,mutation_assayed_no_variant_reported,1,0
HCC,TCGA-DD-AAEA-01,ERBB2,mutation_assayed_no_variant_reported,1,0
HCC,TCGA-DD-AAEB-01,KRAS,mutation_assayed_no_variant_reported,1,0
HCC,TCGA-DD-AAEB-01,TP53,mutation_assayed_no_variant_reported,1,0
HCC,TCGA-DD-AAEB-01,EGFR,mutation_assayed_no_variant_reported,1,0
HCC,TCGA-DD-AAEB-01,ERBB2,mutation_assayed_no_variant_reported,1,0
HCC,TCGA-DD-AAED-01,KRAS,mutation_assayed_no_variant_reported,1,0
HCC,TCGA-DD-AAED-01,TP53,variant_reported,1,1
HCC,TCGA-DD-AAED-01,EGFR,mutation_assayed_no_variant_reported,1,0
HCC,TCGA-DD-AAED-01,ERBB2,mutation_assayed_no_variant_reported,1,0
HCC,TCGA-DD-AAEE-01,KRAS,mutation_assayed_no_variant_reported,1,0
HCC,TCGA-DD-AAEE-01,TP53,mutation_assayed_no_variant_reported,1,0
HCC,TCGA-DD-AAEE-01,EGFR,mutation_assayed_no_variant_reported,1,0
HCC,TCGA-DD-AAEE-01,ERBB2,mutation_assayed_no_variant_reported,1,0
HCC,TCGA-DD-AAEG-01,KRAS,mutation_assayed_no_variant_reported,1,0
HCC,TCGA-DD-AAEG-01,TP53,mutation_assayed_no_variant_reported,1,0
HCC,TCGA-DD-AAEG-01,EGFR,mutation_assayed_no_variant_reported,1,0
HCC,TCGA-DD-AAEG-01,ERBB2,mutation_assayed_no_variant_reported,1,0
HCC,TCGA-DD-AAEH-01,KRAS,mutation_assayed_no_variant_reported,1,0
HCC,TCGA-DD-AAEH-01,TP53,mutation_assayed_no_variant_reported,1,0
HCC,TCGA-DD-AAEH-01,EGFR,mutation_assayed_no_variant_reported,1,0
HCC,TCGA-DD-AAEH-01,ERBB2,mutation_assayed_no_variant_reported,1,0
HCC,TCGA-DD-AAEI-01,KRAS,mutation_assayed_no_variant_reported,1,0
HCC,TCGA-DD-AAEI-01,TP53,variant_reported,1,1
HCC,TCGA-DD-AAEI-01,EGFR,mutation_assayed_no_variant_reported,1,0
HCC,TCGA-DD-AAEI-01,ERBB2,mutation_assayed_no_variant_reported,1,0
HCC,TCGA-DD-AAEK-01,KRAS,mutation_assayed_no_variant_reported,1,0
HCC,TCGA-DD-AAEK-01,TP53,mutation_assayed_no_variant_reported,1,0
HCC,TCGA-DD-AAEK-01,EGFR,mutation_assayed_no_variant_reported,1,0
HCC,TCGA-DD-AAEK-01,ERBB2,mutation_assayed_no_variant_reported,1,0
HCC,TCGA-DD-AAVP-01,KRAS,mutation_assayed_no_variant_reported,1,0
HCC,TCGA-DD-AAVP-01,TP53,mutation_assayed_no_variant_reported,1,0
HCC,TCGA-DD-AAVP-01,EGFR,mutation_assayed_no_variant_reported,1,0
HCC,TCGA-DD-AAVP-01,ERBB2,mutation_assayed_no_variant_reported,1,0
HCC,TCGA-DD-AAVQ-01,KRAS,mutation_assayed_no_variant_reported,1,0
HCC,TCGA-DD-AAVQ-01,TP53,mutation_assayed_no_variant_reported,1,0
HCC,TCGA-DD-AAVQ-01,EGFR,mutation_assayed_no_variant_reported,1,0
HCC,TCGA-DD-AAVQ-01,ERBB2,mutation_assayed_no_variant_reported,1,0
HCC,TCGA-DD-AAVR-01,KRAS,mutation_assayed_no_variant_reported,1,0
HCC,TCGA-DD-AAVR-01,TP53,mutation_assayed_no_variant_reported,1,0
HCC,TCGA-DD-AAVR-01,EGFR,mutation_assayed_no_variant_reported,1,0
HCC,TCGA-DD-AAVR-01,ERBB2,mutation_assayed_no_variant_reported,1,0
HCC,TCGA-DD-AAVS-01,KRAS,mutation_assayed_no_variant_reported,1,0
HCC,TCGA-DD-AAVS-01,TP53,mutation_assayed_no_variant_reported,1,0
HCC,TCGA-DD-AAVS-01,EGFR,mutation_assayed_no_variant_reported,1,0
HCC,TCGA-DD-AAVS-01,ERBB2,mutation_assayed_no_variant_reported,1,0
HCC,TCGA-DD-AAVU-01,KRAS,mutation_assayed_no_variant_reported,1,0
HCC,TCGA-DD-AAVU-01,TP53,variant_reported,1,1
HCC,TCGA-DD-AAVU-01,EGFR,mutation_assayed_no_variant_reported,1,0
HCC,TCGA-DD-AAVU-01,ERBB2,mutation_assayed_no_variant_reported,1,0
HCC,TCGA-DD-AAVV-01,KRAS,mutation_assayed_no_variant_reported,1,0
HCC,TCGA-DD-AAVV-01,TP53,variant_reported,1,1
HCC,TCGA-DD-AAVV-01,EGFR,mutation_assayed_no_variant_reported,1,0
HCC,TCGA-DD-AAVV-01,ERBB2,mutation_assayed_no_variant_reported,1,0
HCC,TCGA-DD-AAVW-01,KRAS,mutation_assayed_no_variant_reported,1,0
HCC,TCGA-DD-AAVW-01,TP53,mutation_assayed_no_variant_reported,1,0
HCC,TCGA-DD-AAVW-01,EGFR,mutation_assayed_no_variant_reported,1,0
HCC,TCGA-DD-AAVW-01,ERBB2,mutation_assayed_no_variant_reported,1,0
HCC,TCGA-DD-AAVX-01,KRAS,mutation_assayed_no_variant_reported,1,0
HCC,TCGA-DD-AAVX-01,TP53,mutation_assayed_no_variant_reported,1,0
HCC,TCGA-DD-AAVX-01,EGFR,mutation_assayed_no_variant_reported,1,0
HCC,TCGA-DD-AAVX-01,ERBB2,mutation_assayed_no_variant_reported,1,0
HCC,TCGA-DD-AAVY-01,KRAS,mutation_assayed_no_variant_reported,1,0
HCC,TCGA-DD-AAVY-01,TP53,mutation_assayed_no_variant_reported,1,0
HCC,TCGA-DD-AAVY-01,EGFR,mutation_assayed_no_variant_reported,1,0
HCC,TCGA-DD-AAVY-01,ERBB2,mutation_assayed_no_variant_reported,1,0
HCC,TCGA-DD-AAVZ-01,KRAS,mutation_assayed_no_variant_reported,1,0
HCC,TCGA-DD-AAVZ-01,TP53,mutation_assayed_no_variant_reported,1,0
HCC,TCGA-DD-AAVZ-01,EGFR,mutation_assayed_no_variant_reported,1,0
HCC,TCGA-DD-AAVZ-01,ERBB2,mutation_assayed_no_variant_reported,1,0
HCC,TCGA-DD-AAW0-01,KRAS,mutation_assayed_no_variant_reported,1,0
HCC,TCGA-DD-AAW0-01,TP53,mutation_assayed_no_variant_reported,1,0
HCC,TCGA-DD-AAW0-01,EGFR,mutation_assayed_no_variant_reported,1,0
HCC,TCGA-DD-AAW0-01,ERBB2,mutation_assayed_no_variant_reported,1,0
HCC,TCGA-DD-AAW1-01,KRAS,mutation_assayed_no_variant_reported,1,0
HCC,TCGA-DD-AAW1-01,TP53,mutation_assayed_no_variant_reported,1,0
HCC,TCGA-DD-AAW1-01,EGFR,mutation_assayed_no_variant_reported,1,0
HCC,TCGA-DD-AAW1-01,ERBB2,mutation_assayed_no_variant_reported,1,0
HCC,TCGA-DD-AAW2-01,KRAS,mutation_assayed_no_variant_reported,1,0
HCC,TCGA-DD-AAW2-01,TP53,mutation_assayed_no_variant_reported,1,0
HCC,TCGA-DD-AAW2-01,EGFR,mutation_assayed_no_variant_reported,1,0
HCC,TCGA-DD-AAW2-01,ERBB2,mutation_assayed_no_variant_reported,1,0
HCC,TCGA-DD-AAW3-01,KRAS,mutation_assayed_no_variant_reported,1,0
HCC,TCGA-DD-AAW3-01,TP53,mutation_assayed_no_variant_reported,1,0
HCC,TCGA-DD-AAW3-01,EGFR,mutation_assayed_no_variant_reported,1,0
HCC,TCGA-DD-AAW3-01,ERBB2,mutation_assayed_no_variant_reported,1,0
HCC,TCGA-ED-A459-01,KRAS,mutation_assayed_no_variant_reported,1,0
HCC,TCGA-ED-A459-01,TP53,variant_reported,1,1
HCC,TCGA-ED-A459-01,EGFR,mutation_assayed_no_variant_reported,1,0
HCC,TCGA-ED-A459-01,ERBB2,mutation_assayed_no_variant_reported,1,0
HCC,TCGA-ED-A4XI-01,KRAS,mutation_assayed_no_variant_reported,1,0
HCC,TCGA-ED-A4XI-01,TP53,mutation_assayed_no_variant_reported,1,0
HCC,TCGA-ED-A4XI-01,EGFR,mutation_assayed_no_variant_reported,1,0
HCC,TCGA-ED-A4XI-01,ERBB2,mutation_assayed_no_variant_reported,1,0
HCC,TCGA-ED-A5KG-01,KRAS,mutation_assayed_no_variant_reported,1,0
HCC,TCGA-ED-A5KG-01,TP53,mutation_assayed_no_variant_reported,1,0
HCC,TCGA-ED-A5KG-01,EGFR,mutation_assayed_no_variant_reported,1,0
HCC,TCGA-ED-A5KG-01,ERBB2,mutation_assayed_no_variant_reported,1,0
HCC,TCGA-ED-A627-01,KRAS,mutation_assayed_no_variant_reported,1,0
HCC,TCGA-ED-A627-01,TP53,mutation_assayed_no_variant_reported,1,0
HCC,TCGA-ED-A627-01,EGFR,mutation_assayed_no_variant_reported,1,0
HCC,TCGA-ED-A627-01,ERBB2,mutation_assayed_no_variant_reported,1,0
HCC,TCGA-ED-A66X-01,KRAS,mutation_assayed_no_variant_reported,1,0
HCC,TCGA-ED-A66X-01,TP53,mutation_assayed_no_variant_reported,1,0
HCC,TCGA-ED-A66X-01,EGFR,mutation_assayed_no_variant_reported,1,0
HCC,TCGA-ED-A66X-01,ERBB2,mutation_assayed_no_variant_reported,1,0
HCC,TCGA-ED-A66Y-01,KRAS,mutation_assayed_no_variant_reported,1,0
HCC,TCGA-ED-A66Y-01,TP53,mutation_assayed_no_variant_reported,1,0
HCC,TCGA-ED-A66Y-01,EGFR,mutation_assayed_no_variant_reported,1,0
HCC,TCGA-ED-A66Y-01,ERBB2,mutation_assayed_no_variant_reported,1,0
HCC,TCGA-ED-A7PX-01,KRAS,mutation_assayed_no_variant_reported,1,0
HCC,TCGA-ED-A7PX-01,TP53,mutation_assayed_no_variant_reported,1,0
HCC,TCGA-ED-A7PX-01,EGFR,mutation_assayed_no_variant_reported,1,0
HCC,TCGA-ED-A7PX-01,ERBB2,mutation_assayed_no_variant_reported,1,0
HCC,TCGA-ED-A7PY-01,KRAS,mutation_assayed_no_variant_reported,1,0
HCC,TCGA-ED-A7PY-01,TP53,mutation_assayed_no_variant_reported,1,0
HCC,TCGA-ED-A7PY-01,EGFR,mutation_assayed_no_variant_reported,1,0
HCC,TCGA-ED-A7PY-01,ERBB2,mutation_assayed_no_variant_reported,1,0
HCC,TCGA-ED-A7PZ-01,KRAS,mutation_assayed_no_variant_reported,1,0
HCC,TCGA-ED-A7PZ-01,TP53,variant_reported,1,1
HCC,TCGA-ED-A7PZ-01,EGFR,mutation_assayed_no_variant_reported,1,0
HCC,TCGA-ED-A7PZ-01,ERBB2,mutation_assayed_no_variant_reported,1,0
HCC,TCGA-ED-A7XO-01,KRAS,mutation_assayed_no_variant_reported,1,0
HCC,TCGA-ED-A7XO-01,TP53,variant_reported,1,1
HCC,TCGA-ED-A7XO-01,EGFR,mutation_assayed_no_variant_reported,1,0
HCC,TCGA-ED-A7XO-01,ERBB2,mutation_assayed_no_variant_reported,1,0
HCC,TCGA-ED-A7XP-01,KRAS,mutation_assayed_no_variant_reported,1,0
HCC,TCGA-ED-A7XP-01,TP53,variant_reported,1,1
HCC,TCGA-ED-A7XP-01,EGFR,mutation_assayed_no_variant_reported,1,0
HCC,TCGA-ED-A7XP-01,ERBB2,mutation_assayed_no_variant_reported,1,0
HCC,TCGA-ED-A82E-01,KRAS,mutation_assayed_no_variant_reported,1,0
HCC,TCGA-ED-A82E-01,TP53,mutation_assayed_no_variant_reported,1,0
HCC,TCGA-ED-A82E-01,EGFR,mutation_assayed_no_variant_reported,1,0
HCC,TCGA-ED-A82E-01,ERBB2,mutation_assayed_no_variant_reported,1,0
HCC,TCGA-ED-A8O5-01,KRAS,mutation_assayed_no_variant_reported,1,0
HCC,TCGA-ED-A8O5-01,TP53,mutation_assayed_no_variant_reported,1,0
HCC,TCGA-ED-A8O5-01,EGFR,mutation_assayed_no_variant_reported,1,0
HCC,TCGA-ED-A8O5-01,ERBB2,mutation_assayed_no_variant_reported,1,0
HCC,TCGA-ED-A8O6-01,KRAS,mutation_assayed_no_variant_reported,1,0
HCC,TCGA-ED-A8O6-01,TP53,mutation_assayed_no_variant_reported,1,0
HCC,TCGA-ED-A8O6-01,EGFR,mutation_assayed_no_variant_reported,1,0
HCC,TCGA-ED-A8O6-01,ERBB2,mutation_assayed_no_variant_reported,1,0
HCC,TCGA-ED-A97K-01,KRAS,mutation_assayed_no_variant_reported,1,0
HCC,TCGA-ED-A97K-01,TP53,mutation_assayed_no_variant_reported,1,0
HCC,TCGA-ED-A97K-01,EGFR,mutation_assayed_no_variant_reported,1,0
HCC,TCGA-ED-A97K-01,ERBB2,mutation_assayed_no_variant_reported,1,0
HCC,TCGA-EP-A12J-01,KRAS,mutation_assayed_no_variant_reported,1,0
HCC,TCGA-EP-A12J-01,TP53,mutation_assayed_no_variant_reported,1,0
HCC,TCGA-EP-A12J-01,EGFR,mutation_assayed_no_variant_reported,1,0
HCC,TCGA-EP-A12J-01,ERBB2,mutation_assayed_no_variant_reported,1,0
HCC,TCGA-EP-A26S-01,KRAS,mutation_assayed_no_variant_reported,1,0
HCC,TCGA-EP-A26S-01,TP53,mutation_assayed_no_variant_reported,1,0
HCC,TCGA-EP-A26S-01,EGFR,mutation_assayed_no_variant_reported,1,0
HCC,TCGA-EP-A26S-01,ERBB2,mutation_assayed_no_variant_reported,1,0
HCC,TCGA-EP-A2KA-01,KRAS,mutation_assayed_no_variant_reported,1,0
HCC,TCGA-EP-A2KA-01,TP53,mutation_assayed_no_variant_reported,1,0
HCC,TCGA-EP-A2KA-01,EGFR,mutation_assayed_no_variant_reported,1,0
HCC,TCGA-EP-A2KA-01,ERBB2,mutation_assayed_no_variant_reported,1,0
HCC,TCGA-EP-A2KB-01,KRAS,mutation_assayed_no_variant_reported,1,0
HCC,TCGA-EP-A2KB-01,TP53,mutation_assayed_no_variant_reported,1,0
HCC,TCGA-EP-A2KB-01,EGFR,mutation_assayed_no_variant_reported,1,0
HCC,TCGA-EP-A2KB-01,ERBB2,mutation_assayed_no_variant_reported,1,0
HCC,TCGA-EP-A2KC-01,KRAS,mutation_assayed_no_variant_reported,1,0
HCC,TCGA-EP-A2KC-01,TP53,mutation_assayed_no_variant_reported,1,0
HCC,TCGA-EP-A2KC-01,EGFR,mutation_assayed_no_variant_reported,1,0
HCC,TCGA-EP-A2KC-01,ERBB2,mutation_assayed_no_variant_reported,1,0
HCC,TCGA-EP-A3JL-01,KRAS,mutation_assayed_no_variant_reported,1,0
HCC,TCGA-EP-A3JL-01,TP53,mutation_assayed_no_variant_reported,1,0
HCC,TCGA-EP-A3JL-01,EGFR,mutation_assayed_no_variant_reported,1,0
HCC,TCGA-EP-A3JL-01,ERBB2,mutation_assayed_no_variant_reported,1,0
HCC,TCGA-EP-A3RK-01,KRAS,mutation_assayed_no_variant_reported,1,0
HCC,TCGA-EP-A3RK-01,TP53,mutation_assayed_no_variant_reported,1,0
HCC,TCGA-EP-A3RK-01,EGFR,mutation_assayed_no_variant_reported,1,0
HCC,TCGA-EP-A3RK-01,ERBB2,mutation_assayed_no_variant_reported,1,0
HCC,TCGA-ES-A2HS-01,KRAS,mutation_assayed_no_variant_reported,1,0
HCC,TCGA-ES-A2HS-01,TP53,mutation_assayed_no_variant_reported,1,0
HCC,TCGA-ES-A2HS-01,EGFR,mutation_assayed_no_variant_reported,1,0
HCC,TCGA-ES-A2HS-01,ERBB2,mutation_assayed_no_variant_reported,1,0
HCC,TCGA-ES-A2HT-01,KRAS,mutation_assayed_no_variant_reported,1,0
HCC,TCGA-ES-A2HT-01,TP53,mutation_assayed_no_variant_reported,1,0
HCC,TCGA-ES-A2HT-01,EGFR,mutation_assayed_no_variant_reported,1,0
HCC,TCGA-ES-A2HT-01,ERBB2,mutation_assayed_no_variant_reported,1,0
HCC,TCGA-FV-A23B-01,KRAS,mutation_assayed_no_variant_reported,1,0
HCC,TCGA-FV-A23B-01,TP53,mutation_assayed_no_variant_reported,1,0
HCC,TCGA-FV-A23B-01,EGFR,mutation_assayed_no_variant_reported,1,0
HCC,TCGA-FV-A23B-01,ERBB2,mutation_assayed_no_variant_reported,1,0
HCC,TCGA-FV-A2QQ-01,KRAS,mutation_assayed_no_variant_reported,1,0
HCC,TCGA-FV-A2QQ-01,TP53,mutation_assayed_no_variant_reported,1,0
HCC,TCGA-FV-A2QQ-01,EGFR,mutation_assayed_no_variant_reported,1,0
HCC,TCGA-FV-A2QQ-01,ERBB2,mutation_assayed_no_variant_reported,1,0
HCC,TCGA-FV-A2QR-01,KRAS,mutation_assayed_no_variant_reported,1,0
HCC,TCGA-FV-A2QR-01,TP53,mutation_assayed_no_variant_reported,1,0
HCC,TCGA-FV-A2QR-01,EGFR,mutation_assayed_no_variant_reported,1,0
HCC,TCGA-FV-A2QR-01,ERBB2,mutation_assayed_no_variant_reported,1,0
HCC,TCGA-FV-A3I0-01,KRAS,mutation_assayed_no_variant_reported,1,0
HCC,TCGA-FV-A3I0-01,TP53,mutation_assayed_no_variant_reported,1,0
HCC,TCGA-FV-A3I0-01,EGFR,mutation_assayed_no_variant_reported,1,0
HCC,TCGA-FV-A3I0-01,ERBB2,mutation_assayed_no_variant_reported,1,0
HCC,TCGA-FV-A3I1-01,KRAS,mutation_assayed_no_variant_reported,1,0
HCC,TCGA-FV-A3I1-01,TP53,variant_reported,1,1
HCC,TCGA-FV-A3I1-01,EGFR,mutation_assayed_no_variant_reported,1,0
HCC,TCGA-FV-A3I1-01,ERBB2,mutation_assayed_no_variant_reported,1,0
HCC,TCGA-FV-A3R2-01,KRAS,mutation_assayed_no_variant_reported,1,0
HCC,TCGA-FV-A3R2-01,TP53,variant_reported,1,1
HCC,TCGA-FV-A3R2-01,EGFR,mutation_assayed_no_variant_reported,1,0
HCC,TCGA-FV-A3R2-01,ERBB2,mutation_assayed_no_variant_reported,1,0
HCC,TCGA-FV-A3R3-01,KRAS,mutation_assayed_no_variant_reported,1,0
HCC,TCGA-FV-A3R3-01,TP53,mutation_assayed_no_variant_reported,1,0
HCC,TCGA-FV-A3R3-01,EGFR,mutation_assayed_no_variant_reported,1,0
HCC,TCGA-FV-A3R3-01,ERBB2,mutation_assayed_no_variant_reported,1,0
HCC,TCGA-FV-A495-01,KRAS,mutation_assayed_no_variant_reported,1,0
HCC,TCGA-FV-A495-01,TP53,mutation_assayed_no_variant_reported,1,0
HCC,TCGA-FV-A495-01,EGFR,mutation_assayed_no_variant_reported,1,0
HCC,TCGA-FV-A495-01,ERBB2,mutation_assayed_no_variant_reported,1,0
HCC,TCGA-FV-A496-01,KRAS,mutation_assayed_no_variant_reported,1,0
HCC,TCGA-FV-A496-01,TP53,variant_reported,1,1
HCC,TCGA-FV-A496-01,EGFR,mutation_assayed_no_variant_reported,1,0
HCC,TCGA-FV-A496-01,ERBB2,mutation_assayed_no_variant_reported,1,0
HCC,TCGA-FV-A4ZP-01,KRAS,mutation_assayed_no_variant_reported,1,0
HCC,TCGA-FV-A4ZP-01,TP53,variant_reported,1,1
HCC,TCGA-FV-A4ZP-01,EGFR,mutation_assayed_no_variant_reported,1,0
HCC,TCGA-FV-A4ZP-01,ERBB2,mutation_assayed_no_variant_reported,1,0
HCC,TCGA-FV-A4ZQ-01,KRAS,mutation_assayed_no_variant_reported,1,0
HCC,TCGA-FV-A4ZQ-01,TP53,variant_reported,1,1
HCC,TCGA-FV-A4ZQ-01,EGFR,mutation_assayed_no_variant_reported,1,0
HCC,TCGA-FV-A4ZQ-01,ERBB2,mutation_assayed_no_variant_reported,1,0
HCC,TCGA-G3-A25S-01,KRAS,mutation_assayed_no_variant_reported,1,0
HCC,TCGA-G3-A25S-01,TP53,mutation_assayed_no_variant_reported,1,0
HCC,TCGA-G3-A25S-01,EGFR,mutation_assayed_no_variant_reported,1,0
HCC,TCGA-G3-A25S-01,ERBB2,mutation_assayed_no_variant_reported,1,0
HCC,TCGA-G3-A25T-01,KRAS,mutation_assayed_no_variant_reported,1,0
HCC,TCGA-G3-A25T-01,TP53,mutation_assayed_no_variant_reported,1,0
HCC,TCGA-G3-A25T-01,EGFR,mutation_assayed_no_variant_reported,1,0
HCC,TCGA-G3-A25T-01,ERBB2,mutation_assayed_no_variant_reported,1,0
HCC,TCGA-G3-A25U-01,KRAS,mutation_assayed_no_variant_reported,1,0
HCC,TCGA-G3-A25U-01,TP53,variant_reported,1,1
HCC,TCGA-G3-A25U-01,EGFR,mutation_assayed_no_variant_reported,1,0
HCC,TCGA-G3-A25U-01,ERBB2,mutation_assayed_no_variant_reported,1,0
HCC,TCGA-G3-A25V-01,KRAS,mutation_assayed_no_variant_reported,1,0
HCC,TCGA-G3-A25V-01,TP53,variant_reported,1,1
HCC,TCGA-G3-A25V-01,EGFR,mutation_assayed_no_variant_reported,1,0
HCC,TCGA-G3-A25V-01,ERBB2,mutation_assayed_no_variant_reported,1,0
HCC,TCGA-G3-A25W-01,KRAS,mutation_assayed_no_variant_reported,1,0
HCC,TCGA-G3-A25W-01,TP53,mutation_assayed_no_variant_reported,1,0
HCC,TCGA-G3-A25W-01,EGFR,mutation_assayed_no_variant_reported,1,0
HCC,TCGA-G3-A25W-01,ERBB2,mutation_assayed_no_variant_reported,1,0
HCC,TCGA-G3-A25X-01,KRAS,mutation_assayed_no_variant_reported,1,0
HCC,TCGA-G3-A25X-01,TP53,mutation_assayed_no_variant_reported,1,0
HCC,TCGA-G3-A25X-01,EGFR,mutation_assayed_no_variant_reported,1,0
HCC,TCGA-G3-A25X-01,ERBB2,mutation_assayed_no_variant_reported,1,0
HCC,TCGA-G3-A25Y-01,KRAS,mutation_assayed_no_variant_reported,1,0
HCC,TCGA-G3-A25Y-01,TP53,mutation_assayed_no_variant_reported,1,0
HCC,TCGA-G3-A25Y-01,EGFR,mutation_assayed_no_variant_reported,1,0
HCC,TCGA-G3-A25Y-01,ERBB2,mutation_assayed_no_variant_reported,1,0
HCC,TCGA-G3-A25Z-01,KRAS,mutation_assayed_no_variant_reported,1,0
HCC,TCGA-G3-A25Z-01,TP53,variant_reported,1,1
HCC,TCGA-G3-A25Z-01,EGFR,mutation_assayed_no_variant_reported,1,0
HCC,TCGA-G3-A25Z-01,ERBB2,mutation_assayed_no_variant_reported,1,0
HCC,TCGA-G3-A3CH-01,KRAS,mutation_assayed_no_variant_reported,1,0
HCC,TCGA-G3-A3CH-01,TP53,mutation_assayed_no_variant_reported,1,0
HCC,TCGA-G3-A3CH-01,EGFR,mutation_assayed_no_variant_reported,1,0
HCC,TCGA-G3-A3CH-01,ERBB2,mutation_assayed_no_variant_reported,1,0
HCC,TCGA-G3-A3CI-01,KRAS,mutation_assayed_no_variant_reported,1,0
HCC,TCGA-G3-A3CI-01,TP53,mutation_assayed_no_variant_reported,1,0
HCC,TCGA-G3-A3CI-01,EGFR,mutation_assayed_no_variant_reported,1,0
HCC,TCGA-G3-A3CI-01,ERBB2,mutation_assayed_no_variant_reported,1,0
HCC,TCGA-G3-A3CK-01,KRAS,mutation_assayed_no_variant_reported,1,0
HCC,TCGA-G3-A3CK-01,TP53,mutation_assayed_no_variant_reported,1,0
HCC,TCGA-G3-A3CK-01,EGFR,mutation_assayed_no_variant_reported,1,0
HCC,TCGA-G3-A3CK-01,ERBB2,mutation_assayed_no_variant_reported,1,0
HCC,TCGA-G3-A5SI-01,KRAS,mutation_assayed_no_variant_reported,1,0
HCC,TCGA-G3-A5SI-01,TP53,mutation_assayed_no_variant_reported,1,0
HCC,TCGA-G3-A5SI-01,EGFR,mutation_assayed_no_variant_reported,1,0
HCC,TCGA-G3-A5SI-01,ERBB2,mutation_assayed_no_variant_reported,1,0
HCC,TCGA-G3-A5SJ-01,KRAS,mutation_assayed_no_variant_reported,1,0
HCC,TCGA-G3-A5SJ-01,TP53,variant_reported,1,1
HCC,TCGA-G3-A5SJ-01,EGFR,mutation_assayed_no_variant_reported,1,0
HCC,TCGA-G3-A5SJ-01,ERBB2,mutation_assayed_no_variant_reported,1,0
HCC,TCGA-G3-A5SK-01,KRAS,mutation_assayed_no_variant_reported,1,0
HCC,TCGA-G3-A5SK-01,TP53,mutation_assayed_no_variant_reported,1,0
HCC,TCGA-G3-A5SK-01,EGFR,mutation_assayed_no_variant_reported,1,0
HCC,TCGA-G3-A5SK-01,ERBB2,mutation_assayed_no_variant_reported,1,0
HCC,TCGA-G3-A5SL-01,KRAS,mutation_assayed_no_variant_reported,1,0
HCC,TCGA-G3-A5SL-01,TP53,mutation_assayed_no_variant_reported,1,0
HCC,TCGA-G3-A5SL-01,EGFR,mutation_assayed_no_variant_reported,1,0
HCC,TCGA-G3-A5SL-01,ERBB2,mutation_assayed_no_variant_reported,1,0
HCC,TCGA-G3-A5SM-01,KRAS,mutation_assayed_no_variant_reported,1,0
HCC,TCGA-G3-A5SM-01,TP53,variant_reported,1,1
HCC,TCGA-G3-A5SM-01,EGFR,mutation_assayed_no_variant_reported,1,0
HCC,TCGA-G3-A5SM-01,ERBB2,mutation_assayed_no_variant_reported,1,0
HCC,TCGA-G3-A6UC-01,KRAS,mutation_assayed_no_variant_reported,1,0
HCC,TCGA-G3-A6UC-01,TP53,mutation_assayed_no_variant_reported,1,0
HCC,TCGA-G3-A6UC-01,EGFR,mutation_assayed_no_variant_reported,1,0
HCC,TCGA-G3-A6UC-01,ERBB2,mutation_assayed_no_variant_reported,1,0
HCC,TCGA-G3-A7M5-01,KRAS,mutation_assayed_no_variant_reported,1,0
HCC,TCGA-G3-A7M5-01,TP53,mutation_assayed_no_variant_reported,1,0
HCC,TCGA-G3-A7M5-01,EGFR,mutation_assayed_no_variant_reported,1,0
HCC,TCGA-G3-A7M5-01,ERBB2,mutation_assayed_no_variant_reported,1,0
HCC,TCGA-G3-A7M6-01,KRAS,mutation_assayed_no_variant_reported,1,0
HCC,TCGA-G3-A7M6-01,TP53,variant_reported,1,1
HCC,TCGA-G3-A7M6-01,EGFR,mutation_assayed_no_variant_reported,1,0
HCC,TCGA-G3-A7M6-01,ERBB2,mutation_assayed_no_variant_reported,1,0
HCC,TCGA-G3-A7M7-01,KRAS,mutation_assayed_no_variant_reported,1,0
HCC,TCGA-G3-A7M7-01,TP53,mutation_assayed_no_variant_reported,1,0
HCC,TCGA-G3-A7M7-01,EGFR,mutation_assayed_no_variant_reported,1,0
HCC,TCGA-G3-A7M7-01,ERBB2,mutation_assayed_no_variant_reported,1,0
HCC,TCGA-G3-A7M8-01,KRAS,mutation_assayed_no_variant_reported,1,0
HCC,TCGA-G3-A7M8-01,TP53,mutation_assayed_no_variant_reported,1,0
HCC,TCGA-G3-A7M8-01,EGFR,mutation_assayed_no_variant_reported,1,0
HCC,TCGA-G3-A7M8-01,ERBB2,mutation_assayed_no_variant_reported,1,0
HCC,TCGA-G3-A7M9-01,KRAS,mutation_assayed_no_variant_reported,1,0
HCC,TCGA-G3-A7M9-01,TP53,variant_reported,1,1
HCC,TCGA-G3-A7M9-01,EGFR,mutation_assayed_no_variant_reported,1,0
HCC,TCGA-G3-A7M9-01,ERBB2,mutation_assayed_no_variant_reported,1,0
HCC,TCGA-G3-AAUZ-01,KRAS,mutation_assayed_no_variant_reported,1,0
HCC,TCGA-G3-AAUZ-01,TP53,mutation_assayed_no_variant_reported,1,0
HCC,TCGA-G3-AAUZ-01,EGFR,mutation_assayed_no_variant_reported,1,0
HCC,TCGA-G3-AAUZ-01,ERBB2,mutation_assayed_no_variant_reported,1,0
HCC,TCGA-G3-AAV0-01,KRAS,mutation_assayed_no_variant_reported,1,0
HCC,TCGA-G3-AAV0-01,TP53,mutation_assayed_no_variant_reported,1,0
HCC,TCGA-G3-AAV0-01,EGFR,mutation_assayed_no_variant_reported,1,0
HCC,TCGA-G3-AAV0-01,ERBB2,mutation_assayed_no_variant_reported,1,0
HCC,TCGA-G3-AAV1-01,KRAS,mutation_assayed_no_variant_reported,1,0
HCC,TCGA-G3-AAV1-01,TP53,mutation_assayed_no_variant_reported,1,0
HCC,TCGA-G3-AAV1-01,EGFR,mutation_assayed_no_variant_reported,1,0
HCC,TCGA-G3-AAV1-01,ERBB2,mutation_assayed_no_variant_reported,1,0
HCC,TCGA-G3-AAV2-01,KRAS,mutation_assayed_no_variant_reported,1,0
HCC,TCGA-G3-AAV2-01,TP53,mutation_assayed_no_variant_reported,1,0
HCC,TCGA-G3-AAV2-01,EGFR,mutation_assayed_no_variant_reported,1,0
HCC,TCGA-G3-AAV2-01,ERBB2,mutation_assayed_no_variant_reported,1,0
HCC,TCGA-G3-AAV3-01,KRAS,mutation_assayed_no_variant_reported,1,0
HCC,TCGA-G3-AAV3-01,TP53,mutation_assayed_no_variant_reported,1,0
HCC,TCGA-G3-AAV3-01,EGFR,mutation_assayed_no_variant_reported,1,0
HCC,TCGA-G3-AAV3-01,ERBB2,mutation_assayed_no_variant_reported,1,0
HCC,TCGA-G3-AAV4-01,KRAS,mutation_assayed_no_variant_reported,1,0
HCC,TCGA-G3-AAV4-01,TP53,variant_reported,1,1
HCC,TCGA-G3-AAV4-01,EGFR,mutation_assayed_no_variant_reported,1,0
HCC,TCGA-G3-AAV4-01,ERBB2,mutation_assayed_no_variant_reported,1,0
HCC,TCGA-G3-AAV5-01,KRAS,mutation_assayed_no_variant_reported,1,0
HCC,TCGA-G3-AAV5-01,TP53,mutation_assayed_no_variant_reported,1,0
HCC,TCGA-G3-AAV5-01,EGFR,mutation_assayed_no_variant_reported,1,0
HCC,TCGA-G3-AAV5-01,ERBB2,mutation_assayed_no_variant_reported,1,0
HCC,TCGA-G3-AAV6-01,KRAS,mutation_assayed_no_variant_reported,1,0
HCC,TCGA-G3-AAV6-01,TP53,mutation_assayed_no_variant_reported,1,0
HCC,TCGA-G3-AAV6-01,EGFR,mutation_assayed_no_variant_reported,1,0
HCC,TCGA-G3-AAV6-01,ERBB2,mutation_assayed_no_variant_reported,1,0
HCC,TCGA-G3-AAV7-01,KRAS,mutation_assayed_no_variant_reported,1,0
HCC,TCGA-G3-AAV7-01,TP53,variant_reported,1,1
HCC,TCGA-G3-AAV7-01,EGFR,mutation_assayed_no_variant_reported,1,0
HCC,TCGA-G3-AAV7-01,ERBB2,mutation_assayed_no_variant_reported,1,0
HCC,TCGA-GJ-A3OU-01,KRAS,mutation_assayed_no_variant_reported,1,0
HCC,TCGA-GJ-A3OU-01,TP53,variant_reported,1,1
HCC,TCGA-GJ-A3OU-01,EGFR,mutation_assayed_no_variant_reported,1,0
HCC,TCGA-GJ-A3OU-01,ERBB2,mutation_assayed_no_variant_reported,1,0
HCC,TCGA-GJ-A6C0-01,KRAS,mutation_assayed_no_variant_reported,1,0
HCC,TCGA-GJ-A6C0-01,TP53,mutation_assayed_no_variant_reported,1,0
HCC,TCGA-GJ-A6C0-01,EGFR,mutation_assayed_no_variant_reported,1,0
HCC,TCGA-GJ-A6C0-01,ERBB2,mutation_assayed_no_variant_reported,1,0
HCC,TCGA-GJ-A9DB-01,KRAS,mutation_assayed_no_variant_reported,1,0
HCC,TCGA-GJ-A9DB-01,TP53,mutation_assayed_no_variant_reported,1,0
HCC,TCGA-GJ-A9DB-01,EGFR,mutation_assayed_no_variant_reported,1,0
HCC,TCGA-GJ-A9DB-01,ERBB2,mutation_assayed_no_variant_reported,1,0
HCC,TCGA-HP-A5MZ-01,KRAS,mutation_assayed_no_variant_reported,1,0
HCC,TCGA-HP-A5MZ-01,TP53,mutation_assayed_no_variant_reported,1,0
HCC,TCGA-HP-A5MZ-01,EGFR,mutation_assayed_no_variant_reported,1,0
HCC,TCGA-HP-A5MZ-01,ERBB2,mutation_assayed_no_variant_reported,1,0
HCC,TCGA-HP-A5N0-01,KRAS,mutation_assayed_no_variant_reported,1,0
HCC,TCGA-HP-A5N0-01,TP53,mutation_assayed_no_variant_reported,1,0
HCC,TCGA-HP-A5N0-01,EGFR,mutation_assayed_no_variant_reported,1,0
HCC,TCGA-HP-A5N0-01,ERBB2,mutation_assayed_no_variant_reported,1,0
HCC,TCGA-K7-A5RF-01,KRAS,mutation_assayed_no_variant_reported,1,0
HCC,TCGA-K7-A5RF-01,TP53,mutation_assayed_no_variant_reported,1,0
HCC,TCGA-K7-A5RF-01,EGFR,mutation_assayed_no_variant_reported,1,0
HCC,TCGA-K7-A5RF-01,ERBB2,mutation_assayed_no_variant_reported,1,0
HCC,TCGA-K7-A5RG-01,KRAS,mutation_assayed_no_variant_reported,1,0
HCC,TCGA-K7-A5RG-01,TP53,variant_reported,1,1
HCC,TCGA-K7-A5RG-01,EGFR,mutation_assayed_no_variant_reported,1,0
HCC,TCGA-K7-A5RG-01,ERBB2,mutation_assayed_no_variant_reported,1,0
HCC,TCGA-K7-A6G5-01,KRAS,mutation_assayed_no_variant_reported,1,0
HCC,TCGA-K7-A6G5-01,TP53,mutation_assayed_no_variant_reported,1,0
HCC,TCGA-K7-A6G5-01,EGFR,mutation_assayed_no_variant_reported,1,0
HCC,TCGA-K7-A6G5-01,ERBB2,mutation_assayed_no_variant_reported,1,0
HCC,TCGA-K7-AAU7-01,KRAS,mutation_assayed_no_variant_reported,1,0
HCC,TCGA-K7-AAU7-01,TP53,variant_reported,1,1
HCC,TCGA-K7-AAU7-01,EGFR,mutation_assayed_no_variant_reported,1,0
HCC,TCGA-K7-AAU7-01,ERBB2,mutation_assayed_no_variant_reported,1,0
HCC,TCGA-KR-A7K0-01,KRAS,mutation_assayed_no_variant_reported,1,0
HCC,TCGA-KR-A7K0-01,TP53,mutation_assayed_no_variant_reported,1,0
HCC,TCGA-KR-A7K0-01,EGFR,mutation_assayed_no_variant_reported,1,0
HCC,TCGA-KR-A7K0-01,ERBB2,mutation_assayed_no_variant_reported,1,0
HCC,TCGA-KR-A7K2-01,KRAS,mutation_assayed_no_variant_reported,1,0
HCC,TCGA-KR-A7K2-01,TP53,mutation_assayed_no_variant_reported,1,0
HCC,TCGA-KR-A7K2-01,EGFR,mutation_assayed_no_variant_reported,1,0
HCC,TCGA-KR-A7K2-01,ERBB2,mutation_assayed_no_variant_reported,1,0
HCC,TCGA-KR-A7K7-01,KRAS,mutation_assayed_no_variant_reported,1,0
HCC,TCGA-KR-A7K7-01,TP53,mutation_assayed_no_variant_reported,1,0
HCC,TCGA-KR-A7K7-01,EGFR,mutation_assayed_no_variant_reported,1,0
HCC,TCGA-KR-A7K7-01,ERBB2,mutation_assayed_no_variant_reported,1,0
HCC,TCGA-KR-A7K8-01,KRAS,mutation_assayed_no_variant_reported,1,0
HCC,TCGA-KR-A7K8-01,TP53,mutation_assayed_no_variant_reported,1,0
HCC,TCGA-KR-A7K8-01,EGFR,mutation_assayed_no_variant_reported,1,0
HCC,TCGA-KR-A7K8-01,ERBB2,mutation_assayed_no_variant_reported,1,0
HCC,TCGA-LG-A6GG-01,KRAS,mutation_assayed_no_variant_reported,1,0
HCC,TCGA-LG-A6GG-01,TP53,mutation_assayed_no_variant_reported,1,0
HCC,TCGA-LG-A6GG-01,EGFR,mutation_assayed_no_variant_reported,1,0
HCC,TCGA-LG-A6GG-01,ERBB2,mutation_assayed_no_variant_reported,1,0
HCC,TCGA-LG-A9QC-01,KRAS,mutation_assayed_no_variant_reported,1,0
HCC,TCGA-LG-A9QC-01,TP53,mutation_assayed_no_variant_reported,1,0
HCC,TCGA-LG-A9QC-01,EGFR,mutation_assayed_no_variant_reported,1,0
HCC,TCGA-LG-A9QC-01,ERBB2,mutation_assayed_no_variant_reported,1,0
HCC,TCGA-LG-A9QD-01,KRAS,mutation_assayed_no_variant_reported,1,0
HCC,TCGA-LG-A9QD-01,TP53,mutation_assayed_no_variant_reported,1,0
HCC,TCGA-LG-A9QD-01,EGFR,mutation_assayed_no_variant_reported,1,0
HCC,TCGA-LG-A9QD-01,ERBB2,mutation_assayed_no_variant_reported,1,0
HCC,TCGA-MI-A75C-01,KRAS,variant_reported,1,1
HCC,TCGA-MI-A75C-01,TP53,mutation_assayed_no_variant_reported,1,0
HCC,TCGA-MI-A75C-01,EGFR,mutation_assayed_no_variant_reported,1,0
HCC,TCGA-MI-A75C-01,ERBB2,mutation_assayed_no_variant_reported,1,0
HCC,TCGA-MI-A75E-01,KRAS,mutation_assayed_no_variant_reported,1,0
HCC,TCGA-MI-A75E-01,TP53,mutation_assayed_no_variant_reported,1,0
HCC,TCGA-MI-A75E-01,EGFR,mutation_assayed_no_variant_reported,1,0
HCC,TCGA-MI-A75E-01,ERBB2,mutation_assayed_no_variant_reported,1,0
HCC,TCGA-MI-A75G-01,KRAS,mutation_assayed_no_variant_reported,1,0
HCC,TCGA-MI-A75G-01,TP53,variant_reported,1,1
HCC,TCGA-MI-A75G-01,EGFR,mutation_assayed_no_variant_reported,1,0
HCC,TCGA-MI-A75G-01,ERBB2,mutation_assayed_no_variant_reported,1,0
HCC,TCGA-MI-A75H-01,KRAS,mutation_assayed_no_variant_reported,1,0
HCC,TCGA-MI-A75H-01,TP53,mutation_assayed_no_variant_reported,1,0
HCC,TCGA-MI-A75H-01,EGFR,mutation_assayed_no_variant_reported,1,0
HCC,TCGA-MI-A75H-01,ERBB2,mutation_assayed_no_variant_reported,1,0
HCC,TCGA-MI-A75I-01,KRAS,mutation_assayed_no_variant_reported,1,0
HCC,TCGA-MI-A75I-01,TP53,variant_reported,1,1
HCC,TCGA-MI-A75I-01,EGFR,mutation_assayed_no_variant_reported,1,0
HCC,TCGA-MI-A75I-01,ERBB2,mutation_assayed_no_variant_reported,1,0
HCC,TCGA-MR-A520-01,KRAS,mutation_assayed_no_variant_reported,1,0
HCC,TCGA-MR-A520-01,TP53,mutation_assayed_no_variant_reported,1,0
HCC,TCGA-MR-A520-01,EGFR,mutation_assayed_no_variant_reported,1,0
HCC,TCGA-MR-A520-01,ERBB2,mutation_assayed_no_variant_reported,1,0
HCC,TCGA-MR-A8JO-01,KRAS,mutation_assayed_no_variant_reported,1,0
HCC,TCGA-MR-A8JO-01,TP53,mutation_assayed_no_variant_reported,1,0
HCC,TCGA-MR-A8JO-01,EGFR,mutation_assayed_no_variant_reported,1,0
HCC,TCGA-MR-A8JO-01,ERBB2,mutation_assayed_no_variant_reported,1,0
HCC,TCGA-NI-A4U2-01,KRAS,mutation_assayed_no_variant_reported,1,0
HCC,TCGA-NI-A4U2-01,TP53,mutation_assayed_no_variant_reported,1,0
HCC,TCGA-NI-A4U2-01,EGFR,mutation_assayed_no_variant_reported,1,0
HCC,TCGA-NI-A4U2-01,ERBB2,mutation_assayed_no_variant_reported,1,0
HCC,TCGA-NI-A8LF-01,KRAS,mutation_assayed_no_variant_reported,1,0
HCC,TCGA-NI-A8LF-01,TP53,variant_reported,1,1
HCC,TCGA-NI-A8LF-01,EGFR,mutation_assayed_no_variant_reported,1,0
HCC,TCGA-NI-A8LF-01,ERBB2,mutation_assayed_no_variant_reported,1,0
HCC,TCGA-O8-A75V-01,KRAS,mutation_assayed_no_variant_reported,1,0
HCC,TCGA-O8-A75V-01,TP53,mutation_assayed_no_variant_reported,1,0
HCC,TCGA-O8-A75V-01,EGFR,mutation_assayed_no_variant_reported,1,0
HCC,TCGA-O8-A75V-01,ERBB2,mutation_assayed_no_variant_reported,1,0
HCC,TCGA-PD-A5DF-01,KRAS,mutation_assayed_no_variant_reported,1,0
HCC,TCGA-PD-A5DF-01,TP53,mutation_assayed_no_variant_reported,1,0
HCC,TCGA-PD-A5DF-01,EGFR,mutation_assayed_no_variant_reported,1,0
HCC,TCGA-PD-A5DF-01,ERBB2,mutation_assayed_no_variant_reported,1,0
HCC,TCGA-QA-A7B7-01,KRAS,mutation_assayed_no_variant_reported,1,0
HCC,TCGA-QA-A7B7-01,TP53,variant_reported,1,1
HCC,TCGA-QA-A7B7-01,EGFR,mutation_assayed_no_variant_reported,1,0
HCC,TCGA-QA-A7B7-01,ERBB2,mutation_assayed_no_variant_reported,1,0
HCC,TCGA-RC-A6M3-01,KRAS,mutation_assayed_no_variant_reported,1,0
HCC,TCGA-RC-A6M3-01,TP53,mutation_assayed_no_variant_reported,1,0
HCC,TCGA-RC-A6M3-01,EGFR,mutation_assayed_no_variant_reported,1,0
HCC,TCGA-RC-A6M3-01,ERBB2,mutation_assayed_no_variant_reported,1,0
HCC,TCGA-RC-A6M4-01,KRAS,mutation_assayed_no_variant_reported,1,0
HCC,TCGA-RC-A6M4-01,TP53,mutation_assayed_no_variant_reported,1,0
HCC,TCGA-RC-A6M4-01,EGFR,mutation_assayed_no_variant_reported,1,0
HCC,TCGA-RC-A6M4-01,ERBB2,mutation_assayed_no_variant_reported,1,0
HCC,TCGA-RC-A6M5-01,KRAS,mutation_assayed_no_variant_reported,1,0
HCC,TCGA-RC-A6M5-01,TP53,mutation_assayed_no_variant_reported,1,0
HCC,TCGA-RC-A6M5-01,EGFR,mutation_assayed_no_variant_reported,1,0
HCC,TCGA-RC-A6M5-01,ERBB2,mutation_assayed_no_variant_reported,1,0
HCC,TCGA-RC-A6M6-01,KRAS,mutation_assayed_no_variant_reported,1,0
HCC,TCGA-RC-A6M6-01,TP53,variant_reported,1,1
HCC,TCGA-RC-A6M6-01,EGFR,mutation_assayed_no_variant_reported,1,0
HCC,TCGA-RC-A6M6-01,ERBB2,mutation_assayed_no_variant_reported,1,0
HCC,TCGA-RC-A7S9-01,KRAS,mutation_assayed_no_variant_reported,1,0
HCC,TCGA-RC-A7S9-01,TP53,mutation_assayed_no_variant_reported,1,0
HCC,TCGA-RC-A7S9-01,EGFR,mutation_assayed_no_variant_reported,1,0
HCC,TCGA-RC-A7S9-01,ERBB2,mutation_assayed_no_variant_reported,1,0
HCC,TCGA-RC-A7SB-01,KRAS,mutation_assayed_no_variant_reported,1,0
HCC,TCGA-RC-A7SB-01,TP53,variant_reported,1,1
HCC,TCGA-RC-A7SB-01,EGFR,mutation_assayed_no_variant_reported,1,0
HCC,TCGA-RC-A7SB-01,ERBB2,mutation_assayed_no_variant_reported,1,0
HCC,TCGA-RC-A7SF-01,KRAS,mutation_assayed_no_variant_reported,1,0
HCC,TCGA-RC-A7SF-01,TP53,mutation_assayed_no_variant_reported,1,0
HCC,TCGA-RC-A7SF-01,EGFR,mutation_assayed_no_variant_reported,1,0
HCC,TCGA-RC-A7SF-01,ERBB2,mutation_assayed_no_variant_reported,1,0
HCC,TCGA-RC-A7SH-01,KRAS,mutation_assayed_no_variant_reported,1,0
HCC,TCGA-RC-A7SH-01,TP53,variant_reported,1,1
HCC,TCGA-RC-A7SH-01,EGFR,mutation_assayed_no_variant_reported,1,0
HCC,TCGA-RC-A7SH-01,ERBB2,mutation_assayed_no_variant_reported,1,0
HCC,TCGA-RC-A7SK-01,KRAS,mutation_assayed_no_variant_reported,1,0
HCC,TCGA-RC-A7SK-01,TP53,variant_reported,1,1
HCC,TCGA-RC-A7SK-01,EGFR,mutation_assayed_no_variant_reported,1,0
HCC,TCGA-RC-A7SK-01,ERBB2,mutation_assayed_no_variant_reported,1,0
HCC,TCGA-RG-A7D4-01,KRAS,mutation_assayed_no_variant_reported,1,0
HCC,TCGA-RG-A7D4-01,TP53,variant_reported,1,1
HCC,TCGA-RG-A7D4-01,EGFR,mutation_assayed_no_variant_reported,1,0
HCC,TCGA-RG-A7D4-01,ERBB2,mutation_assayed_no_variant_reported,1,0
HCC,TCGA-UB-A7MA-01,KRAS,mutation_assayed_no_variant_reported,1,0
HCC,TCGA-UB-A7MA-01,TP53,mutation_assayed_no_variant_reported,1,0
HCC,TCGA-UB-A7MA-01,EGFR,mutation_assayed_no_variant_reported,1,0
HCC,TCGA-UB-A7MA-01,ERBB2,mutation_assayed_no_variant_reported,1,0
HCC,TCGA-UB-A7MB-01,KRAS,mutation_assayed_no_variant_reported,1,0
HCC,TCGA-UB-A7MB-01,TP53,variant_reported,1,1
HCC,TCGA-UB-A7MB-01,EGFR,mutation_assayed_no_variant_reported,1,0
HCC,TCGA-UB-A7MB-01,ERBB2,mutation_assayed_no_variant_reported,1,0
HCC,TCGA-UB-A7MC-01,KRAS,mutation_assayed_no_variant_reported,1,0
HCC,TCGA-UB-A7MC-01,TP53,variant_reported,1,1
HCC,TCGA-UB-A7MC-01,EGFR,mutation_assayed_no_variant_reported,1,0
HCC,TCGA-UB-A7MC-01,ERBB2,mutation_assayed_no_variant_reported,1,0
HCC,TCGA-UB-A7MD-01,KRAS,mutation_assayed_no_variant_reported,1,0
HCC,TCGA-UB-A7MD-01,TP53,variant_reported,1,1
HCC,TCGA-UB-A7MD-01,EGFR,mutation_assayed_no_variant_reported,1,0
HCC,TCGA-UB-A7MD-01,ERBB2,mutation_assayed_no_variant_reported,1,0
HCC,TCGA-UB-A7ME-01,KRAS,mutation_assayed_no_variant_reported,1,0
HCC,TCGA-UB-A7ME-01,TP53,mutation_assayed_no_variant_reported,1,0
HCC,TCGA-UB-A7ME-01,EGFR,mutation_assayed_no_variant_reported,1,0
HCC,TCGA-UB-A7ME-01,ERBB2,mutation_assayed_no_variant_reported,1,0
HCC,TCGA-UB-A7MF-01,KRAS,mutation_assayed_no_variant_reported,1,0
HCC,TCGA-UB-A7MF-01,TP53,variant_reported,1,1
HCC,TCGA-UB-A7MF-01,EGFR,mutation_assayed_no_variant_reported,1,0
HCC,TCGA-UB-A7MF-01,ERBB2,mutation_assayed_no_variant_reported,1,0
HCC,TCGA-UB-AA0U-01,KRAS,mutation_assayed_no_variant_reported,1,0
HCC,TCGA-UB-AA0U-01,TP53,mutation_assayed_no_variant_reported,1,0
HCC,TCGA-UB-AA0U-01,EGFR,mutation_assayed_no_variant_reported,1,0
HCC,TCGA-UB-AA0U-01,ERBB2,mutation_assayed_no_variant_reported,1,0
HCC,TCGA-UB-AA0V-01,KRAS,mutation_assayed_no_variant_reported,1,0
HCC,TCGA-UB-AA0V-01,TP53,mutation_assayed_no_variant_reported,1,0
HCC,TCGA-UB-AA0V-01,EGFR,mutation_assayed_no_variant_reported,1,0
HCC,TCGA-UB-AA0V-01,ERBB2,mutation_assayed_no_variant_reported,1,0
HCC,TCGA-WJ-A86L-01,KRAS,mutation_assayed_no_variant_reported,1,0
HCC,TCGA-WJ-A86L-01,TP53,variant_reported,1,1
HCC,TCGA-WJ-A86L-01,EGFR,mutation_assayed_no_variant_reported,1,0
HCC,TCGA-WJ-A86L-01,ERBB2,mutation_assayed_no_variant_reported,1,0
HCC,TCGA-WQ-A9G7-01,KRAS,mutation_assayed_no_variant_reported,1,0
HCC,TCGA-WQ-A9G7-01,TP53,variant_reported,1,1
HCC,TCGA-WQ-A9G7-01,EGFR,mutation_assayed_no_variant_reported,1,0
HCC,TCGA-WQ-A9G7-01,ERBB2,mutation_assayed_no_variant_reported,1,0
HCC,TCGA-WQ-AB4B-01,KRAS,mutation_assayed_no_variant_reported,1,0
HCC,TCGA-WQ-AB4B-01,TP53,variant_reported,1,1
HCC,TCGA-WQ-AB4B-01,EGFR,mutation_assayed_no_variant_reported,1,0
HCC,TCGA-WQ-AB4B-01,ERBB2,mutation_assayed_no_variant_reported,1,0
HCC,TCGA-WX-AA44-01,KRAS,mutation_assayed_no_variant_reported,1,0
HCC,TCGA-WX-AA44-01,TP53,variant_reported,1,1
HCC,TCGA-WX-AA44-01,EGFR,mutation_assayed_no_variant_reported,1,0
HCC,TCGA-WX-AA44-01,ERBB2,mutation_assayed_no_variant_reported,1,0
HCC,TCGA-WX-AA46-01,KRAS,mutation_assayed_no_variant_reported,1,0
HCC,TCGA-WX-AA46-01,TP53,mutation_assayed_no_variant_reported,1,0
HCC,TCGA-WX-AA46-01,EGFR,mutation_assayed_no_variant_reported,1,0
HCC,TCGA-WX-AA46-01,ERBB2,mutation_assayed_no_variant_reported,1,0
HCC,TCGA-WX-AA47-01,KRAS,mutation_assayed_no_variant_reported,1,0
HCC,TCGA-WX-AA47-01,TP53,mutation_assayed_no_variant_reported,1,0
HCC,TCGA-WX-AA47-01,EGFR,mutation_assayed_no_variant_reported,1,0
HCC,TCGA-WX-AA47-01,ERBB2,mutation_assayed_no_variant_reported,1,0
HCC,TCGA-XR-A8TD-01,KRAS,mutation_assayed_no_variant_reported,1,0
HCC,TCGA-XR-A8TD-01,TP53,mutation_assayed_no_variant_reported,1,0
HCC,TCGA-XR-A8TD-01,EGFR,mutation_assayed_no_variant_reported,1,0
HCC,TCGA-XR-A8TD-01,ERBB2,mutation_assayed_no_variant_reported,1,0
HCC,TCGA-XR-A8TE-01,KRAS,mutation_assayed_no_variant_reported,1,0
HCC,TCGA-XR-A8TE-01,TP53,mutation_assayed_no_variant_reported,1,0
HCC,TCGA-XR-A8TE-01,EGFR,mutation_assayed_no_variant_reported,1,0
HCC,TCGA-XR-A8TE-01,ERBB2,mutation_assayed_no_variant_reported,1,0
HCC,TCGA-XR-A8TF-01,KRAS,mutation_assayed_no_variant_reported,1,0
HCC,TCGA-XR-A8TF-01,TP53,mutation_assayed_no_variant_reported,1,0
HCC,TCGA-XR-A8TF-01,EGFR,variant_reported,1,1
HCC,TCGA-XR-A8TF-01,ERBB2,mutation_assayed_no_variant_reported,1,0
HCC,TCGA-XR-A8TG-01,KRAS,mutation_assayed_no_variant_reported,1,0
HCC,TCGA-XR-A8TG-01,TP53,variant_reported,1,1
HCC,TCGA-XR-A8TG-01,EGFR,mutation_assayed_no_variant_reported,1,0
HCC,TCGA-XR-A8TG-01,ERBB2,mutation_assayed_no_variant_reported,1,0
HCC,TCGA-YA-A8S7-01,KRAS,mutation_assayed_no_variant_reported,1,0
HCC,TCGA-YA-A8S7-01,TP53,variant_reported,1,1
HCC,TCGA-YA-A8S7-01,EGFR,mutation_assayed_no_variant_reported,1,0
HCC,TCGA-YA-A8S7-01,ERBB2,mutation_assayed_no_variant_reported,1,0
HCC,TCGA-ZP-A9CV-01,KRAS,mutation_assayed_no_variant_reported,1,0
HCC,TCGA-ZP-A9CV-01,TP53,mutation_assayed_no_variant_reported,1,0
HCC,TCGA-ZP-A9CV-01,EGFR,mutation_assayed_no_variant_reported,1,0
HCC,TCGA-ZP-A9CV-01,ERBB2,variant_reported,1,1
HCC,TCGA-ZP-A9CY-01,KRAS,mutation_assayed_no_variant_reported,1,0
HCC,TCGA-ZP-A9CY-01,TP53,mutation_assayed_no_variant_reported,1,0
HCC,TCGA-ZP-A9CY-01,EGFR,mutation_assayed_no_variant_reported,1,0
HCC,TCGA-ZP-A9CY-01,ERBB2,mutation_assayed_no_variant_reported,1,0
HCC,TCGA-ZP-A9CZ-01,KRAS,mutation_assayed_no_variant_reported,1,0
HCC,TCGA-ZP-A9CZ-01,TP53,mutation_assayed_no_variant_reported,1,0
HCC,TCGA-ZP-A9CZ-01,EGFR,mutation_assayed_no_variant_reported,1,0
HCC,TCGA-ZP-A9CZ-01,ERBB2,mutation_assayed_no_variant_reported,1,0
HCC,TCGA-ZP-A9D0-01,KRAS,mutation_assayed_no_variant_reported,1,0
HCC,TCGA-ZP-A9D0-01,TP53,mutation_assayed_no_variant_reported,1,0
HCC,TCGA-ZP-A9D0-01,EGFR,mutation_assayed_no_variant_reported,1,0
HCC,TCGA-ZP-A9D0-01,ERBB2,mutation_assayed_no_variant_reported,1,0
HCC,TCGA-ZP-A9D1-01,KRAS,mutation_assayed_no_variant_reported,1,0
HCC,TCGA-ZP-A9D1-01,TP53,mutation_assayed_no_variant_reported,1,0
HCC,TCGA-ZP-A9D1-01,EGFR,mutation_assayed_no_variant_reported,1,0
HCC,TCGA-ZP-A9D1-01,ERBB2,mutation_assayed_no_variant_reported,1,0
HCC,TCGA-ZP-A9D2-01,KRAS,mutation_assayed_no_variant_reported,1,0
HCC,TCGA-ZP-A9D2-01,TP53,variant_reported,1,1
HCC,TCGA-ZP-A9D2-01,EGFR,mutation_assayed_no_variant_reported,1,0
HCC,TCGA-ZP-A9D2-01,ERBB2,mutation_assayed_no_variant_reported,1,0
HCC,TCGA-ZP-A9D4-01,KRAS,mutation_assayed_no_variant_reported,1,0
HCC,TCGA-ZP-A9D4-01,TP53,mutation_assayed_no_variant_reported,1,0
HCC,TCGA-ZP-A9D4-01,EGFR,mutation_assayed_no_variant_reported,1,0
HCC,TCGA-ZP-A9D4-01,ERBB2,mutation_assayed_no_variant_reported,1,0
HCC,TCGA-ZS-A9CD-01,KRAS,mutation_assayed_no_variant_reported,1,0
HCC,TCGA-ZS-A9CD-01,TP53,mutation_assayed_no_variant_reported,1,0
HCC,TCGA-ZS-A9CD-01,EGFR,mutation_assayed_no_variant_reported,1,0
HCC,TCGA-ZS-A9CD-01,ERBB2,mutation_assayed_no_variant_reported,1,0
HCC,TCGA-ZS-A9CE-01,KRAS,mutation_assayed_no_variant_reported,1,0
HCC,TCGA-ZS-A9CE-01,TP53,mutation_assayed_no_variant_reported,1,0
HCC,TCGA-ZS-A9CE-01,EGFR,mutation_assayed_no_variant_reported,1,0
HCC,TCGA-ZS-A9CE-01,ERBB2,mutation_assayed_no_variant_reported,1,0
HCC,TCGA-ZS-A9CF-01,KRAS,mutation_assayed_no_variant_reported,1,0
HCC,TCGA-ZS-A9CF-01,TP53,mutation_assayed_no_variant_reported,1,0
HCC,TCGA-ZS-A9CF-01,EGFR,mutation_assayed_no_variant_reported,1,0
HCC,TCGA-ZS-A9CF-01,ERBB2,mutation_assayed_no_variant_reported,1,0
HCC,TCGA-ZS-A9CG-01,KRAS,mutation_assayed_no_variant_reported,1,0
HCC,TCGA-ZS-A9CG-01,TP53,mutation_assayed_no_variant_reported,1,0
HCC,TCGA-ZS-A9CG-01,EGFR,mutation_assayed_no_variant_reported,1,0
HCC,TCGA-ZS-A9CG-01,ERBB2,mutation_assayed_no_variant_reported,1,0
LUAD,TCGA-05-4244-01,KRAS,variant_reported,1,1
LUAD,TCGA-05-4244-01,TP53,mutation_assayed_no_variant_reported,1,0
LUAD,TCGA-05-4244-01,EGFR,mutation_assayed_no_variant_reported,1,0
LUAD,TCGA-05-4244-01,ERBB2,mutation_assayed_no_variant_reported,1,0
LUAD,TCGA-05-4249-01,KRAS,variant_reported,1,1
LUAD,TCGA-05-4249-01,TP53,mutation_assayed_no_variant_reported,1,0
LUAD,TCGA-05-4249-01,EGFR,mutation_assayed_no_variant_reported,1,0
LUAD,TCGA-05-4249-01,ERBB2,mutation_assayed_no_variant_reported,1,0
LUAD,TCGA-05-4250-01,KRAS,variant_reported,1,1
LUAD,TCGA-05-4250-01,TP53,mutation_assayed_no_variant_reported,1,0
LUAD,TCGA-05-4250-01,EGFR,mutation_assayed_no_variant_reported,1,0
LUAD,TCGA-05-4250-01,ERBB2,mutation_assayed_no_variant_reported,1,0
LUAD,TCGA-05-4382-01,KRAS,mutation_assayed_no_variant_reported,1,0
LUAD,TCGA-05-4382-01,TP53,variant_reported,1,1
LUAD,TCGA-05-4382-01,EGFR,variant_reported,1,1
LUAD,TCGA-05-4382-01,ERBB2,mutation_assayed_no_variant_reported,1,0
LUAD,TCGA-05-4384-01,KRAS,mutation_assayed_no_variant_reported,1,0
LUAD,TCGA-05-4384-01,TP53,mutation_assayed_no_variant_reported,1,0
LUAD,TCGA-05-4384-01,EGFR,mutation_assayed_no_variant_reported,1,0
LUAD,TCGA-05-4384-01,ERBB2,variant_reported,1,1
LUAD,TCGA-05-4389-01,KRAS,mutation_assayed_no_variant_reported,1,0
LUAD,TCGA-05-4389-01,TP53,mutation_assayed_no_variant_reported,1,0
LUAD,TCGA-05-4389-01,EGFR,mutation_assayed_no_variant_reported,1,0
LUAD,TCGA-05-4389-01,ERBB2,mutation_assayed_no_variant_reported,1,0
LUAD,TCGA-05-4390-01,KRAS,variant_reported,1,1
LUAD,TCGA-05-4390-01,TP53,mutation_assayed_no_variant_reported,1,0
LUAD,TCGA-05-4390-01,EGFR,mutation_assayed_no_variant_reported,1,0
LUAD,TCGA-05-4390-01,ERBB2,mutation_assayed_no_variant_reported,1,0
LUAD,TCGA-05-4395-01,KRAS,variant_reported,1,1
LUAD,TCGA-05-4395-01,TP53,variant_reported,1,1
LUAD,TCGA-05-4395-01,EGFR,mutation_assayed_no_variant_reported,1,0
LUAD,TCGA-05-4395-01,ERBB2,mutation_assayed_no_variant_reported,1,0
LUAD,TCGA-05-4396-01,KRAS,mutation_assayed_no_variant_reported,1,0
LUAD,TCGA-05-4396-01,TP53,variant_reported,1,1
LUAD,TCGA-05-4396-01,EGFR,mutation_assayed_no_variant_reported,1,0
LUAD,TCGA-05-4396-01,ERBB2,mutation_assayed_no_variant_reported,1,0
LUAD,TCGA-05-4397-01,KRAS,mutation_assayed_no_variant_reported,1,0
LUAD,TCGA-05-4397-01,TP53,variant_reported,1,1
LUAD,TCGA-05-4397-01,EGFR,mutation_assayed_no_variant_reported,1,0
LUAD,TCGA-05-4397-01,ERBB2,mutation_assayed_no_variant_reported,1,0
LUAD,TCGA-05-4398-01,KRAS,mutation_assayed_no_variant_reported,1,0
LUAD,TCGA-05-4398-01,TP53,variant_reported,1,1
LUAD,TCGA-05-4398-01,EGFR,mutation_assayed_no_variant_reported,1,0
LUAD,TCGA-05-4398-01,ERBB2,mutation_assayed_no_variant_reported,1,0
LUAD,TCGA-05-4402-01,KRAS,mutation_assayed_no_variant_reported,1,0
LUAD,TCGA-05-4402-01,TP53,variant_reported,1,1
LUAD,TCGA-05-4402-01,EGFR,variant_reported,1,1
LUAD,TCGA-05-4402-01,ERBB2,mutation_assayed_no_variant_reported,1,0
LUAD,TCGA-05-4403-01,KRAS,mutation_assayed_no_variant_reported,1,0
LUAD,TCGA-05-4403-01,TP53,mutation_assayed_no_variant_reported,1,0
LUAD,TCGA-05-4403-01,EGFR,mutation_assayed_no_variant_reported,1,0
LUAD,TCGA-05-4403-01,ERBB2,mutation_assayed_no_variant_reported,1,0
LUAD,TCGA-05-4405-01,KRAS,mutation_assayed_no_variant_reported,1,0
LUAD,TCGA-05-4405-01,TP53,variant_reported,1,1
LUAD,TCGA-05-4405-01,EGFR,mutation_assayed_no_variant_reported,1,0
LUAD,TCGA-05-4405-01,ERBB2,mutation_assayed_no_variant_reported,1,0
LUAD,TCGA-05-4410-01,KRAS,mutation_assayed_no_variant_reported,1,0
LUAD,TCGA-05-4410-01,TP53,variant_reported,1,1
LUAD,TCGA-05-4410-01,EGFR,variant_reported,1,1
LUAD,TCGA-05-4410-01,ERBB2,mutation_assayed_no_variant_reported,1,0
LUAD,TCGA-05-4415-01,KRAS,variant_reported,1,1
LUAD,TCGA-05-4415-01,TP53,variant_reported,1,1
LUAD,TCGA-05-4415-01,EGFR,mutation_assayed_no_variant_reported,1,0
LUAD,TCGA-05-4415-01,ERBB2,mutation_assayed_no_variant_reported,1,0
LUAD,TCGA-05-4417-01,KRAS,variant_reported,1,1
LUAD,TCGA-05-4417-01,TP53,mutation_assayed_no_variant_reported,1,0
LUAD,TCGA-05-4417-01,EGFR,mutation_assayed_no_variant_reported,1,0
LUAD,TCGA-05-4417-01,ERBB2,mutation_assayed_no_variant_reported,1,0
LUAD,TCGA-05-4418-01,KRAS,variant_reported,1,1
LUAD,TCGA-05-4418-01,TP53,mutation_assayed_no_variant_reported,1,0
LUAD,TCGA-05-4418-01,EGFR,mutation_assayed_no_variant_reported,1,0
LUAD,TCGA-05-4418-01,ERBB2,mutation_assayed_no_variant_reported,1,0
LUAD,TCGA-05-4420-01,KRAS,mutation_assayed_no_variant_reported,1,0
LUAD,TCGA-05-4420-01,TP53,variant_reported,1,1
LUAD,TCGA-05-4420-01,EGFR,mutation_assayed_no_variant_reported,1,0
LUAD,TCGA-05-4420-01,ERBB2,mutation_assayed_no_variant_reported,1,0
LUAD,TCGA-05-4422-01,KRAS,mutation_assayed_no_variant_reported,1,0
LUAD,TCGA-05-4422-01,TP53,mutation_assayed_no_variant_reported,1,0
LUAD,TCGA-05-4422-01,EGFR,mutation_assayed_no_variant_reported,1,0
LUAD,TCGA-05-4422-01,ERBB2,mutation_assayed_no_variant_reported,1,0
LUAD,TCGA-05-4424-01,KRAS,mutation_assayed_no_variant_reported,1,0
LUAD,TCGA-05-4424-01,TP53,variant_reported,1,1
LUAD,TCGA-05-4424-01,EGFR,mutation_assayed_no_variant_reported,1,0
LUAD,TCGA-05-4424-01,ERBB2,mutation_assayed_no_variant_reported,1,0
LUAD,TCGA-05-4425-01,KRAS,mutation_assayed_no_variant_reported,1,0
LUAD,TCGA-05-4425-01,TP53,mutation_assayed_no_variant_reported,1,0
LUAD,TCGA-05-4425-01,EGFR,variant_reported,1,1
LUAD,TCGA-05-4425-01,ERBB2,mutation_assayed_no_variant_reported,1,0
LUAD,TCGA-05-4426-01,KRAS,mutation_assayed_no_variant_reported,1,0
LUAD,TCGA-05-4426-01,TP53,mutation_assayed_no_variant_reported,1,0
LUAD,TCGA-05-4426-01,EGFR,mutation_assayed_no_variant_reported,1,0
LUAD,TCGA-05-4426-01,ERBB2,mutation_assayed_no_variant_reported,1,0
LUAD,TCGA-05-4427-01,KRAS,variant_reported,1,1
LUAD,TCGA-05-4427-01,TP53,variant_reported,1,1
LUAD,TCGA-05-4427-01,EGFR,mutation_assayed_no_variant_reported,1,0
LUAD,TCGA-05-4427-01,ERBB2,mutation_assayed_no_variant_reported,1,0
LUAD,TCGA-05-4430-01,KRAS,mutation_assayed_no_variant_reported,1,0
LUAD,TCGA-05-4430-01,TP53,variant_reported,1,1
LUAD,TCGA-05-4430-01,EGFR,mutation_assayed_no_variant_reported,1,0
LUAD,TCGA-05-4430-01,ERBB2,mutation_assayed_no_variant_reported,1,0
LUAD,TCGA-05-4432-01,KRAS,mutation_assayed_no_variant_reported,1,0
LUAD,TCGA-05-4432-01,TP53,variant_reported,1,1
LUAD,TCGA-05-4432-01,EGFR,mutation_assayed_no_variant_reported,1,0
LUAD,TCGA-05-4432-01,ERBB2,mutation_assayed_no_variant_reported,1,0
LUAD,TCGA-05-4433-01,KRAS,variant_reported,1,1
LUAD,TCGA-05-4433-01,TP53,variant_reported,1,1
LUAD,TCGA-05-4433-01,EGFR,mutation_assayed_no_variant_reported,1,0
LUAD,TCGA-05-4433-01,ERBB2,mutation_assayed_no_variant_reported,1,0
LUAD,TCGA-05-4434-01,KRAS,mutation_assayed_no_variant_reported,1,0
LUAD,TCGA-05-4434-01,TP53,mutation_assayed_no_variant_reported,1,0
LUAD,TCGA-05-4434-01,EGFR,mutation_assayed_no_variant_reported,1,0
LUAD,TCGA-05-4434-01,ERBB2,variant_reported,1,1
LUAD,TCGA-05-5420-01,KRAS,mutation_assayed_no_variant_reported,1,0
LUAD,TCGA-05-5420-01,TP53,mutation_assayed_no_variant_reported,1,0
LUAD,TCGA-05-5420-01,EGFR,mutation_assayed_no_variant_reported,1,0
LUAD,TCGA-05-5420-01,ERBB2,mutation_assayed_no_variant_reported,1,0
LUAD,TCGA-05-5423-01,KRAS,mutation_assayed_no_variant_reported,1,0
LUAD,TCGA-05-5423-01,TP53,variant_reported,1,1
LUAD,TCGA-05-5423-01,EGFR,variant_reported,1,1
LUAD,TCGA-05-5423-01,ERBB2,mutation_assayed_no_variant_reported,1,0
LUAD,TCGA-05-5425-01,KRAS,mutation_assayed_no_variant_reported,1,0
LUAD,TCGA-05-5425-01,TP53,variant_reported,1,1
LUAD,TCGA-05-5425-01,EGFR,mutation_assayed_no_variant_reported,1,0
LUAD,TCGA-05-5425-01,ERBB2,mutation_assayed_no_variant_reported,1,0
LUAD,TCGA-05-5428-01,KRAS,mutation_assayed_no_variant_reported,1,0
LUAD,TCGA-05-5428-01,TP53,variant_reported,1,1
LUAD,TCGA-05-5428-01,EGFR,mutation_assayed_no_variant_reported,1,0
LUAD,TCGA-05-5428-01,ERBB2,mutation_assayed_no_variant_reported,1,0
LUAD,TCGA-05-5429-01,KRAS,mutation_assayed_no_variant_reported,1,0
LUAD,TCGA-05-5429-01,TP53,mutation_assayed_no_variant_reported,1,0
LUAD,TCGA-05-5429-01,EGFR,mutation_assayed_no_variant_reported,1,0
LUAD,TCGA-05-5429-01,ERBB2,mutation_assayed_no_variant_reported,1,0
LUAD,TCGA-05-5715-01,KRAS,mutation_assayed_no_variant_reported,1,0
LUAD,TCGA-05-5715-01,TP53,mutation_assayed_no_variant_reported,1,0
LUAD,TCGA-05-5715-01,EGFR,mutation_assayed_no_variant_reported,1,0
LUAD,TCGA-05-5715-01,ERBB2,variant_reported,1,1
LUAD,TCGA-17-Z000-01,KRAS,mutation_assayed_no_variant_reported,1,0
LUAD,TCGA-17-Z000-01,TP53,mutation_assayed_no_variant_reported,1,0
LUAD,TCGA-17-Z000-01,EGFR,mutation_assayed_no_variant_reported,1,0
LUAD,TCGA-17-Z000-01,ERBB2,mutation_assayed_no_variant_reported,1,0
LUAD,TCGA-17-Z001-01,KRAS,mutation_assayed_no_variant_reported,1,0
LUAD,TCGA-17-Z001-01,TP53,variant_reported,1,1
LUAD,TCGA-17-Z001-01,EGFR,mutation_assayed_no_variant_reported,1,0
LUAD,TCGA-17-Z001-01,ERBB2,mutation_assayed_no_variant_reported,1,0
LUAD,TCGA-17-Z002-01,KRAS,mutation_assayed_no_variant_reported,1,0
LUAD,TCGA-17-Z002-01,TP53,mutation_assayed_no_variant_reported,1,0
LUAD,TCGA-17-Z002-01,EGFR,mutation_assayed_no_variant_reported,1,0
LUAD,TCGA-17-Z002-01,ERBB2,mutation_assayed_no_variant_reported,1,0
LUAD,TCGA-17-Z003-01,KRAS,mutation_assayed_no_variant_reported,1,0
LUAD,TCGA-17-Z003-01,TP53,variant_reported,1,1
LUAD,TCGA-17-Z003-01,EGFR,mutation_assayed_no_variant_reported,1,0
LUAD,TCGA-17-Z003-01,ERBB2,mutation_assayed_no_variant_reported,1,0
LUAD,TCGA-17-Z004-01,KRAS,mutation_assayed_no_variant_reported,1,0
LUAD,TCGA-17-Z004-01,TP53,mutation_assayed_no_variant_reported,1,0
LUAD,TCGA-17-Z004-01,EGFR,mutation_assayed_no_variant_reported,1,0
LUAD,TCGA-17-Z004-01,ERBB2,mutation_assayed_no_variant_reported,1,0
LUAD,TCGA-17-Z005-01,KRAS,mutation_assayed_no_variant_reported,1,0
LUAD,TCGA-17-Z005-01,TP53,variant_reported,1,1
LUAD,TCGA-17-Z005-01,EGFR,mutation_assayed_no_variant_reported,1,0
LUAD,TCGA-17-Z005-01,ERBB2,mutation_assayed_no_variant_reported,1,0
LUAD,TCGA-17-Z007-01,KRAS,mutation_assayed_no_variant_reported,1,0
LUAD,TCGA-17-Z007-01,TP53,variant_reported,1,1
LUAD,TCGA-17-Z007-01,EGFR,mutation_assayed_no_variant_reported,1,0
LUAD,TCGA-17-Z007-01,ERBB2,mutation_assayed_no_variant_reported,1,0
LUAD,TCGA-17-Z009-01,KRAS,mutation_assayed_no_variant_reported,1,0
LUAD,TCGA-17-Z009-01,TP53,mutation_assayed_no_variant_reported,1,0
LUAD,TCGA-17-Z009-01,EGFR,mutation_assayed_no_variant_reported,1,0
LUAD,TCGA-17-Z009-01,ERBB2,mutation_assayed_no_variant_reported,1,0
LUAD,TCGA-17-Z010-01,KRAS,variant_reported,1,1
LUAD,TCGA-17-Z010-01,TP53,mutation_assayed_no_variant_reported,1,0
LUAD,TCGA-17-Z010-01,EGFR,mutation_assayed_no_variant_reported,1,0
LUAD,TCGA-17-Z010-01,ERBB2,mutation_assayed_no_variant_reported,1,0
LUAD,TCGA-17-Z011-01,KRAS,mutation_assayed_no_variant_reported,1,0
LUAD,TCGA-17-Z011-01,TP53,mutation_assayed_no_variant_reported,1,0
LUAD,TCGA-17-Z011-01,EGFR,mutation_assayed_no_variant_reported,1,0
LUAD,TCGA-17-Z011-01,ERBB2,mutation_assayed_no_variant_reported,1,0
LUAD,TCGA-17-Z013-01,KRAS,mutation_assayed_no_variant_reported,1,0
LUAD,TCGA-17-Z013-01,TP53,mutation_assayed_no_variant_reported,1,0
LUAD,TCGA-17-Z013-01,EGFR,mutation_assayed_no_variant_reported,1,0
LUAD,TCGA-17-Z013-01,ERBB2,mutation_assayed_no_variant_reported,1,0
LUAD,TCGA-17-Z015-01,KRAS,mutation_assayed_no_variant_reported,1,0
LUAD,TCGA-17-Z015-01,TP53,variant_reported,1,1
LUAD,TCGA-17-Z015-01,EGFR,mutation_assayed_no_variant_reported,1,0
LUAD,TCGA-17-Z015-01,ERBB2,mutation_assayed_no_variant_reported,1,0
LUAD,TCGA-17-Z016-01,KRAS,mutation_assayed_no_variant_reported,1,0
LUAD,TCGA-17-Z016-01,TP53,mutation_assayed_no_variant_reported,1,0
LUAD,TCGA-17-Z016-01,EGFR,mutation_assayed_no_variant_reported,1,0
LUAD,TCGA-17-Z016-01,ERBB2,mutation_assayed_no_variant_reported,1,0
LUAD,TCGA-17-Z017-01,KRAS,variant_reported,1,1
LUAD,TCGA-17-Z017-01,TP53,variant_reported,1,1
LUAD,TCGA-17-Z017-01,EGFR,mutation_assayed_no_variant_reported,1,0
LUAD,TCGA-17-Z017-01,ERBB2,mutation_assayed_no_variant_reported,1,0
LUAD,TCGA-17-Z018-01,KRAS,mutation_assayed_no_variant_reported,1,0
LUAD,TCGA-17-Z018-01,TP53,mutation_assayed_no_variant_reported,1,0
LUAD,TCGA-17-Z018-01,EGFR,mutation_assayed_no_variant_reported,1,0
LUAD,TCGA-17-Z018-01,ERBB2,mutation_assayed_no_variant_reported,1,0
LUAD,TCGA-17-Z019-01,KRAS,mutation_assayed_no_variant_reported,1,0
LUAD,TCGA-17-Z019-01,TP53,mutation_assayed_no_variant_reported,1,0
LUAD,TCGA-17-Z019-01,EGFR,mutation_assayed_no_variant_reported,1,0
LUAD,TCGA-17-Z019-01,ERBB2,mutation_assayed_no_variant_reported,1,0
LUAD,TCGA-17-Z020-01,KRAS,variant_reported,1,1
LUAD,TCGA-17-Z020-01,TP53,variant_reported,1,1
LUAD,TCGA-17-Z020-01,EGFR,mutation_assayed_no_variant_reported,1,0
LUAD,TCGA-17-Z020-01,ERBB2,mutation_assayed_no_variant_reported,1,0
LUAD,TCGA-17-Z021-01,KRAS,mutation_assayed_no_variant_reported,1,0
LUAD,TCGA-17-Z021-01,TP53,variant_reported,1,1
LUAD,TCGA-17-Z021-01,EGFR,mutation_assayed_no_variant_reported,1,0
LUAD,TCGA-17-Z021-01,ERBB2,mutation_assayed_no_variant_reported,1,0
LUAD,TCGA-17-Z022-01,KRAS,variant_reported,1,1
LUAD,TCGA-17-Z022-01,TP53,variant_reported,1,1
LUAD,TCGA-17-Z022-01,EGFR,mutation_assayed_no_variant_reported,1,0
LUAD,TCGA-17-Z022-01,ERBB2,mutation_assayed_no_variant_reported,1,0
LUAD,TCGA-17-Z023-01,KRAS,mutation_assayed_no_variant_reported,1,0
LUAD,TCGA-17-Z023-01,TP53,variant_reported,1,1
LUAD,TCGA-17-Z023-01,EGFR,mutation_assayed_no_variant_reported,1,0
LUAD,TCGA-17-Z023-01,ERBB2,mutation_assayed_no_variant_reported,1,0
LUAD,TCGA-17-Z025-01,KRAS,mutation_assayed_no_variant_reported,1,0
LUAD,TCGA-17-Z025-01,TP53,mutation_assayed_no_variant_reported,1,0
LUAD,TCGA-17-Z025-01,EGFR,mutation_assayed_no_variant_reported,1,0
LUAD,TCGA-17-Z025-01,ERBB2,mutation_assayed_no_variant_reported,1,0
LUAD,TCGA-17-Z026-01,KRAS,mutation_assayed_no_variant_reported,1,0
LUAD,TCGA-17-Z026-01,TP53,variant_reported,1,1
LUAD,TCGA-17-Z026-01,EGFR,variant_reported,1,1
LUAD,TCGA-17-Z026-01,ERBB2,mutation_assayed_no_variant_reported,1,0
LUAD,TCGA-17-Z027-01,KRAS,mutation_assayed_no_variant_reported,1,0
LUAD,TCGA-17-Z027-01,TP53,variant_reported,1,1
LUAD,TCGA-17-Z027-01,EGFR,mutation_assayed_no_variant_reported,1,0
LUAD,TCGA-17-Z027-01,ERBB2,mutation_assayed_no_variant_reported,1,0
LUAD,TCGA-17-Z028-01,KRAS,mutation_assayed_no_variant_reported,1,0
LUAD,TCGA-17-Z028-01,TP53,variant_reported,1,1
LUAD,TCGA-17-Z028-01,EGFR,mutation_assayed_no_variant_reported,1,0
LUAD,TCGA-17-Z028-01,ERBB2,mutation_assayed_no_variant_reported,1,0
LUAD,TCGA-17-Z030-01,KRAS,mutation_assayed_no_variant_reported,1,0
LUAD,TCGA-17-Z030-01,TP53,variant_reported,1,1
LUAD,TCGA-17-Z030-01,EGFR,mutation_assayed_no_variant_reported,1,0
LUAD,TCGA-17-Z030-01,ERBB2,mutation_assayed_no_variant_reported,1,0
LUAD,TCGA-17-Z031-01,KRAS,mutation_assayed_no_variant_reported,1,0
LUAD,TCGA-17-Z031-01,TP53,variant_reported,1,1
LUAD,TCGA-17-Z031-01,EGFR,mutation_assayed_no_variant_reported,1,0
LUAD,TCGA-17-Z031-01,ERBB2,mutation_assayed_no_variant_reported,1,0
LUAD,TCGA-17-Z032-01,KRAS,mutation_assayed_no_variant_reported,1,0
LUAD,TCGA-17-Z032-01,TP53,mutation_assayed_no_variant_reported,1,0
LUAD,TCGA-17-Z032-01,EGFR,variant_reported,1,1
LUAD,TCGA-17-Z032-01,ERBB2,mutation_assayed_no_variant_reported,1,0
LUAD,TCGA-17-Z033-01,KRAS,variant_reported,1,1
LUAD,TCGA-17-Z033-01,TP53,mutation_assayed_no_variant_reported,1,0
LUAD,TCGA-17-Z033-01,EGFR,mutation_assayed_no_variant_reported,1,0
LUAD,TCGA-17-Z033-01,ERBB2,mutation_assayed_no_variant_reported,1,0
LUAD,TCGA-17-Z036-01,KRAS,variant_reported,1,1
LUAD,TCGA-17-Z036-01,TP53,mutation_assayed_no_variant_reported,1,0
LUAD,TCGA-17-Z036-01,EGFR,mutation_assayed_no_variant_reported,1,0
LUAD,TCGA-17-Z036-01,ERBB2,mutation_assayed_no_variant_reported,1,0
LUAD,TCGA-17-Z037-01,KRAS,variant_reported,1,1
LUAD,TCGA-17-Z037-01,TP53,variant_reported,1,1
LUAD,TCGA-17-Z037-01,EGFR,mutation_assayed_no_variant_reported,1,0
LUAD,TCGA-17-Z037-01,ERBB2,mutation_assayed_no_variant_reported,1,0
LUAD,TCGA-17-Z041-01,KRAS,mutation_assayed_no_variant_reported,1,0
LUAD,TCGA-17-Z041-01,TP53,mutation_assayed_no_variant_reported,1,0
LUAD,TCGA-17-Z041-01,EGFR,mutation_assayed_no_variant_reported,1,0
LUAD,TCGA-17-Z041-01,ERBB2,mutation_assayed_no_variant_reported,1,0
LUAD,TCGA-17-Z042-01,KRAS,variant_reported,1,1
LUAD,TCGA-17-Z042-01,TP53,variant_reported,1,1
LUAD,TCGA-17-Z042-01,EGFR,mutation_assayed_no_variant_reported,1,0
LUAD,TCGA-17-Z042-01,ERBB2,mutation_assayed_no_variant_reported,1,0
LUAD,TCGA-17-Z043-01,KRAS,mutation_assayed_no_variant_reported,1,0
LUAD,TCGA-17-Z043-01,TP53,variant_reported,1,1
LUAD,TCGA-17-Z043-01,EGFR,mutation_assayed_no_variant_reported,1,0
LUAD,TCGA-17-Z043-01,ERBB2,mutation_assayed_no_variant_reported,1,0
LUAD,TCGA-17-Z044-01,KRAS,mutation_assayed_no_variant_reported,1,0
LUAD,TCGA-17-Z044-01,TP53,variant_reported,1,1
LUAD,TCGA-17-Z044-01,EGFR,mutation_assayed_no_variant_reported,1,0
LUAD,TCGA-17-Z044-01,ERBB2,mutation_assayed_no_variant_reported,1,0
LUAD,TCGA-17-Z045-01,KRAS,mutation_assayed_no_variant_reported,1,0
LUAD,TCGA-17-Z045-01,TP53,variant_reported,1,1
LUAD,TCGA-17-Z045-01,EGFR,mutation_assayed_no_variant_reported,1,0
LUAD,TCGA-17-Z045-01,ERBB2,mutation_assayed_no_variant_reported,1,0
LUAD,TCGA-17-Z047-01,KRAS,mutation_assayed_no_variant_reported,1,0
LUAD,TCGA-17-Z047-01,TP53,variant_reported,1,1
LUAD,TCGA-17-Z047-01,EGFR,variant_reported,1,1
LUAD,TCGA-17-Z047-01,ERBB2,mutation_assayed_no_variant_reported,1,0
LUAD,TCGA-17-Z048-01,KRAS,mutation_assayed_no_variant_reported,1,0
LUAD,TCGA-17-Z048-01,TP53,mutation_assayed_no_variant_reported,1,0
LUAD,TCGA-17-Z048-01,EGFR,variant_reported,1,1
LUAD,TCGA-17-Z048-01,ERBB2,mutation_assayed_no_variant_reported,1,0
LUAD,TCGA-17-Z049-01,KRAS,mutation_assayed_no_variant_reported,1,0
LUAD,TCGA-17-Z049-01,TP53,variant_reported,1,1
LUAD,TCGA-17-Z049-01,EGFR,mutation_assayed_no_variant_reported,1,0
LUAD,TCGA-17-Z049-01,ERBB2,variant_reported,1,1
LUAD,TCGA-17-Z050-01,KRAS,variant_reported,1,1
LUAD,TCGA-17-Z050-01,TP53,mutation_assayed_no_variant_reported,1,0
LUAD,TCGA-17-Z050-01,EGFR,mutation_assayed_no_variant_reported,1,0
LUAD,TCGA-17-Z050-01,ERBB2,mutation_assayed_no_variant_reported,1,0
LUAD,TCGA-17-Z051-01,KRAS,mutation_assayed_no_variant_reported,1,0
LUAD,TCGA-17-Z051-01,TP53,mutation_assayed_no_variant_reported,1,0
LUAD,TCGA-17-Z051-01,EGFR,mutation_assayed_no_variant_reported,1,0
LUAD,TCGA-17-Z051-01,ERBB2,mutation_assayed_no_variant_reported,1,0
LUAD,TCGA-17-Z052-01,KRAS,mutation_assayed_no_variant_reported,1,0
LUAD,TCGA-17-Z052-01,TP53,variant_reported,1,1
LUAD,TCGA-17-Z052-01,EGFR,mutation_assayed_no_variant_reported,1,0
LUAD,TCGA-17-Z052-01,ERBB2,mutation_assayed_no_variant_reported,1,0
LUAD,TCGA-17-Z053-01,KRAS,mutation_assayed_no_variant_reported,1,0
LUAD,TCGA-17-Z053-01,TP53,variant_reported,1,1
LUAD,TCGA-17-Z053-01,EGFR,mutation_assayed_no_variant_reported,1,0
LUAD,TCGA-17-Z053-01,ERBB2,mutation_assayed_no_variant_reported,1,0
LUAD,TCGA-17-Z054-01,KRAS,mutation_assayed_no_variant_reported,1,0
LUAD,TCGA-17-Z054-01,TP53,mutation_assayed_no_variant_reported,1,0
LUAD,TCGA-17-Z054-01,EGFR,mutation_assayed_no_variant_reported,1,0
LUAD,TCGA-17-Z054-01,ERBB2,mutation_assayed_no_variant_reported,1,0
LUAD,TCGA-17-Z055-01,KRAS,mutation_assayed_no_variant_reported,1,0
LUAD,TCGA-17-Z055-01,TP53,variant_reported,1,1
LUAD,TCGA-17-Z055-01,EGFR,mutation_assayed_no_variant_reported,1,0
LUAD,TCGA-17-Z055-01,ERBB2,mutation_assayed_no_variant_reported,1,0
LUAD,TCGA-17-Z056-01,KRAS,mutation_assayed_no_variant_reported,1,0
LUAD,TCGA-17-Z056-01,TP53,variant_reported,1,1
LUAD,TCGA-17-Z056-01,EGFR,mutation_assayed_no_variant_reported,1,0
LUAD,TCGA-17-Z056-01,ERBB2,mutation_assayed_no_variant_reported,1,0
LUAD,TCGA-17-Z057-01,KRAS,mutation_assayed_no_variant_reported,1,0
LUAD,TCGA-17-Z057-01,TP53,variant_reported,1,1
LUAD,TCGA-17-Z057-01,EGFR,mutation_assayed_no_variant_reported,1,0
LUAD,TCGA-17-Z057-01,ERBB2,mutation_assayed_no_variant_reported,1,0
LUAD,TCGA-17-Z058-01,KRAS,mutation_assayed_no_variant_reported,1,0
LUAD,TCGA-17-Z058-01,TP53,mutation_assayed_no_variant_reported,1,0
LUAD,TCGA-17-Z058-01,EGFR,mutation_assayed_no_variant_reported,1,0
LUAD,TCGA-17-Z058-01,ERBB2,mutation_assayed_no_variant_reported,1,0
LUAD,TCGA-17-Z059-01,KRAS,mutation_assayed_no_variant_reported,1,0
LUAD,TCGA-17-Z059-01,TP53,mutation_assayed_no_variant_reported,1,0
LUAD,TCGA-17-Z059-01,EGFR,mutation_assayed_no_variant_reported,1,0
LUAD,TCGA-17-Z059-01,ERBB2,mutation_assayed_no_variant_reported,1,0
LUAD,TCGA-17-Z061-01,KRAS,mutation_assayed_no_variant_reported,1,0
LUAD,TCGA-17-Z061-01,TP53,variant_reported,1,1
LUAD,TCGA-17-Z061-01,EGFR,mutation_assayed_no_variant_reported,1,0
LUAD,TCGA-17-Z061-01,ERBB2,mutation_assayed_no_variant_reported,1,0
LUAD,TCGA-17-Z062-01,KRAS,mutation_assayed_no_variant_reported,1,0
LUAD,TCGA-17-Z062-01,TP53,variant_reported,1,1
LUAD,TCGA-17-Z062-01,EGFR,mutation_assayed_no_variant_reported,1,0
LUAD,TCGA-17-Z062-01,ERBB2,mutation_assayed_no_variant_reported,1,0
LUAD,TCGA-35-4122-01,KRAS,mutation_assayed_no_variant_reported,1,0
LUAD,TCGA-35-4122-01,TP53,variant_reported,1,1
LUAD,TCGA-35-4122-01,EGFR,mutation_assayed_no_variant_reported,1,0
LUAD,TCGA-35-4122-01,ERBB2,mutation_assayed_no_variant_reported,1,0
LUAD,TCGA-35-4123-01,KRAS,mutation_assayed_no_variant_reported,1,0
LUAD,TCGA-35-4123-01,TP53,variant_reported,1,1
LUAD,TCGA-35-4123-01,EGFR,mutation_assayed_no_variant_reported,1,0
LUAD,TCGA-35-4123-01,ERBB2,mutation_assayed_no_variant_reported,1,0
LUAD,TCGA-35-5375-01,KRAS,mutation_assayed_no_variant_reported,1,0
LUAD,TCGA-35-5375-01,TP53,variant_reported,1,1
LUAD,TCGA-35-5375-01,EGFR,mutation_assayed_no_variant_reported,1,0
LUAD,TCGA-35-5375-01,ERBB2,mutation_assayed_no_variant_reported,1,0
LUAD,TCGA-38-4625-01,KRAS,mutation_assayed_no_variant_reported,1,0
LUAD,TCGA-38-4625-01,TP53,mutation_assayed_no_variant_reported,1,0
LUAD,TCGA-38-4625-01,EGFR,mutation_assayed_no_variant_reported,1,0
LUAD,TCGA-38-4625-01,ERBB2,mutation_assayed_no_variant_reported,1,0
LUAD,TCGA-38-4626-01,KRAS,mutation_assayed_no_variant_reported,1,0
LUAD,TCGA-38-4626-01,TP53,mutation_assayed_no_variant_reported,1,0
LUAD,TCGA-38-4626-01,EGFR,mutation_assayed_no_variant_reported,1,0
LUAD,TCGA-38-4626-01,ERBB2,mutation_assayed_no_variant_reported,1,0
LUAD,TCGA-38-4627-01,KRAS,mutation_assayed_no_variant_reported,1,0
LUAD,TCGA-38-4627-01,TP53,mutation_assayed_no_variant_reported,1,0
LUAD,TCGA-38-4627-01,EGFR,variant_reported,1,1
LUAD,TCGA-38-4627-01,ERBB2,mutation_assayed_no_variant_reported,1,0
LUAD,TCGA-38-4628-01,KRAS,mutation_assayed_no_variant_reported,1,0
LUAD,TCGA-38-4628-01,TP53,mutation_assayed_no_variant_reported,1,0
LUAD,TCGA-38-4628-01,EGFR,variant_reported,1,1
LUAD,TCGA-38-4628-01,ERBB2,mutation_assayed_no_variant_reported,1,0
LUAD,TCGA-38-4629-01,KRAS,mutation_assayed_no_variant_reported,1,0
LUAD,TCGA-38-4629-01,TP53,variant_reported,1,1
LUAD,TCGA-38-4629-01,EGFR,variant_reported,1,1
LUAD,TCGA-38-4629-01,ERBB2,variant_reported,1,1
LUAD,TCGA-38-4630-01,KRAS,mutation_assayed_no_variant_reported,1,0
LUAD,TCGA-38-4630-01,TP53,variant_reported,1,1
LUAD,TCGA-38-4630-01,EGFR,mutation_assayed_no_variant_reported,1,0
LUAD,TCGA-38-4630-01,ERBB2,mutation_assayed_no_variant_reported,1,0
LUAD,TCGA-38-4631-01,KRAS,mutation_assayed_no_variant_reported,1,0
LUAD,TCGA-38-4631-01,TP53,mutation_assayed_no_variant_reported,1,0
LUAD,TCGA-38-4631-01,EGFR,mutation_assayed_no_variant_reported,1,0
LUAD,TCGA-38-4631-01,ERBB2,mutation_assayed_no_variant_reported,1,0
LUAD,TCGA-38-4632-01,KRAS,mutation_assayed_no_variant_reported,1,0
LUAD,TCGA-38-4632-01,TP53,variant_reported,1,1
LUAD,TCGA-38-4632-01,EGFR,mutation_assayed_no_variant_reported,1,0
LUAD,TCGA-38-4632-01,ERBB2,mutation_assayed_no_variant_reported,1,0
LUAD,TCGA-38-6178-01,KRAS,mutation_assayed_no_variant_reported,1,0
LUAD,TCGA-38-6178-01,TP53,variant_reported,1,1
LUAD,TCGA-38-6178-01,EGFR,variant_reported,1,1
LUAD,TCGA-38-6178-01,ERBB2,mutation_assayed_no_variant_reported,1,0
LUAD,TCGA-38-7271-01,KRAS,mutation_assayed_no_variant_reported,1,0
LUAD,TCGA-38-7271-01,TP53,mutation_assayed_no_variant_reported,1,0
LUAD,TCGA-38-7271-01,EGFR,mutation_assayed_no_variant_reported,1,0
LUAD,TCGA-38-7271-01,ERBB2,mutation_assayed_no_variant_reported,1,0
LUAD,TCGA-38-A44F-01,KRAS,mutation_assayed_no_variant_reported,1,0
LUAD,TCGA-38-A44F-01,TP53,mutation_assayed_no_variant_reported,1,0
LUAD,TCGA-38-A44F-01,EGFR,mutation_assayed_no_variant_reported,1,0
LUAD,TCGA-38-A44F-01,ERBB2,mutation_assayed_no_variant_reported,1,0
LUAD,TCGA-44-2655-01,KRAS,mutation_assayed_no_variant_reported,1,0
LUAD,TCGA-44-2655-01,TP53,mutation_assayed_no_variant_reported,1,0
LUAD,TCGA-44-2655-01,EGFR,mutation_assayed_no_variant_reported,1,0
LUAD,TCGA-44-2655-01,ERBB2,mutation_assayed_no_variant_reported,1,0
LUAD,TCGA-44-2656-01,KRAS,mutation_assayed_no_variant_reported,1,0
LUAD,TCGA-44-2656-01,TP53,variant_reported,1,1
LUAD,TCGA-44-2656-01,EGFR,mutation_assayed_no_variant_reported,1,0
LUAD,TCGA-44-2656-01,ERBB2,variant_reported,1,1
LUAD,TCGA-44-2657-01,KRAS,mutation_assayed_no_variant_reported,1,0
LUAD,TCGA-44-2657-01,TP53,mutation_assayed_no_variant_reported,1,0
LUAD,TCGA-44-2657-01,EGFR,mutation_assayed_no_variant_reported,1,0
LUAD,TCGA-44-2657-01,ERBB2,mutation_assayed_no_variant_reported,1,0
LUAD,TCGA-44-2661-01,KRAS,mutation_assayed_no_variant_reported,1,0
LUAD,TCGA-44-2661-01,TP53,mutation_assayed_no_variant_reported,1,0
LUAD,TCGA-44-2661-01,EGFR,variant_reported,1,1
LUAD,TCGA-44-2661-01,ERBB2,mutation_assayed_no_variant_reported,1,0
LUAD,TCGA-44-2662-01,KRAS,mutation_assayed_no_variant_reported,1,0
LUAD,TCGA-44-2662-01,TP53,variant_reported,1,1
LUAD,TCGA-44-2662-01,EGFR,mutation_assayed_no_variant_reported,1,0
LUAD,TCGA-44-2662-01,ERBB2,mutation_assayed_no_variant_reported,1,0
LUAD,TCGA-44-2665-01,KRAS,mutation_assayed_no_variant_reported,1,0
LUAD,TCGA-44-2665-01,TP53,mutation_assayed_no_variant_reported,1,0
LUAD,TCGA-44-2665-01,EGFR,mutation_assayed_no_variant_reported,1,0
LUAD,TCGA-44-2665-01,ERBB2,mutation_assayed_no_variant_reported,1,0
LUAD,TCGA-44-2666-01,KRAS,mutation_assayed_no_variant_reported,1,0
LUAD,TCGA-44-2666-01,TP53,mutation_assayed_no_variant_reported,1,0
LUAD,TCGA-44-2666-01,EGFR,mutation_assayed_no_variant_reported,1,0
LUAD,TCGA-44-2666-01,ERBB2,mutation_assayed_no_variant_reported,1,0
LUAD,TCGA-44-2668-01,KRAS,variant_reported,1,1
LUAD,TCGA-44-2668-01,TP53,variant_reported,1,1
LUAD,TCGA-44-2668-01,EGFR,mutation_assayed_no_variant_reported,1,0
LUAD,TCGA-44-2668-01,ERBB2,mutation_assayed_no_variant_reported,1,0
LUAD,TCGA-44-3396-01,KRAS,mutation_assayed_no_variant_reported,1,0
LUAD,TCGA-44-3396-01,TP53,variant_reported,1,1
LUAD,TCGA-44-3396-01,EGFR,mutation_assayed_no_variant_reported,1,0
LUAD,TCGA-44-3396-01,ERBB2,mutation_assayed_no_variant_reported,1,0
LUAD,TCGA-44-3398-01,KRAS,mutation_assayed_no_variant_reported,1,0
LUAD,TCGA-44-3398-01,TP53,mutation_assayed_no_variant_reported,1,0
LUAD,TCGA-44-3398-01,EGFR,mutation_assayed_no_variant_reported,1,0
LUAD,TCGA-44-3398-01,ERBB2,mutation_assayed_no_variant_reported,1,0
LUAD,TCGA-44-3917-01,KRAS,variant_reported,1,1
LUAD,TCGA-44-3917-01,TP53,variant_reported,1,1
LUAD,TCGA-44-3917-01,EGFR,mutation_assayed_no_variant_reported,1,0
LUAD,TCGA-44-3917-01,ERBB2,mutation_assayed_no_variant_reported,1,0
LUAD,TCGA-44-3918-01,KRAS,mutation_assayed_no_variant_reported,1,0
LUAD,TCGA-44-3918-01,TP53,variant_reported,1,1
LUAD,TCGA-44-3918-01,EGFR,mutation_assayed_no_variant_reported,1,0
LUAD,TCGA-44-3918-01,ERBB2,mutation_assayed_no_variant_reported,1,0
LUAD,TCGA-44-3919-01,KRAS,mutation_assayed_no_variant_reported,1,0
LUAD,TCGA-44-3919-01,TP53,mutation_assayed_no_variant_reported,1,0
LUAD,TCGA-44-3919-01,EGFR,mutation_assayed_no_variant_reported,1,0
LUAD,TCGA-44-3919-01,ERBB2,variant_reported,1,1
LUAD,TCGA-44-4112-01,KRAS,mutation_assayed_no_variant_reported,1,0
LUAD,TCGA-44-4112-01,TP53,mutation_assayed_no_variant_reported,1,0
LUAD,TCGA-44-4112-01,EGFR,mutation_assayed_no_variant_reported,1,0
LUAD,TCGA-44-4112-01,ERBB2,mutation_assayed_no_variant_reported,1,0
LUAD,TCGA-44-5643-01,KRAS,mutation_assayed_no_variant_reported,1,0
LUAD,TCGA-44-5643-01,TP53,mutation_assayed_no_variant_reported,1,0
LUAD,TCGA-44-5643-01,EGFR,mutation_assayed_no_variant_reported,1,0
LUAD,TCGA-44-5643-01,ERBB2,mutation_assayed_no_variant_reported,1,0
LUAD,TCGA-44-5644-01,KRAS,mutation_assayed_no_variant_reported,1,0
LUAD,TCGA-44-5644-01,TP53,variant_reported,1,1
LUAD,TCGA-44-5644-01,EGFR,mutation_assayed_no_variant_reported,1,0
LUAD,TCGA-44-5644-01,ERBB2,mutation_assayed_no_variant_reported,1,0
LUAD,TCGA-44-5645-01,KRAS,mutation_assayed_no_variant_reported,1,0
LUAD,TCGA-44-5645-01,TP53,variant_reported,1,1
LUAD,TCGA-44-5645-01,EGFR,variant_reported,1,1
LUAD,TCGA-44-5645-01,ERBB2,mutation_assayed_no_variant_reported,1,0
LUAD,TCGA-44-6144-01,KRAS,mutation_assayed_no_variant_reported,1,0
LUAD,TCGA-44-6144-01,TP53,variant_reported,1,1
LUAD,TCGA-44-6144-01,EGFR,mutation_assayed_no_variant_reported,1,0
LUAD,TCGA-44-6144-01,ERBB2,mutation_assayed_no_variant_reported,1,0
LUAD,TCGA-44-6145-01,KRAS,variant_reported,1,1
LUAD,TCGA-44-6145-01,TP53,variant_reported,1,1
LUAD,TCGA-44-6145-01,EGFR,mutation_assayed_no_variant_reported,1,0
LUAD,TCGA-44-6145-01,ERBB2,mutation_assayed_no_variant_reported,1,0
LUAD,TCGA-44-6146-01,KRAS,variant_reported,1,1
LUAD,TCGA-44-6146-01,TP53,mutation_assayed_no_variant_reported,1,0
LUAD,TCGA-44-6146-01,EGFR,mutation_assayed_no_variant_reported,1,0
LUAD,TCGA-44-6146-01,ERBB2,mutation_assayed_no_variant_reported,1,0
LUAD,TCGA-44-6147-01,KRAS,mutation_assayed_no_variant_reported,1,0
LUAD,TCGA-44-6147-01,TP53,variant_reported,1,1
LUAD,TCGA-44-6147-01,EGFR,variant_reported,1,1
LUAD,TCGA-44-6147-01,ERBB2,mutation_assayed_no_variant_reported,1,0
LUAD,TCGA-44-6148-01,KRAS,mutation_assayed_no_variant_reported,1,0
LUAD,TCGA-44-6148-01,TP53,mutation_assayed_no_variant_reported,1,0
LUAD,TCGA-44-6148-01,EGFR,mutation_assayed_no_variant_reported,1,0
LUAD,TCGA-44-6148-01,ERBB2,mutation_assayed_no_variant_reported,1,0
LUAD,TCGA-44-6774-01,KRAS,mutation_assayed_no_variant_reported,1,0
LUAD,TCGA-44-6774-01,TP53,variant_reported,1,1
LUAD,TCGA-44-6774-01,EGFR,mutation_assayed_no_variant_reported,1,0
LUAD,TCGA-44-6774-01,ERBB2,mutation_assayed_no_variant_reported,1,0
LUAD,TCGA-44-6775-01,KRAS,mutation_assayed_no_variant_reported,1,0
LUAD,TCGA-44-6775-01,TP53,variant_reported,1,1
LUAD,TCGA-44-6775-01,EGFR,mutation_assayed_no_variant_reported,1,0
LUAD,TCGA-44-6775-01,ERBB2,mutation_assayed_no_variant_reported,1,0
LUAD,TCGA-44-6776-01,KRAS,variant_reported,1,1
LUAD,TCGA-44-6776-01,TP53,mutation_assayed_no_variant_reported,1,0
LUAD,TCGA-44-6776-01,EGFR,mutation_assayed_no_variant_reported,1,0
LUAD,TCGA-44-6776-01,ERBB2,mutation_assayed_no_variant_reported,1,0
LUAD,TCGA-44-6777-01,KRAS,mutation_assayed_no_variant_reported,1,0
LUAD,TCGA-44-6777-01,TP53,variant_reported,1,1
LUAD,TCGA-44-6777-01,EGFR,mutation_assayed_no_variant_reported,1,0
LUAD,TCGA-44-6777-01,ERBB2,mutation_assayed_no_variant_reported,1,0
LUAD,TCGA-44-6778-01,KRAS,mutation_assayed_no_variant_reported,1,0
LUAD,TCGA-44-6778-01,TP53,variant_reported,1,1
LUAD,TCGA-44-6778-01,EGFR,mutation_assayed_no_variant_reported,1,0
LUAD,TCGA-44-6778-01,ERBB2,mutation_assayed_no_variant_reported,1,0
LUAD,TCGA-44-6779-01,KRAS,mutation_assayed_no_variant_reported,1,0
LUAD,TCGA-44-6779-01,TP53,variant_reported,1,1
LUAD,TCGA-44-6779-01,EGFR,mutation_assayed_no_variant_reported,1,0
LUAD,TCGA-44-6779-01,ERBB2,mutation_assayed_no_variant_reported,1,0
LUAD,TCGA-44-7659-01,KRAS,mutation_assayed_no_variant_reported,1,0
LUAD,TCGA-44-7659-01,TP53,mutation_assayed_no_variant_reported,1,0
LUAD,TCGA-44-7659-01,EGFR,mutation_assayed_no_variant_reported,1,0
LUAD,TCGA-44-7659-01,ERBB2,mutation_assayed_no_variant_reported,1,0
LUAD,TCGA-44-7660-01,KRAS,mutation_assayed_no_variant_reported,1,0
LUAD,TCGA-44-7660-01,TP53,variant_reported,1,1
LUAD,TCGA-44-7660-01,EGFR,mutation_assayed_no_variant_reported,1,0
LUAD,TCGA-44-7660-01,ERBB2,mutation_assayed_no_variant_reported,1,0
LUAD,TCGA-44-7661-01,KRAS,variant_reported,1,1
LUAD,TCGA-44-7661-01,TP53,variant_reported,1,1
LUAD,TCGA-44-7661-01,EGFR,mutation_assayed_no_variant_reported,1,0
LUAD,TCGA-44-7661-01,ERBB2,mutation_assayed_no_variant_reported,1,0
LUAD,TCGA-44-7662-01,KRAS,mutation_assayed_no_variant_reported,1,0
LUAD,TCGA-44-7662-01,TP53,variant_reported,1,1
LUAD,TCGA-44-7662-01,EGFR,mutation_assayed_no_variant_reported,1,0
LUAD,TCGA-44-7662-01,ERBB2,mutation_assayed_no_variant_reported,1,0
LUAD,TCGA-44-7667-01,KRAS,mutation_assayed_no_variant_reported,1,0
LUAD,TCGA-44-7667-01,TP53,mutation_assayed_no_variant_reported,1,0
LUAD,TCGA-44-7667-01,EGFR,mutation_assayed_no_variant_reported,1,0
LUAD,TCGA-44-7667-01,ERBB2,mutation_assayed_no_variant_reported,1,0
LUAD,TCGA-44-7669-01,KRAS,mutation_assayed_no_variant_reported,1,0
LUAD,TCGA-44-7669-01,TP53,variant_reported,1,1
LUAD,TCGA-44-7669-01,EGFR,mutation_assayed_no_variant_reported,1,0
LUAD,TCGA-44-7669-01,ERBB2,mutation_assayed_no_variant_reported,1,0
LUAD,TCGA-44-7670-01,KRAS,mutation_assayed_no_variant_reported,1,0
LUAD,TCGA-44-7670-01,TP53,variant_reported,1,1
LUAD,TCGA-44-7670-01,EGFR,mutation_assayed_no_variant_reported,1,0
LUAD,TCGA-44-7670-01,ERBB2,mutation_assayed_no_variant_reported,1,0
LUAD,TCGA-44-7671-01,KRAS,variant_reported,1,1
LUAD,TCGA-44-7671-01,TP53,mutation_assayed_no_variant_reported,1,0
LUAD,TCGA-44-7671-01,EGFR,mutation_assayed_no_variant_reported,1,0
LUAD,TCGA-44-7671-01,ERBB2,mutation_assayed_no_variant_reported,1,0
LUAD,TCGA-44-7672-01,KRAS,variant_reported,1,1
LUAD,TCGA-44-7672-01,TP53,mutation_assayed_no_variant_reported,1,0
LUAD,TCGA-44-7672-01,EGFR,mutation_assayed_no_variant_reported,1,0
LUAD,TCGA-44-7672-01,ERBB2,mutation_assayed_no_variant_reported,1,0
LUAD,TCGA-44-8117-01,KRAS,variant_reported,1,1
LUAD,TCGA-44-8117-01,TP53,variant_reported,1,1
LUAD,TCGA-44-8117-01,EGFR,mutation_assayed_no_variant_reported,1,0
LUAD,TCGA-44-8117-01,ERBB2,mutation_assayed_no_variant_reported,1,0
LUAD,TCGA-44-8119-01,KRAS,mutation_assayed_no_variant_reported,1,0
LUAD,TCGA-44-8119-01,TP53,mutation_assayed_no_variant_reported,1,0
LUAD,TCGA-44-8119-01,EGFR,mutation_assayed_no_variant_reported,1,0
LUAD,TCGA-44-8119-01,ERBB2,mutation_assayed_no_variant_reported,1,0
LUAD,TCGA-44-8120-01,KRAS,mutation_assayed_no_variant_reported,1,0
LUAD,TCGA-44-8120-01,TP53,variant_reported,1,1
LUAD,TCGA-44-8120-01,EGFR,mutation_assayed_no_variant_reported,1,0
LUAD,TCGA-44-8120-01,ERBB2,mutation_assayed_no_variant_reported,1,0
LUAD,TCGA-44-A479-01,KRAS,mutation_assayed_no_variant_reported,1,0
LUAD,TCGA-44-A479-01,TP53,variant_reported,1,1
LUAD,TCGA-44-A479-01,EGFR,mutation_assayed_no_variant_reported,1,0
LUAD,TCGA-44-A479-01,ERBB2,mutation_assayed_no_variant_reported,1,0
LUAD,TCGA-44-A47A-01,KRAS,variant_reported,1,1
LUAD,TCGA-44-A47A-01,TP53,mutation_assayed_no_variant_reported,1,0
LUAD,TCGA-44-A47A-01,EGFR,mutation_assayed_no_variant_reported,1,0
LUAD,TCGA-44-A47A-01,ERBB2,mutation_assayed_no_variant_reported,1,0
LUAD,TCGA-44-A47B-01,KRAS,mutation_assayed_no_variant_reported,1,0
LUAD,TCGA-44-A47B-01,TP53,mutation_assayed_no_variant_reported,1,0
LUAD,TCGA-44-A47B-01,EGFR,mutation_assayed_no_variant_reported,1,0
LUAD,TCGA-44-A47B-01,ERBB2,variant_reported,1,1
LUAD,TCGA-44-A47G-01,KRAS,mutation_assayed_no_variant_reported,1,0
LUAD,TCGA-44-A47G-01,TP53,variant_reported,1,1
LUAD,TCGA-44-A47G-01,EGFR,mutation_assayed_no_variant_reported,1,0
LUAD,TCGA-44-A47G-01,ERBB2,mutation_assayed_no_variant_reported,1,0
LUAD,TCGA-44-A4SS-01,KRAS,mutation_assayed_no_variant_reported,1,0
LUAD,TCGA-44-A4SS-01,TP53,variant_reported,1,1
LUAD,TCGA-44-A4SS-01,EGFR,mutation_assayed_no_variant_reported,1,0
LUAD,TCGA-44-A4SS-01,ERBB2,mutation_assayed_no_variant_reported,1,0
LUAD,TCGA-44-A4SU-01,KRAS,mutation_assayed_no_variant_reported,1,0
LUAD,TCGA-44-A4SU-01,TP53,variant_reported,1,1
LUAD,TCGA-44-A4SU-01,EGFR,variant_reported,1,1
LUAD,TCGA-44-A4SU-01,ERBB2,mutation_assayed_no_variant_reported,1,0
LUAD,TCGA-49-4486-01,KRAS,mutation_assayed_no_variant_reported,1,0
LUAD,TCGA-49-4486-01,TP53,mutation_assayed_no_variant_reported,1,0
LUAD,TCGA-49-4486-01,EGFR,mutation_assayed_no_variant_reported,1,0
LUAD,TCGA-49-4486-01,ERBB2,mutation_assayed_no_variant_reported,1,0
LUAD,TCGA-49-4487-01,KRAS,mutation_assayed_no_variant_reported,1,0
LUAD,TCGA-49-4487-01,TP53,variant_reported,1,1
LUAD,TCGA-49-4487-01,EGFR,mutation_assayed_no_variant_reported,1,0
LUAD,TCGA-49-4487-01,ERBB2,mutation_assayed_no_variant_reported,1,0
LUAD,TCGA-49-4488-01,KRAS,mutation_assayed_no_variant_reported,1,0
LUAD,TCGA-49-4488-01,TP53,variant_reported,1,1
LUAD,TCGA-49-4488-01,EGFR,mutation_assayed_no_variant_reported,1,0
LUAD,TCGA-49-4488-01,ERBB2,mutation_assayed_no_variant_reported,1,0
LUAD,TCGA-49-4490-01,KRAS,mutation_assayed_no_variant_reported,1,0
LUAD,TCGA-49-4490-01,TP53,variant_reported,1,1
LUAD,TCGA-49-4490-01,EGFR,variant_reported,1,1
LUAD,TCGA-49-4490-01,ERBB2,mutation_assayed_no_variant_reported,1,0
LUAD,TCGA-49-4494-01,KRAS,mutation_assayed_no_variant_reported,1,0
LUAD,TCGA-49-4494-01,TP53,mutation_assayed_no_variant_reported,1,0
LUAD,TCGA-49-4494-01,EGFR,variant_reported,1,1
LUAD,TCGA-49-4494-01,ERBB2,mutation_assayed_no_variant_reported,1,0
LUAD,TCGA-49-4501-01,KRAS,mutation_assayed_no_variant_reported,1,0
LUAD,TCGA-49-4501-01,TP53,mutation_assayed_no_variant_reported,1,0
LUAD,TCGA-49-4501-01,EGFR,variant_reported,1,1
LUAD,TCGA-49-4501-01,ERBB2,mutation_assayed_no_variant_reported,1,0
LUAD,TCGA-49-4505-01,KRAS,variant_reported,1,1
LUAD,TCGA-49-4505-01,TP53,variant_reported,1,1
LUAD,TCGA-49-4505-01,EGFR,mutation_assayed_no_variant_reported,1,0
LUAD,TCGA-49-4505-01,ERBB2,mutation_assayed_no_variant_reported,1,0
LUAD,TCGA-49-4506-01,KRAS,mutation_assayed_no_variant_reported,1,0
LUAD,TCGA-49-4506-01,TP53,mutation_assayed_no_variant_reported,1,0
LUAD,TCGA-49-4506-01,EGFR,mutation_assayed_no_variant_reported,1,0
LUAD,TCGA-49-4506-01,ERBB2,mutation_assayed_no_variant_reported,1,0
LUAD,TCGA-49-4507-01,KRAS,mutation_assayed_no_variant_reported,1,0
LUAD,TCGA-49-4507-01,TP53,mutation_assayed_no_variant_reported,1,0
LUAD,TCGA-49-4507-01,EGFR,mutation_assayed_no_variant_reported,1,0
LUAD,TCGA-49-4507-01,ERBB2,mutation_assayed_no_variant_reported,1,0
LUAD,TCGA-49-4510-01,KRAS,variant_reported,1,1
LUAD,TCGA-49-4510-01,TP53,mutation_assayed_no_variant_reported,1,0
LUAD,TCGA-49-4510-01,EGFR,mutation_assayed_no_variant_reported,1,0
LUAD,TCGA-49-4510-01,ERBB2,mutation_assayed_no_variant_reported,1,0
LUAD,TCGA-49-4512-01,KRAS,mutation_assayed_no_variant_reported,1,0
LUAD,TCGA-49-4512-01,TP53,mutation_assayed_no_variant_reported,1,0
LUAD,TCGA-49-4512-01,EGFR,mutation_assayed_no_variant_reported,1,0
LUAD,TCGA-49-4512-01,ERBB2,mutation_assayed_no_variant_reported,1,0
LUAD,TCGA-49-4514-01,KRAS,mutation_assayed_no_variant_reported,1,0
LUAD,TCGA-49-4514-01,TP53,variant_reported,1,1
LUAD,TCGA-49-4514-01,EGFR,mutation_assayed_no_variant_reported,1,0
LUAD,TCGA-49-4514-01,ERBB2,mutation_assayed_no_variant_reported,1,0
LUAD,TCGA-49-6742-01,KRAS,mutation_assayed_no_variant_reported,1,0
LUAD,TCGA-49-6742-01,TP53,mutation_assayed_no_variant_reported,1,0
LUAD,TCGA-49-6742-01,EGFR,mutation_assayed_no_variant_reported,1,0
LUAD,TCGA-49-6742-01,ERBB2,mutation_assayed_no_variant_reported,1,0
LUAD,TCGA-49-6743-01,KRAS,mutation_assayed_no_variant_reported,1,0
LUAD,TCGA-49-6743-01,TP53,mutation_assayed_no_variant_reported,1,0
LUAD,TCGA-49-6743-01,EGFR,mutation_assayed_no_variant_reported,1,0
LUAD,TCGA-49-6743-01,ERBB2,mutation_assayed_no_variant_reported,1,0
LUAD,TCGA-49-6744-01,KRAS,mutation_assayed_no_variant_reported,1,0
LUAD,TCGA-49-6744-01,TP53,mutation_assayed_no_variant_reported,1,0
LUAD,TCGA-49-6744-01,EGFR,mutation_assayed_no_variant_reported,1,0
LUAD,TCGA-49-6744-01,ERBB2,mutation_assayed_no_variant_reported,1,0
LUAD,TCGA-49-6745-01,KRAS,mutation_assayed_no_variant_reported,1,0
LUAD,TCGA-49-6745-01,TP53,mutation_assayed_no_variant_reported,1,0
LUAD,TCGA-49-6745-01,EGFR,mutation_assayed_no_variant_reported,1,0
LUAD,TCGA-49-6745-01,ERBB2,mutation_assayed_no_variant_reported,1,0
LUAD,TCGA-49-6761-01,KRAS,mutation_assayed_no_variant_reported,1,0
LUAD,TCGA-49-6761-01,TP53,mutation_assayed_no_variant_reported,1,0
LUAD,TCGA-49-6761-01,EGFR,mutation_assayed_no_variant_reported,1,0
LUAD,TCGA-49-6761-01,ERBB2,mutation_assayed_no_variant_reported,1,0
LUAD,TCGA-49-6767-01,KRAS,mutation_assayed_no_variant_reported,1,0
LUAD,TCGA-49-6767-01,TP53,variant_reported,1,1
LUAD,TCGA-49-6767-01,EGFR,mutation_assayed_no_variant_reported,1,0
LUAD,TCGA-49-6767-01,ERBB2,mutation_assayed_no_variant_reported,1,0
LUAD,TCGA-49-AAQV-01,KRAS,mutation_assayed_no_variant_reported,1,0
LUAD,TCGA-49-AAQV-01,TP53,variant_reported,1,1
LUAD,TCGA-49-AAQV-01,EGFR,mutation_assayed_no_variant_reported,1,0
LUAD,TCGA-49-AAQV-01,ERBB2,mutation_assayed_no_variant_reported,1,0
LUAD,TCGA-49-AAR0-01,KRAS,mutation_assayed_no_variant_reported,1,0
LUAD,TCGA-49-AAR0-01,TP53,variant_reported,1,1
LUAD,TCGA-49-AAR0-01,EGFR,mutation_assayed_no_variant_reported,1,0
LUAD,TCGA-49-AAR0-01,ERBB2,mutation_assayed_no_variant_reported,1,0
LUAD,TCGA-49-AAR2-01,KRAS,mutation_assayed_no_variant_reported,1,0
LUAD,TCGA-49-AAR2-01,TP53,mutation_assayed_no_variant_reported,1,0
LUAD,TCGA-49-AAR2-01,EGFR,mutation_assayed_no_variant_reported,1,0
LUAD,TCGA-49-AAR2-01,ERBB2,mutation_assayed_no_variant_reported,1,0
LUAD,TCGA-49-AAR3-01,KRAS,mutation_assayed_no_variant_reported,1,0
LUAD,TCGA-49-AAR3-01,TP53,variant_reported,1,1
LUAD,TCGA-49-AAR3-01,EGFR,mutation_assayed_no_variant_reported,1,0
LUAD,TCGA-49-AAR3-01,ERBB2,mutation_assayed_no_variant_reported,1,0
LUAD,TCGA-49-AAR4-01,KRAS,mutation_assayed_no_variant_reported,1,0
LUAD,TCGA-49-AAR4-01,TP53,variant_reported,1,1
LUAD,TCGA-49-AAR4-01,EGFR,mutation_assayed_no_variant_reported,1,0
LUAD,TCGA-49-AAR4-01,ERBB2,mutation_assayed_no_variant_reported,1,0
LUAD,TCGA-49-AAR9-01,KRAS,mutation_assayed_no_variant_reported,1,0
LUAD,TCGA-49-AAR9-01,TP53,variant_reported,1,1
LUAD,TCGA-49-AAR9-01,EGFR,mutation_assayed_no_variant_reported,1,0
LUAD,TCGA-49-AAR9-01,ERBB2,mutation_assayed_no_variant_reported,1,0
LUAD,TCGA-49-AARE-01,KRAS,mutation_assayed_no_variant_reported,1,0
LUAD,TCGA-49-AARE-01,TP53,variant_reported,1,1
LUAD,TCGA-49-AARE-01,EGFR,mutation_assayed_no_variant_reported,1,0
LUAD,TCGA-49-AARE-01,ERBB2,mutation_assayed_no_variant_reported,1,0
LUAD,TCGA-49-AARN-01,KRAS,mutation_assayed_no_variant_reported,1,0
LUAD,TCGA-49-AARN-01,TP53,variant_reported,1,1
LUAD,TCGA-49-AARN-01,EGFR,mutation_assayed_no_variant_reported,1,0
LUAD,TCGA-49-AARN-01,ERBB2,mutation_assayed_no_variant_reported,1,0
LUAD,TCGA-49-AARO-01,KRAS,variant_reported,1,1
LUAD,TCGA-49-AARO-01,TP53,mutation_assayed_no_variant_reported,1,0
LUAD,TCGA-49-AARO-01,EGFR,mutation_assayed_no_variant_reported,1,0
LUAD,TCGA-49-AARO-01,ERBB2,mutation_assayed_no_variant_reported,1,0
LUAD,TCGA-49-AARQ-01,KRAS,variant_reported,1,1
LUAD,TCGA-49-AARQ-01,TP53,variant_reported,1,1
LUAD,TCGA-49-AARQ-01,EGFR,mutation_assayed_no_variant_reported,1,0
LUAD,TCGA-49-AARQ-01,ERBB2,mutation_assayed_no_variant_reported,1,0
LUAD,TCGA-49-AARR-01,KRAS,mutation_assayed_no_variant_reported,1,0
LUAD,TCGA-49-AARR-01,TP53,mutation_assayed_no_variant_reported,1,0
LUAD,TCGA-49-AARR-01,EGFR,mutation_assayed_no_variant_reported,1,0
LUAD,TCGA-49-AARR-01,ERBB2,mutation_assayed_no_variant_reported,1,0
LUAD,TCGA-4B-A93V-01,KRAS,variant_reported,1,1
LUAD,TCGA-4B-A93V-01,TP53,variant_reported,1,1
LUAD,TCGA-4B-A93V-01,EGFR,mutation_assayed_no_variant_reported,1,0
LUAD,TCGA-4B-A93V-01,ERBB2,mutation_assayed_no_variant_reported,1,0
LUAD,TCGA-50-5044-01,KRAS,mutation_assayed_no_variant_reported,1,0
LUAD,TCGA-50-5044-01,TP53,mutation_assayed_no_variant_reported,1,0
LUAD,TCGA-50-5044-01,EGFR,mutation_assayed_no_variant_reported,1,0
LUAD,TCGA-50-5044-01,ERBB2,mutation_assayed_no_variant_reported,1,0
LUAD,TCGA-50-5045-01,KRAS,mutation_assayed_no_variant_reported,1,0
LUAD,TCGA-50-5045-01,TP53,variant_reported,1,1
LUAD,TCGA-50-5045-01,EGFR,mutation_assayed_no_variant_reported,1,0
LUAD,TCGA-50-5045-01,ERBB2,mutation_assayed_no_variant_reported,1,0
LUAD,TCGA-50-5049-01,KRAS,mutation_assayed_no_variant_reported,1,0
LUAD,TCGA-50-5049-01,TP53,variant_reported,1,1
LUAD,TCGA-50-5049-01,EGFR,mutation_assayed_no_variant_reported,1,0
LUAD,TCGA-50-5049-01,ERBB2,mutation_assayed_no_variant_reported,1,0
LUAD,TCGA-50-5051-01,KRAS,variant_reported,1,1
LUAD,TCGA-50-5051-01,TP53,mutation_assayed_no_variant_reported,1,0
LUAD,TCGA-50-5051-01,EGFR,mutation_assayed_no_variant_reported,1,0
LUAD,TCGA-50-5051-01,ERBB2,mutation_assayed_no_variant_reported,1,0
LUAD,TCGA-50-5055-01,KRAS,mutation_assayed_no_variant_reported,1,0
LUAD,TCGA-50-5055-01,TP53,mutation_assayed_no_variant_reported,1,0
LUAD,TCGA-50-5055-01,EGFR,mutation_assayed_no_variant_reported,1,0
LUAD,TCGA-50-5055-01,ERBB2,mutation_assayed_no_variant_reported,1,0
LUAD,TCGA-50-5066-01,KRAS,mutation_assayed_no_variant_reported,1,0
LUAD,TCGA-50-5066-01,TP53,mutation_assayed_no_variant_reported,1,0
LUAD,TCGA-50-5066-01,EGFR,variant_reported,1,1
LUAD,TCGA-50-5066-01,ERBB2,mutation_assayed_no_variant_reported,1,0
LUAD,TCGA-50-5066-02,KRAS,mutation_assayed_no_variant_reported,1,0
LUAD,TCGA-50-5066-02,TP53,variant_reported,1,1
LUAD,TCGA-50-5066-02,EGFR,variant_reported,1,1
LUAD,TCGA-50-5066-02,ERBB2,mutation_assayed_no_variant_reported,1,0
LUAD,TCGA-50-5068-01,KRAS,mutation_assayed_no_variant_reported,1,0
LUAD,TCGA-50-5068-01,TP53,mutation_assayed_no_variant_reported,1,0
LUAD,TCGA-50-5068-01,EGFR,mutation_assayed_no_variant_reported,1,0
LUAD,TCGA-50-5068-01,ERBB2,mutation_assayed_no_variant_reported,1,0
LUAD,TCGA-50-5072-01,KRAS,mutation_assayed_no_variant_reported,1,0
LUAD,TCGA-50-5072-01,TP53,mutation_assayed_no_variant_reported,1,0
LUAD,TCGA-50-5072-01,EGFR,mutation_assayed_no_variant_reported,1,0
LUAD,TCGA-50-5072-01,ERBB2,mutation_assayed_no_variant_reported,1,0
LUAD,TCGA-50-5930-01,KRAS,mutation_assayed_no_variant_reported,1,0
LUAD,TCGA-50-5930-01,TP53,mutation_assayed_no_variant_reported,1,0
LUAD,TCGA-50-5930-01,EGFR,mutation_assayed_no_variant_reported,1,0
LUAD,TCGA-50-5930-01,ERBB2,mutation_assayed_no_variant_reported,1,0
LUAD,TCGA-50-5931-01,KRAS,mutation_assayed_no_variant_reported,1,0
LUAD,TCGA-50-5931-01,TP53,variant_reported,1,1
LUAD,TCGA-50-5931-01,EGFR,mutation_assayed_no_variant_reported,1,0
LUAD,TCGA-50-5931-01,ERBB2,mutation_assayed_no_variant_reported,1,0
LUAD,TCGA-50-5932-01,KRAS,variant_reported,1,1
LUAD,TCGA-50-5932-01,TP53,mutation_assayed_no_variant_reported,1,0
LUAD,TCGA-50-5932-01,EGFR,mutation_assayed_no_variant_reported,1,0
LUAD,TCGA-50-5932-01,ERBB2,mutation_assayed_no_variant_reported,1,0
LUAD,TCGA-50-5933-01,KRAS,mutation_assayed_no_variant_reported,1,0
LUAD,TCGA-50-5933-01,TP53,variant_reported,1,1
LUAD,TCGA-50-5933-01,EGFR,mutation_assayed_no_variant_reported,1,0
LUAD,TCGA-50-5933-01,ERBB2,mutation_assayed_no_variant_reported,1,0
LUAD,TCGA-50-5935-01,KRAS,mutation_assayed_no_variant_reported,1,0
LUAD,TCGA-50-5935-01,TP53,mutation_assayed_no_variant_reported,1,0
LUAD,TCGA-50-5935-01,EGFR,variant_reported,1,1
LUAD,TCGA-50-5935-01,ERBB2,mutation_assayed_no_variant_reported,1,0
LUAD,TCGA-50-5936-01,KRAS,mutation_assayed_no_variant_reported,1,0
LUAD,TCGA-50-5936-01,TP53,mutation_assayed_no_variant_reported,1,0
LUAD,TCGA-50-5936-01,EGFR,mutation_assayed_no_variant_reported,1,0
LUAD,TCGA-50-5936-01,ERBB2,mutation_assayed_no_variant_reported,1,0
LUAD,TCGA-50-5939-01,KRAS,mutation_assayed_no_variant_reported,1,0
LUAD,TCGA-50-5939-01,TP53,variant_reported,1,1
LUAD,TCGA-50-5939-01,EGFR,mutation_assayed_no_variant_reported,1,0
LUAD,TCGA-50-5939-01,ERBB2,mutation_assayed_no_variant_reported,1,0
LUAD,TCGA-50-5941-01,KRAS,variant_reported,1,1
LUAD,TCGA-50-5941-01,TP53,variant_reported,1,1
LUAD,TCGA-50-5941-01,EGFR,mutation_assayed_no_variant_reported,1,0
LUAD,TCGA-50-5941-01,ERBB2,mutation_assayed_no_variant_reported,1,0
LUAD,TCGA-50-5942-01,KRAS,mutation_assayed_no_variant_reported,1,0
LUAD,TCGA-50-5942-01,TP53,mutation_assayed_no_variant_reported,1,0
LUAD,TCGA-50-5942-01,EGFR,mutation_assayed_no_variant_reported,1,0
LUAD,TCGA-50-5942-01,ERBB2,mutation_assayed_no_variant_reported,1,0
LUAD,TCGA-50-5944-01,KRAS,mutation_assayed_no_variant_reported,1,0
LUAD,TCGA-50-5944-01,TP53,variant_reported,1,1
LUAD,TCGA-50-5944-01,EGFR,variant_reported,1,1
LUAD,TCGA-50-5944-01,ERBB2,mutation_assayed_no_variant_reported,1,0
LUAD,TCGA-50-5946-01,KRAS,mutation_assayed_no_variant_reported,1,0
LUAD,TCGA-50-5946-01,TP53,variant_reported,1,1
LUAD,TCGA-50-5946-01,EGFR,mutation_assayed_no_variant_reported,1,0
LUAD,TCGA-50-5946-01,ERBB2,mutation_assayed_no_variant_reported,1,0
LUAD,TCGA-50-5946-02,KRAS,mutation_assayed_no_variant_reported,1,0
LUAD,TCGA-50-5946-02,TP53,variant_reported,1,1
LUAD,TCGA-50-5946-02,EGFR,mutation_assayed_no_variant_reported,1,0
LUAD,TCGA-50-5946-02,ERBB2,mutation_assayed_no_variant_reported,1,0
LUAD,TCGA-50-6590-01,KRAS,mutation_assayed_no_variant_reported,1,0
LUAD,TCGA-50-6590-01,TP53,variant_reported,1,1
LUAD,TCGA-50-6590-01,EGFR,mutation_assayed_no_variant_reported,1,0
LUAD,TCGA-50-6590-01,ERBB2,mutation_assayed_no_variant_reported,1,0
LUAD,TCGA-50-6591-01,KRAS,mutation_assayed_no_variant_reported,1,0
LUAD,TCGA-50-6591-01,TP53,variant_reported,1,1
LUAD,TCGA-50-6591-01,EGFR,variant_reported,1,1
LUAD,TCGA-50-6591-01,ERBB2,mutation_assayed_no_variant_reported,1,0
LUAD,TCGA-50-6592-01,KRAS,mutation_assayed_no_variant_reported,1,0
LUAD,TCGA-50-6592-01,TP53,variant_reported,1,1
LUAD,TCGA-50-6592-01,EGFR,mutation_assayed_no_variant_reported,1,0
LUAD,TCGA-50-6592-01,ERBB2,mutation_assayed_no_variant_reported,1,0
LUAD,TCGA-50-6593-01,KRAS,mutation_assayed_no_variant_reported,1,0
LUAD,TCGA-50-6593-01,TP53,variant_reported,1,1
LUAD,TCGA-50-6593-01,EGFR,mutation_assayed_no_variant_reported,1,0
LUAD,TCGA-50-6593-01,ERBB2,mutation_assayed_no_variant_reported,1,0
LUAD,TCGA-50-6594-01,KRAS,mutation_assayed_no_variant_reported,1,0
LUAD,TCGA-50-6594-01,TP53,variant_reported,1,1
LUAD,TCGA-50-6594-01,EGFR,mutation_assayed_no_variant_reported,1,0
LUAD,TCGA-50-6594-01,ERBB2,mutation_assayed_no_variant_reported,1,0
LUAD,TCGA-50-6595-01,KRAS,mutation_assayed_no_variant_reported,1,0
LUAD,TCGA-50-6595-01,TP53,mutation_assayed_no_variant_reported,1,0
LUAD,TCGA-50-6595-01,EGFR,variant_reported,1,1
LUAD,TCGA-50-6595-01,ERBB2,mutation_assayed_no_variant_reported,1,0
LUAD,TCGA-50-6597-01,KRAS,mutation_assayed_no_variant_reported,1,0
LUAD,TCGA-50-6597-01,TP53,mutation_assayed_no_variant_reported,1,0
LUAD,TCGA-50-6597-01,EGFR,mutation_assayed_no_variant_reported,1,0
LUAD,TCGA-50-6597-01,ERBB2,mutation_assayed_no_variant_reported,1,0
LUAD,TCGA-50-6673-01,KRAS,mutation_assayed_no_variant_reported,1,0
LUAD,TCGA-50-6673-01,TP53,variant_reported,1,1
LUAD,TCGA-50-6673-01,EGFR,variant_reported,1,1
LUAD,TCGA-50-6673-01,ERBB2,mutation_assayed_no_variant_reported,1,0
LUAD,TCGA-50-7109-01,KRAS,mutation_assayed_no_variant_reported,1,0
LUAD,TCGA-50-7109-01,TP53,mutation_assayed_no_variant_reported,1,0
LUAD,TCGA-50-7109-01,EGFR,mutation_assayed_no_variant_reported,1,0
LUAD,TCGA-50-7109-01,ERBB2,mutation_assayed_no_variant_reported,1,0
LUAD,TCGA-50-8457-01,KRAS,mutation_assayed_no_variant_reported,1,0
LUAD,TCGA-50-8457-01,TP53,mutation_assayed_no_variant_reported,1,0
LUAD,TCGA-50-8457-01,EGFR,mutation_assayed_no_variant_reported,1,0
LUAD,TCGA-50-8457-01,ERBB2,mutation_assayed_no_variant_reported,1,0
LUAD,TCGA-50-8459-01,KRAS,variant_reported,1,1
LUAD,TCGA-50-8459-01,TP53,mutation_assayed_no_variant_reported,1,0
LUAD,TCGA-50-8459-01,EGFR,mutation_assayed_no_variant_reported,1,0
LUAD,TCGA-50-8459-01,ERBB2,mutation_assayed_no_variant_reported,1,0
LUAD,TCGA-50-8460-01,KRAS,mutation_assayed_no_variant_reported,1,0
LUAD,TCGA-50-8460-01,TP53,variant_reported,1,1
LUAD,TCGA-50-8460-01,EGFR,mutation_assayed_no_variant_reported,1,0
LUAD,TCGA-50-8460-01,ERBB2,mutation_assayed_no_variant_reported,1,0
LUAD,TCGA-53-7624-01,KRAS,mutation_assayed_no_variant_reported,1,0
LUAD,TCGA-53-7624-01,TP53,variant_reported,1,1
LUAD,TCGA-53-7624-01,EGFR,mutation_assayed_no_variant_reported,1,0
LUAD,TCGA-53-7624-01,ERBB2,mutation_assayed_no_variant_reported,1,0
LUAD,TCGA-53-7626-01,KRAS,mutation_assayed_no_variant_reported,1,0
LUAD,TCGA-53-7626-01,TP53,variant_reported,1,1
LUAD,TCGA-53-7626-01,EGFR,mutation_assayed_no_variant_reported,1,0
LUAD,TCGA-53-7626-01,ERBB2,mutation_assayed_no_variant_reported,1,0
LUAD,TCGA-53-7813-01,KRAS,variant_reported,1,1
LUAD,TCGA-53-7813-01,TP53,mutation_assayed_no_variant_reported,1,0
LUAD,TCGA-53-7813-01,EGFR,mutation_assayed_no_variant_reported,1,0
LUAD,TCGA-53-7813-01,ERBB2,mutation_assayed_no_variant_reported,1,0
LUAD,TCGA-53-A4EZ-01,KRAS,mutation_assayed_no_variant_reported,1,0
LUAD,TCGA-53-A4EZ-01,TP53,variant_reported,1,1
LUAD,TCGA-53-A4EZ-01,EGFR,mutation_assayed_no_variant_reported,1,0
LUAD,TCGA-53-A4EZ-01,ERBB2,mutation_assayed_no_variant_reported,1,0
LUAD,TCGA-55-1592-01,KRAS,mutation_assayed_no_variant_reported,1,0
LUAD,TCGA-55-1592-01,TP53,variant_reported,1,1
LUAD,TCGA-55-1592-01,EGFR,mutation_assayed_no_variant_reported,1,0
LUAD,TCGA-55-1592-01,ERBB2,mutation_assayed_no_variant_reported,1,0
LUAD,TCGA-55-1594-01,KRAS,mutation_assayed_no_variant_reported,1,0
LUAD,TCGA-55-1594-01,TP53,variant_reported,1,1
LUAD,TCGA-55-1594-01,EGFR,mutation_assayed_no_variant_reported,1,0
LUAD,TCGA-55-1594-01,ERBB2,mutation_assayed_no_variant_reported,1,0
LUAD,TCGA-55-1595-01,KRAS,variant_reported,1,1
LUAD,TCGA-55-1595-01,TP53,mutation_assayed_no_variant_reported,1,0
LUAD,TCGA-55-1595-01,EGFR,mutation_assayed_no_variant_reported,1,0
LUAD,TCGA-55-1595-01,ERBB2,mutation_assayed_no_variant_reported,1,0
LUAD,TCGA-55-1596-01,KRAS,mutation_assayed_no_variant_reported,1,0
LUAD,TCGA-55-1596-01,TP53,variant_reported,1,1
LUAD,TCGA-55-1596-01,EGFR,mutation_assayed_no_variant_reported,1,0
LUAD,TCGA-55-1596-01,ERBB2,mutation_assayed_no_variant_reported,1,0
LUAD,TCGA-55-5899-01,KRAS,mutation_assayed_no_variant_reported,1,0
LUAD,TCGA-55-5899-01,TP53,variant_reported,1,1
LUAD,TCGA-55-5899-01,EGFR,mutation_assayed_no_variant_reported,1,0
LUAD,TCGA-55-5899-01,ERBB2,mutation_assayed_no_variant_reported,1,0
LUAD,TCGA-55-6543-01,KRAS,mutation_assayed_no_variant_reported,1,0
LUAD,TCGA-55-6543-01,TP53,mutation_assayed_no_variant_reported,1,0
LUAD,TCGA-55-6543-01,EGFR,mutation_assayed_no_variant_reported,1,0
LUAD,TCGA-55-6543-01,ERBB2,mutation_assayed_no_variant_reported,1,0
LUAD,TCGA-55-6642-01,KRAS,variant_reported,1,1
LUAD,TCGA-55-6642-01,TP53,mutation_assayed_no_variant_reported,1,0
LUAD,TCGA-55-6642-01,EGFR,mutation_assayed_no_variant_reported,1,0
LUAD,TCGA-55-6642-01,ERBB2,mutation_assayed_no_variant_reported,1,0
LUAD,TCGA-55-6712-01,KRAS,mutation_assayed_no_variant_reported,1,0
LUAD,TCGA-55-6712-01,TP53,variant_reported,1,1
LUAD,TCGA-55-6712-01,EGFR,mutation_assayed_no_variant_reported,1,0
LUAD,TCGA-55-6712-01,ERBB2,mutation_assayed_no_variant_reported,1,0
LUAD,TCGA-55-6968-01,KRAS,mutation_assayed_no_variant_reported,1,0
LUAD,TCGA-55-6968-01,TP53,variant_reported,1,1
LUAD,TCGA-55-6968-01,EGFR,mutation_assayed_no_variant_reported,1,0
LUAD,TCGA-55-6968-01,ERBB2,mutation_assayed_no_variant_reported,1,0
LUAD,TCGA-55-6969-01,KRAS,mutation_assayed_no_variant_reported,1,0
LUAD,TCGA-55-6969-01,TP53,variant_reported,1,1
LUAD,TCGA-55-6969-01,EGFR,mutation_assayed_no_variant_reported,1,0
LUAD,TCGA-55-6969-01,ERBB2,mutation_assayed_no_variant_reported,1,0
LUAD,TCGA-55-6970-01,KRAS,variant_reported,1,1
LUAD,TCGA-55-6970-01,TP53,mutation_assayed_no_variant_reported,1,0
LUAD,TCGA-55-6970-01,EGFR,mutation_assayed_no_variant_reported,1,0
LUAD,TCGA-55-6970-01,ERBB2,mutation_assayed_no_variant_reported,1,0
LUAD,TCGA-55-6971-01,KRAS,mutation_assayed_no_variant_reported,1,0
LUAD,TCGA-55-6971-01,TP53,mutation_assayed_no_variant_reported,1,0
LUAD,TCGA-55-6971-01,EGFR,mutation_assayed_no_variant_reported,1,0
LUAD,TCGA-55-6971-01,ERBB2,mutation_assayed_no_variant_reported,1,0
LUAD,TCGA-55-6972-01,KRAS,mutation_assayed_no_variant_reported,1,0
LUAD,TCGA-55-6972-01,TP53,mutation_assayed_no_variant_reported,1,0
LUAD,TCGA-55-6972-01,EGFR,mutation_assayed_no_variant_reported,1,0
LUAD,TCGA-55-6972-01,ERBB2,mutation_assayed_no_variant_reported,1,0
LUAD,TCGA-55-6975-01,KRAS,variant_reported,1,1
LUAD,TCGA-55-6975-01,TP53,variant_reported,1,1
LUAD,TCGA-55-6975-01,EGFR,mutation_assayed_no_variant_reported,1,0
LUAD,TCGA-55-6975-01,ERBB2,mutation_assayed_no_variant_reported,1,0
LUAD,TCGA-55-6978-01,KRAS,mutation_assayed_no_variant_reported,1,0
LUAD,TCGA-55-6978-01,TP53,mutation_assayed_no_variant_reported,1,0
LUAD,TCGA-55-6978-01,EGFR,mutation_assayed_no_variant_reported,1,0
LUAD,TCGA-55-6978-01,ERBB2,mutation_assayed_no_variant_reported,1,0
LUAD,TCGA-55-6979-01,KRAS,mutation_assayed_no_variant_reported,1,0
LUAD,TCGA-55-6979-01,TP53,mutation_assayed_no_variant_reported,1,0
LUAD,TCGA-55-6979-01,EGFR,mutation_assayed_no_variant_reported,1,0
LUAD,TCGA-55-6979-01,ERBB2,mutation_assayed_no_variant_reported,1,0
LUAD,TCGA-55-6980-01,KRAS,mutation_assayed_no_variant_reported,1,0
LUAD,TCGA-55-6980-01,TP53,variant_reported,1,1
LUAD,TCGA-55-6980-01,EGFR,variant_reported,1,1
LUAD,TCGA-55-6980-01,ERBB2,mutation_assayed_no_variant_reported,1,0
LUAD,TCGA-55-6981-01,KRAS,mutation_assayed_no_variant_reported,1,0
LUAD,TCGA-55-6981-01,TP53,variant_reported,1,1
LUAD,TCGA-55-6981-01,EGFR,variant_reported,1,1
LUAD,TCGA-55-6981-01,ERBB2,mutation_assayed_no_variant_reported,1,0
LUAD,TCGA-55-6982-01,KRAS,mutation_assayed_no_variant_reported,1,0
LUAD,TCGA-55-6982-01,TP53,mutation_assayed_no_variant_reported,1,0
LUAD,TCGA-55-6982-01,EGFR,mutation_assayed_no_variant_reported,1,0
LUAD,TCGA-55-6982-01,ERBB2,mutation_assayed_no_variant_reported,1,0
LUAD,TCGA-55-6983-01,KRAS,variant_reported,1,1
LUAD,TCGA-55-6983-01,TP53,mutation_assayed_no_variant_reported,1,0
LUAD,TCGA-55-6983-01,EGFR,mutation_assayed_no_variant_reported,1,0
LUAD,TCGA-55-6983-01,ERBB2,mutation_assayed_no_variant_reported,1,0
LUAD,TCGA-55-6984-01,KRAS,variant_reported,1,1
LUAD,TCGA-55-6984-01,TP53,mutation_assayed_no_variant_reported,1,0
LUAD,TCGA-55-6984-01,EGFR,mutation_assayed_no_variant_reported,1,0
LUAD,TCGA-55-6984-01,ERBB2,mutation_assayed_no_variant_reported,1,0
LUAD,TCGA-55-6985-01,KRAS,mutation_assayed_no_variant_reported,1,0
LUAD,TCGA-55-6985-01,TP53,variant_reported,1,1
LUAD,TCGA-55-6985-01,EGFR,mutation_assayed_no_variant_reported,1,0
LUAD,TCGA-55-6985-01,ERBB2,mutation_assayed_no_variant_reported,1,0
LUAD,TCGA-55-6986-01,KRAS,mutation_assayed_no_variant_reported,1,0
LUAD,TCGA-55-6986-01,TP53,mutation_assayed_no_variant_reported,1,0
LUAD,TCGA-55-6986-01,EGFR,mutation_assayed_no_variant_reported,1,0
LUAD,TCGA-55-6986-01,ERBB2,mutation_assayed_no_variant_reported,1,0
LUAD,TCGA-55-6987-01,KRAS,mutation_assayed_no_variant_reported,1,0
LUAD,TCGA-55-6987-01,TP53,mutation_assayed_no_variant_reported,1,0
LUAD,TCGA-55-6987-01,EGFR,mutation_assayed_no_variant_reported,1,0
LUAD,TCGA-55-6987-01,ERBB2,mutation_assayed_no_variant_reported,1,0
LUAD,TCGA-55-7227-01,KRAS,mutation_assayed_no_variant_reported,1,0
LUAD,TCGA-55-7227-01,TP53,variant_reported,1,1
LUAD,TCGA-55-7227-01,EGFR,mutation_assayed_no_variant_reported,1,0
LUAD,TCGA-55-7227-01,ERBB2,mutation_assayed_no_variant_reported,1,0
LUAD,TCGA-55-7281-01,KRAS,variant_reported,1,1
LUAD,TCGA-55-7281-01,TP53,mutation_assayed_no_variant_reported,1,0
LUAD,TCGA-55-7281-01,EGFR,mutation_assayed_no_variant_reported,1,0
LUAD,TCGA-55-7281-01,ERBB2,mutation_assayed_no_variant_reported,1,0
LUAD,TCGA-55-7283-01,KRAS,variant_reported,1,1
LUAD,TCGA-55-7283-01,TP53,variant_reported,1,1
LUAD,TCGA-55-7283-01,EGFR,mutation_assayed_no_variant_reported,1,0
LUAD,TCGA-55-7283-01,ERBB2,mutation_assayed_no_variant_reported,1,0
LUAD,TCGA-55-7284-01,KRAS,variant_reported,1,1
LUAD,TCGA-55-7284-01,TP53,mutation_assayed_no_variant_reported,1,0
LUAD,TCGA-55-7284-01,EGFR,mutation_assayed_no_variant_reported,1,0
LUAD,TCGA-55-7284-01,ERBB2,mutation_assayed_no_variant_reported,1,0
LUAD,TCGA-55-7570-01,KRAS,mutation_assayed_no_variant_reported,1,0
LUAD,TCGA-55-7570-01,TP53,variant_reported,1,1
LUAD,TCGA-55-7570-01,EGFR,variant_reported,1,1
LUAD,TCGA-55-7570-01,ERBB2,mutation_assayed_no_variant_reported,1,0
LUAD,TCGA-55-7573-01,KRAS,mutation_assayed_no_variant_reported,1,0
LUAD,TCGA-55-7573-01,TP53,variant_reported,1,1
LUAD,TCGA-55-7573-01,EGFR,mutation_assayed_no_variant_reported,1,0
LUAD,TCGA-55-7573-01,ERBB2,mutation_assayed_no_variant_reported,1,0
LUAD,TCGA-55-7574-01,KRAS,mutation_assayed_no_variant_reported,1,0
LUAD,TCGA-55-7574-01,TP53,variant_reported,1,1
LUAD,TCGA-55-7574-01,EGFR,mutation_assayed_no_variant_reported,1,0
LUAD,TCGA-55-7574-01,ERBB2,mutation_assayed_no_variant_reported,1,0
LUAD,TCGA-55-7576-01,KRAS,variant_reported,1,1
LUAD,TCGA-55-7576-01,TP53,variant_reported,1,1
LUAD,TCGA-55-7576-01,EGFR,mutation_assayed_no_variant_reported,1,0
LUAD,TCGA-55-7576-01,ERBB2,mutation_assayed_no_variant_reported,1,0
LUAD,TCGA-55-7724-01,KRAS,mutation_assayed_no_variant_reported,1,0
LUAD,TCGA-55-7724-01,TP53,mutation_assayed_no_variant_reported,1,0
LUAD,TCGA-55-7724-01,EGFR,mutation_assayed_no_variant_reported,1,0
LUAD,TCGA-55-7724-01,ERBB2,mutation_assayed_no_variant_reported,1,0
LUAD,TCGA-55-7725-01,KRAS,variant_reported,1,1
LUAD,TCGA-55-7725-01,TP53,mutation_assayed_no_variant_reported,1,0
LUAD,TCGA-55-7725-01,EGFR,mutation_assayed_no_variant_reported,1,0
LUAD,TCGA-55-7725-01,ERBB2,mutation_assayed_no_variant_reported,1,0
LUAD,TCGA-55-7726-01,KRAS,variant_reported,1,1
LUAD,TCGA-55-7726-01,TP53,variant_reported,1,1
LUAD,TCGA-55-7726-01,EGFR,mutation_assayed_no_variant_reported,1,0
LUAD,TCGA-55-7726-01,ERBB2,mutation_assayed_no_variant_reported,1,0
LUAD,TCGA-55-7727-01,KRAS,mutation_assayed_no_variant_reported,1,0
LUAD,TCGA-55-7727-01,TP53,variant_reported,1,1
LUAD,TCGA-55-7727-01,EGFR,mutation_assayed_no_variant_reported,1,0
LUAD,TCGA-55-7727-01,ERBB2,mutation_assayed_no_variant_reported,1,0
LUAD,TCGA-55-7728-01,KRAS,variant_reported,1,1
LUAD,TCGA-55-7728-01,TP53,mutation_assayed_no_variant_reported,1,0
LUAD,TCGA-55-7728-01,EGFR,mutation_assayed_no_variant_reported,1,0
LUAD,TCGA-55-7728-01,ERBB2,mutation_assayed_no_variant_reported,1,0
LUAD,TCGA-55-7815-01,KRAS,variant_reported,1,1
LUAD,TCGA-55-7815-01,TP53,mutation_assayed_no_variant_reported,1,0
LUAD,TCGA-55-7815-01,EGFR,mutation_assayed_no_variant_reported,1,0
LUAD,TCGA-55-7815-01,ERBB2,mutation_assayed_no_variant_reported,1,0
LUAD,TCGA-55-7903-01,KRAS,mutation_assayed_no_variant_reported,1,0
LUAD,TCGA-55-7903-01,TP53,variant_reported,1,1
LUAD,TCGA-55-7903-01,EGFR,mutation_assayed_no_variant_reported,1,0
LUAD,TCGA-55-7903-01,ERBB2,mutation_assayed_no_variant_reported,1,0
LUAD,TCGA-55-7907-01,KRAS,variant_reported,1,1
LUAD,TCGA-55-7907-01,TP53,variant_reported,1,1
LUAD,TCGA-55-7907-01,EGFR,mutation_assayed_no_variant_reported,1,0
LUAD,TCGA-55-7907-01,ERBB2,mutation_assayed_no_variant_reported,1,0
LUAD,TCGA-55-7910-01,KRAS,variant_reported,1,1
LUAD,TCGA-55-7910-01,TP53,variant_reported,1,1
LUAD,TCGA-55-7910-01,EGFR,mutation_assayed_no_variant_reported,1,0
LUAD,TCGA-55-7910-01,ERBB2,mutation_assayed_no_variant_reported,1,0
LUAD,TCGA-55-7911-01,KRAS,variant_reported,1,1
LUAD,TCGA-55-7911-01,TP53,variant_reported,1,1
LUAD,TCGA-55-7911-01,EGFR,mutation_assayed_no_variant_reported,1,0
LUAD,TCGA-55-7911-01,ERBB2,mutation_assayed_no_variant_reported,1,0
LUAD,TCGA-55-7913-01,KRAS,mutation_assayed_no_variant_reported,1,0
LUAD,TCGA-55-7913-01,TP53,variant_reported,1,1
LUAD,TCGA-55-7913-01,EGFR,mutation_assayed_no_variant_reported,1,0
LUAD,TCGA-55-7913-01,ERBB2,mutation_assayed_no_variant_reported,1,0
LUAD,TCGA-55-7914-01,KRAS,variant_reported,1,1
LUAD,TCGA-55-7914-01,TP53,variant_reported,1,1
LUAD,TCGA-55-7914-01,EGFR,mutation_assayed_no_variant_reported,1,0
LUAD,TCGA-55-7914-01,ERBB2,mutation_assayed_no_variant_reported,1,0
LUAD,TCGA-55-7994-01,KRAS,mutation_assayed_no_variant_reported,1,0
LUAD,TCGA-55-7994-01,TP53,variant_reported,1,1
LUAD,TCGA-55-7994-01,EGFR,mutation_assayed_no_variant_reported,1,0
LUAD,TCGA-55-7994-01,ERBB2,mutation_assayed_no_variant_reported,1,0
LUAD,TCGA-55-7995-01,KRAS,mutation_assayed_no_variant_reported,1,0
LUAD,TCGA-55-7995-01,TP53,variant_reported,1,1
LUAD,TCGA-55-7995-01,EGFR,mutation_assayed_no_variant_reported,1,0
LUAD,TCGA-55-7995-01,ERBB2,mutation_assayed_no_variant_reported,1,0
LUAD,TCGA-55-8085-01,KRAS,mutation_assayed_no_variant_reported,1,0
LUAD,TCGA-55-8085-01,TP53,variant_reported,1,1
LUAD,TCGA-55-8085-01,EGFR,mutation_assayed_no_variant_reported,1,0
LUAD,TCGA-55-8085-01,ERBB2,mutation_assayed_no_variant_reported,1,0
LUAD,TCGA-55-8087-01,KRAS,mutation_assayed_no_variant_reported,1,0
LUAD,TCGA-55-8087-01,TP53,mutation_assayed_no_variant_reported,1,0
LUAD,TCGA-55-8087-01,EGFR,variant_reported,1,1
LUAD,TCGA-55-8087-01,ERBB2,mutation_assayed_no_variant_reported,1,0
LUAD,TCGA-55-8089-01,KRAS,mutation_assayed_no_variant_reported,1,0
LUAD,TCGA-55-8089-01,TP53,variant_reported,1,1
LUAD,TCGA-55-8089-01,EGFR,mutation_assayed_no_variant_reported,1,0
LUAD,TCGA-55-8089-01,ERBB2,mutation_assayed_no_variant_reported,1,0
LUAD,TCGA-55-8090-01,KRAS,variant_reported,1,1
LUAD,TCGA-55-8090-01,TP53,mutation_assayed_no_variant_reported,1,0
LUAD,TCGA-55-8090-01,EGFR,mutation_assayed_no_variant_reported,1,0
LUAD,TCGA-55-8090-01,ERBB2,mutation_assayed_no_variant_reported,1,0
LUAD,TCGA-55-8091-01,KRAS,mutation_assayed_no_variant_reported,1,0
LUAD,TCGA-55-8091-01,TP53,mutation_assayed_no_variant_reported,1,0
LUAD,TCGA-55-8091-01,EGFR,mutation_assayed_no_variant_reported,1,0
LUAD,TCGA-55-8091-01,ERBB2,mutation_assayed_no_variant_reported,1,0
LUAD,TCGA-55-8092-01,KRAS,mutation_assayed_no_variant_reported,1,0
LUAD,TCGA-55-8092-01,TP53,variant_reported,1,1
LUAD,TCGA-55-8092-01,EGFR,mutation_assayed_no_variant_reported,1,0
LUAD,TCGA-55-8092-01,ERBB2,mutation_assayed_no_variant_reported,1,0
LUAD,TCGA-55-8094-01,KRAS,variant_reported,1,1
LUAD,TCGA-55-8094-01,TP53,variant_reported,1,1
LUAD,TCGA-55-8094-01,EGFR,mutation_assayed_no_variant_reported,1,0
LUAD,TCGA-55-8094-01,ERBB2,mutation_assayed_no_variant_reported,1,0
LUAD,TCGA-55-8096-01,KRAS,mutation_assayed_no_variant_reported,1,0
LUAD,TCGA-55-8096-01,TP53,variant_reported,1,1
LUAD,TCGA-55-8096-01,EGFR,variant_reported,1,1
LUAD,TCGA-55-8096-01,ERBB2,mutation_assayed_no_variant_reported,1,0
LUAD,TCGA-55-8097-01,KRAS,variant_reported,1,1
LUAD,TCGA-55-8097-01,TP53,mutation_assayed_no_variant_reported,1,0
LUAD,TCGA-55-8097-01,EGFR,mutation_assayed_no_variant_reported,1,0
LUAD,TCGA-55-8097-01,ERBB2,mutation_assayed_no_variant_reported,1,0
LUAD,TCGA-55-8203-01,KRAS,variant_reported,1,1
LUAD,TCGA-55-8203-01,TP53,mutation_assayed_no_variant_reported,1,0
LUAD,TCGA-55-8203-01,EGFR,mutation_assayed_no_variant_reported,1,0
LUAD,TCGA-55-8203-01,ERBB2,mutation_assayed_no_variant_reported,1,0
LUAD,TCGA-55-8204-01,KRAS,mutation_assayed_no_variant_reported,1,0
LUAD,TCGA-55-8204-01,TP53,variant_reported,1,1
LUAD,TCGA-55-8204-01,EGFR,mutation_assayed_no_variant_reported,1,0
LUAD,TCGA-55-8204-01,ERBB2,mutation_assayed_no_variant_reported,1,0
LUAD,TCGA-55-8205-01,KRAS,mutation_assayed_no_variant_reported,1,0
LUAD,TCGA-55-8205-01,TP53,variant_reported,1,1
LUAD,TCGA-55-8205-01,EGFR,mutation_assayed_no_variant_reported,1,0
LUAD,TCGA-55-8205-01,ERBB2,mutation_assayed_no_variant_reported,1,0
LUAD,TCGA-55-8206-01,KRAS,mutation_assayed_no_variant_reported,1,0
LUAD,TCGA-55-8206-01,TP53,mutation_assayed_no_variant_reported,1,0
LUAD,TCGA-55-8206-01,EGFR,variant_reported,1,1
LUAD,TCGA-55-8206-01,ERBB2,mutation_assayed_no_variant_reported,1,0
LUAD,TCGA-55-8207-01,KRAS,variant_reported,1,1
LUAD,TCGA-55-8207-01,TP53,mutation_assayed_no_variant_reported,1,0
LUAD,TCGA-55-8207-01,EGFR,mutation_assayed_no_variant_reported,1,0
LUAD,TCGA-55-8207-01,ERBB2,mutation_assayed_no_variant_reported,1,0
LUAD,TCGA-55-8208-01,KRAS,mutation_assayed_no_variant_reported,1,0
LUAD,TCGA-55-8208-01,TP53,variant_reported,1,1
LUAD,TCGA-55-8208-01,EGFR,mutation_assayed_no_variant_reported,1,0
LUAD,TCGA-55-8208-01,ERBB2,mutation_assayed_no_variant_reported,1,0
LUAD,TCGA-55-8299-01,KRAS,mutation_assayed_no_variant_reported,1,0
LUAD,TCGA-55-8299-01,TP53,mutation_assayed_no_variant_reported,1,0
LUAD,TCGA-55-8299-01,EGFR,mutation_assayed_no_variant_reported,1,0
LUAD,TCGA-55-8299-01,ERBB2,mutation_assayed_no_variant_reported,1,0
LUAD,TCGA-55-8301-01,KRAS,mutation_assayed_no_variant_reported,1,0
LUAD,TCGA-55-8301-01,TP53,variant_reported,1,1
LUAD,TCGA-55-8301-01,EGFR,mutation_assayed_no_variant_reported,1,0
LUAD,TCGA-55-8301-01,ERBB2,mutation_assayed_no_variant_reported,1,0
LUAD,TCGA-55-8302-01,KRAS,variant_reported,1,1
LUAD,TCGA-55-8302-01,TP53,variant_reported,1,1
LUAD,TCGA-55-8302-01,EGFR,mutation_assayed_no_variant_reported,1,0
LUAD,TCGA-55-8302-01,ERBB2,mutation_assayed_no_variant_reported,1,0
LUAD,TCGA-55-8506-01,KRAS,mutation_assayed_no_variant_reported,1,0
LUAD,TCGA-55-8506-01,TP53,variant_reported,1,1
LUAD,TCGA-55-8506-01,EGFR,variant_reported,1,1
LUAD,TCGA-55-8506-01,ERBB2,mutation_assayed_no_variant_reported,1,0
LUAD,TCGA-55-8507-01,KRAS,mutation_assayed_no_variant_reported,1,0
LUAD,TCGA-55-8507-01,TP53,variant_reported,1,1
LUAD,TCGA-55-8507-01,EGFR,mutation_assayed_no_variant_reported,1,0
LUAD,TCGA-55-8507-01,ERBB2,mutation_assayed_no_variant_reported,1,0
LUAD,TCGA-55-8508-01,KRAS,variant_reported,1,1
LUAD,TCGA-55-8508-01,TP53,mutation_assayed_no_variant_reported,1,0
LUAD,TCGA-55-8508-01,EGFR,mutation_assayed_no_variant_reported,1,0
LUAD,TCGA-55-8508-01,ERBB2,mutation_assayed_no_variant_reported,1,0
LUAD,TCGA-55-8510-01,KRAS,mutation_assayed_no_variant_reported,1,0
LUAD,TCGA-55-8510-01,TP53,variant_reported,1,1
LUAD,TCGA-55-8510-01,EGFR,mutation_assayed_no_variant_reported,1,0
LUAD,TCGA-55-8510-01,ERBB2,mutation_assayed_no_variant_reported,1,0
LUAD,TCGA-55-8511-01,KRAS,mutation_assayed_no_variant_reported,1,0
LUAD,TCGA-55-8511-01,TP53,variant_reported,1,1
LUAD,TCGA-55-8511-01,EGFR,mutation_assayed_no_variant_reported,1,0
LUAD,TCGA-55-8511-01,ERBB2,mutation_assayed_no_variant_reported,1,0
LUAD,TCGA-55-8512-01,KRAS,variant_reported,1,1
LUAD,TCGA-55-8512-01,TP53,mutation_assayed_no_variant_reported,1,0
LUAD,TCGA-55-8512-01,EGFR,mutation_assayed_no_variant_reported,1,0
LUAD,TCGA-55-8512-01,ERBB2,mutation_assayed_no_variant_reported,1,0
LUAD,TCGA-55-8513-01,KRAS,mutation_assayed_no_variant_reported,1,0
LUAD,TCGA-55-8513-01,TP53,mutation_assayed_no_variant_reported,1,0
LUAD,TCGA-55-8513-01,EGFR,mutation_assayed_no_variant_reported,1,0
LUAD,TCGA-55-8513-01,ERBB2,mutation_assayed_no_variant_reported,1,0
LUAD,TCGA-55-8514-01,KRAS,variant_reported,1,1
LUAD,TCGA-55-8514-01,TP53,variant_reported,1,1
LUAD,TCGA-55-8514-01,EGFR,mutation_assayed_no_variant_reported,1,0
LUAD,TCGA-55-8514-01,ERBB2,mutation_assayed_no_variant_reported,1,0
LUAD,TCGA-55-8614-01,KRAS,mutation_assayed_no_variant_reported,1,0
LUAD,TCGA-55-8614-01,TP53,variant_reported,1,1
LUAD,TCGA-55-8614-01,EGFR,mutation_assayed_no_variant_reported,1,0
LUAD,TCGA-55-8614-01,ERBB2,mutation_assayed_no_variant_reported,1,0
LUAD,TCGA-55-8615-01,KRAS,variant_reported,1,1
LUAD,TCGA-55-8615-01,TP53,mutation_assayed_no_variant_reported,1,0
LUAD,TCGA-55-8615-01,EGFR,mutation_assayed_no_variant_reported,1,0
LUAD,TCGA-55-8615-01,ERBB2,mutation_assayed_no_variant_reported,1,0
LUAD,TCGA-55-8616-01,KRAS,variant_reported,1,1
LUAD,TCGA-55-8616-01,TP53,variant_reported,1,1
LUAD,TCGA-55-8616-01,EGFR,mutation_assayed_no_variant_reported,1,0
LUAD,TCGA-55-8616-01,ERBB2,mutation_assayed_no_variant_reported,1,0
LUAD,TCGA-55-8619-01,KRAS,mutation_assayed_no_variant_reported,1,0
LUAD,TCGA-55-8619-01,TP53,mutation_assayed_no_variant_reported,1,0
LUAD,TCGA-55-8619-01,EGFR,mutation_assayed_no_variant_reported,1,0
LUAD,TCGA-55-8619-01,ERBB2,mutation_assayed_no_variant_reported,1,0
LUAD,TCGA-55-8620-01,KRAS,mutation_assayed_no_variant_reported,1,0
LUAD,TCGA-55-8620-01,TP53,variant_reported,1,1
LUAD,TCGA-55-8620-01,EGFR,mutation_assayed_no_variant_reported,1,0
LUAD,TCGA-55-8620-01,ERBB2,mutation_assayed_no_variant_reported,1,0
LUAD,TCGA-55-8621-01,KRAS,mutation_assayed_no_variant_reported,1,0
LUAD,TCGA-55-8621-01,TP53,mutation_assayed_no_variant_reported,1,0
LUAD,TCGA-55-8621-01,EGFR,mutation_assayed_no_variant_reported,1,0
LUAD,TCGA-55-8621-01,ERBB2,mutation_assayed_no_variant_reported,1,0
LUAD,TCGA-55-A48X-01,KRAS,mutation_assayed_no_variant_reported,1,0
LUAD,TCGA-55-A48X-01,TP53,variant_reported,1,1
LUAD,TCGA-55-A48X-01,EGFR,mutation_assayed_no_variant_reported,1,0
LUAD,TCGA-55-A48X-01,ERBB2,mutation_assayed_no_variant_reported,1,0
LUAD,TCGA-55-A48Y-01,KRAS,mutation_assayed_no_variant_reported,1,0
LUAD,TCGA-55-A48Y-01,TP53,mutation_assayed_no_variant_reported,1,0
LUAD,TCGA-55-A48Y-01,EGFR,mutation_assayed_no_variant_reported,1,0
LUAD,TCGA-55-A48Y-01,ERBB2,mutation_assayed_no_variant_reported,1,0
LUAD,TCGA-55-A48Z-01,KRAS,mutation_assayed_no_variant_reported,1,0
LUAD,TCGA-55-A48Z-01,TP53,variant_reported,1,1
LUAD,TCGA-55-A48Z-01,EGFR,variant_reported,1,1
LUAD,TCGA-55-A48Z-01,ERBB2,mutation_assayed_no_variant_reported,1,0
LUAD,TCGA-55-A490-01,KRAS,variant_reported,1,1
LUAD,TCGA-55-A490-01,TP53,mutation_assayed_no_variant_reported,1,0
LUAD,TCGA-55-A490-01,EGFR,mutation_assayed_no_variant_reported,1,0
LUAD,TCGA-55-A490-01,ERBB2,mutation_assayed_no_variant_reported,1,0
LUAD,TCGA-55-A491-01,KRAS,mutation_assayed_no_variant_reported,1,0
LUAD,TCGA-55-A491-01,TP53,variant_reported,1,1
LUAD,TCGA-55-A491-01,EGFR,mutation_assayed_no_variant_reported,1,0
LUAD,TCGA-55-A491-01,ERBB2,mutation_assayed_no_variant_reported,1,0
LUAD,TCGA-55-A492-01,KRAS,mutation_assayed_no_variant_reported,1,0
LUAD,TCGA-55-A492-01,TP53,mutation_assayed_no_variant_reported,1,0
LUAD,TCGA-55-A492-01,EGFR,mutation_assayed_no_variant_reported,1,0
LUAD,TCGA-55-A492-01,ERBB2,mutation_assayed_no_variant_reported,1,0
LUAD,TCGA-55-A493-01,KRAS,mutation_assayed_no_variant_reported,1,0
LUAD,TCGA-55-A493-01,TP53,variant_reported,1,1
LUAD,TCGA-55-A493-01,EGFR,mutation_assayed_no_variant_reported,1,0
LUAD,TCGA-55-A493-01,ERBB2,mutation_assayed_no_variant_reported,1,0
LUAD,TCGA-55-A494-01,KRAS,variant_reported,1,1
LUAD,TCGA-55-A494-01,TP53,mutation_assayed_no_variant_reported,1,0
LUAD,TCGA-55-A494-01,EGFR,mutation_assayed_no_variant_reported,1,0
LUAD,TCGA-55-A494-01,ERBB2,mutation_assayed_no_variant_reported,1,0
LUAD,TCGA-55-A4DF-01,KRAS,mutation_assayed_no_variant_reported,1,0
LUAD,TCGA-55-A4DF-01,TP53,mutation_assayed_no_variant_reported,1,0
LUAD,TCGA-55-A4DF-01,EGFR,mutation_assayed_no_variant_reported,1,0
LUAD,TCGA-55-A4DF-01,ERBB2,mutation_assayed_no_variant_reported,1,0
LUAD,TCGA-55-A4DG-01,KRAS,mutation_assayed_no_variant_reported,1,0
LUAD,TCGA-55-A4DG-01,TP53,variant_reported,1,1
LUAD,TCGA-55-A4DG-01,EGFR,mutation_assayed_no_variant_reported,1,0
LUAD,TCGA-55-A4DG-01,ERBB2,mutation_assayed_no_variant_reported,1,0
LUAD,TCGA-55-A57B-01,KRAS,mutation_assayed_no_variant_reported,1,0
LUAD,TCGA-55-A57B-01,TP53,variant_reported,1,1
LUAD,TCGA-55-A57B-01,EGFR,variant_reported,1,1
LUAD,TCGA-55-A57B-01,ERBB2,mutation_assayed_no_variant_reported,1,0
LUAD,TCGA-62-8394-01,KRAS,mutation_assayed_no_variant_reported,1,0
LUAD,TCGA-62-8394-01,TP53,mutation_assayed_no_variant_reported,1,0
LUAD,TCGA-62-8394-01,EGFR,variant_reported,1,1
LUAD,TCGA-62-8394-01,ERBB2,mutation_assayed_no_variant_reported,1,0
LUAD,TCGA-62-8395-01,KRAS,mutation_assayed_no_variant_reported,1,0
LUAD,TCGA-62-8395-01,TP53,mutation_assayed_no_variant_reported,1,0
LUAD,TCGA-62-8395-01,EGFR,mutation_assayed_no_variant_reported,1,0
LUAD,TCGA-62-8395-01,ERBB2,mutation_assayed_no_variant_reported,1,0
LUAD,TCGA-62-8397-01,KRAS,mutation_assayed_no_variant_reported,1,0
LUAD,TCGA-62-8397-01,TP53,mutation_assayed_no_variant_reported,1,0
LUAD,TCGA-62-8397-01,EGFR,variant_reported,1,1
LUAD,TCGA-62-8397-01,ERBB2,mutation_assayed_no_variant_reported,1,0
LUAD,TCGA-62-8398-01,KRAS,variant_reported,1,1
LUAD,TCGA-62-8398-01,TP53,mutation_assayed_no_variant_reported,1,0
LUAD,TCGA-62-8398-01,EGFR,mutation_assayed_no_variant_reported,1,0
LUAD,TCGA-62-8398-01,ERBB2,mutation_assayed_no_variant_reported,1,0
LUAD,TCGA-62-8399-01,KRAS,mutation_assayed_no_variant_reported,1,0
LUAD,TCGA-62-8399-01,TP53,variant_reported,1,1
LUAD,TCGA-62-8399-01,EGFR,mutation_assayed_no_variant_reported,1,0
LUAD,TCGA-62-8399-01,ERBB2,mutation_assayed_no_variant_reported,1,0
LUAD,TCGA-62-8402-01,KRAS,mutation_assayed_no_variant_reported,1,0
LUAD,TCGA-62-8402-01,TP53,variant_reported,1,1
LUAD,TCGA-62-8402-01,EGFR,variant_reported,1,1
LUAD,TCGA-62-8402-01,ERBB2,mutation_assayed_no_variant_reported,1,0
LUAD,TCGA-62-A46O-01,KRAS,mutation_assayed_no_variant_reported,1,0
LUAD,TCGA-62-A46O-01,TP53,variant_reported,1,1
LUAD,TCGA-62-A46O-01,EGFR,mutation_assayed_no_variant_reported,1,0
LUAD,TCGA-62-A46O-01,ERBB2,mutation_assayed_no_variant_reported,1,0
LUAD,TCGA-62-A46P-01,KRAS,mutation_assayed_no_variant_reported,1,0
LUAD,TCGA-62-A46P-01,TP53,mutation_assayed_no_variant_reported,1,0
LUAD,TCGA-62-A46P-01,EGFR,mutation_assayed_no_variant_reported,1,0
LUAD,TCGA-62-A46P-01,ERBB2,mutation_assayed_no_variant_reported,1,0
LUAD,TCGA-62-A46R-01,KRAS,variant_reported,1,1
LUAD,TCGA-62-A46R-01,TP53,variant_reported,1,1
LUAD,TCGA-62-A46R-01,EGFR,mutation_assayed_no_variant_reported,1,0
LUAD,TCGA-62-A46R-01,ERBB2,mutation_assayed_no_variant_reported,1,0
LUAD,TCGA-62-A46S-01,KRAS,variant_reported,1,1
LUAD,TCGA-62-A46S-01,TP53,mutation_assayed_no_variant_reported,1,0
LUAD,TCGA-62-A46S-01,EGFR,mutation_assayed_no_variant_reported,1,0
LUAD,TCGA-62-A46S-01,ERBB2,mutation_assayed_no_variant_reported,1,0
LUAD,TCGA-62-A46U-01,KRAS,mutation_assayed_no_variant_reported,1,0
LUAD,TCGA-62-A46U-01,TP53,variant_reported,1,1
LUAD,TCGA-62-A46U-01,EGFR,variant_reported,1,1
LUAD,TCGA-62-A46U-01,ERBB2,mutation_assayed_no_variant_reported,1,0
LUAD,TCGA-62-A46V-01,KRAS,mutation_assayed_no_variant_reported,1,0
LUAD,TCGA-62-A46V-01,TP53,mutation_assayed_no_variant_reported,1,0
LUAD,TCGA-62-A46V-01,EGFR,mutation_assayed_no_variant_reported,1,0
LUAD,TCGA-62-A46V-01,ERBB2,mutation_assayed_no_variant_reported,1,0
LUAD,TCGA-62-A46Y-01,KRAS,mutation_assayed_no_variant_reported,1,0
LUAD,TCGA-62-A46Y-01,TP53,variant_reported,1,1
LUAD,TCGA-62-A46Y-01,EGFR,mutation_assayed_no_variant_reported,1,0
LUAD,TCGA-62-A46Y-01,ERBB2,mutation_assayed_no_variant_reported,1,0
LUAD,TCGA-62-A470-01,KRAS,mutation_assayed_no_variant_reported,1,0
LUAD,TCGA-62-A470-01,TP53,mutation_assayed_no_variant_reported,1,0
LUAD,TCGA-62-A470-01,EGFR,mutation_assayed_no_variant_reported,1,0
LUAD,TCGA-62-A470-01,ERBB2,mutation_assayed_no_variant_reported,1,0
LUAD,TCGA-62-A471-01,KRAS,mutation_assayed_no_variant_reported,1,0
LUAD,TCGA-62-A471-01,TP53,variant_reported,1,1
LUAD,TCGA-62-A471-01,EGFR,mutation_assayed_no_variant_reported,1,0
LUAD,TCGA-62-A471-01,ERBB2,mutation_assayed_no_variant_reported,1,0
LUAD,TCGA-62-A472-01,KRAS,mutation_assayed_no_variant_reported,1,0
LUAD,TCGA-62-A472-01,TP53,variant_reported,1,1
LUAD,TCGA-62-A472-01,EGFR,mutation_assayed_no_variant_reported,1,0
LUAD,TCGA-62-A472-01,ERBB2,mutation_assayed_no_variant_reported,1,0
LUAD,TCGA-64-1676-01,KRAS,mutation_assayed_no_variant_reported,1,0
LUAD,TCGA-64-1676-01,TP53,variant_reported,1,1
LUAD,TCGA-64-1676-01,EGFR,mutation_assayed_no_variant_reported,1,0
LUAD,TCGA-64-1676-01,ERBB2,mutation_assayed_no_variant_reported,1,0
LUAD,TCGA-64-1677-01,KRAS,mutation_assayed_no_variant_reported,1,0
LUAD,TCGA-64-1677-01,TP53,variant_reported,1,1
LUAD,TCGA-64-1677-01,EGFR,mutation_assayed_no_variant_reported,1,0
LUAD,TCGA-64-1677-01,ERBB2,mutation_assayed_no_variant_reported,1,0
LUAD,TCGA-64-1678-01,KRAS,mutation_assayed_no_variant_reported,1,0
LUAD,TCGA-64-1678-01,TP53,variant_reported,1,1
LUAD,TCGA-64-1678-01,EGFR,mutation_assayed_no_variant_reported,1,0
LUAD,TCGA-64-1678-01,ERBB2,mutation_assayed_no_variant_reported,1,0
LUAD,TCGA-64-1679-01,KRAS,mutation_assayed_no_variant_reported,1,0
LUAD,TCGA-64-1679-01,TP53,variant_reported,1,1
LUAD,TCGA-64-1679-01,EGFR,mutation_assayed_no_variant_reported,1,0
LUAD,TCGA-64-1679-01,ERBB2,mutation_assayed_no_variant_reported,1,0
LUAD,TCGA-64-1680-01,KRAS,mutation_assayed_no_variant_reported,1,0
LUAD,TCGA-64-1680-01,TP53,mutation_assayed_no_variant_reported,1,0
LUAD,TCGA-64-1680-01,EGFR,mutation_assayed_no_variant_reported,1,0
LUAD,TCGA-64-1680-01,ERBB2,mutation_assayed_no_variant_reported,1,0
LUAD,TCGA-64-1681-01,KRAS,mutation_assayed_no_variant_reported,1,0
LUAD,TCGA-64-1681-01,TP53,variant_reported,1,1
LUAD,TCGA-64-1681-01,EGFR,variant_reported,1,1
LUAD,TCGA-64-1681-01,ERBB2,mutation_assayed_no_variant_reported,1,0
LUAD,TCGA-64-5774-01,KRAS,variant_reported,1,1
LUAD,TCGA-64-5774-01,TP53,mutation_assayed_no_variant_reported,1,0
LUAD,TCGA-64-5774-01,EGFR,mutation_assayed_no_variant_reported,1,0
LUAD,TCGA-64-5774-01,ERBB2,mutation_assayed_no_variant_reported,1,0
LUAD,TCGA-64-5775-01,KRAS,variant_reported,1,1
LUAD,TCGA-64-5775-01,TP53,mutation_assayed_no_variant_reported,1,0
LUAD,TCGA-64-5775-01,EGFR,mutation_assayed_no_variant_reported,1,0
LUAD,TCGA-64-5775-01,ERBB2,mutation_assayed_no_variant_reported,1,0
LUAD,TCGA-64-5778-01,KRAS,variant_reported,1,1
LUAD,TCGA-64-5778-01,TP53,variant_reported,1,1
LUAD,TCGA-64-5778-01,EGFR,mutation_assayed_no_variant_reported,1,0
LUAD,TCGA-64-5778-01,ERBB2,mutation_assayed_no_variant_reported,1,0
LUAD,TCGA-64-5779-01,KRAS,mutation_assayed_no_variant_reported,1,0
LUAD,TCGA-64-5779-01,TP53,mutation_assayed_no_variant_reported,1,0
LUAD,TCGA-64-5779-01,EGFR,mutation_assayed_no_variant_reported,1,0
LUAD,TCGA-64-5779-01,ERBB2,mutation_assayed_no_variant_reported,1,0
LUAD,TCGA-64-5781-01,KRAS,mutation_assayed_no_variant_reported,1,0
LUAD,TCGA-64-5781-01,TP53,mutation_assayed_no_variant_reported,1,0
LUAD,TCGA-64-5781-01,EGFR,mutation_assayed_no_variant_reported,1,0
LUAD,TCGA-64-5781-01,ERBB2,mutation_assayed_no_variant_reported,1,0
LUAD,TCGA-64-5815-01,KRAS,variant_reported,1,1
LUAD,TCGA-64-5815-01,TP53,mutation_assayed_no_variant_reported,1,0
LUAD,TCGA-64-5815-01,EGFR,mutation_assayed_no_variant_reported,1,0
LUAD,TCGA-64-5815-01,ERBB2,variant_reported,1,1
LUAD,TCGA-67-3770-01,KRAS,mutation_assayed_no_variant_reported,1,0
LUAD,TCGA-67-3770-01,TP53,variant_reported,1,1
LUAD,TCGA-67-3770-01,EGFR,variant_reported,1,1
LUAD,TCGA-67-3770-01,ERBB2,mutation_assayed_no_variant_reported,1,0
LUAD,TCGA-67-3771-01,KRAS,mutation_assayed_no_variant_reported,1,0
LUAD,TCGA-67-3771-01,TP53,variant_reported,1,1
LUAD,TCGA-67-3771-01,EGFR,mutation_assayed_no_variant_reported,1,0
LUAD,TCGA-67-3771-01,ERBB2,mutation_assayed_no_variant_reported,1,0
LUAD,TCGA-67-3773-01,KRAS,variant_reported,1,1
LUAD,TCGA-67-3773-01,TP53,mutation_assayed_no_variant_reported,1,0
LUAD,TCGA-67-3773-01,EGFR,mutation_assayed_no_variant_reported,1,0
LUAD,TCGA-67-3773-01,ERBB2,mutation_assayed_no_variant_reported,1,0
LUAD,TCGA-67-3774-01,KRAS,variant_reported,1,1
LUAD,TCGA-67-3774-01,TP53,mutation_assayed_no_variant_reported,1,0
LUAD,TCGA-67-3774-01,EGFR,mutation_assayed_no_variant_reported,1,0
LUAD,TCGA-67-3774-01,ERBB2,mutation_assayed_no_variant_reported,1,0
LUAD,TCGA-67-4679-01,KRAS,variant_reported,1,1
LUAD,TCGA-67-4679-01,TP53,mutation_assayed_no_variant_reported,1,0
LUAD,TCGA-67-4679-01,EGFR,mutation_assayed_no_variant_reported,1,0
LUAD,TCGA-67-4679-01,ERBB2,mutation_assayed_no_variant_reported,1,0
LUAD,TCGA-67-6215-01,KRAS,mutation_assayed_no_variant_reported,1,0
LUAD,TCGA-67-6215-01,TP53,mutation_assayed_no_variant_reported,1,0
LUAD,TCGA-67-6215-01,EGFR,mutation_assayed_no_variant_reported,1,0
LUAD,TCGA-67-6215-01,ERBB2,mutation_assayed_no_variant_reported,1,0
LUAD,TCGA-67-6216-01,KRAS,mutation_assayed_no_variant_reported,1,0
LUAD,TCGA-67-6216-01,TP53,mutation_assayed_no_variant_reported,1,0
LUAD,TCGA-67-6216-01,EGFR,mutation_assayed_no_variant_reported,1,0
LUAD,TCGA-67-6216-01,ERBB2,mutation_assayed_no_variant_reported,1,0
LUAD,TCGA-67-6217-01,KRAS,mutation_assayed_no_variant_reported,1,0
LUAD,TCGA-67-6217-01,TP53,mutation_assayed_no_variant_reported,1,0
LUAD,TCGA-67-6217-01,EGFR,variant_reported,1,1
LUAD,TCGA-67-6217-01,ERBB2,mutation_assayed_no_variant_reported,1,0
LUAD,TCGA-69-7760-01,KRAS,mutation_assayed_no_variant_reported,1,0
LUAD,TCGA-69-7760-01,TP53,variant_reported,1,1
LUAD,TCGA-69-7760-01,EGFR,variant_reported,1,1
LUAD,TCGA-69-7760-01,ERBB2,mutation_assayed_no_variant_reported,1,0
LUAD,TCGA-69-7761-01,KRAS,mutation_assayed_no_variant_reported,1,0
LUAD,TCGA-69-7761-01,TP53,mutation_assayed_no_variant_reported,1,0
LUAD,TCGA-69-7761-01,EGFR,mutation_assayed_no_variant_reported,1,0
LUAD,TCGA-69-7761-01,ERBB2,mutation_assayed_no_variant_reported,1,0
LUAD,TCGA-69-7763-01,KRAS,mutation_assayed_no_variant_reported,1,0
LUAD,TCGA-69-7763-01,TP53,mutation_assayed_no_variant_reported,1,0
LUAD,TCGA-69-7763-01,EGFR,mutation_assayed_no_variant_reported,1,0
LUAD,TCGA-69-7763-01,ERBB2,mutation_assayed_no_variant_reported,1,0
LUAD,TCGA-69-7764-01,KRAS,mutation_assayed_no_variant_reported,1,0
LUAD,TCGA-69-7764-01,TP53,mutation_assayed_no_variant_reported,1,0
LUAD,TCGA-69-7764-01,EGFR,mutation_assayed_no_variant_reported,1,0
LUAD,TCGA-69-7764-01,ERBB2,mutation_assayed_no_variant_reported,1,0
LUAD,TCGA-69-7765-01,KRAS,mutation_assayed_no_variant_reported,1,0
LUAD,TCGA-69-7765-01,TP53,variant_reported,1,1
LUAD,TCGA-69-7765-01,EGFR,variant_reported,1,1
LUAD,TCGA-69-7765-01,ERBB2,mutation_assayed_no_variant_reported,1,0
LUAD,TCGA-69-7973-01,KRAS,variant_reported,1,1
LUAD,TCGA-69-7973-01,TP53,mutation_assayed_no_variant_reported,1,0
LUAD,TCGA-69-7973-01,EGFR,mutation_assayed_no_variant_reported,1,0
LUAD,TCGA-69-7973-01,ERBB2,mutation_assayed_no_variant_reported,1,0
LUAD,TCGA-69-7974-01,KRAS,variant_reported,1,1
LUAD,TCGA-69-7974-01,TP53,variant_reported,1,1
LUAD,TCGA-69-7974-01,EGFR,mutation_assayed_no_variant_reported,1,0
LUAD,TCGA-69-7974-01,ERBB2,mutation_assayed_no_variant_reported,1,0
LUAD,TCGA-69-7978-01,KRAS,variant_reported,1,1
LUAD,TCGA-69-7978-01,TP53,variant_reported,1,1
LUAD,TCGA-69-7978-01,EGFR,mutation_assayed_no_variant_reported,1,0
LUAD,TCGA-69-7978-01,ERBB2,mutation_assayed_no_variant_reported,1,0
LUAD,TCGA-69-7979-01,KRAS,mutation_assayed_no_variant_reported,1,0
LUAD,TCGA-69-7979-01,TP53,variant_reported,1,1
LUAD,TCGA-69-7979-01,EGFR,mutation_assayed_no_variant_reported,1,0
LUAD,TCGA-69-7979-01,ERBB2,mutation_assayed_no_variant_reported,1,0
LUAD,TCGA-69-7980-01,KRAS,variant_reported,1,1
LUAD,TCGA-69-7980-01,TP53,variant_reported,1,1
LUAD,TCGA-69-7980-01,EGFR,mutation_assayed_no_variant_reported,1,0
LUAD,TCGA-69-7980-01,ERBB2,mutation_assayed_no_variant_reported,1,0
LUAD,TCGA-69-8253-01,KRAS,variant_reported,1,1
LUAD,TCGA-69-8253-01,TP53,mutation_assayed_no_variant_reported,1,0
LUAD,TCGA-69-8253-01,EGFR,mutation_assayed_no_variant_reported,1,0
LUAD,TCGA-69-8253-01,ERBB2,mutation_assayed_no_variant_reported,1,0
LUAD,TCGA-69-8254-01,KRAS,variant_reported,1,1
LUAD,TCGA-69-8254-01,TP53,mutation_assayed_no_variant_reported,1,0
LUAD,TCGA-69-8254-01,EGFR,mutation_assayed_no_variant_reported,1,0
LUAD,TCGA-69-8254-01,ERBB2,mutation_assayed_no_variant_reported,1,0
LUAD,TCGA-69-8255-01,KRAS,mutation_assayed_no_variant_reported,1,0
LUAD,TCGA-69-8255-01,TP53,variant_reported,1,1
LUAD,TCGA-69-8255-01,EGFR,mutation_assayed_no_variant_reported,1,0
LUAD,TCGA-69-8255-01,ERBB2,mutation_assayed_no_variant_reported,1,0
LUAD,TCGA-69-A59K-01,KRAS,mutation_assayed_no_variant_reported,1,0
LUAD,TCGA-69-A59K-01,TP53,mutation_assayed_no_variant_reported,1,0
LUAD,TCGA-69-A59K-01,EGFR,mutation_assayed_no_variant_reported,1,0
LUAD,TCGA-69-A59K-01,ERBB2,mutation_assayed_no_variant_reported,1,0
LUAD,TCGA-71-6725-01,KRAS,mutation_assayed_no_variant_reported,1,0
LUAD,TCGA-71-6725-01,TP53,variant_reported,1,1
LUAD,TCGA-71-6725-01,EGFR,variant_reported,1,1
LUAD,TCGA-71-6725-01,ERBB2,mutation_assayed_no_variant_reported,1,0
LUAD,TCGA-71-8520-01,KRAS,mutation_assayed_no_variant_reported,1,0
LUAD,TCGA-71-8520-01,TP53,variant_reported,1,1
LUAD,TCGA-71-8520-01,EGFR,variant_reported,1,1
LUAD,TCGA-71-8520-01,ERBB2,mutation_assayed_no_variant_reported,1,0
LUAD,TCGA-73-4658-01,KRAS,mutation_assayed_no_variant_reported,1,0
LUAD,TCGA-73-4658-01,TP53,mutation_assayed_no_variant_reported,1,0
LUAD,TCGA-73-4658-01,EGFR,mutation_assayed_no_variant_reported,1,0
LUAD,TCGA-73-4658-01,ERBB2,mutation_assayed_no_variant_reported,1,0
LUAD,TCGA-73-4659-01,KRAS,mutation_assayed_no_variant_reported,1,0
LUAD,TCGA-73-4659-01,TP53,mutation_assayed_no_variant_reported,1,0
LUAD,TCGA-73-4659-01,EGFR,mutation_assayed_no_variant_reported,1,0
LUAD,TCGA-73-4659-01,ERBB2,mutation_assayed_no_variant_reported,1,0
LUAD,TCGA-73-4662-01,KRAS,variant_reported,1,1
LUAD,TCGA-73-4662-01,TP53,mutation_assayed_no_variant_reported,1,0
LUAD,TCGA-73-4662-01,EGFR,mutation_assayed_no_variant_reported,1,0
LUAD,TCGA-73-4662-01,ERBB2,mutation_assayed_no_variant_reported,1,0
LUAD,TCGA-73-4666-01,KRAS,mutation_assayed_no_variant_reported,1,0
LUAD,TCGA-73-4666-01,TP53,variant_reported,1,1
LUAD,TCGA-73-4666-01,EGFR,mutation_assayed_no_variant_reported,1,0
LUAD,TCGA-73-4666-01,ERBB2,mutation_assayed_no_variant_reported,1,0
LUAD,TCGA-73-4668-01,KRAS,mutation_assayed_no_variant_reported,1,0
LUAD,TCGA-73-4668-01,TP53,mutation_assayed_no_variant_reported,1,0
LUAD,TCGA-73-4668-01,EGFR,mutation_assayed_no_variant_reported,1,0
LUAD,TCGA-73-4668-01,ERBB2,mutation_assayed_no_variant_reported,1,0
LUAD,TCGA-73-4670-01,KRAS,variant_reported,1,1
LUAD,TCGA-73-4670-01,TP53,variant_reported,1,1
LUAD,TCGA-73-4670-01,EGFR,mutation_assayed_no_variant_reported,1,0
LUAD,TCGA-73-4670-01,ERBB2,mutation_assayed_no_variant_reported,1,0
LUAD,TCGA-73-4675-01,KRAS,mutation_assayed_no_variant_reported,1,0
LUAD,TCGA-73-4675-01,TP53,mutation_assayed_no_variant_reported,1,0
LUAD,TCGA-73-4675-01,EGFR,mutation_assayed_no_variant_reported,1,0
LUAD,TCGA-73-4675-01,ERBB2,mutation_assayed_no_variant_reported,1,0
LUAD,TCGA-73-4676-01,KRAS,mutation_assayed_no_variant_reported,1,0
LUAD,TCGA-73-4676-01,TP53,variant_reported,1,1
LUAD,TCGA-73-4676-01,EGFR,mutation_assayed_no_variant_reported,1,0
LUAD,TCGA-73-4676-01,ERBB2,mutation_assayed_no_variant_reported,1,0
LUAD,TCGA-73-4677-01,KRAS,variant_reported,1,1
LUAD,TCGA-73-4677-01,TP53,mutation_assayed_no_variant_reported,1,0
LUAD,TCGA-73-4677-01,EGFR,mutation_assayed_no_variant_reported,1,0
LUAD,TCGA-73-4677-01,ERBB2,mutation_assayed_no_variant_reported,1,0
LUAD,TCGA-73-7498-01,KRAS,variant_reported,1,1
LUAD,TCGA-73-7498-01,TP53,mutation_assayed_no_variant_reported,1,0
LUAD,TCGA-73-7498-01,EGFR,mutation_assayed_no_variant_reported,1,0
LUAD,TCGA-73-7498-01,ERBB2,mutation_assayed_no_variant_reported,1,0
LUAD,TCGA-73-7499-01,KRAS,mutation_assayed_no_variant_reported,1,0
LUAD,TCGA-73-7499-01,TP53,variant_reported,1,1
LUAD,TCGA-73-7499-01,EGFR,mutation_assayed_no_variant_reported,1,0
LUAD,TCGA-73-7499-01,ERBB2,mutation_assayed_no_variant_reported,1,0
LUAD,TCGA-73-A9RS-01,KRAS,mutation_assayed_no_variant_reported,1,0
LUAD,TCGA-73-A9RS-01,TP53,variant_reported,1,1
LUAD,TCGA-73-A9RS-01,EGFR,mutation_assayed_no_variant_reported,1,0
LUAD,TCGA-73-A9RS-01,ERBB2,mutation_assayed_no_variant_reported,1,0
LUAD,TCGA-75-5122-01,KRAS,mutation_assayed_no_variant_reported,1,0
LUAD,TCGA-75-5122-01,TP53,mutation_assayed_no_variant_reported,1,0
LUAD,TCGA-75-5122-01,EGFR,mutation_assayed_no_variant_reported,1,0
LUAD,TCGA-75-5122-01,ERBB2,mutation_assayed_no_variant_reported,1,0
LUAD,TCGA-75-5125-01,KRAS,mutation_assayed_no_variant_reported,1,0
LUAD,TCGA-75-5125-01,TP53,variant_reported,1,1
LUAD,TCGA-75-5125-01,EGFR,mutation_assayed_no_variant_reported,1,0
LUAD,TCGA-75-5125-01,ERBB2,mutation_assayed_no_variant_reported,1,0
LUAD,TCGA-75-5126-01,KRAS,variant_reported,1,1
LUAD,TCGA-75-5126-01,TP53,mutation_assayed_no_variant_reported,1,0
LUAD,TCGA-75-5126-01,EGFR,mutation_assayed_no_variant_reported,1,0
LUAD,TCGA-75-5126-01,ERBB2,mutation_assayed_no_variant_reported,1,0
LUAD,TCGA-75-5146-01,KRAS,mutation_assayed_no_variant_reported,1,0
LUAD,TCGA-75-5146-01,TP53,mutation_assayed_no_variant_reported,1,0
LUAD,TCGA-75-5146-01,EGFR,mutation_assayed_no_variant_reported,1,0
LUAD,TCGA-75-5146-01,ERBB2,mutation_assayed_no_variant_reported,1,0
LUAD,TCGA-75-5147-01,KRAS,mutation_assayed_no_variant_reported,1,0
LUAD,TCGA-75-5147-01,TP53,variant_reported,1,1
LUAD,TCGA-75-5147-01,EGFR,mutation_assayed_no_variant_reported,1,0
LUAD,TCGA-75-5147-01,ERBB2,mutation_assayed_no_variant_reported,1,0
LUAD,TCGA-75-6203-01,KRAS,mutation_assayed_no_variant_reported,1,0
LUAD,TCGA-75-6203-01,TP53,mutation_assayed_no_variant_reported,1,0
LUAD,TCGA-75-6203-01,EGFR,mutation_assayed_no_variant_reported,1,0
LUAD,TCGA-75-6203-01,ERBB2,mutation_assayed_no_variant_reported,1,0
LUAD,TCGA-75-6205-01,KRAS,mutation_assayed_no_variant_reported,1,0
LUAD,TCGA-75-6205-01,TP53,mutation_assayed_no_variant_reported,1,0
LUAD,TCGA-75-6205-01,EGFR,mutation_assayed_no_variant_reported,1,0
LUAD,TCGA-75-6205-01,ERBB2,mutation_assayed_no_variant_reported,1,0
LUAD,TCGA-75-6206-01,KRAS,variant_reported,1,1
LUAD,TCGA-75-6206-01,TP53,mutation_assayed_no_variant_reported,1,0
LUAD,TCGA-75-6206-01,EGFR,mutation_assayed_no_variant_reported,1,0
LUAD,TCGA-75-6206-01,ERBB2,mutation_assayed_no_variant_reported,1,0
LUAD,TCGA-75-6207-01,KRAS,mutation_assayed_no_variant_reported,1,0
LUAD,TCGA-75-6207-01,TP53,variant_reported,1,1
LUAD,TCGA-75-6207-01,EGFR,variant_reported,1,1
LUAD,TCGA-75-6207-01,ERBB2,mutation_assayed_no_variant_reported,1,0
LUAD,TCGA-75-6211-01,KRAS,mutation_assayed_no_variant_reported,1,0
LUAD,TCGA-75-6211-01,TP53,variant_reported,1,1
LUAD,TCGA-75-6211-01,EGFR,mutation_assayed_no_variant_reported,1,0
LUAD,TCGA-75-6211-01,ERBB2,mutation_assayed_no_variant_reported,1,0
LUAD,TCGA-75-6212-01,KRAS,mutation_assayed_no_variant_reported,1,0
LUAD,TCGA-75-6212-01,TP53,mutation_assayed_no_variant_reported,1,0
LUAD,TCGA-75-6212-01,EGFR,variant_reported,1,1
LUAD,TCGA-75-6212-01,ERBB2,mutation_assayed_no_variant_reported,1,0
LUAD,TCGA-75-6214-01,KRAS,mutation_assayed_no_variant_reported,1,0
LUAD,TCGA-75-6214-01,TP53,variant_reported,1,1
LUAD,TCGA-75-6214-01,EGFR,mutation_assayed_no_variant_reported,1,0
LUAD,TCGA-75-6214-01,ERBB2,mutation_assayed_no_variant_reported,1,0
LUAD,TCGA-75-7025-01,KRAS,mutation_assayed_no_variant_reported,1,0
LUAD,TCGA-75-7025-01,TP53,mutation_assayed_no_variant_reported,1,0
LUAD,TCGA-75-7025-01,EGFR,variant_reported,1,1
LUAD,TCGA-75-7025-01,ERBB2,mutation_assayed_no_variant_reported,1,0
LUAD,TCGA-75-7027-01,KRAS,variant_reported,1,1
LUAD,TCGA-75-7027-01,TP53,mutation_assayed_no_variant_reported,1,0
LUAD,TCGA-75-7027-01,EGFR,mutation_assayed_no_variant_reported,1,0
LUAD,TCGA-75-7027-01,ERBB2,mutation_assayed_no_variant_reported,1,0
LUAD,TCGA-75-7030-01,KRAS,mutation_assayed_no_variant_reported,1,0
LUAD,TCGA-75-7030-01,TP53,mutation_assayed_no_variant_reported,1,0
LUAD,TCGA-75-7030-01,EGFR,mutation_assayed_no_variant_reported,1,0
LUAD,TCGA-75-7030-01,ERBB2,mutation_assayed_no_variant_reported,1,0
LUAD,TCGA-75-7031-01,KRAS,mutation_assayed_no_variant_reported,1,0
LUAD,TCGA-75-7031-01,TP53,variant_reported,1,1
LUAD,TCGA-75-7031-01,EGFR,mutation_assayed_no_variant_reported,1,0
LUAD,TCGA-75-7031-01,ERBB2,mutation_assayed_no_variant_reported,1,0
LUAD,TCGA-78-7145-01,KRAS,variant_reported,1,1
LUAD,TCGA-78-7145-01,TP53,variant_reported,1,1
LUAD,TCGA-78-7145-01,EGFR,mutation_assayed_no_variant_reported,1,0
LUAD,TCGA-78-7145-01,ERBB2,mutation_assayed_no_variant_reported,1,0
LUAD,TCGA-78-7146-01,KRAS,mutation_assayed_no_variant_reported,1,0
LUAD,TCGA-78-7146-01,TP53,variant_reported,1,1
LUAD,TCGA-78-7146-01,EGFR,mutation_assayed_no_variant_reported,1,0
LUAD,TCGA-78-7146-01,ERBB2,mutation_assayed_no_variant_reported,1,0
LUAD,TCGA-78-7147-01,KRAS,mutation_assayed_no_variant_reported,1,0
LUAD,TCGA-78-7147-01,TP53,variant_reported,1,1
LUAD,TCGA-78-7147-01,EGFR,variant_reported,1,1
LUAD,TCGA-78-7147-01,ERBB2,mutation_assayed_no_variant_reported,1,0
LUAD,TCGA-78-7148-01,KRAS,variant_reported,1,1
LUAD,TCGA-78-7148-01,TP53,mutation_assayed_no_variant_reported,1,0
LUAD,TCGA-78-7148-01,EGFR,mutation_assayed_no_variant_reported,1,0
LUAD,TCGA-78-7148-01,ERBB2,mutation_assayed_no_variant_reported,1,0
LUAD,TCGA-78-7149-01,KRAS,mutation_assayed_no_variant_reported,1,0
LUAD,TCGA-78-7149-01,TP53,mutation_assayed_no_variant_reported,1,0
LUAD,TCGA-78-7149-01,EGFR,mutation_assayed_no_variant_reported,1,0
LUAD,TCGA-78-7149-01,ERBB2,mutation_assayed_no_variant_reported,1,0
LUAD,TCGA-78-7150-01,KRAS,mutation_assayed_no_variant_reported,1,0
LUAD,TCGA-78-7150-01,TP53,variant_reported,1,1
LUAD,TCGA-78-7150-01,EGFR,mutation_assayed_no_variant_reported,1,0
LUAD,TCGA-78-7150-01,ERBB2,mutation_assayed_no_variant_reported,1,0
LUAD,TCGA-78-7152-01,KRAS,mutation_assayed_no_variant_reported,1,0
LUAD,TCGA-78-7152-01,TP53,mutation_assayed_no_variant_reported,1,0
LUAD,TCGA-78-7152-01,EGFR,mutation_assayed_no_variant_reported,1,0
LUAD,TCGA-78-7152-01,ERBB2,mutation_assayed_no_variant_reported,1,0
LUAD,TCGA-78-7153-01,KRAS,mutation_assayed_no_variant_reported,1,0
LUAD,TCGA-78-7153-01,TP53,mutation_assayed_no_variant_reported,1,0
LUAD,TCGA-78-7153-01,EGFR,mutation_assayed_no_variant_reported,1,0
LUAD,TCGA-78-7153-01,ERBB2,mutation_assayed_no_variant_reported,1,0
LUAD,TCGA-78-7154-01,KRAS,mutation_assayed_no_variant_reported,1,0
LUAD,TCGA-78-7154-01,TP53,variant_reported,1,1
LUAD,TCGA-78-7154-01,EGFR,mutation_assayed_no_variant_reported,1,0
LUAD,TCGA-78-7154-01,ERBB2,mutation_assayed_no_variant_reported,1,0
LUAD,TCGA-78-7155-01,KRAS,mutation_assayed_no_variant_reported,1,0
LUAD,TCGA-78-7155-01,TP53,variant_reported,1,1
LUAD,TCGA-78-7155-01,EGFR,variant_reported,1,1
LUAD,TCGA-78-7155-01,ERBB2,mutation_assayed_no_variant_reported,1,0
LUAD,TCGA-78-7156-01,KRAS,mutation_assayed_no_variant_reported,1,0
LUAD,TCGA-78-7156-01,TP53,mutation_assayed_no_variant_reported,1,0
LUAD,TCGA-78-7156-01,EGFR,mutation_assayed_no_variant_reported,1,0
LUAD,TCGA-78-7156-01,ERBB2,mutation_assayed_no_variant_reported,1,0
LUAD,TCGA-78-7158-01,KRAS,mutation_assayed_no_variant_reported,1,0
LUAD,TCGA-78-7158-01,TP53,mutation_assayed_no_variant_reported,1,0
LUAD,TCGA-78-7158-01,EGFR,variant_reported,1,1
LUAD,TCGA-78-7158-01,ERBB2,mutation_assayed_no_variant_reported,1,0
LUAD,TCGA-78-7159-01,KRAS,mutation_assayed_no_variant_reported,1,0
LUAD,TCGA-78-7159-01,TP53,mutation_assayed_no_variant_reported,1,0
LUAD,TCGA-78-7159-01,EGFR,mutation_assayed_no_variant_reported,1,0
LUAD,TCGA-78-7159-01,ERBB2,mutation_assayed_no_variant_reported,1,0
LUAD,TCGA-78-7160-01,KRAS,variant_reported,1,1
LUAD,TCGA-78-7160-01,TP53,mutation_assayed_no_variant_reported,1,0
LUAD,TCGA-78-7160-01,EGFR,mutation_assayed_no_variant_reported,1,0
LUAD,TCGA-78-7160-01,ERBB2,mutation_assayed_no_variant_reported,1,0
LUAD,TCGA-78-7161-01,KRAS,variant_reported,1,1
LUAD,TCGA-78-7161-01,TP53,mutation_assayed_no_variant_reported,1,0
LUAD,TCGA-78-7161-01,EGFR,mutation_assayed_no_variant_reported,1,0
LUAD,TCGA-78-7161-01,ERBB2,mutation_assayed_no_variant_reported,1,0
LUAD,TCGA-78-7162-01,KRAS,mutation_assayed_no_variant_reported,1,0
LUAD,TCGA-78-7162-01,TP53,mutation_assayed_no_variant_reported,1,0
LUAD,TCGA-78-7162-01,EGFR,mutation_assayed_no_variant_reported,1,0
LUAD,TCGA-78-7162-01,ERBB2,mutation_assayed_no_variant_reported,1,0
LUAD,TCGA-78-7163-01,KRAS,mutation_assayed_no_variant_reported,1,0
LUAD,TCGA-78-7163-01,TP53,mutation_assayed_no_variant_reported,1,0
LUAD,TCGA-78-7163-01,EGFR,mutation_assayed_no_variant_reported,1,0
LUAD,TCGA-78-7163-01,ERBB2,mutation_assayed_no_variant_reported,1,0
LUAD,TCGA-78-7166-01,KRAS,variant_reported,1,1
LUAD,TCGA-78-7166-01,TP53,mutation_assayed_no_variant_reported,1,0
LUAD,TCGA-78-7166-01,EGFR,mutation_assayed_no_variant_reported,1,0
LUAD,TCGA-78-7166-01,ERBB2,mutation_assayed_no_variant_reported,1,0
LUAD,TCGA-78-7167-01,KRAS,variant_reported,1,1
LUAD,TCGA-78-7167-01,TP53,mutation_assayed_no_variant_reported,1,0
LUAD,TCGA-78-7167-01,EGFR,mutation_assayed_no_variant_reported,1,0
LUAD,TCGA-78-7167-01,ERBB2,mutation_assayed_no_variant_reported,1,0
LUAD,TCGA-78-7220-01,KRAS,mutation_assayed_no_variant_reported,1,0
LUAD,TCGA-78-7220-01,TP53,variant_reported,1,1
LUAD,TCGA-78-7220-01,EGFR,mutation_assayed_no_variant_reported,1,0
LUAD,TCGA-78-7220-01,ERBB2,mutation_assayed_no_variant_reported,1,0
LUAD,TCGA-78-7535-01,KRAS,mutation_assayed_no_variant_reported,1,0
LUAD,TCGA-78-7535-01,TP53,variant_reported,1,1
LUAD,TCGA-78-7535-01,EGFR,mutation_assayed_no_variant_reported,1,0
LUAD,TCGA-78-7535-01,ERBB2,mutation_assayed_no_variant_reported,1,0
LUAD,TCGA-78-7536-01,KRAS,mutation_assayed_no_variant_reported,1,0
LUAD,TCGA-78-7536-01,TP53,variant_reported,1,1
LUAD,TCGA-78-7536-01,EGFR,mutation_assayed_no_variant_reported,1,0
LUAD,TCGA-78-7536-01,ERBB2,mutation_assayed_no_variant_reported,1,0
LUAD,TCGA-78-7537-01,KRAS,mutation_assayed_no_variant_reported,1,0
LUAD,TCGA-78-7537-01,TP53,mutation_assayed_no_variant_reported,1,0
LUAD,TCGA-78-7537-01,EGFR,mutation_assayed_no_variant_reported,1,0
LUAD,TCGA-78-7537-01,ERBB2,mutation_assayed_no_variant_reported,1,0
LUAD,TCGA-78-7539-01,KRAS,variant_reported,1,1
LUAD,TCGA-78-7539-01,TP53,mutation_assayed_no_variant_reported,1,0
LUAD,TCGA-78-7539-01,EGFR,mutation_assayed_no_variant_reported,1,0
LUAD,TCGA-78-7539-01,ERBB2,mutation_assayed_no_variant_reported,1,0
LUAD,TCGA-78-7540-01,KRAS,variant_reported,1,1
LUAD,TCGA-78-7540-01,TP53,variant_reported,1,1
LUAD,TCGA-78-7540-01,EGFR,mutation_assayed_no_variant_reported,1,0
LUAD,TCGA-78-7540-01,ERBB2,mutation_assayed_no_variant_reported,1,0
LUAD,TCGA-78-7542-01,KRAS,mutation_assayed_no_variant_reported,1,0
LUAD,TCGA-78-7542-01,TP53,variant_reported,1,1
LUAD,TCGA-78-7542-01,EGFR,mutation_assayed_no_variant_reported,1,0
LUAD,TCGA-78-7542-01,ERBB2,mutation_assayed_no_variant_reported,1,0
LUAD,TCGA-78-7633-01,KRAS,mutation_assayed_no_variant_reported,1,0
LUAD,TCGA-78-7633-01,TP53,mutation_assayed_no_variant_reported,1,0
LUAD,TCGA-78-7633-01,EGFR,mutation_assayed_no_variant_reported,1,0
LUAD,TCGA-78-7633-01,ERBB2,mutation_assayed_no_variant_reported,1,0
LUAD,TCGA-78-8640-01,KRAS,mutation_assayed_no_variant_reported,1,0
LUAD,TCGA-78-8640-01,TP53,variant_reported,1,1
LUAD,TCGA-78-8640-01,EGFR,mutation_assayed_no_variant_reported,1,0
LUAD,TCGA-78-8640-01,ERBB2,mutation_assayed_no_variant_reported,1,0
LUAD,TCGA-78-8648-01,KRAS,mutation_assayed_no_variant_reported,1,0
LUAD,TCGA-78-8648-01,TP53,mutation_assayed_no_variant_reported,1,0
LUAD,TCGA-78-8648-01,EGFR,mutation_assayed_no_variant_reported,1,0
LUAD,TCGA-78-8648-01,ERBB2,mutation_assayed_no_variant_reported,1,0
LUAD,TCGA-78-8655-01,KRAS,variant_reported,1,1
LUAD,TCGA-78-8655-01,TP53,mutation_assayed_no_variant_reported,1,0
LUAD,TCGA-78-8655-01,EGFR,mutation_assayed_no_variant_reported,1,0
LUAD,TCGA-78-8655-01,ERBB2,mutation_assayed_no_variant_reported,1,0
LUAD,TCGA-78-8660-01,KRAS,mutation_assayed_no_variant_reported,1,0
LUAD,TCGA-78-8660-01,TP53,variant_reported,1,1
LUAD,TCGA-78-8660-01,EGFR,mutation_assayed_no_variant_reported,1,0
LUAD,TCGA-78-8660-01,ERBB2,mutation_assayed_no_variant_reported,1,0
LUAD,TCGA-78-8662-01,KRAS,mutation_assayed_no_variant_reported,1,0
LUAD,TCGA-78-8662-01,TP53,variant_reported,1,1
LUAD,TCGA-78-8662-01,EGFR,mutation_assayed_no_variant_reported,1,0
LUAD,TCGA-78-8662-01,ERBB2,mutation_assayed_no_variant_reported,1,0
LUAD,TCGA-80-5607-01,KRAS,mutation_assayed_no_variant_reported,1,0
LUAD,TCGA-80-5607-01,TP53,mutation_assayed_no_variant_reported,1,0
LUAD,TCGA-80-5607-01,EGFR,mutation_assayed_no_variant_reported,1,0
LUAD,TCGA-80-5607-01,ERBB2,mutation_assayed_no_variant_reported,1,0
LUAD,TCGA-80-5608-01,KRAS,variant_reported,1,1
LUAD,TCGA-80-5608-01,TP53,mutation_assayed_no_variant_reported,1,0
LUAD,TCGA-80-5608-01,EGFR,mutation_assayed_no_variant_reported,1,0
LUAD,TCGA-80-5608-01,ERBB2,mutation_assayed_no_variant_reported,1,0
LUAD,TCGA-80-5611-01,KRAS,mutation_assayed_no_variant_reported,1,0
LUAD,TCGA-80-5611-01,TP53,mutation_assayed_no_variant_reported,1,0
LUAD,TCGA-80-5611-01,EGFR,mutation_assayed_no_variant_reported,1,0
LUAD,TCGA-80-5611-01,ERBB2,mutation_assayed_no_variant_reported,1,0
LUAD,TCGA-83-5908-01,KRAS,variant_reported,1,1
LUAD,TCGA-83-5908-01,TP53,variant_reported,1,1
LUAD,TCGA-83-5908-01,EGFR,mutation_assayed_no_variant_reported,1,0
LUAD,TCGA-83-5908-01,ERBB2,mutation_assayed_no_variant_reported,1,0
LUAD,TCGA-86-6562-01,KRAS,mutation_assayed_no_variant_reported,1,0
LUAD,TCGA-86-6562-01,TP53,mutation_assayed_no_variant_reported,1,0
LUAD,TCGA-86-6562-01,EGFR,mutation_assayed_no_variant_reported,1,0
LUAD,TCGA-86-6562-01,ERBB2,variant_reported,1,1
LUAD,TCGA-86-6851-01,KRAS,mutation_assayed_no_variant_reported,1,0
LUAD,TCGA-86-6851-01,TP53,variant_reported,1,1
LUAD,TCGA-86-6851-01,EGFR,mutation_assayed_no_variant_reported,1,0
LUAD,TCGA-86-6851-01,ERBB2,mutation_assayed_no_variant_reported,1,0
LUAD,TCGA-86-7701-01,KRAS,mutation_assayed_no_variant_reported,1,0
LUAD,TCGA-86-7701-01,TP53,variant_reported,1,1
LUAD,TCGA-86-7701-01,EGFR,mutation_assayed_no_variant_reported,1,0
LUAD,TCGA-86-7701-01,ERBB2,mutation_assayed_no_variant_reported,1,0
LUAD,TCGA-86-7711-01,KRAS,mutation_assayed_no_variant_reported,1,0
LUAD,TCGA-86-7711-01,TP53,variant_reported,1,1
LUAD,TCGA-86-7711-01,EGFR,mutation_assayed_no_variant_reported,1,0
LUAD,TCGA-86-7711-01,ERBB2,mutation_assayed_no_variant_reported,1,0
LUAD,TCGA-86-7713-01,KRAS,variant_reported,1,1
LUAD,TCGA-86-7713-01,TP53,mutation_assayed_no_variant_reported,1,0
LUAD,TCGA-86-7713-01,EGFR,mutation_assayed_no_variant_reported,1,0
LUAD,TCGA-86-7713-01,ERBB2,mutation_assayed_no_variant_reported,1,0
LUAD,TCGA-86-7714-01,KRAS,mutation_assayed_no_variant_reported,1,0
LUAD,TCGA-86-7714-01,TP53,mutation_assayed_no_variant_reported,1,0
LUAD,TCGA-86-7714-01,EGFR,mutation_assayed_no_variant_reported,1,0
LUAD,TCGA-86-7714-01,ERBB2,mutation_assayed_no_variant_reported,1,0
LUAD,TCGA-86-7953-01,KRAS,variant_reported,1,1
LUAD,TCGA-86-7953-01,TP53,variant_reported,1,1
LUAD,TCGA-86-7953-01,EGFR,mutation_assayed_no_variant_reported,1,0
LUAD,TCGA-86-7953-01,ERBB2,mutation_assayed_no_variant_reported,1,0
LUAD,TCGA-86-7954-01,KRAS,mutation_assayed_no_variant_reported,1,0
LUAD,TCGA-86-7954-01,TP53,variant_reported,1,1
LUAD,TCGA-86-7954-01,EGFR,mutation_assayed_no_variant_reported,1,0
LUAD,TCGA-86-7954-01,ERBB2,mutation_assayed_no_variant_reported,1,0
LUAD,TCGA-86-7955-01,KRAS,mutation_assayed_no_variant_reported,1,0
LUAD,TCGA-86-7955-01,TP53,variant_reported,1,1
LUAD,TCGA-86-7955-01,EGFR,mutation_assayed_no_variant_reported,1,0
LUAD,TCGA-86-7955-01,ERBB2,mutation_assayed_no_variant_reported,1,0
LUAD,TCGA-86-8054-01,KRAS,variant_reported,1,1
LUAD,TCGA-86-8054-01,TP53,mutation_assayed_no_variant_reported,1,0
LUAD,TCGA-86-8054-01,EGFR,mutation_assayed_no_variant_reported,1,0
LUAD,TCGA-86-8054-01,ERBB2,mutation_assayed_no_variant_reported,1,0
LUAD,TCGA-86-8055-01,KRAS,mutation_assayed_no_variant_reported,1,0
LUAD,TCGA-86-8055-01,TP53,variant_reported,1,1
LUAD,TCGA-86-8055-01,EGFR,variant_reported,1,1
LUAD,TCGA-86-8055-01,ERBB2,mutation_assayed_no_variant_reported,1,0
LUAD,TCGA-86-8056-01,KRAS,variant_reported,1,1
LUAD,TCGA-86-8056-01,TP53,variant_reported,1,1
LUAD,TCGA-86-8056-01,EGFR,mutation_assayed_no_variant_reported,1,0
LUAD,TCGA-86-8056-01,ERBB2,mutation_assayed_no_variant_reported,1,0
LUAD,TCGA-86-8073-01,KRAS,mutation_assayed_no_variant_reported,1,0
LUAD,TCGA-86-8073-01,TP53,variant_reported,1,1
LUAD,TCGA-86-8073-01,EGFR,mutation_assayed_no_variant_reported,1,0
LUAD,TCGA-86-8073-01,ERBB2,mutation_assayed_no_variant_reported,1,0
LUAD,TCGA-86-8074-01,KRAS,mutation_assayed_no_variant_reported,1,0
LUAD,TCGA-86-8074-01,TP53,variant_reported,1,1
LUAD,TCGA-86-8074-01,EGFR,variant_reported,1,1
LUAD,TCGA-86-8074-01,ERBB2,mutation_assayed_no_variant_reported,1,0
LUAD,TCGA-86-8075-01,KRAS,mutation_assayed_no_variant_reported,1,0
LUAD,TCGA-86-8075-01,TP53,variant_reported,1,1
LUAD,TCGA-86-8075-01,EGFR,variant_reported,1,1
LUAD,TCGA-86-8075-01,ERBB2,mutation_assayed_no_variant_reported,1,0
LUAD,TCGA-86-8076-01,KRAS,variant_reported,1,1
LUAD,TCGA-86-8076-01,TP53,mutation_assayed_no_variant_reported,1,0
LUAD,TCGA-86-8076-01,EGFR,mutation_assayed_no_variant_reported,1,0
LUAD,TCGA-86-8076-01,ERBB2,mutation_assayed_no_variant_reported,1,0
LUAD,TCGA-86-8278-01,KRAS,mutation_assayed_no_variant_reported,1,0
LUAD,TCGA-86-8278-01,TP53,mutation_assayed_no_variant_reported,1,0
LUAD,TCGA-86-8278-01,EGFR,mutation_assayed_no_variant_reported,1,0
LUAD,TCGA-86-8278-01,ERBB2,mutation_assayed_no_variant_reported,1,0
LUAD,TCGA-86-8279-01,KRAS,mutation_assayed_no_variant_reported,1,0
LUAD,TCGA-86-8279-01,TP53,variant_reported,1,1
LUAD,TCGA-86-8279-01,EGFR,mutation_assayed_no_variant_reported,1,0
LUAD,TCGA-86-8279-01,ERBB2,mutation_assayed_no_variant_reported,1,0
LUAD,TCGA-86-8280-01,KRAS,mutation_assayed_no_variant_reported,1,0
LUAD,TCGA-86-8280-01,TP53,variant_reported,1,1
LUAD,TCGA-86-8280-01,EGFR,variant_reported,1,1
LUAD,TCGA-86-8280-01,ERBB2,mutation_assayed_no_variant_reported,1,0
LUAD,TCGA-86-8281-01,KRAS,mutation_assayed_no_variant_reported,1,0
LUAD,TCGA-86-8281-01,TP53,mutation_assayed_no_variant_reported,1,0
LUAD,TCGA-86-8281-01,EGFR,mutation_assayed_no_variant_reported,1,0
LUAD,TCGA-86-8281-01,ERBB2,mutation_assayed_no_variant_reported,1,0
LUAD,TCGA-86-8359-01,KRAS,variant_reported,1,1
LUAD,TCGA-86-8359-01,TP53,mutation_assayed_no_variant_reported,1,0
LUAD,TCGA-86-8359-01,EGFR,mutation_assayed_no_variant_reported,1,0
LUAD,TCGA-86-8359-01,ERBB2,mutation_assayed_no_variant_reported,1,0
LUAD,TCGA-86-8585-01,KRAS,mutation_assayed_no_variant_reported,1,0
LUAD,TCGA-86-8585-01,TP53,variant_reported,1,1
LUAD,TCGA-86-8585-01,EGFR,mutation_assayed_no_variant_reported,1,0
LUAD,TCGA-86-8585-01,ERBB2,mutation_assayed_no_variant_reported,1,0
LUAD,TCGA-86-8668-01,KRAS,mutation_assayed_no_variant_reported,1,0
LUAD,TCGA-86-8668-01,TP53,mutation_assayed_no_variant_reported,1,0
LUAD,TCGA-86-8668-01,EGFR,variant_reported,1,1
LUAD,TCGA-86-8668-01,ERBB2,mutation_assayed_no_variant_reported,1,0
LUAD,TCGA-86-8669-01,KRAS,mutation_assayed_no_variant_reported,1,0
LUAD,TCGA-86-8669-01,TP53,mutation_assayed_no_variant_reported,1,0
LUAD,TCGA-86-8669-01,EGFR,mutation_assayed_no_variant_reported,1,0
LUAD,TCGA-86-8669-01,ERBB2,mutation_assayed_no_variant_reported,1,0
LUAD,TCGA-86-8671-01,KRAS,mutation_assayed_no_variant_reported,1,0
LUAD,TCGA-86-8671-01,TP53,mutation_assayed_no_variant_reported,1,0
LUAD,TCGA-86-8671-01,EGFR,mutation_assayed_no_variant_reported,1,0
LUAD,TCGA-86-8671-01,ERBB2,mutation_assayed_no_variant_reported,1,0
LUAD,TCGA-86-8672-01,KRAS,mutation_assayed_no_variant_reported,1,0
LUAD,TCGA-86-8672-01,TP53,variant_reported,1,1
LUAD,TCGA-86-8672-01,EGFR,mutation_assayed_no_variant_reported,1,0
LUAD,TCGA-86-8672-01,ERBB2,mutation_assayed_no_variant_reported,1,0
LUAD,TCGA-86-8673-01,KRAS,mutation_assayed_no_variant_reported,1,0
LUAD,TCGA-86-8673-01,TP53,variant_reported,1,1
LUAD,TCGA-86-8673-01,EGFR,mutation_assayed_no_variant_reported,1,0
LUAD,TCGA-86-8673-01,ERBB2,mutation_assayed_no_variant_reported,1,0
LUAD,TCGA-86-8674-01,KRAS,variant_reported,1,1
LUAD,TCGA-86-8674-01,TP53,mutation_assayed_no_variant_reported,1,0
LUAD,TCGA-86-8674-01,EGFR,mutation_assayed_no_variant_reported,1,0
LUAD,TCGA-86-8674-01,ERBB2,mutation_assayed_no_variant_reported,1,0
LUAD,TCGA-86-A456-01,KRAS,variant_reported,1,1
LUAD,TCGA-86-A456-01,TP53,mutation_assayed_no_variant_reported,1,0
LUAD,TCGA-86-A456-01,EGFR,mutation_assayed_no_variant_reported,1,0
LUAD,TCGA-86-A456-01,ERBB2,variant_reported,1,1
LUAD,TCGA-86-A4D0-01,KRAS,mutation_assayed_no_variant_reported,1,0
LUAD,TCGA-86-A4D0-01,TP53,variant_reported,1,1
LUAD,TCGA-86-A4D0-01,EGFR,mutation_assayed_no_variant_reported,1,0
LUAD,TCGA-86-A4D0-01,ERBB2,mutation_assayed_no_variant_reported,1,0
LUAD,TCGA-86-A4JF-01,KRAS,variant_reported,1,1
LUAD,TCGA-86-A4JF-01,TP53,variant_reported,1,1
LUAD,TCGA-86-A4JF-01,EGFR,mutation_assayed_no_variant_reported,1,0
LUAD,TCGA-86-A4JF-01,ERBB2,mutation_assayed_no_variant_reported,1,0
LUAD,TCGA-86-A4P7-01,KRAS,mutation_assayed_no_variant_reported,1,0
LUAD,TCGA-86-A4P7-01,TP53,mutation_assayed_no_variant_reported,1,0
LUAD,TCGA-86-A4P7-01,EGFR,mutation_assayed_no_variant_reported,1,0
LUAD,TCGA-86-A4P7-01,ERBB2,mutation_assayed_no_variant_reported,1,0
LUAD,TCGA-91-6828-01,KRAS,variant_reported,1,1
LUAD,TCGA-91-6828-01,TP53,mutation_assayed_no_variant_reported,1,0
LUAD,TCGA-91-6828-01,EGFR,mutation_assayed_no_variant_reported,1,0
LUAD,TCGA-91-6828-01,ERBB2,mutation_assayed_no_variant_reported,1,0
LUAD,TCGA-91-6829-01,KRAS,mutation_assayed_no_variant_reported,1,0
LUAD,TCGA-91-6829-01,TP53,mutation_assayed_no_variant_reported,1,0
LUAD,TCGA-91-6829-01,EGFR,mutation_assayed_no_variant_reported,1,0
LUAD,TCGA-91-6829-01,ERBB2,mutation_assayed_no_variant_reported,1,0
LUAD,TCGA-91-6830-01,KRAS,mutation_assayed_no_variant_reported,1,0
LUAD,TCGA-91-6830-01,TP53,mutation_assayed_no_variant_reported,1,0
LUAD,TCGA-91-6830-01,EGFR,mutation_assayed_no_variant_reported,1,0
LUAD,TCGA-91-6830-01,ERBB2,mutation_assayed_no_variant_reported,1,0
LUAD,TCGA-91-6831-01,KRAS,mutation_assayed_no_variant_reported,1,0
LUAD,TCGA-91-6831-01,TP53,variant_reported,1,1
LUAD,TCGA-91-6831-01,EGFR,mutation_assayed_no_variant_reported,1,0
LUAD,TCGA-91-6831-01,ERBB2,mutation_assayed_no_variant_reported,1,0
LUAD,TCGA-91-6835-01,KRAS,mutation_assayed_no_variant_reported,1,0
LUAD,TCGA-91-6835-01,TP53,mutation_assayed_no_variant_reported,1,0
LUAD,TCGA-91-6835-01,EGFR,variant_reported,1,1
LUAD,TCGA-91-6835-01,ERBB2,mutation_assayed_no_variant_reported,1,0
LUAD,TCGA-91-6836-01,KRAS,variant_reported,1,1
LUAD,TCGA-91-6836-01,TP53,variant_reported,1,1
LUAD,TCGA-91-6836-01,EGFR,mutation_assayed_no_variant_reported,1,0
LUAD,TCGA-91-6836-01,ERBB2,mutation_assayed_no_variant_reported,1,0
LUAD,TCGA-91-6840-01,KRAS,mutation_assayed_no_variant_reported,1,0
LUAD,TCGA-91-6840-01,TP53,variant_reported,1,1
LUAD,TCGA-91-6840-01,EGFR,mutation_assayed_no_variant_reported,1,0
LUAD,TCGA-91-6840-01,ERBB2,mutation_assayed_no_variant_reported,1,0
LUAD,TCGA-91-6847-01,KRAS,mutation_assayed_no_variant_reported,1,0
LUAD,TCGA-91-6847-01,TP53,variant_reported,1,1
LUAD,TCGA-91-6847-01,EGFR,mutation_assayed_no_variant_reported,1,0
LUAD,TCGA-91-6847-01,ERBB2,mutation_assayed_no_variant_reported,1,0
LUAD,TCGA-91-6848-01,KRAS,mutation_assayed_no_variant_reported,1,0
LUAD,TCGA-91-6848-01,TP53,variant_reported,1,1
LUAD,TCGA-91-6848-01,EGFR,mutation_assayed_no_variant_reported,1,0
LUAD,TCGA-91-6848-01,ERBB2,mutation_assayed_no_variant_reported,1,0
LUAD,TCGA-91-6849-01,KRAS,mutation_assayed_no_variant_reported,1,0
LUAD,TCGA-91-6849-01,TP53,mutation_assayed_no_variant_reported,1,0
LUAD,TCGA-91-6849-01,EGFR,mutation_assayed_no_variant_reported,1,0
LUAD,TCGA-91-6849-01,ERBB2,mutation_assayed_no_variant_reported,1,0
LUAD,TCGA-91-7771-01,KRAS,mutation_assayed_no_variant_reported,1,0
LUAD,TCGA-91-7771-01,TP53,mutation_assayed_no_variant_reported,1,0
LUAD,TCGA-91-7771-01,EGFR,mutation_assayed_no_variant_reported,1,0
LUAD,TCGA-91-7771-01,ERBB2,mutation_assayed_no_variant_reported,1,0
LUAD,TCGA-91-8496-01,KRAS,mutation_assayed_no_variant_reported,1,0
LUAD,TCGA-91-8496-01,TP53,mutation_assayed_no_variant_reported,1,0
LUAD,TCGA-91-8496-01,EGFR,variant_reported,1,1
LUAD,TCGA-91-8496-01,ERBB2,mutation_assayed_no_variant_reported,1,0
LUAD,TCGA-91-8497-01,KRAS,mutation_assayed_no_variant_reported,1,0
LUAD,TCGA-91-8497-01,TP53,mutation_assayed_no_variant_reported,1,0
LUAD,TCGA-91-8497-01,EGFR,mutation_assayed_no_variant_reported,1,0
LUAD,TCGA-91-8497-01,ERBB2,mutation_assayed_no_variant_reported,1,0
LUAD,TCGA-91-8499-01,KRAS,mutation_assayed_no_variant_reported,1,0
LUAD,TCGA-91-8499-01,TP53,variant_reported,1,1
LUAD,TCGA-91-8499-01,EGFR,mutation_assayed_no_variant_reported,1,0
LUAD,TCGA-91-8499-01,ERBB2,mutation_assayed_no_variant_reported,1,0
LUAD,TCGA-91-A4BC-01,KRAS,mutation_assayed_no_variant_reported,1,0
LUAD,TCGA-91-A4BC-01,TP53,variant_reported,1,1
LUAD,TCGA-91-A4BC-01,EGFR,mutation_assayed_no_variant_reported,1,0
LUAD,TCGA-91-A4BC-01,ERBB2,mutation_assayed_no_variant_reported,1,0
LUAD,TCGA-91-A4BD-01,KRAS,mutation_assayed_no_variant_reported,1,0
LUAD,TCGA-91-A4BD-01,TP53,mutation_assayed_no_variant_reported,1,0
LUAD,TCGA-91-A4BD-01,EGFR,mutation_assayed_no_variant_reported,1,0
LUAD,TCGA-91-A4BD-01,ERBB2,mutation_assayed_no_variant_reported,1,0
LUAD,TCGA-93-7347-01,KRAS,mutation_assayed_no_variant_reported,1,0
LUAD,TCGA-93-7347-01,TP53,mutation_assayed_no_variant_reported,1,0
LUAD,TCGA-93-7347-01,EGFR,mutation_assayed_no_variant_reported,1,0
LUAD,TCGA-93-7347-01,ERBB2,mutation_assayed_no_variant_reported,1,0
LUAD,TCGA-93-7348-01,KRAS,mutation_assayed_no_variant_reported,1,0
LUAD,TCGA-93-7348-01,TP53,mutation_assayed_no_variant_reported,1,0
LUAD,TCGA-93-7348-01,EGFR,mutation_assayed_no_variant_reported,1,0
LUAD,TCGA-93-7348-01,ERBB2,mutation_assayed_no_variant_reported,1,0
LUAD,TCGA-93-8067-01,KRAS,variant_reported,1,1
LUAD,TCGA-93-8067-01,TP53,variant_reported,1,1
LUAD,TCGA-93-8067-01,EGFR,mutation_assayed_no_variant_reported,1,0
LUAD,TCGA-93-8067-01,ERBB2,mutation_assayed_no_variant_reported,1,0
LUAD,TCGA-93-A4JN-01,KRAS,mutation_assayed_no_variant_reported,1,0
LUAD,TCGA-93-A4JN-01,TP53,variant_reported,1,1
LUAD,TCGA-93-A4JN-01,EGFR,mutation_assayed_no_variant_reported,1,0
LUAD,TCGA-93-A4JN-01,ERBB2,mutation_assayed_no_variant_reported,1,0
LUAD,TCGA-93-A4JO-01,KRAS,variant_reported,1,1
LUAD,TCGA-93-A4JO-01,TP53,variant_reported,1,1
LUAD,TCGA-93-A4JO-01,EGFR,mutation_assayed_no_variant_reported,1,0
LUAD,TCGA-93-A4JO-01,ERBB2,mutation_assayed_no_variant_reported,1,0
LUAD,TCGA-93-A4JP-01,KRAS,mutation_assayed_no_variant_reported,1,0
LUAD,TCGA-93-A4JP-01,TP53,variant_reported,1,1
LUAD,TCGA-93-A4JP-01,EGFR,variant_reported,1,1
LUAD,TCGA-93-A4JP-01,ERBB2,mutation_assayed_no_variant_reported,1,0
LUAD,TCGA-93-A4JQ-01,KRAS,mutation_assayed_no_variant_reported,1,0
LUAD,TCGA-93-A4JQ-01,TP53,mutation_assayed_no_variant_reported,1,0
LUAD,TCGA-93-A4JQ-01,EGFR,mutation_assayed_no_variant_reported,1,0
LUAD,TCGA-93-A4JQ-01,ERBB2,mutation_assayed_no_variant_reported,1,0
LUAD,TCGA-95-7039-01,KRAS,variant_reported,1,1
LUAD,TCGA-95-7039-01,TP53,variant_reported,1,1
LUAD,TCGA-95-7039-01,EGFR,variant_reported,1,1
LUAD,TCGA-95-7039-01,ERBB2,mutation_assayed_no_variant_reported,1,0
LUAD,TCGA-95-7043-01,KRAS,mutation_assayed_no_variant_reported,1,0
LUAD,TCGA-95-7043-01,TP53,variant_reported,1,1
LUAD,TCGA-95-7043-01,EGFR,mutation_assayed_no_variant_reported,1,0
LUAD,TCGA-95-7043-01,ERBB2,mutation_assayed_no_variant_reported,1,0
LUAD,TCGA-95-7562-01,KRAS,variant_reported,1,1
LUAD,TCGA-95-7562-01,TP53,variant_reported,1,1
LUAD,TCGA-95-7562-01,EGFR,mutation_assayed_no_variant_reported,1,0
LUAD,TCGA-95-7562-01,ERBB2,mutation_assayed_no_variant_reported,1,0
LUAD,TCGA-95-7567-01,KRAS,variant_reported,1,1
LUAD,TCGA-95-7567-01,TP53,variant_reported,1,1
LUAD,TCGA-95-7567-01,EGFR,mutation_assayed_no_variant_reported,1,0
LUAD,TCGA-95-7567-01,ERBB2,variant_reported,1,1
LUAD,TCGA-95-7944-01,KRAS,mutation_assayed_no_variant_reported,1,0
LUAD,TCGA-95-7944-01,TP53,variant_reported,1,1
LUAD,TCGA-95-7944-01,EGFR,mutation_assayed_no_variant_reported,1,0
LUAD,TCGA-95-7944-01,ERBB2,mutation_assayed_no_variant_reported,1,0
LUAD,TCGA-95-7947-01,KRAS,mutation_assayed_no_variant_reported,1,0
LUAD,TCGA-95-7947-01,TP53,variant_reported,1,1
LUAD,TCGA-95-7947-01,EGFR,variant_reported,1,1
LUAD,TCGA-95-7947-01,ERBB2,mutation_assayed_no_variant_reported,1,0
LUAD,TCGA-95-7948-01,KRAS,mutation_assayed_no_variant_reported,1,0
LUAD,TCGA-95-7948-01,TP53,mutation_assayed_no_variant_reported,1,0
LUAD,TCGA-95-7948-01,EGFR,mutation_assayed_no_variant_reported,1,0
LUAD,TCGA-95-7948-01,ERBB2,mutation_assayed_no_variant_reported,1,0
LUAD,TCGA-95-8039-01,KRAS,mutation_assayed_no_variant_reported,1,0
LUAD,TCGA-95-8039-01,TP53,variant_reported,1,1
LUAD,TCGA-95-8039-01,EGFR,mutation_assayed_no_variant_reported,1,0
LUAD,TCGA-95-8039-01,ERBB2,mutation_assayed_no_variant_reported,1,0
LUAD,TCGA-95-8494-01,KRAS,mutation_assayed_no_variant_reported,1,0
LUAD,TCGA-95-8494-01,TP53,variant_reported,1,1
LUAD,TCGA-95-8494-01,EGFR,mutation_assayed_no_variant_reported,1,0
LUAD,TCGA-95-8494-01,ERBB2,mutation_assayed_no_variant_reported,1,0
LUAD,TCGA-95-A4VK-01,KRAS,mutation_assayed_no_variant_reported,1,0
LUAD,TCGA-95-A4VK-01,TP53,mutation_assayed_no_variant_reported,1,0
LUAD,TCGA-95-A4VK-01,EGFR,mutation_assayed_no_variant_reported,1,0
LUAD,TCGA-95-A4VK-01,ERBB2,mutation_assayed_no_variant_reported,1,0
LUAD,TCGA-95-A4VN-01,KRAS,variant_reported,1,1
LUAD,TCGA-95-A4VN-01,TP53,mutation_assayed_no_variant_reported,1,0
LUAD,TCGA-95-A4VN-01,EGFR,mutation_assayed_no_variant_reported,1,0
LUAD,TCGA-95-A4VN-01,ERBB2,mutation_assayed_no_variant_reported,1,0
LUAD,TCGA-95-A4VP-01,KRAS,variant_reported,1,1
LUAD,TCGA-95-A4VP-01,TP53,mutation_assayed_no_variant_reported,1,0
LUAD,TCGA-95-A4VP-01,EGFR,mutation_assayed_no_variant_reported,1,0
LUAD,TCGA-95-A4VP-01,ERBB2,mutation_assayed_no_variant_reported,1,0
LUAD,TCGA-97-7546-01,KRAS,mutation_assayed_no_variant_reported,1,0
LUAD,TCGA-97-7546-01,TP53,mutation_assayed_no_variant_reported,1,0
LUAD,TCGA-97-7546-01,EGFR,mutation_assayed_no_variant_reported,1,0
LUAD,TCGA-97-7546-01,ERBB2,mutation_assayed_no_variant_reported,1,0
LUAD,TCGA-97-7547-01,KRAS,mutation_assayed_no_variant_reported,1,0
LUAD,TCGA-97-7547-01,TP53,mutation_assayed_no_variant_reported,1,0
LUAD,TCGA-97-7547-01,EGFR,mutation_assayed_no_variant_reported,1,0
LUAD,TCGA-97-7547-01,ERBB2,mutation_assayed_no_variant_reported,1,0
LUAD,TCGA-97-7552-01,KRAS,mutation_assayed_no_variant_reported,1,0
LUAD,TCGA-97-7552-01,TP53,mutation_assayed_no_variant_reported,1,0
LUAD,TCGA-97-7552-01,EGFR,mutation_assayed_no_variant_reported,1,0
LUAD,TCGA-97-7552-01,ERBB2,mutation_assayed_no_variant_reported,1,0
LUAD,TCGA-97-7553-01,KRAS,mutation_assayed_no_variant_reported,1,0
LUAD,TCGA-97-7553-01,TP53,variant_reported,1,1
LUAD,TCGA-97-7553-01,EGFR,mutation_assayed_no_variant_reported,1,0
LUAD,TCGA-97-7553-01,ERBB2,mutation_assayed_no_variant_reported,1,0
LUAD,TCGA-97-7554-01,KRAS,variant_reported,1,1
LUAD,TCGA-97-7554-01,TP53,variant_reported,1,1
LUAD,TCGA-97-7554-01,EGFR,mutation_assayed_no_variant_reported,1,0
LUAD,TCGA-97-7554-01,ERBB2,mutation_assayed_no_variant_reported,1,0
LUAD,TCGA-97-7937-01,KRAS,mutation_assayed_no_variant_reported,1,0
LUAD,TCGA-97-7937-01,TP53,variant_reported,1,1
LUAD,TCGA-97-7937-01,EGFR,mutation_assayed_no_variant_reported,1,0
LUAD,TCGA-97-7937-01,ERBB2,mutation_assayed_no_variant_reported,1,0
LUAD,TCGA-97-7938-01,KRAS,variant_reported,1,1
LUAD,TCGA-97-7938-01,TP53,variant_reported,1,1
LUAD,TCGA-97-7938-01,EGFR,mutation_assayed_no_variant_reported,1,0
LUAD,TCGA-97-7938-01,ERBB2,mutation_assayed_no_variant_reported,1,0
LUAD,TCGA-97-7941-01,KRAS,variant_reported,1,1
LUAD,TCGA-97-7941-01,TP53,mutation_assayed_no_variant_reported,1,0
LUAD,TCGA-97-7941-01,EGFR,mutation_assayed_no_variant_reported,1,0
LUAD,TCGA-97-7941-01,ERBB2,mutation_assayed_no_variant_reported,1,0
LUAD,TCGA-97-8171-01,KRAS,mutation_assayed_no_variant_reported,1,0
LUAD,TCGA-97-8171-01,TP53,mutation_assayed_no_variant_reported,1,0
LUAD,TCGA-97-8171-01,EGFR,variant_reported,1,1
LUAD,TCGA-97-8171-01,ERBB2,mutation_assayed_no_variant_reported,1,0
LUAD,TCGA-97-8172-01,KRAS,mutation_assayed_no_variant_reported,1,0
LUAD,TCGA-97-8172-01,TP53,mutation_assayed_no_variant_reported,1,0
LUAD,TCGA-97-8172-01,EGFR,mutation_assayed_no_variant_reported,1,0
LUAD,TCGA-97-8172-01,ERBB2,mutation_assayed_no_variant_reported,1,0
LUAD,TCGA-97-8174-01,KRAS,mutation_assayed_no_variant_reported,1,0
LUAD,TCGA-97-8174-01,TP53,mutation_assayed_no_variant_reported,1,0
LUAD,TCGA-97-8174-01,EGFR,mutation_assayed_no_variant_reported,1,0
LUAD,TCGA-97-8174-01,ERBB2,mutation_assayed_no_variant_reported,1,0
LUAD,TCGA-97-8175-01,KRAS,mutation_assayed_no_variant_reported,1,0
LUAD,TCGA-97-8175-01,TP53,variant_reported,1,1
LUAD,TCGA-97-8175-01,EGFR,mutation_assayed_no_variant_reported,1,0
LUAD,TCGA-97-8175-01,ERBB2,variant_reported,1,1
LUAD,TCGA-97-8176-01,KRAS,variant_reported,1,1
LUAD,TCGA-97-8176-01,TP53,mutation_assayed_no_variant_reported,1,0
LUAD,TCGA-97-8176-01,EGFR,mutation_assayed_no_variant_reported,1,0
LUAD,TCGA-97-8176-01,ERBB2,mutation_assayed_no_variant_reported,1,0
LUAD,TCGA-97-8177-01,KRAS,mutation_assayed_no_variant_reported,1,0
LUAD,TCGA-97-8177-01,TP53,mutation_assayed_no_variant_reported,1,0
LUAD,TCGA-97-8177-01,EGFR,variant_reported,1,1
LUAD,TCGA-97-8177-01,ERBB2,mutation_assayed_no_variant_reported,1,0
LUAD,TCGA-97-8179-01,KRAS,variant_reported,1,1
LUAD,TCGA-97-8179-01,TP53,variant_reported,1,1
LUAD,TCGA-97-8179-01,EGFR,mutation_assayed_no_variant_reported,1,0
LUAD,TCGA-97-8179-01,ERBB2,mutation_assayed_no_variant_reported,1,0
LUAD,TCGA-97-8547-01,KRAS,mutation_assayed_no_variant_reported,1,0
LUAD,TCGA-97-8547-01,TP53,variant_reported,1,1
LUAD,TCGA-97-8547-01,EGFR,variant_reported,1,1
LUAD,TCGA-97-8547-01,ERBB2,mutation_assayed_no_variant_reported,1,0
LUAD,TCGA-97-8552-01,KRAS,mutation_assayed_no_variant_reported,1,0
LUAD,TCGA-97-8552-01,TP53,mutation_assayed_no_variant_reported,1,0
LUAD,TCGA-97-8552-01,EGFR,variant_reported,1,1
LUAD,TCGA-97-8552-01,ERBB2,mutation_assayed_no_variant_reported,1,0
LUAD,TCGA-97-A4LX-01,KRAS,mutation_assayed_no_variant_reported,1,0
LUAD,TCGA-97-A4LX-01,TP53,mutation_assayed_no_variant_reported,1,0
LUAD,TCGA-97-A4LX-01,EGFR,mutation_assayed_no_variant_reported,1,0
LUAD,TCGA-97-A4LX-01,ERBB2,mutation_assayed_no_variant_reported,1,0
LUAD,TCGA-97-A4M0-01,KRAS,variant_reported,1,1
LUAD,TCGA-97-A4M0-01,TP53,mutation_assayed_no_variant_reported,1,0
LUAD,TCGA-97-A4M0-01,EGFR,mutation_assayed_no_variant_reported,1,0
LUAD,TCGA-97-A4M0-01,ERBB2,mutation_assayed_no_variant_reported,1,0
LUAD,TCGA-97-A4M1-01,KRAS,mutation_assayed_no_variant_reported,1,0
LUAD,TCGA-97-A4M1-01,TP53,variant_reported,1,1
LUAD,TCGA-97-A4M1-01,EGFR,variant_reported,1,1
LUAD,TCGA-97-A4M1-01,ERBB2,mutation_assayed_no_variant_reported,1,0
LUAD,TCGA-97-A4M3-01,KRAS,mutation_assayed_no_variant_reported,1,0
LUAD,TCGA-97-A4M3-01,TP53,mutation_assayed_no_variant_reported,1,0
LUAD,TCGA-97-A4M3-01,EGFR,mutation_assayed_no_variant_reported,1,0
LUAD,TCGA-97-A4M3-01,ERBB2,mutation_assayed_no_variant_reported,1,0
LUAD,TCGA-97-A4M5-01,KRAS,variant_reported,1,1
LUAD,TCGA-97-A4M5-01,TP53,mutation_assayed_no_variant_reported,1,0
LUAD,TCGA-97-A4M5-01,EGFR,mutation_assayed_no_variant_reported,1,0
LUAD,TCGA-97-A4M5-01,ERBB2,mutation_assayed_no_variant_reported,1,0
LUAD,TCGA-97-A4M6-01,KRAS,mutation_assayed_no_variant_reported,1,0
LUAD,TCGA-97-A4M6-01,TP53,mutation_assayed_no_variant_reported,1,0
LUAD,TCGA-97-A4M6-01,EGFR,variant_reported,1,1
LUAD,TCGA-97-A4M6-01,ERBB2,mutation_assayed_no_variant_reported,1,0
LUAD,TCGA-97-A4M7-01,KRAS,mutation_assayed_no_variant_reported,1,0
LUAD,TCGA-97-A4M7-01,TP53,mutation_assayed_no_variant_reported,1,0
LUAD,TCGA-97-A4M7-01,EGFR,variant_reported,1,1
LUAD,TCGA-97-A4M7-01,ERBB2,mutation_assayed_no_variant_reported,1,0
LUAD,TCGA-99-7458-01,KRAS,mutation_assayed_no_variant_reported,1,0
LUAD,TCGA-99-7458-01,TP53,variant_reported,1,1
LUAD,TCGA-99-7458-01,EGFR,mutation_assayed_no_variant_reported,1,0
LUAD,TCGA-99-7458-01,ERBB2,mutation_assayed_no_variant_reported,1,0
LUAD,TCGA-99-8025-01,KRAS,variant_reported,1,1
LUAD,TCGA-99-8025-01,TP53,variant_reported,1,1
LUAD,TCGA-99-8025-01,EGFR,mutation_assayed_no_variant_reported,1,0
LUAD,TCGA-99-8025-01,ERBB2,mutation_assayed_no_variant_reported,1,0
LUAD,TCGA-99-8028-01,KRAS,variant_reported,1,1
LUAD,TCGA-99-8028-01,TP53,variant_reported,1,1
LUAD,TCGA-99-8028-01,EGFR,mutation_assayed_no_variant_reported,1,0
LUAD,TCGA-99-8028-01,ERBB2,mutation_assayed_no_variant_reported,1,0
LUAD,TCGA-99-8032-01,KRAS,variant_reported,1,1
LUAD,TCGA-99-8032-01,TP53,mutation_assayed_no_variant_reported,1,0
LUAD,TCGA-99-8032-01,EGFR,mutation_assayed_no_variant_reported,1,0
LUAD,TCGA-99-8032-01,ERBB2,mutation_assayed_no_variant_reported,1,0
LUAD,TCGA-99-8033-01,KRAS,mutation_assayed_no_variant_reported,1,0
LUAD,TCGA-99-8033-01,TP53,variant_reported,1,1
LUAD,TCGA-99-8033-01,EGFR,mutation_assayed_no_variant_reported,1,0
LUAD,TCGA-99-8033-01,ERBB2,mutation_assayed_no_variant_reported,1,0
LUAD,TCGA-99-AA5R-01,KRAS,mutation_assayed_no_variant_reported,1,0
LUAD,TCGA-99-AA5R-01,TP53,mutation_assayed_no_variant_reported,1,0
LUAD,TCGA-99-AA5R-01,EGFR,mutation_assayed_no_variant_reported,1,0
LUAD,TCGA-99-AA5R-01,ERBB2,mutation_assayed_no_variant_reported,1,0
LUAD,TCGA-J2-8192-01,KRAS,mutation_assayed_no_variant_reported,1,0
LUAD,TCGA-J2-8192-01,TP53,mutation_assayed_no_variant_reported,1,0
LUAD,TCGA-J2-8192-01,EGFR,variant_reported,1,1
LUAD,TCGA-J2-8192-01,ERBB2,mutation_assayed_no_variant_reported,1,0
LUAD,TCGA-J2-8194-01,KRAS,variant_reported,1,1
LUAD,TCGA-J2-8194-01,TP53,mutation_assayed_no_variant_reported,1,0
LUAD,TCGA-J2-8194-01,EGFR,mutation_assayed_no_variant_reported,1,0
LUAD,TCGA-J2-8194-01,ERBB2,mutation_assayed_no_variant_reported,1,0
LUAD,TCGA-J2-A4AD-01,KRAS,mutation_assayed_no_variant_reported,1,0
LUAD,TCGA-J2-A4AD-01,TP53,variant_reported,1,1
LUAD,TCGA-J2-A4AD-01,EGFR,mutation_assayed_no_variant_reported,1,0
LUAD,TCGA-J2-A4AD-01,ERBB2,mutation_assayed_no_variant_reported,1,0
LUAD,TCGA-J2-A4AE-01,KRAS,mutation_assayed_no_variant_reported,1,0
LUAD,TCGA-J2-A4AE-01,TP53,mutation_assayed_no_variant_reported,1,0
LUAD,TCGA-J2-A4AE-01,EGFR,mutation_assayed_no_variant_reported,1,0
LUAD,TCGA-J2-A4AE-01,ERBB2,mutation_assayed_no_variant_reported,1,0
LUAD,TCGA-J2-A4AG-01,KRAS,variant_reported,1,1
LUAD,TCGA-J2-A4AG-01,TP53,mutation_assayed_no_variant_reported,1,0
LUAD,TCGA-J2-A4AG-01,EGFR,mutation_assayed_no_variant_reported,1,0
LUAD,TCGA-J2-A4AG-01,ERBB2,mutation_assayed_no_variant_reported,1,0
LUAD,TCGA-L4-A4E5-01,KRAS,mutation_assayed_no_variant_reported,1,0
LUAD,TCGA-L4-A4E5-01,TP53,variant_reported,1,1
LUAD,TCGA-L4-A4E5-01,EGFR,mutation_assayed_no_variant_reported,1,0
LUAD,TCGA-L4-A4E5-01,ERBB2,mutation_assayed_no_variant_reported,1,0
LUAD,TCGA-L4-A4E6-01,KRAS,mutation_assayed_no_variant_reported,1,0
LUAD,TCGA-L4-A4E6-01,TP53,mutation_assayed_no_variant_reported,1,0
LUAD,TCGA-L4-A4E6-01,EGFR,mutation_assayed_no_variant_reported,1,0
LUAD,TCGA-L4-A4E6-01,ERBB2,mutation_assayed_no_variant_reported,1,0
LUAD,TCGA-L9-A443-01,KRAS,variant_reported,1,1
LUAD,TCGA-L9-A443-01,TP53,mutation_assayed_no_variant_reported,1,0
LUAD,TCGA-L9-A443-01,EGFR,mutation_assayed_no_variant_reported,1,0
LUAD,TCGA-L9-A443-01,ERBB2,mutation_assayed_no_variant_reported,1,0
LUAD,TCGA-L9-A444-01,KRAS,mutation_assayed_no_variant_reported,1,0
LUAD,TCGA-L9-A444-01,TP53,variant_reported,1,1
LUAD,TCGA-L9-A444-01,EGFR,mutation_assayed_no_variant_reported,1,0
LUAD,TCGA-L9-A444-01,ERBB2,mutation_assayed_no_variant_reported,1,0
LUAD,TCGA-L9-A50W-01,KRAS,mutation_assayed_no_variant_reported,1,0
LUAD,TCGA-L9-A50W-01,TP53,mutation_assayed_no_variant_reported,1,0
LUAD,TCGA-L9-A50W-01,EGFR,variant_reported,1,1
LUAD,TCGA-L9-A50W-01,ERBB2,mutation_assayed_no_variant_reported,1,0
LUAD,TCGA-L9-A5IP-01,KRAS,mutation_assayed_no_variant_reported,1,0
LUAD,TCGA-L9-A5IP-01,TP53,variant_reported,1,1
LUAD,TCGA-L9-A5IP-01,EGFR,mutation_assayed_no_variant_reported,1,0
LUAD,TCGA-L9-A5IP-01,ERBB2,mutation_assayed_no_variant_reported,1,0
LUAD,TCGA-L9-A743-01,KRAS,mutation_assayed_no_variant_reported,1,0
LUAD,TCGA-L9-A743-01,TP53,variant_reported,1,1
LUAD,TCGA-L9-A743-01,EGFR,mutation_assayed_no_variant_reported,1,0
LUAD,TCGA-L9-A743-01,ERBB2,mutation_assayed_no_variant_reported,1,0
LUAD,TCGA-L9-A7SV-01,KRAS,mutation_assayed_no_variant_reported,1,0
LUAD,TCGA-L9-A7SV-01,TP53,variant_reported,1,1
LUAD,TCGA-L9-A7SV-01,EGFR,mutation_assayed_no_variant_reported,1,0
LUAD,TCGA-L9-A7SV-01,ERBB2,mutation_assayed_no_variant_reported,1,0
LUAD,TCGA-L9-A8F4-01,KRAS,mutation_assayed_no_variant_reported,1,0
LUAD,TCGA-L9-A8F4-01,TP53,variant_reported,1,1
LUAD,TCGA-L9-A8F4-01,EGFR,mutation_assayed_no_variant_reported,1,0
LUAD,TCGA-L9-A8F4-01,ERBB2,mutation_assayed_no_variant_reported,1,0
LUAD,TCGA-MN-A4N1-01,KRAS,mutation_assayed_no_variant_reported,1,0
LUAD,TCGA-MN-A4N1-01,TP53,variant_reported,1,1
LUAD,TCGA-MN-A4N1-01,EGFR,mutation_assayed_no_variant_reported,1,0
LUAD,TCGA-MN-A4N1-01,ERBB2,mutation_assayed_no_variant_reported,1,0
LUAD,TCGA-MN-A4N4-01,KRAS,mutation_assayed_no_variant_reported,1,0
LUAD,TCGA-MN-A4N4-01,TP53,mutation_assayed_no_variant_reported,1,0
LUAD,TCGA-MN-A4N4-01,EGFR,mutation_assayed_no_variant_reported,1,0
LUAD,TCGA-MN-A4N4-01,ERBB2,mutation_assayed_no_variant_reported,1,0
LUAD,TCGA-MN-A4N5-01,KRAS,variant_reported,1,1
LUAD,TCGA-MN-A4N5-01,TP53,variant_reported,1,1
LUAD,TCGA-MN-A4N5-01,EGFR,mutation_assayed_no_variant_reported,1,0
LUAD,TCGA-MN-A4N5-01,ERBB2,mutation_assayed_no_variant_reported,1,0
LUAD,TCGA-MP-A4SV-01,KRAS,mutation_assayed_no_variant_reported,1,0
LUAD,TCGA-MP-A4SV-01,TP53,variant_reported,1,1
LUAD,TCGA-MP-A4SV-01,EGFR,mutation_assayed_no_variant_reported,1,0
LUAD,TCGA-MP-A4SV-01,ERBB2,mutation_assayed_no_variant_reported,1,0
LUAD,TCGA-MP-A4SW-01,KRAS,mutation_assayed_no_variant_reported,1,0
LUAD,TCGA-MP-A4SW-01,TP53,mutation_assayed_no_variant_reported,1,0
LUAD,TCGA-MP-A4SW-01,EGFR,variant_reported,1,1
LUAD,TCGA-MP-A4SW-01,ERBB2,mutation_assayed_no_variant_reported,1,0
LUAD,TCGA-MP-A4SY-01,KRAS,variant_reported,1,1
LUAD,TCGA-MP-A4SY-01,TP53,mutation_assayed_no_variant_reported,1,0
LUAD,TCGA-MP-A4SY-01,EGFR,mutation_assayed_no_variant_reported,1,0
LUAD,TCGA-MP-A4SY-01,ERBB2,mutation_assayed_no_variant_reported,1,0
LUAD,TCGA-MP-A4T2-01,KRAS,mutation_assayed_no_variant_reported,1,0
LUAD,TCGA-MP-A4T2-01,TP53,mutation_assayed_no_variant_reported,1,0
LUAD,TCGA-MP-A4T2-01,EGFR,mutation_assayed_no_variant_reported,1,0
LUAD,TCGA-MP-A4T2-01,ERBB2,mutation_assayed_no_variant_reported,1,0
LUAD,TCGA-MP-A4T4-01,KRAS,variant_reported,1,1
LUAD,TCGA-MP-A4T4-01,TP53,mutation_assayed_no_variant_reported,1,0
LUAD,TCGA-MP-A4T4-01,EGFR,mutation_assayed_no_variant_reported,1,0
LUAD,TCGA-MP-A4T4-01,ERBB2,mutation_assayed_no_variant_reported,1,0
LUAD,TCGA-MP-A4T6-01,KRAS,mutation_assayed_no_variant_reported,1,0
LUAD,TCGA-MP-A4T6-01,TP53,mutation_assayed_no_variant_reported,1,0
LUAD,TCGA-MP-A4T6-01,EGFR,variant_reported,1,1
LUAD,TCGA-MP-A4T6-01,ERBB2,mutation_assayed_no_variant_reported,1,0
LUAD,TCGA-MP-A4T7-01,KRAS,variant_reported,1,1
LUAD,TCGA-MP-A4T7-01,TP53,mutation_assayed_no_variant_reported,1,0
LUAD,TCGA-MP-A4T7-01,EGFR,mutation_assayed_no_variant_reported,1,0
LUAD,TCGA-MP-A4T7-01,ERBB2,mutation_assayed_no_variant_reported,1,0
LUAD,TCGA-MP-A4T8-01,KRAS,variant_reported,1,1
LUAD,TCGA-MP-A4T8-01,TP53,mutation_assayed_no_variant_reported,1,0
LUAD,TCGA-MP-A4T8-01,EGFR,mutation_assayed_no_variant_reported,1,0
LUAD,TCGA-MP-A4T8-01,ERBB2,mutation_assayed_no_variant_reported,1,0
LUAD,TCGA-MP-A4T9-01,KRAS,mutation_assayed_no_variant_reported,1,0
LUAD,TCGA-MP-A4T9-01,TP53,variant_reported,1,1
LUAD,TCGA-MP-A4T9-01,EGFR,variant_reported,1,1
LUAD,TCGA-MP-A4T9-01,ERBB2,mutation_assayed_no_variant_reported,1,0
LUAD,TCGA-MP-A4TA-01,KRAS,mutation_assayed_no_variant_reported,1,0
LUAD,TCGA-MP-A4TA-01,TP53,variant_reported,1,1
LUAD,TCGA-MP-A4TA-01,EGFR,mutation_assayed_no_variant_reported,1,0
LUAD,TCGA-MP-A4TA-01,ERBB2,mutation_assayed_no_variant_reported,1,0
LUAD,TCGA-MP-A4TC-01,KRAS,mutation_assayed_no_variant_reported,1,0
LUAD,TCGA-MP-A4TC-01,TP53,variant_reported,1,1
LUAD,TCGA-MP-A4TC-01,EGFR,mutation_assayed_no_variant_reported,1,0
LUAD,TCGA-MP-A4TC-01,ERBB2,mutation_assayed_no_variant_reported,1,0
LUAD,TCGA-MP-A4TD-01,KRAS,variant_reported,1,1
LUAD,TCGA-MP-A4TD-01,TP53,mutation_assayed_no_variant_reported,1,0
LUAD,TCGA-MP-A4TD-01,EGFR,mutation_assayed_no_variant_reported,1,0
LUAD,TCGA-MP-A4TD-01,ERBB2,mutation_assayed_no_variant_reported,1,0
LUAD,TCGA-MP-A4TE-01,KRAS,variant_reported,1,1
LUAD,TCGA-MP-A4TE-01,TP53,mutation_assayed_no_variant_reported,1,0
LUAD,TCGA-MP-A4TE-01,EGFR,mutation_assayed_no_variant_reported,1,0
LUAD,TCGA-MP-A4TE-01,ERBB2,mutation_assayed_no_variant_reported,1,0
LUAD,TCGA-MP-A4TF-01,KRAS,variant_reported,1,1
LUAD,TCGA-MP-A4TF-01,TP53,variant_reported,1,1
LUAD,TCGA-MP-A4TF-01,EGFR,mutation_assayed_no_variant_reported,1,0
LUAD,TCGA-MP-A4TF-01,ERBB2,mutation_assayed_no_variant_reported,1,0
LUAD,TCGA-MP-A4TH-01,KRAS,mutation_assayed_no_variant_reported,1,0
LUAD,TCGA-MP-A4TH-01,TP53,mutation_assayed_no_variant_reported,1,0
LUAD,TCGA-MP-A4TH-01,EGFR,mutation_assayed_no_variant_reported,1,0
LUAD,TCGA-MP-A4TH-01,ERBB2,mutation_assayed_no_variant_reported,1,0
LUAD,TCGA-MP-A4TJ-01,KRAS,variant_reported,1,1
LUAD,TCGA-MP-A4TJ-01,TP53,mutation_assayed_no_variant_reported,1,0
LUAD,TCGA-MP-A4TJ-01,EGFR,mutation_assayed_no_variant_reported,1,0
LUAD,TCGA-MP-A4TJ-01,ERBB2,mutation_assayed_no_variant_reported,1,0
LUAD,TCGA-MP-A4TK-01,KRAS,mutation_assayed_no_variant_reported,1,0
LUAD,TCGA-MP-A4TK-01,TP53,variant_reported,1,1
LUAD,TCGA-MP-A4TK-01,EGFR,mutation_assayed_no_variant_reported,1,0
LUAD,TCGA-MP-A4TK-01,ERBB2,mutation_assayed_no_variant_reported,1,0
LUAD,TCGA-MP-A5C7-01,KRAS,mutation_assayed_no_variant_reported,1,0
LUAD,TCGA-MP-A5C7-01,TP53,mutation_assayed_no_variant_reported,1,0
LUAD,TCGA-MP-A5C7-01,EGFR,mutation_assayed_no_variant_reported,1,0
LUAD,TCGA-MP-A5C7-01,ERBB2,mutation_assayed_no_variant_reported,1,0
LUAD,TCGA-NJ-A4YF-01,KRAS,mutation_assayed_no_variant_reported,1,0
LUAD,TCGA-NJ-A4YF-01,TP53,variant_reported,1,1
LUAD,TCGA-NJ-A4YF-01,EGFR,mutation_assayed_no_variant_reported,1,0
LUAD,TCGA-NJ-A4YF-01,ERBB2,mutation_assayed_no_variant_reported,1,0
LUAD,TCGA-NJ-A4YG-01,KRAS,variant_reported,1,1
LUAD,TCGA-NJ-A4YG-01,TP53,mutation_assayed_no_variant_reported,1,0
LUAD,TCGA-NJ-A4YG-01,EGFR,mutation_assayed_no_variant_reported,1,0
LUAD,TCGA-NJ-A4YG-01,ERBB2,mutation_assayed_no_variant_reported,1,0
LUAD,TCGA-NJ-A4YI-01,KRAS,variant_reported,1,1
LUAD,TCGA-NJ-A4YI-01,TP53,mutation_assayed_no_variant_reported,1,0
LUAD,TCGA-NJ-A4YI-01,EGFR,mutation_assayed_no_variant_reported,1,0
LUAD,TCGA-NJ-A4YI-01,ERBB2,mutation_assayed_no_variant_reported,1,0
LUAD,TCGA-NJ-A4YP-01,KRAS,variant_reported,1,1
LUAD,TCGA-NJ-A4YP-01,TP53,mutation_assayed_no_variant_reported,1,0
LUAD,TCGA-NJ-A4YP-01,EGFR,mutation_assayed_no_variant_reported,1,0
LUAD,TCGA-NJ-A4YP-01,ERBB2,mutation_assayed_no_variant_reported,1,0
LUAD,TCGA-NJ-A4YQ-01,KRAS,mutation_assayed_no_variant_reported,1,0
LUAD,TCGA-NJ-A4YQ-01,TP53,mutation_assayed_no_variant_reported,1,0
LUAD,TCGA-NJ-A4YQ-01,EGFR,mutation_assayed_no_variant_reported,1,0
LUAD,TCGA-NJ-A4YQ-01,ERBB2,mutation_assayed_no_variant_reported,1,0
LUAD,TCGA-NJ-A55A-01,KRAS,mutation_assayed_no_variant_reported,1,0
LUAD,TCGA-NJ-A55A-01,TP53,mutation_assayed_no_variant_reported,1,0
LUAD,TCGA-NJ-A55A-01,EGFR,mutation_assayed_no_variant_reported,1,0
LUAD,TCGA-NJ-A55A-01,ERBB2,mutation_assayed_no_variant_reported,1,0
LUAD,TCGA-NJ-A55O-01,KRAS,variant_reported,1,1
LUAD,TCGA-NJ-A55O-01,TP53,mutation_assayed_no_variant_reported,1,0
LUAD,TCGA-NJ-A55O-01,EGFR,mutation_assayed_no_variant_reported,1,0
LUAD,TCGA-NJ-A55O-01,ERBB2,mutation_assayed_no_variant_reported,1,0
LUAD,TCGA-NJ-A55R-01,KRAS,variant_reported,1,1
LUAD,TCGA-NJ-A55R-01,TP53,mutation_assayed_no_variant_reported,1,0
LUAD,TCGA-NJ-A55R-01,EGFR,mutation_assayed_no_variant_reported,1,0
LUAD,TCGA-NJ-A55R-01,ERBB2,mutation_assayed_no_variant_reported,1,0
LUAD,TCGA-NJ-A7XG-01,KRAS,mutation_assayed_no_variant_reported,1,0
LUAD,TCGA-NJ-A7XG-01,TP53,mutation_assayed_no_variant_reported,1,0
LUAD,TCGA-NJ-A7XG-01,EGFR,mutation_assayed_no_variant_reported,1,0
LUAD,TCGA-NJ-A7XG-01,ERBB2,mutation_assayed_no_variant_reported,1,0
LUAD,TCGA-O1-A52J-01,KRAS,mutation_assayed_no_variant_reported,1,0
LUAD,TCGA-O1-A52J-01,TP53,variant_reported,1,1
LUAD,TCGA-O1-A52J-01,EGFR,variant_reported,1,1
LUAD,TCGA-O1-A52J-01,ERBB2,mutation_assayed_no_variant_reported,1,0
LUAD,TCGA-S2-AA1A-01,KRAS,mutation_assayed_no_variant_reported,1,0
LUAD,TCGA-S2-AA1A-01,TP53,mutation_assayed_no_variant_reported,1,0
LUAD,TCGA-S2-AA1A-01,EGFR,mutation_assayed_no_variant_reported,1,0
LUAD,TCGA-S2-AA1A-01,ERBB2,mutation_assayed_no_variant_reported,1,0
PAAD,TCGA-2J-AAB1-01,KRAS,variant_reported,1,1
PAAD,TCGA-2J-AAB1-01,TP53,mutation_assayed_no_variant_reported,1,0
PAAD,TCGA-2J-AAB1-01,EGFR,mutation_assayed_no_variant_reported,1,0
PAAD,TCGA-2J-AAB1-01,ERBB2,mutation_assayed_no_variant_reported,1,0
PAAD,TCGA-2J-AAB4-01,KRAS,variant_reported,1,1
PAAD,TCGA-2J-AAB4-01,TP53,variant_reported,1,1
PAAD,TCGA-2J-AAB4-01,EGFR,mutation_assayed_no_variant_reported,1,0
PAAD,TCGA-2J-AAB4-01,ERBB2,mutation_assayed_no_variant_reported,1,0
PAAD,TCGA-2J-AAB6-01,KRAS,variant_reported,1,1
PAAD,TCGA-2J-AAB6-01,TP53,variant_reported,1,1
PAAD,TCGA-2J-AAB6-01,EGFR,mutation_assayed_no_variant_reported,1,0
PAAD,TCGA-2J-AAB6-01,ERBB2,mutation_assayed_no_variant_reported,1,0
PAAD,TCGA-2J-AAB8-01,KRAS,variant_reported,1,1
PAAD,TCGA-2J-AAB8-01,TP53,variant_reported,1,1
PAAD,TCGA-2J-AAB8-01,EGFR,mutation_assayed_no_variant_reported,1,0
PAAD,TCGA-2J-AAB8-01,ERBB2,mutation_assayed_no_variant_reported,1,0
PAAD,TCGA-2J-AAB9-01,KRAS,mutation_assayed_no_variant_reported,1,0
PAAD,TCGA-2J-AAB9-01,TP53,variant_reported,1,1
PAAD,TCGA-2J-AAB9-01,EGFR,mutation_assayed_no_variant_reported,1,0
PAAD,TCGA-2J-AAB9-01,ERBB2,mutation_assayed_no_variant_reported,1,0
PAAD,TCGA-2J-AABA-01,KRAS,mutation_assayed_no_variant_reported,1,0
PAAD,TCGA-2J-AABA-01,TP53,mutation_assayed_no_variant_reported,1,0
PAAD,TCGA-2J-AABA-01,EGFR,mutation_assayed_no_variant_reported,1,0
PAAD,TCGA-2J-AABA-01,ERBB2,mutation_assayed_no_variant_reported,1,0
PAAD,TCGA-2J-AABE-01,KRAS,variant_reported,1,1
PAAD,TCGA-2J-AABE-01,TP53,mutation_assayed_no_variant_reported,1,0
PAAD,TCGA-2J-AABE-01,EGFR,mutation_assayed_no_variant_reported,1,0
PAAD,TCGA-2J-AABE-01,ERBB2,mutation_assayed_no_variant_reported,1,0
PAAD,TCGA-2J-AABF-01,KRAS,variant_reported,1,1
PAAD,TCGA-2J-AABF-01,TP53,variant_reported,1,1
PAAD,TCGA-2J-AABF-01,EGFR,mutation_assayed_no_variant_reported,1,0
PAAD,TCGA-2J-AABF-01,ERBB2,mutation_assayed_no_variant_reported,1,0
PAAD,TCGA-2J-AABH-01,KRAS,variant_reported,1,1
PAAD,TCGA-2J-AABH-01,TP53,variant_reported,1,1
PAAD,TCGA-2J-AABH-01,EGFR,mutation_assayed_no_variant_reported,1,0
PAAD,TCGA-2J-AABH-01,ERBB2,mutation_assayed_no_variant_reported,1,0
PAAD,TCGA-2J-AABI-01,KRAS,variant_reported,1,1
PAAD,TCGA-2J-AABI-01,TP53,variant_reported,1,1
PAAD,TCGA-2J-AABI-01,EGFR,mutation_assayed_no_variant_reported,1,0
PAAD,TCGA-2J-AABI-01,ERBB2,mutation_assayed_no_variant_reported,1,0
PAAD,TCGA-2J-AABK-01,KRAS,variant_reported,1,1
PAAD,TCGA-2J-AABK-01,TP53,variant_reported,1,1
PAAD,TCGA-2J-AABK-01,EGFR,mutation_assayed_no_variant_reported,1,0
PAAD,TCGA-2J-AABK-01,ERBB2,mutation_assayed_no_variant_reported,1,0
PAAD,TCGA-2J-AABO-01,KRAS,variant_reported,1,1
PAAD,TCGA-2J-AABO-01,TP53,variant_reported,1,1
PAAD,TCGA-2J-AABO-01,EGFR,mutation_assayed_no_variant_reported,1,0
PAAD,TCGA-2J-AABO-01,ERBB2,mutation_assayed_no_variant_reported,1,0
PAAD,TCGA-2J-AABP-01,KRAS,mutation_assayed_no_variant_reported,1,0
PAAD,TCGA-2J-AABP-01,TP53,variant_reported,1,1
PAAD,TCGA-2J-AABP-01,EGFR,mutation_assayed_no_variant_reported,1,0
PAAD,TCGA-2J-AABP-01,ERBB2,mutation_assayed_no_variant_reported,1,0
PAAD,TCGA-2J-AABR-01,KRAS,mutation_assayed_no_variant_reported,1,0
PAAD,TCGA-2J-AABR-01,TP53,mutation_assayed_no_variant_reported,1,0
PAAD,TCGA-2J-AABR-01,EGFR,mutation_assayed_no_variant_reported,1,0
PAAD,TCGA-2J-AABR-01,ERBB2,mutation_assayed_no_variant_reported,1,0
PAAD,TCGA-2J-AABT-01,KRAS,variant_reported,1,1
PAAD,TCGA-2J-AABT-01,TP53,variant_reported,1,1
PAAD,TCGA-2J-AABT-01,EGFR,mutation_assayed_no_variant_reported,1,0
PAAD,TCGA-2J-AABT-01,ERBB2,mutation_assayed_no_variant_reported,1,0
PAAD,TCGA-2J-AABV-01,KRAS,mutation_assayed_no_variant_reported,1,0
PAAD,TCGA-2J-AABV-01,TP53,mutation_assayed_no_variant_reported,1,0
PAAD,TCGA-2J-AABV-01,EGFR,mutation_assayed_no_variant_reported,1,0
PAAD,TCGA-2J-AABV-01,ERBB2,mutation_assayed_no_variant_reported,1,0
PAAD,TCGA-2L-AAQA-01,KRAS,variant_reported,1,1
PAAD,TCGA-2L-AAQA-01,TP53,variant_reported,1,1
PAAD,TCGA-2L-AAQA-01,EGFR,mutation_assayed_no_variant_reported,1,0
PAAD,TCGA-2L-AAQA-01,ERBB2,mutation_assayed_no_variant_reported,1,0
PAAD,TCGA-2L-AAQE-01,KRAS,variant_reported,1,1
PAAD,TCGA-2L-AAQE-01,TP53,variant_reported,1,1
PAAD,TCGA-2L-AAQE-01,EGFR,mutation_assayed_no_variant_reported,1,0
PAAD,TCGA-2L-AAQE-01,ERBB2,mutation_assayed_no_variant_reported,1,0
PAAD,TCGA-2L-AAQI-01,KRAS,variant_reported,1,1
PAAD,TCGA-2L-AAQI-01,TP53,variant_reported,1,1
PAAD,TCGA-2L-AAQI-01,EGFR,mutation_assayed_no_variant_reported,1,0
PAAD,TCGA-2L-AAQI-01,ERBB2,mutation_assayed_no_variant_reported,1,0
PAAD,TCGA-2L-AAQJ-01,KRAS,variant_reported,1,1
PAAD,TCGA-2L-AAQJ-01,TP53,mutation_assayed_no_variant_reported,1,0
PAAD,TCGA-2L-AAQJ-01,EGFR,mutation_assayed_no_variant_reported,1,0
PAAD,TCGA-2L-AAQJ-01,ERBB2,mutation_assayed_no_variant_reported,1,0
PAAD,TCGA-2L-AAQL-01,KRAS,variant_reported,1,1
PAAD,TCGA-2L-AAQL-01,TP53,variant_reported,1,1
PAAD,TCGA-2L-AAQL-01,EGFR,mutation_assayed_no_variant_reported,1,0
PAAD,TCGA-2L-AAQL-01,ERBB2,mutation_assayed_no_variant_reported,1,0
PAAD,TCGA-2L-AAQM-01,KRAS,mutation_assayed_no_variant_reported,1,0
PAAD,TCGA-2L-AAQM-01,TP53,mutation_assayed_no_variant_reported,1,0
PAAD,TCGA-2L-AAQM-01,EGFR,mutation_assayed_no_variant_reported,1,0
PAAD,TCGA-2L-AAQM-01,ERBB2,mutation_assayed_no_variant_reported,1,0
PAAD,TCGA-3A-A9I5-01,KRAS,mutation_assayed_no_variant_reported,1,0
PAAD,TCGA-3A-A9I5-01,TP53,mutation_assayed_no_variant_reported,1,0
PAAD,TCGA-3A-A9I5-01,EGFR,mutation_assayed_no_variant_reported,1,0
PAAD,TCGA-3A-A9I5-01,ERBB2,mutation_assayed_no_variant_reported,1,0
PAAD,TCGA-3A-A9I7-01,KRAS,variant_reported,1,1
PAAD,TCGA-3A-A9I7-01,TP53,mutation_assayed_no_variant_reported,1,0
PAAD,TCGA-3A-A9I7-01,EGFR,mutation_assayed_no_variant_reported,1,0
PAAD,TCGA-3A-A9I7-01,ERBB2,mutation_assayed_no_variant_reported,1,0
PAAD,TCGA-3A-A9I9-01,KRAS,variant_reported,1,1
PAAD,TCGA-3A-A9I9-01,TP53,variant_reported,1,1
PAAD,TCGA-3A-A9I9-01,EGFR,mutation_assayed_no_variant_reported,1,0
PAAD,TCGA-3A-A9I9-01,ERBB2,mutation_assayed_no_variant_reported,1,0
PAAD,TCGA-3A-A9IB-01,KRAS,variant_reported,1,1
PAAD,TCGA-3A-A9IB-01,TP53,variant_reported,1,1
PAAD,TCGA-3A-A9IB-01,EGFR,mutation_assayed_no_variant_reported,1,0
PAAD,TCGA-3A-A9IB-01,ERBB2,mutation_assayed_no_variant_reported,1,0
PAAD,TCGA-3A-A9IC-01,KRAS,variant_reported,1,1
PAAD,TCGA-3A-A9IC-01,TP53,variant_reported,1,1
PAAD,TCGA-3A-A9IC-01,EGFR,mutation_assayed_no_variant_reported,1,0
PAAD,TCGA-3A-A9IC-01,ERBB2,mutation_assayed_no_variant_reported,1,0
PAAD,TCGA-3A-A9IH-01,KRAS,variant_reported,1,1
PAAD,TCGA-3A-A9IH-01,TP53,variant_reported,1,1
PAAD,TCGA-3A-A9IH-01,EGFR,mutation_assayed_no_variant_reported,1,0
PAAD,TCGA-3A-A9IH-01,ERBB2,mutation_assayed_no_variant_reported,1,0
PAAD,TCGA-3A-A9IJ-01,KRAS,mutation_assayed_no_variant_reported,1,0
PAAD,TCGA-3A-A9IJ-01,TP53,mutation_assayed_no_variant_reported,1,0
PAAD,TCGA-3A-A9IJ-01,EGFR,mutation_assayed_no_variant_reported,1,0
PAAD,TCGA-3A-A9IJ-01,ERBB2,mutation_assayed_no_variant_reported,1,0
PAAD,TCGA-3A-A9IL-01,KRAS,mutation_assayed_no_variant_reported,1,0
PAAD,TCGA-3A-A9IL-01,TP53,mutation_assayed_no_variant_reported,1,0
PAAD,TCGA-3A-A9IL-01,EGFR,mutation_assayed_no_variant_reported,1,0
PAAD,TCGA-3A-A9IL-01,ERBB2,mutation_assayed_no_variant_reported,1,0
PAAD,TCGA-3A-A9IN-01,KRAS,mutation_assayed_no_variant_reported,1,0
PAAD,TCGA-3A-A9IN-01,TP53,mutation_assayed_no_variant_reported,1,0
PAAD,TCGA-3A-A9IN-01,EGFR,mutation_assayed_no_variant_reported,1,0
PAAD,TCGA-3A-A9IN-01,ERBB2,mutation_assayed_no_variant_reported,1,0
PAAD,TCGA-3A-A9IO-01,KRAS,mutation_assayed_no_variant_reported,1,0
PAAD,TCGA-3A-A9IO-01,TP53,mutation_assayed_no_variant_reported,1,0
PAAD,TCGA-3A-A9IO-01,EGFR,mutation_assayed_no_variant_reported,1,0
PAAD,TCGA-3A-A9IO-01,ERBB2,mutation_assayed_no_variant_reported,1,0
PAAD,TCGA-3A-A9IR-01,KRAS,mutation_assayed_no_variant_reported,1,0
PAAD,TCGA-3A-A9IR-01,TP53,mutation_assayed_no_variant_reported,1,0
PAAD,TCGA-3A-A9IR-01,EGFR,mutation_assayed_no_variant_reported,1,0
PAAD,TCGA-3A-A9IR-01,ERBB2,mutation_assayed_no_variant_reported,1,0
PAAD,TCGA-3A-A9IS-01,KRAS,mutation_assayed_no_variant_reported,1,0
PAAD,TCGA-3A-A9IS-01,TP53,mutation_assayed_no_variant_reported,1,0
PAAD,TCGA-3A-A9IS-01,EGFR,mutation_assayed_no_variant_reported,1,0
PAAD,TCGA-3A-A9IS-01,ERBB2,mutation_assayed_no_variant_reported,1,0
PAAD,TCGA-3A-A9IU-01,KRAS,variant_reported,1,1
PAAD,TCGA-3A-A9IU-01,TP53,variant_reported,1,1
PAAD,TCGA-3A-A9IU-01,EGFR,mutation_assayed_no_variant_reported,1,0
PAAD,TCGA-3A-A9IU-01,ERBB2,mutation_assayed_no_variant_reported,1,0
PAAD,TCGA-3A-A9IV-01,KRAS,mutation_assayed_no_variant_reported,1,0
PAAD,TCGA-3A-A9IV-01,TP53,mutation_assayed_no_variant_reported,1,0
PAAD,TCGA-3A-A9IV-01,EGFR,mutation_assayed_no_variant_reported,1,0
PAAD,TCGA-3A-A9IV-01,ERBB2,mutation_assayed_no_variant_reported,1,0
PAAD,TCGA-3A-A9IX-01,KRAS,mutation_assayed_no_variant_reported,1,0
PAAD,TCGA-3A-A9IX-01,TP53,mutation_assayed_no_variant_reported,1,0
PAAD,TCGA-3A-A9IX-01,EGFR,mutation_assayed_no_variant_reported,1,0
PAAD,TCGA-3A-A9IX-01,ERBB2,mutation_assayed_no_variant_reported,1,0
PAAD,TCGA-3A-A9IZ-01,KRAS,variant_reported,1,1
PAAD,TCGA-3A-A9IZ-01,TP53,variant_reported,1,1
PAAD,TCGA-3A-A9IZ-01,EGFR,mutation_assayed_no_variant_reported,1,0
PAAD,TCGA-3A-A9IZ-01,ERBB2,mutation_assayed_no_variant_reported,1,0
PAAD,TCGA-3A-A9J0-01,KRAS,mutation_assayed_no_variant_reported,1,0
PAAD,TCGA-3A-A9J0-01,TP53,variant_reported,1,1
PAAD,TCGA-3A-A9J0-01,EGFR,mutation_assayed_no_variant_reported,1,0
PAAD,TCGA-3A-A9J0-01,ERBB2,mutation_assayed_no_variant_reported,1,0
PAAD,TCGA-3E-AAAY-01,KRAS,mutation_assayed_no_variant_reported,1,0
PAAD,TCGA-3E-AAAY-01,TP53,variant_reported,1,1
PAAD,TCGA-3E-AAAY-01,EGFR,mutation_assayed_no_variant_reported,1,0
PAAD,TCGA-3E-AAAY-01,ERBB2,mutation_assayed_no_variant_reported,1,0
PAAD,TCGA-3E-AAAZ-01,KRAS,variant_reported,1,1
PAAD,TCGA-3E-AAAZ-01,TP53,mutation_assayed_no_variant_reported,1,0
PAAD,TCGA-3E-AAAZ-01,EGFR,mutation_assayed_no_variant_reported,1,0
PAAD,TCGA-3E-AAAZ-01,ERBB2,mutation_assayed_no_variant_reported,1,0
PAAD,TCGA-F2-6879-01,KRAS,variant_reported,1,1
PAAD,TCGA-F2-6879-01,TP53,variant_reported,1,1
PAAD,TCGA-F2-6879-01,EGFR,mutation_assayed_no_variant_reported,1,0
PAAD,TCGA-F2-6879-01,ERBB2,mutation_assayed_no_variant_reported,1,0
PAAD,TCGA-F2-6880-01,KRAS,mutation_assayed_no_variant_reported,1,0
PAAD,TCGA-F2-6880-01,TP53,mutation_assayed_no_variant_reported,1,0
PAAD,TCGA-F2-6880-01,EGFR,mutation_assayed_no_variant_reported,1,0
PAAD,TCGA-F2-6880-01,ERBB2,mutation_assayed_no_variant_reported,1,0
PAAD,TCGA-F2-7273-01,KRAS,mutation_assayed_no_variant_reported,1,0
PAAD,TCGA-F2-7273-01,TP53,mutation_assayed_no_variant_reported,1,0
PAAD,TCGA-F2-7273-01,EGFR,mutation_assayed_no_variant_reported,1,0
PAAD,TCGA-F2-7273-01,ERBB2,mutation_assayed_no_variant_reported,1,0
PAAD,TCGA-F2-A44G-01,KRAS,variant_reported,1,1
PAAD,TCGA-F2-A44G-01,TP53,mutation_assayed_no_variant_reported,1,0
PAAD,TCGA-F2-A44G-01,EGFR,mutation_assayed_no_variant_reported,1,0
PAAD,TCGA-F2-A44G-01,ERBB2,mutation_assayed_no_variant_reported,1,0
PAAD,TCGA-F2-A44H-01,KRAS,mutation_assayed_no_variant_reported,1,0
PAAD,TCGA-F2-A44H-01,TP53,mutation_assayed_no_variant_reported,1,0
PAAD,TCGA-F2-A44H-01,EGFR,mutation_assayed_no_variant_reported,1,0
PAAD,TCGA-F2-A44H-01,ERBB2,mutation_assayed_no_variant_reported,1,0
PAAD,TCGA-F2-A7TX-01,KRAS,variant_reported,1,1
PAAD,TCGA-F2-A7TX-01,TP53,variant_reported,1,1
PAAD,TCGA-F2-A7TX-01,EGFR,mutation_assayed_no_variant_reported,1,0
PAAD,TCGA-F2-A7TX-01,ERBB2,mutation_assayed_no_variant_reported,1,0
PAAD,TCGA-F2-A8YN-01,KRAS,variant_reported,1,1
PAAD,TCGA-F2-A8YN-01,TP53,variant_reported,1,1
PAAD,TCGA-F2-A8YN-01,EGFR,mutation_assayed_no_variant_reported,1,0
PAAD,TCGA-F2-A8YN-01,ERBB2,mutation_assayed_no_variant_reported,1,0
PAAD,TCGA-FB-A4P6-01,KRAS,mutation_assayed_no_variant_reported,1,0
PAAD,TCGA-FB-A4P6-01,TP53,mutation_assayed_no_variant_reported,1,0
PAAD,TCGA-FB-A4P6-01,EGFR,mutation_assayed_no_variant_reported,1,0
PAAD,TCGA-FB-A4P6-01,ERBB2,mutation_assayed_no_variant_reported,1,0
PAAD,TCGA-FB-A5VM-01,KRAS,variant_reported,1,1
PAAD,TCGA-FB-A5VM-01,TP53,variant_reported,1,1
PAAD,TCGA-FB-A5VM-01,EGFR,mutation_assayed_no_variant_reported,1,0
PAAD,TCGA-FB-A5VM-01,ERBB2,mutation_assayed_no_variant_reported,1,0
PAAD,TCGA-FB-A78T-01,KRAS,mutation_assayed_no_variant_reported,1,0
PAAD,TCGA-FB-A78T-01,TP53,variant_reported,1,1
PAAD,TCGA-FB-A78T-01,EGFR,mutation_assayed_no_variant_reported,1,0
PAAD,TCGA-FB-A78T-01,ERBB2,mutation_assayed_no_variant_reported,1,0
PAAD,TCGA-FB-A7DR-01,KRAS,variant_reported,1,1
PAAD,TCGA-FB-A7DR-01,TP53,mutation_assayed_no_variant_reported,1,0
PAAD,TCGA-FB-A7DR-01,EGFR,mutation_assayed_no_variant_reported,1,0
PAAD,TCGA-FB-A7DR-01,ERBB2,mutation_assayed_no_variant_reported,1,0
PAAD,TCGA-FB-AAPP-01,KRAS,mutation_assayed_no_variant_reported,1,0
PAAD,TCGA-FB-AAPP-01,TP53,mutation_assayed_no_variant_reported,1,0
PAAD,TCGA-FB-AAPP-01,EGFR,mutation_assayed_no_variant_reported,1,0
PAAD,TCGA-FB-AAPP-01,ERBB2,mutation_assayed_no_variant_reported,1,0
PAAD,TCGA-FB-AAPQ-01,KRAS,variant_reported,1,1
PAAD,TCGA-FB-AAPQ-01,TP53,variant_reported,1,1
PAAD,TCGA-FB-AAPQ-01,EGFR,mutation_assayed_no_variant_reported,1,0
PAAD,TCGA-FB-AAPQ-01,ERBB2,mutation_assayed_no_variant_reported,1,0
PAAD,TCGA-FB-AAPS-01,KRAS,mutation_assayed_no_variant_reported,1,0
PAAD,TCGA-FB-AAPS-01,TP53,variant_reported,1,1
PAAD,TCGA-FB-AAPS-01,EGFR,mutation_assayed_no_variant_reported,1,0
PAAD,TCGA-FB-AAPS-01,ERBB2,mutation_assayed_no_variant_reported,1,0
PAAD,TCGA-FB-AAPU-01,KRAS,variant_reported,1,1
PAAD,TCGA-FB-AAPU-01,TP53,mutation_assayed_no_variant_reported,1,0
PAAD,TCGA-FB-AAPU-01,EGFR,mutation_assayed_no_variant_reported,1,0
PAAD,TCGA-FB-AAPU-01,ERBB2,mutation_assayed_no_variant_reported,1,0
PAAD,TCGA-FB-AAPY-01,KRAS,mutation_assayed_no_variant_reported,1,0
PAAD,TCGA-FB-AAPY-01,TP53,variant_reported,1,1
PAAD,TCGA-FB-AAPY-01,EGFR,mutation_assayed_no_variant_reported,1,0
PAAD,TCGA-FB-AAPY-01,ERBB2,mutation_assayed_no_variant_reported,1,0
PAAD,TCGA-FB-AAPZ-01,KRAS,variant_reported,1,1
PAAD,TCGA-FB-AAPZ-01,TP53,variant_reported,1,1
PAAD,TCGA-FB-AAPZ-01,EGFR,mutation_assayed_no_variant_reported,1,0
PAAD,TCGA-FB-AAPZ-01,ERBB2,mutation_assayed_no_variant_reported,1,0
PAAD,TCGA-FB-AAQ0-01,KRAS,variant_reported,1,1
PAAD,TCGA-FB-AAQ0-01,TP53,variant_reported,1,1
PAAD,TCGA-FB-AAQ0-01,EGFR,mutation_assayed_no_variant_reported,1,0
PAAD,TCGA-FB-AAQ0-01,ERBB2,mutation_assayed_no_variant_reported,1,0
PAAD,TCGA-FB-AAQ1-01,KRAS,variant_reported,1,1
PAAD,TCGA-FB-AAQ1-01,TP53,variant_reported,1,1
PAAD,TCGA-FB-AAQ1-01,EGFR,mutation_assayed_no_variant_reported,1,0
PAAD,TCGA-FB-AAQ1-01,ERBB2,mutation_assayed_no_variant_reported,1,0
PAAD,TCGA-FB-AAQ2-01,KRAS,variant_reported,1,1
PAAD,TCGA-FB-AAQ2-01,TP53,variant_reported,1,1
PAAD,TCGA-FB-AAQ2-01,EGFR,mutation_assayed_no_variant_reported,1,0
PAAD,TCGA-FB-AAQ2-01,ERBB2,mutation_assayed_no_variant_reported,1,0
PAAD,TCGA-FB-AAQ3-01,KRAS,variant_reported,1,1
PAAD,TCGA-FB-AAQ3-01,TP53,variant_reported,1,1
PAAD,TCGA-FB-AAQ3-01,EGFR,mutation_assayed_no_variant_reported,1,0
PAAD,TCGA-FB-AAQ3-01,ERBB2,mutation_assayed_no_variant_reported,1,0
PAAD,TCGA-FB-AAQ6-01,KRAS,variant_reported,1,1
PAAD,TCGA-FB-AAQ6-01,TP53,variant_reported,1,1
PAAD,TCGA-FB-AAQ6-01,EGFR,mutation_assayed_no_variant_reported,1,0
PAAD,TCGA-FB-AAQ6-01,ERBB2,mutation_assayed_no_variant_reported,1,0
PAAD,TCGA-FZ-5919-01,KRAS,variant_reported,1,1
PAAD,TCGA-FZ-5919-01,TP53,variant_reported,1,1
PAAD,TCGA-FZ-5919-01,EGFR,mutation_assayed_no_variant_reported,1,0
PAAD,TCGA-FZ-5919-01,ERBB2,mutation_assayed_no_variant_reported,1,0
PAAD,TCGA-FZ-5920-01,KRAS,variant_reported,1,1
PAAD,TCGA-FZ-5920-01,TP53,variant_reported,1,1
PAAD,TCGA-FZ-5920-01,EGFR,mutation_assayed_no_variant_reported,1,0
PAAD,TCGA-FZ-5920-01,ERBB2,mutation_assayed_no_variant_reported,1,0
PAAD,TCGA-FZ-5921-01,KRAS,variant_reported,1,1
PAAD,TCGA-FZ-5921-01,TP53,variant_reported,1,1
PAAD,TCGA-FZ-5921-01,EGFR,mutation_assayed_no_variant_reported,1,0
PAAD,TCGA-FZ-5921-01,ERBB2,mutation_assayed_no_variant_reported,1,0
PAAD,TCGA-FZ-5922-01,KRAS,variant_reported,1,1
PAAD,TCGA-FZ-5922-01,TP53,mutation_assayed_no_variant_reported,1,0
PAAD,TCGA-FZ-5922-01,EGFR,mutation_assayed_no_variant_reported,1,0
PAAD,TCGA-FZ-5922-01,ERBB2,mutation_assayed_no_variant_reported,1,0
PAAD,TCGA-FZ-5923-01,KRAS,variant_reported,1,1
PAAD,TCGA-FZ-5923-01,TP53,mutation_assayed_no_variant_reported,1,0
PAAD,TCGA-FZ-5923-01,EGFR,mutation_assayed_no_variant_reported,1,0
PAAD,TCGA-FZ-5923-01,ERBB2,mutation_assayed_no_variant_reported,1,0
PAAD,TCGA-FZ-5924-01,KRAS,variant_reported,1,1
PAAD,TCGA-FZ-5924-01,TP53,variant_reported,1,1
PAAD,TCGA-FZ-5924-01,EGFR,mutation_assayed_no_variant_reported,1,0
PAAD,TCGA-FZ-5924-01,ERBB2,mutation_assayed_no_variant_reported,1,0
PAAD,TCGA-FZ-5926-01,KRAS,variant_reported,1,1
PAAD,TCGA-FZ-5926-01,TP53,mutation_assayed_no_variant_reported,1,0
PAAD,TCGA-FZ-5926-01,EGFR,mutation_assayed_no_variant_reported,1,0
PAAD,TCGA-FZ-5926-01,ERBB2,mutation_assayed_no_variant_reported,1,0
PAAD,TCGA-H6-8124-01,KRAS,variant_reported,1,1
PAAD,TCGA-H6-8124-01,TP53,variant_reported,1,1
PAAD,TCGA-H6-8124-01,EGFR,mutation_assayed_no_variant_reported,1,0
PAAD,TCGA-H6-8124-01,ERBB2,mutation_assayed_no_variant_reported,1,0
PAAD,TCGA-H6-A45N-01,KRAS,mutation_assayed_no_variant_reported,1,0
PAAD,TCGA-H6-A45N-01,TP53,variant_reported,1,1
PAAD,TCGA-H6-A45N-01,EGFR,mutation_assayed_no_variant_reported,1,0
PAAD,TCGA-H6-A45N-01,ERBB2,mutation_assayed_no_variant_reported,1,0
PAAD,TCGA-H8-A6C1-01,KRAS,variant_reported,1,1
PAAD,TCGA-H8-A6C1-01,TP53,variant_reported,1,1
PAAD,TCGA-H8-A6C1-01,EGFR,mutation_assayed_no_variant_reported,1,0
PAAD,TCGA-H8-A6C1-01,ERBB2,mutation_assayed_no_variant_reported,1,0
PAAD,TCGA-HV-A5A3-01,KRAS,variant_reported,1,1
PAAD,TCGA-HV-A5A3-01,TP53,variant_reported,1,1
PAAD,TCGA-HV-A5A3-01,EGFR,mutation_assayed_no_variant_reported,1,0
PAAD,TCGA-HV-A5A3-01,ERBB2,mutation_assayed_no_variant_reported,1,0
PAAD,TCGA-HV-A5A4-01,KRAS,mutation_assayed_no_variant_reported,1,0
PAAD,TCGA-HV-A5A4-01,TP53,mutation_assayed_no_variant_reported,1,0
PAAD,TCGA-HV-A5A4-01,EGFR,mutation_assayed_no_variant_reported,1,0
PAAD,TCGA-HV-A5A4-01,ERBB2,mutation_assayed_no_variant_reported,1,0
PAAD,TCGA-HV-A5A5-01,KRAS,mutation_assayed_no_variant_reported,1,0
PAAD,TCGA-HV-A5A5-01,TP53,variant_reported,1,1
PAAD,TCGA-HV-A5A5-01,EGFR,mutation_assayed_no_variant_reported,1,0
PAAD,TCGA-HV-A5A5-01,ERBB2,mutation_assayed_no_variant_reported,1,0
PAAD,TCGA-HV-A5A6-01,KRAS,variant_reported,1,1
PAAD,TCGA-HV-A5A6-01,TP53,variant_reported,1,1
PAAD,TCGA-HV-A5A6-01,EGFR,mutation_assayed_no_variant_reported,1,0
PAAD,TCGA-HV-A5A6-01,ERBB2,mutation_assayed_no_variant_reported,1,0
PAAD,TCGA-HV-A7OL-01,KRAS,variant_reported,1,1
PAAD,TCGA-HV-A7OL-01,TP53,variant_reported,1,1
PAAD,TCGA-HV-A7OL-01,EGFR,mutation_assayed_no_variant_reported,1,0
PAAD,TCGA-HV-A7OL-01,ERBB2,mutation_assayed_no_variant_reported,1,0
PAAD,TCGA-HV-A7OP-01,KRAS,variant_reported,1,1
PAAD,TCGA-HV-A7OP-01,TP53,mutation_assayed_no_variant_reported,1,0
PAAD,TCGA-HV-A7OP-01,EGFR,mutation_assayed_no_variant_reported,1,0
PAAD,TCGA-HV-A7OP-01,ERBB2,mutation_assayed_no_variant_reported,1,0
PAAD,TCGA-HV-AA8V-01,KRAS,variant_reported,1,1
PAAD,TCGA-HV-AA8V-01,TP53,variant_reported,1,1
PAAD,TCGA-HV-AA8V-01,EGFR,mutation_assayed_no_variant_reported,1,0
PAAD,TCGA-HV-AA8V-01,ERBB2,mutation_assayed_no_variant_reported,1,0
PAAD,TCGA-HV-AA8X-01,KRAS,variant_reported,1,1
PAAD,TCGA-HV-AA8X-01,TP53,variant_reported,1,1
PAAD,TCGA-HV-AA8X-01,EGFR,mutation_assayed_no_variant_reported,1,0
PAAD,TCGA-HV-AA8X-01,ERBB2,mutation_assayed_no_variant_reported,1,0
PAAD,TCGA-HZ-7289-01,KRAS,mutation_assayed_no_variant_reported,1,0
PAAD,TCGA-HZ-7289-01,TP53,mutation_assayed_no_variant_reported,1,0
PAAD,TCGA-HZ-7289-01,EGFR,mutation_assayed_no_variant_reported,1,0
PAAD,TCGA-HZ-7289-01,ERBB2,mutation_assayed_no_variant_reported,1,0
PAAD,TCGA-HZ-7918-01,KRAS,mutation_assayed_no_variant_reported,1,0
PAAD,TCGA-HZ-7918-01,TP53,mutation_assayed_no_variant_reported,1,0
PAAD,TCGA-HZ-7918-01,EGFR,mutation_assayed_no_variant_reported,1,0
PAAD,TCGA-HZ-7918-01,ERBB2,mutation_assayed_no_variant_reported,1,0
PAAD,TCGA-HZ-7919-01,KRAS,variant_reported,1,1
PAAD,TCGA-HZ-7919-01,TP53,mutation_assayed_no_variant_reported,1,0
PAAD,TCGA-HZ-7919-01,EGFR,mutation_assayed_no_variant_reported,1,0
PAAD,TCGA-HZ-7919-01,ERBB2,mutation_assayed_no_variant_reported,1,0
PAAD,TCGA-HZ-7920-01,KRAS,mutation_assayed_no_variant_reported,1,0
PAAD,TCGA-HZ-7920-01,TP53,mutation_assayed_no_variant_reported,1,0
PAAD,TCGA-HZ-7920-01,EGFR,mutation_assayed_no_variant_reported,1,0
PAAD,TCGA-HZ-7920-01,ERBB2,mutation_assayed_no_variant_reported,1,0
PAAD,TCGA-HZ-7922-01,KRAS,variant_reported,1,1
PAAD,TCGA-HZ-7922-01,TP53,variant_reported,1,1
PAAD,TCGA-HZ-7922-01,EGFR,mutation_assayed_no_variant_reported,1,0
PAAD,TCGA-HZ-7922-01,ERBB2,mutation_assayed_no_variant_reported,1,0
PAAD,TCGA-HZ-7925-01,KRAS,variant_reported,1,1
PAAD,TCGA-HZ-7925-01,TP53,variant_reported,1,1
PAAD,TCGA-HZ-7925-01,EGFR,mutation_assayed_no_variant_reported,1,0
PAAD,TCGA-HZ-7925-01,ERBB2,mutation_assayed_no_variant_reported,1,0
PAAD,TCGA-HZ-7926-01,KRAS,variant_reported,1,1
PAAD,TCGA-HZ-7926-01,TP53,variant_reported,1,1
PAAD,TCGA-HZ-7926-01,EGFR,mutation_assayed_no_variant_reported,1,0
PAAD,TCGA-HZ-7926-01,ERBB2,mutation_assayed_no_variant_reported,1,0
PAAD,TCGA-HZ-8001-01,KRAS,mutation_assayed_no_variant_reported,1,0
PAAD,TCGA-HZ-8001-01,TP53,variant_reported,1,1
PAAD,TCGA-HZ-8001-01,EGFR,mutation_assayed_no_variant_reported,1,0
PAAD,TCGA-HZ-8001-01,ERBB2,mutation_assayed_no_variant_reported,1,0
PAAD,TCGA-HZ-8002-01,KRAS,mutation_assayed_no_variant_reported,1,0
PAAD,TCGA-HZ-8002-01,TP53,mutation_assayed_no_variant_reported,1,0
PAAD,TCGA-HZ-8002-01,EGFR,mutation_assayed_no_variant_reported,1,0
PAAD,TCGA-HZ-8002-01,ERBB2,mutation_assayed_no_variant_reported,1,0
PAAD,TCGA-HZ-8003-01,KRAS,mutation_assayed_no_variant_reported,1,0
PAAD,TCGA-HZ-8003-01,TP53,mutation_assayed_no_variant_reported,1,0
PAAD,TCGA-HZ-8003-01,EGFR,mutation_assayed_no_variant_reported,1,0
PAAD,TCGA-HZ-8003-01,ERBB2,mutation_assayed_no_variant_reported,1,0
PAAD,TCGA-HZ-8005-01,KRAS,variant_reported,1,1
PAAD,TCGA-HZ-8005-01,TP53,variant_reported,1,1
PAAD,TCGA-HZ-8005-01,EGFR,mutation_assayed_no_variant_reported,1,0
PAAD,TCGA-HZ-8005-01,ERBB2,mutation_assayed_no_variant_reported,1,0
PAAD,TCGA-HZ-8315-01,KRAS,variant_reported,1,1
PAAD,TCGA-HZ-8315-01,TP53,variant_reported,1,1
PAAD,TCGA-HZ-8315-01,EGFR,mutation_assayed_no_variant_reported,1,0
PAAD,TCGA-HZ-8315-01,ERBB2,mutation_assayed_no_variant_reported,1,0
PAAD,TCGA-HZ-8317-01,KRAS,mutation_assayed_no_variant_reported,1,0
PAAD,TCGA-HZ-8317-01,TP53,mutation_assayed_no_variant_reported,1,0
PAAD,TCGA-HZ-8317-01,EGFR,mutation_assayed_no_variant_reported,1,0
PAAD,TCGA-HZ-8317-01,ERBB2,mutation_assayed_no_variant_reported,1,0
PAAD,TCGA-HZ-8636-01,KRAS,variant_reported,1,1
PAAD,TCGA-HZ-8636-01,TP53,variant_reported,1,1
PAAD,TCGA-HZ-8636-01,EGFR,mutation_assayed_no_variant_reported,1,0
PAAD,TCGA-HZ-8636-01,ERBB2,mutation_assayed_no_variant_reported,1,0
PAAD,TCGA-HZ-8637-01,KRAS,mutation_assayed_no_variant_reported,1,0
PAAD,TCGA-HZ-8637-01,TP53,variant_reported,1,1
PAAD,TCGA-HZ-8637-01,EGFR,mutation_assayed_no_variant_reported,1,0
PAAD,TCGA-HZ-8637-01,ERBB2,mutation_assayed_no_variant_reported,1,0
PAAD,TCGA-HZ-A49H-01,KRAS,variant_reported,1,1
PAAD,TCGA-HZ-A49H-01,TP53,mutation_assayed_no_variant_reported,1,0
PAAD,TCGA-HZ-A49H-01,EGFR,mutation_assayed_no_variant_reported,1,0
PAAD,TCGA-HZ-A49H-01,ERBB2,mutation_assayed_no_variant_reported,1,0
PAAD,TCGA-HZ-A49I-01,KRAS,variant_reported,1,1
PAAD,TCGA-HZ-A49I-01,TP53,variant_reported,1,1
PAAD,TCGA-HZ-A49I-01,EGFR,mutation_assayed_no_variant_reported,1,0
PAAD,TCGA-HZ-A49I-01,ERBB2,mutation_assayed_no_variant_reported,1,0
PAAD,TCGA-HZ-A4BH-01,KRAS,variant_reported,1,1
PAAD,TCGA-HZ-A4BH-01,TP53,variant_reported,1,1
PAAD,TCGA-HZ-A4BH-01,EGFR,mutation_assayed_no_variant_reported,1,0
PAAD,TCGA-HZ-A4BH-01,ERBB2,mutation_assayed_no_variant_reported,1,0
PAAD,TCGA-HZ-A4BK-01,KRAS,variant_reported,1,1
PAAD,TCGA-HZ-A4BK-01,TP53,variant_reported,1,1
PAAD,TCGA-HZ-A4BK-01,EGFR,mutation_assayed_no_variant_reported,1,0
PAAD,TCGA-HZ-A4BK-01,ERBB2,mutation_assayed_no_variant_reported,1,0
PAAD,TCGA-HZ-A77O-01,KRAS,variant_reported,1,1
PAAD,TCGA-HZ-A77O-01,TP53,variant_reported,1,1
PAAD,TCGA-HZ-A77O-01,EGFR,mutation_assayed_no_variant_reported,1,0
PAAD,TCGA-HZ-A77O-01,ERBB2,mutation_assayed_no_variant_reported,1,0
PAAD,TCGA-HZ-A77P-01,KRAS,mutation_assayed_no_variant_reported,1,0
PAAD,TCGA-HZ-A77P-01,TP53,mutation_assayed_no_variant_reported,1,0
PAAD,TCGA-HZ-A77P-01,EGFR,mutation_assayed_no_variant_reported,1,0
PAAD,TCGA-HZ-A77P-01,ERBB2,mutation_assayed_no_variant_reported,1,0
PAAD,TCGA-HZ-A77Q-01,KRAS,variant_reported,1,1
PAAD,TCGA-HZ-A77Q-01,TP53,variant_reported,1,1
PAAD,TCGA-HZ-A77Q-01,EGFR,mutation_assayed_no_variant_reported,1,0
PAAD,TCGA-HZ-A77Q-01,ERBB2,mutation_assayed_no_variant_reported,1,0
PAAD,TCGA-HZ-A8P0-01,KRAS,variant_reported,1,1
PAAD,TCGA-HZ-A8P0-01,TP53,mutation_assayed_no_variant_reported,1,0
PAAD,TCGA-HZ-A8P0-01,EGFR,mutation_assayed_no_variant_reported,1,0
PAAD,TCGA-HZ-A8P0-01,ERBB2,mutation_assayed_no_variant_reported,1,0
PAAD,TCGA-HZ-A8P1-01,KRAS,variant_reported,1,1
PAAD,TCGA-HZ-A8P1-01,TP53,mutation_assayed_no_variant_reported,1,0
PAAD,TCGA-HZ-A8P1-01,EGFR,mutation_assayed_no_variant_reported,1,0
PAAD,TCGA-HZ-A8P1-01,ERBB2,mutation_assayed_no_variant_reported,1,0
PAAD,TCGA-HZ-A9TJ-01,KRAS,variant_reported,1,1
PAAD,TCGA-HZ-A9TJ-01,TP53,variant_reported,1,1
PAAD,TCGA-HZ-A9TJ-01,EGFR,mutation_assayed_no_variant_reported,1,0
PAAD,TCGA-HZ-A9TJ-01,ERBB2,mutation_assayed_no_variant_reported,1,0
PAAD,TCGA-HZ-A9TJ-06,KRAS,variant_reported,1,1
PAAD,TCGA-HZ-A9TJ-06,TP53,variant_reported,1,1
PAAD,TCGA-HZ-A9TJ-06,EGFR,mutation_assayed_no_variant_reported,1,0
PAAD,TCGA-HZ-A9TJ-06,ERBB2,mutation_assayed_no_variant_reported,1,0
PAAD,TCGA-IB-7644-01,KRAS,variant_reported,1,1
PAAD,TCGA-IB-7644-01,TP53,variant_reported,1,1
PAAD,TCGA-IB-7644-01,EGFR,mutation_assayed_no_variant_reported,1,0
PAAD,TCGA-IB-7644-01,ERBB2,mutation_assayed_no_variant_reported,1,0
PAAD,TCGA-IB-7645-01,KRAS,variant_reported,1,1
PAAD,TCGA-IB-7645-01,TP53,variant_reported,1,1
PAAD,TCGA-IB-7645-01,EGFR,mutation_assayed_no_variant_reported,1,0
PAAD,TCGA-IB-7645-01,ERBB2,mutation_assayed_no_variant_reported,1,0
PAAD,TCGA-IB-7646-01,KRAS,variant_reported,1,1
PAAD,TCGA-IB-7646-01,TP53,variant_reported,1,1
PAAD,TCGA-IB-7646-01,EGFR,mutation_assayed_no_variant_reported,1,0
PAAD,TCGA-IB-7646-01,ERBB2,mutation_assayed_no_variant_reported,1,0
PAAD,TCGA-IB-7647-01,KRAS,mutation_assayed_no_variant_reported,1,0
PAAD,TCGA-IB-7647-01,TP53,variant_reported,1,1
PAAD,TCGA-IB-7647-01,EGFR,mutation_assayed_no_variant_reported,1,0
PAAD,TCGA-IB-7647-01,ERBB2,mutation_assayed_no_variant_reported,1,0
PAAD,TCGA-IB-7649-01,KRAS,variant_reported,1,1
PAAD,TCGA-IB-7649-01,TP53,variant_reported,1,1
PAAD,TCGA-IB-7649-01,EGFR,mutation_assayed_no_variant_reported,1,0
PAAD,TCGA-IB-7649-01,ERBB2,mutation_assayed_no_variant_reported,1,0
PAAD,TCGA-IB-7651-01,KRAS,mutation_assayed_no_variant_reported,1,0
PAAD,TCGA-IB-7651-01,TP53,mutation_assayed_no_variant_reported,1,0
PAAD,TCGA-IB-7651-01,EGFR,variant_reported,1,1
PAAD,TCGA-IB-7651-01,ERBB2,variant_reported,1,1
PAAD,TCGA-IB-7652-01,KRAS,mutation_assayed_no_variant_reported,1,0
PAAD,TCGA-IB-7652-01,TP53,variant_reported,1,1
PAAD,TCGA-IB-7652-01,EGFR,mutation_assayed_no_variant_reported,1,0
PAAD,TCGA-IB-7652-01,ERBB2,mutation_assayed_no_variant_reported,1,0
PAAD,TCGA-IB-7654-01,KRAS,variant_reported,1,1
PAAD,TCGA-IB-7654-01,TP53,variant_reported,1,1
PAAD,TCGA-IB-7654-01,EGFR,mutation_assayed_no_variant_reported,1,0
PAAD,TCGA-IB-7654-01,ERBB2,mutation_assayed_no_variant_reported,1,0
PAAD,TCGA-IB-7885-01,KRAS,mutation_assayed_no_variant_reported,1,0
PAAD,TCGA-IB-7885-01,TP53,mutation_assayed_no_variant_reported,1,0
PAAD,TCGA-IB-7885-01,EGFR,mutation_assayed_no_variant_reported,1,0
PAAD,TCGA-IB-7885-01,ERBB2,mutation_assayed_no_variant_reported,1,0
PAAD,TCGA-IB-7886-01,KRAS,variant_reported,1,1
PAAD,TCGA-IB-7886-01,TP53,variant_reported,1,1
PAAD,TCGA-IB-7886-01,EGFR,mutation_assayed_no_variant_reported,1,0
PAAD,TCGA-IB-7886-01,ERBB2,mutation_assayed_no_variant_reported,1,0
PAAD,TCGA-IB-7887-01,KRAS,variant_reported,1,1
PAAD,TCGA-IB-7887-01,TP53,variant_reported,1,1
PAAD,TCGA-IB-7887-01,EGFR,mutation_assayed_no_variant_reported,1,0
PAAD,TCGA-IB-7887-01,ERBB2,mutation_assayed_no_variant_reported,1,0
PAAD,TCGA-IB-7888-01,KRAS,mutation_assayed_no_variant_reported,1,0
PAAD,TCGA-IB-7888-01,TP53,variant_reported,1,1
PAAD,TCGA-IB-7888-01,EGFR,mutation_assayed_no_variant_reported,1,0
PAAD,TCGA-IB-7888-01,ERBB2,mutation_assayed_no_variant_reported,1,0
PAAD,TCGA-IB-7889-01,KRAS,variant_reported,1,1
PAAD,TCGA-IB-7889-01,TP53,variant_reported,1,1
PAAD,TCGA-IB-7889-01,EGFR,mutation_assayed_no_variant_reported,1,0
PAAD,TCGA-IB-7889-01,ERBB2,mutation_assayed_no_variant_reported,1,0
PAAD,TCGA-IB-7890-01,KRAS,variant_reported,1,1
PAAD,TCGA-IB-7890-01,TP53,variant_reported,1,1
PAAD,TCGA-IB-7890-01,EGFR,mutation_assayed_no_variant_reported,1,0
PAAD,TCGA-IB-7890-01,ERBB2,mutation_assayed_no_variant_reported,1,0
PAAD,TCGA-IB-7891-01,KRAS,mutation_assayed_no_variant_reported,1,0
PAAD,TCGA-IB-7891-01,TP53,variant_reported,1,1
PAAD,TCGA-IB-7891-01,EGFR,mutation_assayed_no_variant_reported,1,0
PAAD,TCGA-IB-7891-01,ERBB2,mutation_assayed_no_variant_reported,1,0
PAAD,TCGA-IB-7893-01,KRAS,variant_reported,1,1
PAAD,TCGA-IB-7893-01,TP53,variant_reported,1,1
PAAD,TCGA-IB-7893-01,EGFR,mutation_assayed_no_variant_reported,1,0
PAAD,TCGA-IB-7893-01,ERBB2,mutation_assayed_no_variant_reported,1,0
PAAD,TCGA-IB-7897-01,KRAS,mutation_assayed_no_variant_reported,1,0
PAAD,TCGA-IB-7897-01,TP53,mutation_assayed_no_variant_reported,1,0
PAAD,TCGA-IB-7897-01,EGFR,mutation_assayed_no_variant_reported,1,0
PAAD,TCGA-IB-7897-01,ERBB2,mutation_assayed_no_variant_reported,1,0
PAAD,TCGA-IB-8126-01,KRAS,mutation_assayed_no_variant_reported,1,0
PAAD,TCGA-IB-8126-01,TP53,mutation_assayed_no_variant_reported,1,0
PAAD,TCGA-IB-8126-01,EGFR,mutation_assayed_no_variant_reported,1,0
PAAD,TCGA-IB-8126-01,ERBB2,mutation_assayed_no_variant_reported,1,0
PAAD,TCGA-IB-8127-01,KRAS,variant_reported,1,1
PAAD,TCGA-IB-8127-01,TP53,variant_reported,1,1
PAAD,TCGA-IB-8127-01,EGFR,mutation_assayed_no_variant_reported,1,0
PAAD,TCGA-IB-8127-01,ERBB2,variant_reported,1,1
PAAD,TCGA-IB-A5SO-01,KRAS,variant_reported,1,1
PAAD,TCGA-IB-A5SO-01,TP53,variant_reported,1,1
PAAD,TCGA-IB-A5SO-01,EGFR,mutation_assayed_no_variant_reported,1,0
PAAD,TCGA-IB-A5SO-01,ERBB2,mutation_assayed_no_variant_reported,1,0
PAAD,TCGA-IB-A5SP-01,KRAS,variant_reported,1,1
PAAD,TCGA-IB-A5SP-01,TP53,variant_reported,1,1
PAAD,TCGA-IB-A5SP-01,EGFR,mutation_assayed_no_variant_reported,1,0
PAAD,TCGA-IB-A5SP-01,ERBB2,mutation_assayed_no_variant_reported,1,0
PAAD,TCGA-IB-A5SQ-01,KRAS,mutation_assayed_no_variant_reported,1,0
PAAD,TCGA-IB-A5SQ-01,TP53,mutation_assayed_no_variant_reported,1,0
PAAD,TCGA-IB-A5SQ-01,EGFR,mutation_assayed_no_variant_reported,1,0
PAAD,TCGA-IB-A5SQ-01,ERBB2,mutation_assayed_no_variant_reported,1,0
PAAD,TCGA-IB-A5SS-01,KRAS,variant_reported,1,1
PAAD,TCGA-IB-A5SS-01,TP53,variant_reported,1,1
PAAD,TCGA-IB-A5SS-01,EGFR,mutation_assayed_no_variant_reported,1,0
PAAD,TCGA-IB-A5SS-01,ERBB2,mutation_assayed_no_variant_reported,1,0
PAAD,TCGA-IB-A5ST-01,KRAS,mutation_assayed_no_variant_reported,1,0
PAAD,TCGA-IB-A5ST-01,TP53,mutation_assayed_no_variant_reported,1,0
PAAD,TCGA-IB-A5ST-01,EGFR,mutation_assayed_no_variant_reported,1,0
PAAD,TCGA-IB-A5ST-01,ERBB2,mutation_assayed_no_variant_reported,1,0
PAAD,TCGA-IB-A6UF-01,KRAS,variant_reported,1,1
PAAD,TCGA-IB-A6UF-01,TP53,variant_reported,1,1
PAAD,TCGA-IB-A6UF-01,EGFR,mutation_assayed_no_variant_reported,1,0
PAAD,TCGA-IB-A6UF-01,ERBB2,mutation_assayed_no_variant_reported,1,0
PAAD,TCGA-IB-A6UG-01,KRAS,variant_reported,1,1
PAAD,TCGA-IB-A6UG-01,TP53,variant_reported,1,1
PAAD,TCGA-IB-A6UG-01,EGFR,mutation_assayed_no_variant_reported,1,0
PAAD,TCGA-IB-A6UG-01,ERBB2,mutation_assayed_no_variant_reported,1,0
PAAD,TCGA-IB-A7LX-01,KRAS,variant_reported,1,1
PAAD,TCGA-IB-A7LX-01,TP53,mutation_assayed_no_variant_reported,1,0
PAAD,TCGA-IB-A7LX-01,EGFR,mutation_assayed_no_variant_reported,1,0
PAAD,TCGA-IB-A7LX-01,ERBB2,mutation_assayed_no_variant_reported,1,0
PAAD,TCGA-IB-A7M4-01,KRAS,variant_reported,1,1
PAAD,TCGA-IB-A7M4-01,TP53,variant_reported,1,1
PAAD,TCGA-IB-A7M4-01,EGFR,mutation_assayed_no_variant_reported,1,0
PAAD,TCGA-IB-A7M4-01,ERBB2,mutation_assayed_no_variant_reported,1,0
PAAD,TCGA-IB-AAUM-01,KRAS,variant_reported,1,1
PAAD,TCGA-IB-AAUM-01,TP53,mutation_assayed_no_variant_reported,1,0
PAAD,TCGA-IB-AAUM-01,EGFR,mutation_assayed_no_variant_reported,1,0
PAAD,TCGA-IB-AAUM-01,ERBB2,mutation_assayed_no_variant_reported,1,0
PAAD,TCGA-IB-AAUN-01,KRAS,variant_reported,1,1
PAAD,TCGA-IB-AAUN-01,TP53,variant_reported,1,1
PAAD,TCGA-IB-AAUN-01,EGFR,mutation_assayed_no_variant_reported,1,0
PAAD,TCGA-IB-AAUN-01,ERBB2,mutation_assayed_no_variant_reported,1,0
PAAD,TCGA-IB-AAUO-01,KRAS,variant_reported,1,1
PAAD,TCGA-IB-AAUO-01,TP53,mutation_assayed_no_variant_reported,1,0
PAAD,TCGA-IB-AAUO-01,EGFR,mutation_assayed_no_variant_reported,1,0
PAAD,TCGA-IB-AAUO-01,ERBB2,mutation_assayed_no_variant_reported,1,0
PAAD,TCGA-IB-AAUP-01,KRAS,mutation_assayed_no_variant_reported,1,0
PAAD,TCGA-IB-AAUP-01,TP53,mutation_assayed_no_variant_reported,1,0
PAAD,TCGA-IB-AAUP-01,EGFR,mutation_assayed_no_variant_reported,1,0
PAAD,TCGA-IB-AAUP-01,ERBB2,mutation_assayed_no_variant_reported,1,0
PAAD,TCGA-IB-AAUQ-01,KRAS,variant_reported,1,1
PAAD,TCGA-IB-AAUQ-01,TP53,variant_reported,1,1
PAAD,TCGA-IB-AAUQ-01,EGFR,mutation_assayed_no_variant_reported,1,0
PAAD,TCGA-IB-AAUQ-01,ERBB2,mutation_assayed_no_variant_reported,1,0
PAAD,TCGA-IB-AAUR-01,KRAS,mutation_assayed_no_variant_reported,1,0
PAAD,TCGA-IB-AAUR-01,TP53,mutation_assayed_no_variant_reported,1,0
PAAD,TCGA-IB-AAUR-01,EGFR,mutation_assayed_no_variant_reported,1,0
PAAD,TCGA-IB-AAUR-01,ERBB2,mutation_assayed_no_variant_reported,1,0
PAAD,TCGA-IB-AAUS-01,KRAS,mutation_assayed_no_variant_reported,1,0
PAAD,TCGA-IB-AAUS-01,TP53,mutation_assayed_no_variant_reported,1,0
PAAD,TCGA-IB-AAUS-01,EGFR,mutation_assayed_no_variant_reported,1,0
PAAD,TCGA-IB-AAUS-01,ERBB2,mutation_assayed_no_variant_reported,1,0
PAAD,TCGA-IB-AAUT-01,KRAS,mutation_assayed_no_variant_reported,1,0
PAAD,TCGA-IB-AAUT-01,TP53,mutation_assayed_no_variant_reported,1,0
PAAD,TCGA-IB-AAUT-01,EGFR,mutation_assayed_no_variant_reported,1,0
PAAD,TCGA-IB-AAUT-01,ERBB2,mutation_assayed_no_variant_reported,1,0
PAAD,TCGA-IB-AAUU-01,KRAS,variant_reported,1,1
PAAD,TCGA-IB-AAUU-01,TP53,variant_reported,1,1
PAAD,TCGA-IB-AAUU-01,EGFR,mutation_assayed_no_variant_reported,1,0
PAAD,TCGA-IB-AAUU-01,ERBB2,mutation_assayed_no_variant_reported,1,0
PAAD,TCGA-IB-AAUW-01,KRAS,mutation_assayed_no_variant_reported,1,0
PAAD,TCGA-IB-AAUW-01,TP53,mutation_assayed_no_variant_reported,1,0
PAAD,TCGA-IB-AAUW-01,EGFR,mutation_assayed_no_variant_reported,1,0
PAAD,TCGA-IB-AAUW-01,ERBB2,mutation_assayed_no_variant_reported,1,0
PAAD,TCGA-LB-A7SX-01,KRAS,mutation_assayed_no_variant_reported,1,0
PAAD,TCGA-LB-A7SX-01,TP53,variant_reported,1,1
PAAD,TCGA-LB-A7SX-01,EGFR,mutation_assayed_no_variant_reported,1,0
PAAD,TCGA-LB-A7SX-01,ERBB2,mutation_assayed_no_variant_reported,1,0
PAAD,TCGA-LB-A8F3-01,KRAS,mutation_assayed_no_variant_reported,1,0
PAAD,TCGA-LB-A8F3-01,TP53,mutation_assayed_no_variant_reported,1,0
PAAD,TCGA-LB-A8F3-01,EGFR,mutation_assayed_no_variant_reported,1,0
PAAD,TCGA-LB-A8F3-01,ERBB2,mutation_assayed_no_variant_reported,1,0
PAAD,TCGA-LB-A9Q5-01,KRAS,mutation_assayed_no_variant_reported,1,0
PAAD,TCGA-LB-A9Q5-01,TP53,mutation_assayed_no_variant_reported,1,0
PAAD,TCGA-LB-A9Q5-01,EGFR,mutation_assayed_no_variant_reported,1,0
PAAD,TCGA-LB-A9Q5-01,ERBB2,mutation_assayed_no_variant_reported,1,0
PAAD,TCGA-M8-A5N4-01,KRAS,mutation_assayed_no_variant_reported,1,0
PAAD,TCGA-M8-A5N4-01,TP53,mutation_assayed_no_variant_reported,1,0
PAAD,TCGA-M8-A5N4-01,EGFR,mutation_assayed_no_variant_reported,1,0
PAAD,TCGA-M8-A5N4-01,ERBB2,mutation_assayed_no_variant_reported,1,0
PAAD,TCGA-OE-A75W-01,KRAS,variant_reported,1,1
PAAD,TCGA-OE-A75W-01,TP53,variant_reported,1,1
PAAD,TCGA-OE-A75W-01,EGFR,mutation_assayed_no_variant_reported,1,0
PAAD,TCGA-OE-A75W-01,ERBB2,mutation_assayed_no_variant_reported,1,0
PAAD,TCGA-PZ-A5RE-01,KRAS,mutation_assayed_no_variant_reported,1,0
PAAD,TCGA-PZ-A5RE-01,TP53,variant_reported,1,1
PAAD,TCGA-PZ-A5RE-01,EGFR,mutation_assayed_no_variant_reported,1,0
PAAD,TCGA-PZ-A5RE-01,ERBB2,mutation_assayed_no_variant_reported,1,0
PAAD,TCGA-Q3-A5QY-01,KRAS,mutation_assayed_no_variant_reported,1,0
PAAD,TCGA-Q3-A5QY-01,TP53,mutation_assayed_no_variant_reported,1,0
PAAD,TCGA-Q3-A5QY-01,EGFR,mutation_assayed_no_variant_reported,1,0
PAAD,TCGA-Q3-A5QY-01,ERBB2,mutation_assayed_no_variant_reported,1,0
PAAD,TCGA-Q3-AA2A-01,KRAS,variant_reported,1,1
PAAD,TCGA-Q3-AA2A-01,TP53,mutation_assayed_no_variant_reported,1,0
PAAD,TCGA-Q3-AA2A-01,EGFR,mutation_assayed_no_variant_reported,1,0
PAAD,TCGA-Q3-AA2A-01,ERBB2,mutation_assayed_no_variant_reported,1,0
PAAD,TCGA-RB-A7B8-01,KRAS,variant_reported,1,1
PAAD,TCGA-RB-A7B8-01,TP53,mutation_assayed_no_variant_reported,1,0
PAAD,TCGA-RB-A7B8-01,EGFR,mutation_assayed_no_variant_reported,1,0
PAAD,TCGA-RB-A7B8-01,ERBB2,mutation_assayed_no_variant_reported,1,0
PAAD,TCGA-RB-AA9M-01,KRAS,mutation_assayed_no_variant_reported,1,0
PAAD,TCGA-RB-AA9M-01,TP53,variant_reported,1,1
PAAD,TCGA-RB-AA9M-01,EGFR,mutation_assayed_no_variant_reported,1,0
PAAD,TCGA-RB-AA9M-01,ERBB2,mutation_assayed_no_variant_reported,1,0
PAAD,TCGA-S4-A8RM-01,KRAS,variant_reported,1,1
PAAD,TCGA-S4-A8RM-01,TP53,mutation_assayed_no_variant_reported,1,0
PAAD,TCGA-S4-A8RM-01,EGFR,mutation_assayed_no_variant_reported,1,0
PAAD,TCGA-S4-A8RM-01,ERBB2,mutation_assayed_no_variant_reported,1,0
PAAD,TCGA-S4-A8RO-01,KRAS,variant_reported,1,1
PAAD,TCGA-S4-A8RO-01,TP53,variant_reported,1,1
PAAD,TCGA-S4-A8RO-01,EGFR,mutation_assayed_no_variant_reported,1,0
PAAD,TCGA-S4-A8RO-01,ERBB2,mutation_assayed_no_variant_reported,1,0
PAAD,TCGA-S4-A8RP-01,KRAS,variant_reported,1,1
PAAD,TCGA-S4-A8RP-01,TP53,mutation_assayed_no_variant_reported,1,0
PAAD,TCGA-S4-A8RP-01,EGFR,mutation_assayed_no_variant_reported,1,0
PAAD,TCGA-S4-A8RP-01,ERBB2,mutation_assayed_no_variant_reported,1,0
PAAD,TCGA-US-A774-01,KRAS,mutation_assayed_no_variant_reported,1,0
PAAD,TCGA-US-A774-01,TP53,mutation_assayed_no_variant_reported,1,0
PAAD,TCGA-US-A774-01,EGFR,mutation_assayed_no_variant_reported,1,0
PAAD,TCGA-US-A774-01,ERBB2,mutation_assayed_no_variant_reported,1,0
PAAD,TCGA-US-A776-01,KRAS,mutation_assayed_no_variant_reported,1,0
PAAD,TCGA-US-A776-01,TP53,mutation_assayed_no_variant_reported,1,0
PAAD,TCGA-US-A776-01,EGFR,mutation_assayed_no_variant_reported,1,0
PAAD,TCGA-US-A776-01,ERBB2,mutation_assayed_no_variant_reported,1,0
PAAD,TCGA-US-A779-01,KRAS,variant_reported,1,1
PAAD,TCGA-US-A779-01,TP53,variant_reported,1,1
PAAD,TCGA-US-A779-01,EGFR,mutation_assayed_no_variant_reported,1,0
PAAD,TCGA-US-A779-01,ERBB2,mutation_assayed_no_variant_reported,1,0
PAAD,TCGA-US-A77E-01,KRAS,mutation_assayed_no_variant_reported,1,0
PAAD,TCGA-US-A77E-01,TP53,mutation_assayed_no_variant_reported,1,0
PAAD,TCGA-US-A77E-01,EGFR,mutation_assayed_no_variant_reported,1,0
PAAD,TCGA-US-A77E-01,ERBB2,mutation_assayed_no_variant_reported,1,0
PAAD,TCGA-US-A77G-01,KRAS,variant_reported,1,1
PAAD,TCGA-US-A77G-01,TP53,mutation_assayed_no_variant_reported,1,0
PAAD,TCGA-US-A77G-01,EGFR,mutation_assayed_no_variant_reported,1,0
PAAD,TCGA-US-A77G-01,ERBB2,mutation_assayed_no_variant_reported,1,0
PAAD,TCGA-XD-AAUG-01,KRAS,mutation_assayed_no_variant_reported,1,0
PAAD,TCGA-XD-AAUG-01,TP53,mutation_assayed_no_variant_reported,1,0
PAAD,TCGA-XD-AAUG-01,EGFR,mutation_assayed_no_variant_reported,1,0
PAAD,TCGA-XD-AAUG-01,ERBB2,mutation_assayed_no_variant_reported,1,0
PAAD,TCGA-XD-AAUH-01,KRAS,mutation_assayed_no_variant_reported,1,0
PAAD,TCGA-XD-AAUH-01,TP53,mutation_assayed_no_variant_reported,1,0
PAAD,TCGA-XD-AAUH-01,EGFR,mutation_assayed_no_variant_reported,1,0
PAAD,TCGA-XD-AAUH-01,ERBB2,mutation_assayed_no_variant_reported,1,0
PAAD,TCGA-XD-AAUI-01,KRAS,variant_reported,1,1
PAAD,TCGA-XD-AAUI-01,TP53,variant_reported,1,1
PAAD,TCGA-XD-AAUI-01,EGFR,mutation_assayed_no_variant_reported,1,0
PAAD,TCGA-XD-AAUI-01,ERBB2,mutation_assayed_no_variant_reported,1,0
PAAD,TCGA-XD-AAUL-01,KRAS,variant_reported,1,1
PAAD,TCGA-XD-AAUL-01,TP53,variant_reported,1,1
PAAD,TCGA-XD-AAUL-01,EGFR,mutation_assayed_no_variant_reported,1,0
PAAD,TCGA-XD-AAUL-01,ERBB2,mutation_assayed_no_variant_reported,1,0
PAAD,TCGA-XN-A8T3-01,KRAS,variant_reported,1,1
PAAD,TCGA-XN-A8T3-01,TP53,variant_reported,1,1
PAAD,TCGA-XN-A8T3-01,EGFR,mutation_assayed_no_variant_reported,1,0
PAAD,TCGA-XN-A8T3-01,ERBB2,mutation_assayed_no_variant_reported,1,0
PAAD,TCGA-XN-A8T5-01,KRAS,mutation_assayed_no_variant_reported,1,0
PAAD,TCGA-XN-A8T5-01,TP53,mutation_assayed_no_variant_reported,1,0
PAAD,TCGA-XN-A8T5-01,EGFR,mutation_assayed_no_variant_reported,1,0
PAAD,TCGA-XN-A8T5-01,ERBB2,mutation_assayed_no_variant_reported,1,0
PAAD,TCGA-YB-A89D-01,KRAS,variant_reported,1,1
PAAD,TCGA-YB-A89D-01,TP53,mutation_assayed_no_variant_reported,1,0
PAAD,TCGA-YB-A89D-01,EGFR,mutation_assayed_no_variant_reported,1,0
PAAD,TCGA-YB-A89D-01,ERBB2,mutation_assayed_no_variant_reported,1,0
PAAD,TCGA-YH-A8SY-01,KRAS,variant_reported,1,1
PAAD,TCGA-YH-A8SY-01,TP53,variant_reported,1,1
PAAD,TCGA-YH-A8SY-01,EGFR,mutation_assayed_no_variant_reported,1,0
PAAD,TCGA-YH-A8SY-01,ERBB2,mutation_assayed_no_variant_reported,1,0
PAAD,TCGA-YY-A8LH-01,KRAS,variant_reported,1,1
PAAD,TCGA-YY-A8LH-01,TP53,mutation_assayed_no_variant_reported,1,0
PAAD,TCGA-YY-A8LH-01,EGFR,mutation_assayed_no_variant_reported,1,0
PAAD,TCGA-YY-A8LH-01,ERBB2,mutation_assayed_no_variant_reported,1,0
PAAD,TCGA-Z5-AAPL-01,KRAS,mutation_assayed_no_variant_reported,1,0
PAAD,TCGA-Z5-AAPL-01,TP53,variant_reported,1,1
PAAD,TCGA-Z5-AAPL-01,EGFR,mutation_assayed_no_variant_reported,1,0
PAAD,TCGA-Z5-AAPL-01,ERBB2,mutation_assayed_no_variant_reported,1,0
STAD,TCGA-3M-AB46-01,KRAS,mutation_assayed_no_variant_reported,1,0
STAD,TCGA-3M-AB46-01,TP53,variant_reported,1,1
STAD,TCGA-3M-AB46-01,EGFR,mutation_assayed_no_variant_reported,1,0
STAD,TCGA-3M-AB46-01,ERBB2,mutation_assayed_no_variant_reported,1,0
STAD,TCGA-3M-AB47-01,KRAS,mutation_assayed_no_variant_reported,1,0
STAD,TCGA-3M-AB47-01,TP53,mutation_assayed_no_variant_reported,1,0
STAD,TCGA-3M-AB47-01,EGFR,mutation_assayed_no_variant_reported,1,0
STAD,TCGA-3M-AB47-01,ERBB2,mutation_assayed_no_variant_reported,1,0
STAD,TCGA-B7-5816-01,KRAS,mutation_assayed_no_variant_reported,1,0
STAD,TCGA-B7-5816-01,TP53,mutation_assayed_no_variant_reported,1,0
STAD,TCGA-B7-5816-01,EGFR,mutation_assayed_no_variant_reported,1,0
STAD,TCGA-B7-5816-01,ERBB2,mutation_assayed_no_variant_reported,1,0
STAD,TCGA-B7-5818-01,KRAS,mutation_assayed_no_variant_reported,1,0
STAD,TCGA-B7-5818-01,TP53,variant_reported,1,1
STAD,TCGA-B7-5818-01,EGFR,mutation_assayed_no_variant_reported,1,0
STAD,TCGA-B7-5818-01,ERBB2,mutation_assayed_no_variant_reported,1,0
STAD,TCGA-B7-A5TI-01,KRAS,mutation_assayed_no_variant_reported,1,0
STAD,TCGA-B7-A5TI-01,TP53,variant_reported,1,1
STAD,TCGA-B7-A5TI-01,EGFR,variant_reported,1,1
STAD,TCGA-B7-A5TI-01,ERBB2,mutation_assayed_no_variant_reported,1,0
STAD,TCGA-B7-A5TJ-01,KRAS,variant_reported,1,1
STAD,TCGA-B7-A5TJ-01,TP53,variant_reported,1,1
STAD,TCGA-B7-A5TJ-01,EGFR,mutation_assayed_no_variant_reported,1,0
STAD,TCGA-B7-A5TJ-01,ERBB2,mutation_assayed_no_variant_reported,1,0
STAD,TCGA-B7-A5TK-01,KRAS,variant_reported,1,1
STAD,TCGA-B7-A5TK-01,TP53,mutation_assayed_no_variant_reported,1,0
STAD,TCGA-B7-A5TK-01,EGFR,mutation_assayed_no_variant_reported,1,0
STAD,TCGA-B7-A5TK-01,ERBB2,mutation_assayed_no_variant_reported,1,0
STAD,TCGA-B7-A5TN-01,KRAS,mutation_assayed_no_variant_reported,1,0
STAD,TCGA-B7-A5TN-01,TP53,variant_reported,1,1
STAD,TCGA-B7-A5TN-01,EGFR,mutation_assayed_no_variant_reported,1,0
STAD,TCGA-B7-A5TN-01,ERBB2,mutation_assayed_no_variant_reported,1,0
STAD,TCGA-BR-4183-01,KRAS,mutation_assayed_no_variant_reported,1,0
STAD,TCGA-BR-4183-01,TP53,variant_reported,1,1
STAD,TCGA-BR-4183-01,EGFR,mutation_assayed_no_variant_reported,1,0
STAD,TCGA-BR-4183-01,ERBB2,mutation_assayed_no_variant_reported,1,0
STAD,TCGA-BR-4184-01,KRAS,variant_reported,1,1
STAD,TCGA-BR-4184-01,TP53,variant_reported,1,1
STAD,TCGA-BR-4184-01,EGFR,mutation_assayed_no_variant_reported,1,0
STAD,TCGA-BR-4184-01,ERBB2,mutation_assayed_no_variant_reported,1,0
STAD,TCGA-BR-4187-01,KRAS,mutation_assayed_no_variant_reported,1,0
STAD,TCGA-BR-4187-01,TP53,mutation_assayed_no_variant_reported,1,0
STAD,TCGA-BR-4187-01,EGFR,mutation_assayed_no_variant_reported,1,0
STAD,TCGA-BR-4187-01,ERBB2,mutation_assayed_no_variant_reported,1,0
STAD,TCGA-BR-4188-01,KRAS,mutation_assayed_no_variant_reported,1,0
STAD,TCGA-BR-4188-01,TP53,mutation_assayed_no_variant_reported,1,0
STAD,TCGA-BR-4188-01,EGFR,mutation_assayed_no_variant_reported,1,0
STAD,TCGA-BR-4188-01,ERBB2,mutation_assayed_no_variant_reported,1,0
STAD,TCGA-BR-4191-01,KRAS,mutation_assayed_no_variant_reported,1,0
STAD,TCGA-BR-4191-01,TP53,mutation_assayed_no_variant_reported,1,0
STAD,TCGA-BR-4191-01,EGFR,mutation_assayed_no_variant_reported,1,0
STAD,TCGA-BR-4191-01,ERBB2,mutation_assayed_no_variant_reported,1,0
STAD,TCGA-BR-4201-01,KRAS,variant_reported,1,1
STAD,TCGA-BR-4201-01,TP53,mutation_assayed_no_variant_reported,1,0
STAD,TCGA-BR-4201-01,EGFR,mutation_assayed_no_variant_reported,1,0
STAD,TCGA-BR-4201-01,ERBB2,mutation_assayed_no_variant_reported,1,0
STAD,TCGA-BR-4253-01,KRAS,mutation_assayed_no_variant_reported,1,0
STAD,TCGA-BR-4253-01,TP53,mutation_assayed_no_variant_reported,1,0
STAD,TCGA-BR-4253-01,EGFR,mutation_assayed_no_variant_reported,1,0
STAD,TCGA-BR-4253-01,ERBB2,mutation_assayed_no_variant_reported,1,0
STAD,TCGA-BR-4255-01,KRAS,mutation_assayed_no_variant_reported,1,0
STAD,TCGA-BR-4255-01,TP53,variant_reported,1,1
STAD,TCGA-BR-4255-01,EGFR,mutation_assayed_no_variant_reported,1,0
STAD,TCGA-BR-4255-01,ERBB2,mutation_assayed_no_variant_reported,1,0
STAD,TCGA-BR-4256-01,KRAS,mutation_assayed_no_variant_reported,1,0
STAD,TCGA-BR-4256-01,TP53,variant_reported,1,1
STAD,TCGA-BR-4256-01,EGFR,mutation_assayed_no_variant_reported,1,0
STAD,TCGA-BR-4256-01,ERBB2,mutation_assayed_no_variant_reported,1,0
STAD,TCGA-BR-4257-01,KRAS,variant_reported,1,1
STAD,TCGA-BR-4257-01,TP53,mutation_assayed_no_variant_reported,1,0
STAD,TCGA-BR-4257-01,EGFR,mutation_assayed_no_variant_reported,1,0
STAD,TCGA-BR-4257-01,ERBB2,mutation_assayed_no_variant_reported,1,0
STAD,TCGA-BR-4267-01,KRAS,variant_reported,1,1
STAD,TCGA-BR-4267-01,TP53,mutation_assayed_no_variant_reported,1,0
STAD,TCGA-BR-4267-01,EGFR,mutation_assayed_no_variant_reported,1,0
STAD,TCGA-BR-4267-01,ERBB2,mutation_assayed_no_variant_reported,1,0
STAD,TCGA-BR-4279-01,KRAS,mutation_assayed_no_variant_reported,1,0
STAD,TCGA-BR-4279-01,TP53,mutation_assayed_no_variant_reported,1,0
STAD,TCGA-BR-4279-01,EGFR,mutation_assayed_no_variant_reported,1,0
STAD,TCGA-BR-4279-01,ERBB2,mutation_assayed_no_variant_reported,1,0
STAD,TCGA-BR-4280-01,KRAS,variant_reported,1,1
STAD,TCGA-BR-4280-01,TP53,mutation_assayed_no_variant_reported,1,0
STAD,TCGA-BR-4280-01,EGFR,mutation_assayed_no_variant_reported,1,0
STAD,TCGA-BR-4280-01,ERBB2,mutation_assayed_no_variant_reported,1,0
STAD,TCGA-BR-4292-01,KRAS,mutation_assayed_no_variant_reported,1,0
STAD,TCGA-BR-4292-01,TP53,variant_reported,1,1
STAD,TCGA-BR-4292-01,EGFR,mutation_assayed_no_variant_reported,1,0
STAD,TCGA-BR-4292-01,ERBB2,mutation_assayed_no_variant_reported,1,0
STAD,TCGA-BR-4294-01,KRAS,mutation_assayed_no_variant_reported,1,0
STAD,TCGA-BR-4294-01,TP53,mutation_assayed_no_variant_reported,1,0
STAD,TCGA-BR-4294-01,EGFR,mutation_assayed_no_variant_reported,1,0
STAD,TCGA-BR-4294-01,ERBB2,mutation_assayed_no_variant_reported,1,0
STAD,TCGA-BR-4357-01,KRAS,mutation_assayed_no_variant_reported,1,0
STAD,TCGA-BR-4357-01,TP53,variant_reported,1,1
STAD,TCGA-BR-4357-01,EGFR,mutation_assayed_no_variant_reported,1,0
STAD,TCGA-BR-4357-01,ERBB2,mutation_assayed_no_variant_reported,1,0
STAD,TCGA-BR-4361-01,KRAS,variant_reported,1,1
STAD,TCGA-BR-4361-01,TP53,variant_reported,1,1
STAD,TCGA-BR-4361-01,EGFR,mutation_assayed_no_variant_reported,1,0
STAD,TCGA-BR-4361-01,ERBB2,mutation_assayed_no_variant_reported,1,0
STAD,TCGA-BR-4362-01,KRAS,mutation_assayed_no_variant_reported,1,0
STAD,TCGA-BR-4362-01,TP53,mutation_assayed_no_variant_reported,1,0
STAD,TCGA-BR-4362-01,EGFR,mutation_assayed_no_variant_reported,1,0
STAD,TCGA-BR-4362-01,ERBB2,mutation_assayed_no_variant_reported,1,0
STAD,TCGA-BR-4363-01,KRAS,mutation_assayed_no_variant_reported,1,0
STAD,TCGA-BR-4363-01,TP53,variant_reported,1,1
STAD,TCGA-BR-4363-01,EGFR,mutation_assayed_no_variant_reported,1,0
STAD,TCGA-BR-4363-01,ERBB2,mutation_assayed_no_variant_reported,1,0
STAD,TCGA-BR-4366-01,KRAS,mutation_assayed_no_variant_reported,1,0
STAD,TCGA-BR-4366-01,TP53,variant_reported,1,1
STAD,TCGA-BR-4366-01,EGFR,mutation_assayed_no_variant_reported,1,0
STAD,TCGA-BR-4366-01,ERBB2,mutation_assayed_no_variant_reported,1,0
STAD,TCGA-BR-4368-01,KRAS,variant_reported,1,1
STAD,TCGA-BR-4368-01,TP53,mutation_assayed_no_variant_reported,1,0
STAD,TCGA-BR-4368-01,EGFR,mutation_assayed_no_variant_reported,1,0
STAD,TCGA-BR-4368-01,ERBB2,mutation_assayed_no_variant_reported,1,0
STAD,TCGA-BR-4369-01,KRAS,mutation_assayed_no_variant_reported,1,0
STAD,TCGA-BR-4369-01,TP53,mutation_assayed_no_variant_reported,1,0
STAD,TCGA-BR-4369-01,EGFR,mutation_assayed_no_variant_reported,1,0
STAD,TCGA-BR-4369-01,ERBB2,mutation_assayed_no_variant_reported,1,0
STAD,TCGA-BR-4370-01,KRAS,mutation_assayed_no_variant_reported,1,0
STAD,TCGA-BR-4370-01,TP53,mutation_assayed_no_variant_reported,1,0
STAD,TCGA-BR-4370-01,EGFR,mutation_assayed_no_variant_reported,1,0
STAD,TCGA-BR-4370-01,ERBB2,variant_reported,1,1
STAD,TCGA-BR-4371-01,KRAS,mutation_assayed_no_variant_reported,1,0
STAD,TCGA-BR-4371-01,TP53,mutation_assayed_no_variant_reported,1,0
STAD,TCGA-BR-4371-01,EGFR,mutation_assayed_no_variant_reported,1,0
STAD,TCGA-BR-4371-01,ERBB2,mutation_assayed_no_variant_reported,1,0
STAD,TCGA-BR-6452-01,KRAS,mutation_assayed_no_variant_reported,1,0
STAD,TCGA-BR-6452-01,TP53,mutation_assayed_no_variant_reported,1,0
STAD,TCGA-BR-6452-01,EGFR,mutation_assayed_no_variant_reported,1,0
STAD,TCGA-BR-6452-01,ERBB2,mutation_assayed_no_variant_reported,1,0
STAD,TCGA-BR-6453-01,KRAS,mutation_assayed_no_variant_reported,1,0
STAD,TCGA-BR-6453-01,TP53,mutation_assayed_no_variant_reported,1,0
STAD,TCGA-BR-6453-01,EGFR,mutation_assayed_no_variant_reported,1,0
STAD,TCGA-BR-6453-01,ERBB2,mutation_assayed_no_variant_reported,1,0
STAD,TCGA-BR-6454-01,KRAS,mutation_assayed_no_variant_reported,1,0
STAD,TCGA-BR-6454-01,TP53,mutation_assayed_no_variant_reported,1,0
STAD,TCGA-BR-6454-01,EGFR,mutation_assayed_no_variant_reported,1,0
STAD,TCGA-BR-6454-01,ERBB2,mutation_assayed_no_variant_reported,1,0
STAD,TCGA-BR-6455-01,KRAS,mutation_assayed_no_variant_reported,1,0
STAD,TCGA-BR-6455-01,TP53,mutation_assayed_no_variant_reported,1,0
STAD,TCGA-BR-6455-01,EGFR,mutation_assayed_no_variant_reported,1,0
STAD,TCGA-BR-6455-01,ERBB2,mutation_assayed_no_variant_reported,1,0
STAD,TCGA-BR-6456-01,KRAS,mutation_assayed_no_variant_reported,1,0
STAD,TCGA-BR-6456-01,TP53,variant_reported,1,1
STAD,TCGA-BR-6456-01,EGFR,mutation_assayed_no_variant_reported,1,0
STAD,TCGA-BR-6456-01,ERBB2,mutation_assayed_no_variant_reported,1,0
STAD,TCGA-BR-6457-01,KRAS,mutation_assayed_no_variant_reported,1,0
STAD,TCGA-BR-6457-01,TP53,variant_reported,1,1
STAD,TCGA-BR-6457-01,EGFR,mutation_assayed_no_variant_reported,1,0
STAD,TCGA-BR-6457-01,ERBB2,mutation_assayed_no_variant_reported,1,0
STAD,TCGA-BR-6458-01,KRAS,mutation_assayed_no_variant_reported,1,0
STAD,TCGA-BR-6458-01,TP53,mutation_assayed_no_variant_reported,1,0
STAD,TCGA-BR-6458-01,EGFR,mutation_assayed_no_variant_reported,1,0
STAD,TCGA-BR-6458-01,ERBB2,mutation_assayed_no_variant_reported,1,0
STAD,TCGA-BR-6563-01,KRAS,mutation_assayed_no_variant_reported,1,0
STAD,TCGA-BR-6563-01,TP53,mutation_assayed_no_variant_reported,1,0
STAD,TCGA-BR-6563-01,EGFR,mutation_assayed_no_variant_reported,1,0
STAD,TCGA-BR-6563-01,ERBB2,mutation_assayed_no_variant_reported,1,0
STAD,TCGA-BR-6564-01,KRAS,mutation_assayed_no_variant_reported,1,0
STAD,TCGA-BR-6564-01,TP53,mutation_assayed_no_variant_reported,1,0
STAD,TCGA-BR-6564-01,EGFR,mutation_assayed_no_variant_reported,1,0
STAD,TCGA-BR-6564-01,ERBB2,mutation_assayed_no_variant_reported,1,0
STAD,TCGA-BR-6565-01,KRAS,mutation_assayed_no_variant_reported,1,0
STAD,TCGA-BR-6565-01,TP53,variant_reported,1,1
STAD,TCGA-BR-6565-01,EGFR,mutation_assayed_no_variant_reported,1,0
STAD,TCGA-BR-6565-01,ERBB2,mutation_assayed_no_variant_reported,1,0
STAD,TCGA-BR-6566-01,KRAS,mutation_assayed_no_variant_reported,1,0
STAD,TCGA-BR-6566-01,TP53,mutation_assayed_no_variant_reported,1,0
STAD,TCGA-BR-6566-01,EGFR,mutation_assayed_no_variant_reported,1,0
STAD,TCGA-BR-6566-01,ERBB2,variant_reported,1,1
STAD,TCGA-BR-6705-01,KRAS,variant_reported,1,1
STAD,TCGA-BR-6705-01,TP53,mutation_assayed_no_variant_reported,1,0
STAD,TCGA-BR-6705-01,EGFR,mutation_assayed_no_variant_reported,1,0
STAD,TCGA-BR-6705-01,ERBB2,mutation_assayed_no_variant_reported,1,0
STAD,TCGA-BR-6706-01,KRAS,mutation_assayed_no_variant_reported,1,0
STAD,TCGA-BR-6706-01,TP53,mutation_assayed_no_variant_reported,1,0
STAD,TCGA-BR-6706-01,EGFR,mutation_assayed_no_variant_reported,1,0
STAD,TCGA-BR-6706-01,ERBB2,mutation_assayed_no_variant_reported,1,0
STAD,TCGA-BR-6707-01,KRAS,mutation_assayed_no_variant_reported,1,0
STAD,TCGA-BR-6707-01,TP53,mutation_assayed_no_variant_reported,1,0
STAD,TCGA-BR-6707-01,EGFR,mutation_assayed_no_variant_reported,1,0
STAD,TCGA-BR-6707-01,ERBB2,mutation_assayed_no_variant_reported,1,0
STAD,TCGA-BR-6709-01,KRAS,mutation_assayed_no_variant_reported,1,0
STAD,TCGA-BR-6709-01,TP53,mutation_assayed_no_variant_reported,1,0
STAD,TCGA-BR-6709-01,EGFR,mutation_assayed_no_variant_reported,1,0
STAD,TCGA-BR-6709-01,ERBB2,mutation_assayed_no_variant_reported,1,0
STAD,TCGA-BR-6801-01,KRAS,mutation_assayed_no_variant_reported,1,0
STAD,TCGA-BR-6801-01,TP53,mutation_assayed_no_variant_reported,1,0
STAD,TCGA-BR-6801-01,EGFR,mutation_assayed_no_variant_reported,1,0
STAD,TCGA-BR-6801-01,ERBB2,mutation_assayed_no_variant_reported,1,0
STAD,TCGA-BR-6802-01,KRAS,variant_reported,1,1
STAD,TCGA-BR-6802-01,TP53,mutation_assayed_no_variant_reported,1,0
STAD,TCGA-BR-6802-01,EGFR,mutation_assayed_no_variant_reported,1,0
STAD,TCGA-BR-6802-01,ERBB2,variant_reported,1,1
STAD,TCGA-BR-6803-01,KRAS,mutation_assayed_no_variant_reported,1,0
STAD,TCGA-BR-6803-01,TP53,variant_reported,1,1
STAD,TCGA-BR-6803-01,EGFR,mutation_assayed_no_variant_reported,1,0
STAD,TCGA-BR-6803-01,ERBB2,mutation_assayed_no_variant_reported,1,0
STAD,TCGA-BR-6852-01,KRAS,mutation_assayed_no_variant_reported,1,0
STAD,TCGA-BR-6852-01,TP53,mutation_assayed_no_variant_reported,1,0
STAD,TCGA-BR-6852-01,EGFR,mutation_assayed_no_variant_reported,1,0
STAD,TCGA-BR-6852-01,ERBB2,variant_reported,1,1
STAD,TCGA-BR-7196-01,KRAS,mutation_assayed_no_variant_reported,1,0
STAD,TCGA-BR-7196-01,TP53,mutation_assayed_no_variant_reported,1,0
STAD,TCGA-BR-7196-01,EGFR,mutation_assayed_no_variant_reported,1,0
STAD,TCGA-BR-7196-01,ERBB2,mutation_assayed_no_variant_reported,1,0
STAD,TCGA-BR-7197-01,KRAS,mutation_assayed_no_variant_reported,1,0
STAD,TCGA-BR-7197-01,TP53,variant_reported,1,1
STAD,TCGA-BR-7197-01,EGFR,mutation_assayed_no_variant_reported,1,0
STAD,TCGA-BR-7197-01,ERBB2,mutation_assayed_no_variant_reported,1,0
STAD,TCGA-BR-7703-01,KRAS,variant_reported,1,1
STAD,TCGA-BR-7703-01,TP53,variant_reported,1,1
STAD,TCGA-BR-7703-01,EGFR,mutation_assayed_no_variant_reported,1,0
STAD,TCGA-BR-7703-01,ERBB2,mutation_assayed_no_variant_reported,1,0
STAD,TCGA-BR-7704-01,KRAS,mutation_assayed_no_variant_reported,1,0
STAD,TCGA-BR-7704-01,TP53,mutation_assayed_no_variant_reported,1,0
STAD,TCGA-BR-7704-01,EGFR,mutation_assayed_no_variant_reported,1,0
STAD,TCGA-BR-7704-01,ERBB2,mutation_assayed_no_variant_reported,1,0
STAD,TCGA-BR-7707-01,KRAS,variant_reported,1,1
STAD,TCGA-BR-7707-01,TP53,variant_reported,1,1
STAD,TCGA-BR-7707-01,EGFR,mutation_assayed_no_variant_reported,1,0
STAD,TCGA-BR-7707-01,ERBB2,mutation_assayed_no_variant_reported,1,0
STAD,TCGA-BR-7715-01,KRAS,mutation_assayed_no_variant_reported,1,0
STAD,TCGA-BR-7715-01,TP53,variant_reported,1,1
STAD,TCGA-BR-7715-01,EGFR,mutation_assayed_no_variant_reported,1,0
STAD,TCGA-BR-7715-01,ERBB2,mutation_assayed_no_variant_reported,1,0
STAD,TCGA-BR-7716-01,KRAS,mutation_assayed_no_variant_reported,1,0
STAD,TCGA-BR-7716-01,TP53,variant_reported,1,1
STAD,TCGA-BR-7716-01,EGFR,mutation_assayed_no_variant_reported,1,0
STAD,TCGA-BR-7716-01,ERBB2,mutation_assayed_no_variant_reported,1,0
STAD,TCGA-BR-7717-01,KRAS,mutation_assayed_no_variant_reported,1,0
STAD,TCGA-BR-7717-01,TP53,mutation_assayed_no_variant_reported,1,0
STAD,TCGA-BR-7717-01,EGFR,mutation_assayed_no_variant_reported,1,0
STAD,TCGA-BR-7717-01,ERBB2,mutation_assayed_no_variant_reported,1,0
STAD,TCGA-BR-7722-01,KRAS,mutation_assayed_no_variant_reported,1,0
STAD,TCGA-BR-7722-01,TP53,mutation_assayed_no_variant_reported,1,0
STAD,TCGA-BR-7722-01,EGFR,mutation_assayed_no_variant_reported,1,0
STAD,TCGA-BR-7722-01,ERBB2,mutation_assayed_no_variant_reported,1,0
STAD,TCGA-BR-7723-01,KRAS,mutation_assayed_no_variant_reported,1,0
STAD,TCGA-BR-7723-01,TP53,variant_reported,1,1
STAD,TCGA-BR-7723-01,EGFR,mutation_assayed_no_variant_reported,1,0
STAD,TCGA-BR-7723-01,ERBB2,mutation_assayed_no_variant_reported,1,0
STAD,TCGA-BR-7851-01,KRAS,mutation_assayed_no_variant_reported,1,0
STAD,TCGA-BR-7851-01,TP53,mutation_assayed_no_variant_reported,1,0
STAD,TCGA-BR-7851-01,EGFR,variant_reported,1,1
STAD,TCGA-BR-7851-01,ERBB2,mutation_assayed_no_variant_reported,1,0
STAD,TCGA-BR-7901-01,KRAS,mutation_assayed_no_variant_reported,1,0
STAD,TCGA-BR-7901-01,TP53,mutation_assayed_no_variant_reported,1,0
STAD,TCGA-BR-7901-01,EGFR,mutation_assayed_no_variant_reported,1,0
STAD,TCGA-BR-7901-01,ERBB2,mutation_assayed_no_variant_reported,1,0
STAD,TCGA-BR-7957-01,KRAS,mutation_assayed_no_variant_reported,1,0
STAD,TCGA-BR-7957-01,TP53,mutation_assayed_no_variant_reported,1,0
STAD,TCGA-BR-7957-01,EGFR,mutation_assayed_no_variant_reported,1,0
STAD,TCGA-BR-7957-01,ERBB2,variant_reported,1,1
STAD,TCGA-BR-7958-01,KRAS,mutation_assayed_no_variant_reported,1,0
STAD,TCGA-BR-7958-01,TP53,mutation_assayed_no_variant_reported,1,0
STAD,TCGA-BR-7958-01,EGFR,mutation_assayed_no_variant_reported,1,0
STAD,TCGA-BR-7958-01,ERBB2,mutation_assayed_no_variant_reported,1,0
STAD,TCGA-BR-7959-01,KRAS,mutation_assayed_no_variant_reported,1,0
STAD,TCGA-BR-7959-01,TP53,mutation_assayed_no_variant_reported,1,0
STAD,TCGA-BR-7959-01,EGFR,mutation_assayed_no_variant_reported,1,0
STAD,TCGA-BR-7959-01,ERBB2,mutation_assayed_no_variant_reported,1,0
STAD,TCGA-BR-8058-01,KRAS,mutation_assayed_no_variant_reported,1,0
STAD,TCGA-BR-8058-01,TP53,mutation_assayed_no_variant_reported,1,0
STAD,TCGA-BR-8058-01,EGFR,mutation_assayed_no_variant_reported,1,0
STAD,TCGA-BR-8058-01,ERBB2,mutation_assayed_no_variant_reported,1,0
STAD,TCGA-BR-8059-01,KRAS,variant_reported,1,1
STAD,TCGA-BR-8059-01,TP53,mutation_assayed_no_variant_reported,1,0
STAD,TCGA-BR-8059-01,EGFR,mutation_assayed_no_variant_reported,1,0
STAD,TCGA-BR-8059-01,ERBB2,mutation_assayed_no_variant_reported,1,0
STAD,TCGA-BR-8060-01,KRAS,mutation_assayed_no_variant_reported,1,0
STAD,TCGA-BR-8060-01,TP53,variant_reported,1,1
STAD,TCGA-BR-8060-01,EGFR,mutation_assayed_no_variant_reported,1,0
STAD,TCGA-BR-8060-01,ERBB2,mutation_assayed_no_variant_reported,1,0
STAD,TCGA-BR-8077-01,KRAS,mutation_assayed_no_variant_reported,1,0
STAD,TCGA-BR-8077-01,TP53,variant_reported,1,1
STAD,TCGA-BR-8077-01,EGFR,mutation_assayed_no_variant_reported,1,0
STAD,TCGA-BR-8077-01,ERBB2,mutation_assayed_no_variant_reported,1,0
STAD,TCGA-BR-8078-01,KRAS,variant_reported,1,1
STAD,TCGA-BR-8078-01,TP53,mutation_assayed_no_variant_reported,1,0
STAD,TCGA-BR-8078-01,EGFR,mutation_assayed_no_variant_reported,1,0
STAD,TCGA-BR-8078-01,ERBB2,mutation_assayed_no_variant_reported,1,0
STAD,TCGA-BR-8080-01,KRAS,mutation_assayed_no_variant_reported,1,0
STAD,TCGA-BR-8080-01,TP53,variant_reported,1,1
STAD,TCGA-BR-8080-01,EGFR,mutation_assayed_no_variant_reported,1,0
STAD,TCGA-BR-8080-01,ERBB2,mutation_assayed_no_variant_reported,1,0
STAD,TCGA-BR-8081-01,KRAS,mutation_assayed_no_variant_reported,1,0
STAD,TCGA-BR-8081-01,TP53,variant_reported,1,1
STAD,TCGA-BR-8081-01,EGFR,mutation_assayed_no_variant_reported,1,0
STAD,TCGA-BR-8081-01,ERBB2,mutation_assayed_no_variant_reported,1,0
STAD,TCGA-BR-8284-01,KRAS,mutation_assayed_no_variant_reported,1,0
STAD,TCGA-BR-8284-01,TP53,mutation_assayed_no_variant_reported,1,0
STAD,TCGA-BR-8284-01,EGFR,mutation_assayed_no_variant_reported,1,0
STAD,TCGA-BR-8284-01,ERBB2,mutation_assayed_no_variant_reported,1,0
STAD,TCGA-BR-8285-01,KRAS,mutation_assayed_no_variant_reported,1,0
STAD,TCGA-BR-8285-01,TP53,mutation_assayed_no_variant_reported,1,0
STAD,TCGA-BR-8285-01,EGFR,mutation_assayed_no_variant_reported,1,0
STAD,TCGA-BR-8285-01,ERBB2,mutation_assayed_no_variant_reported,1,0
STAD,TCGA-BR-8286-01,KRAS,mutation_assayed_no_variant_reported,1,0
STAD,TCGA-BR-8286-01,TP53,variant_reported,1,1
STAD,TCGA-BR-8286-01,EGFR,mutation_assayed_no_variant_reported,1,0
STAD,TCGA-BR-8286-01,ERBB2,mutation_assayed_no_variant_reported,1,0
STAD,TCGA-BR-8291-01,KRAS,mutation_assayed_no_variant_reported,1,0
STAD,TCGA-BR-8291-01,TP53,mutation_assayed_no_variant_reported,1,0
STAD,TCGA-BR-8291-01,EGFR,mutation_assayed_no_variant_reported,1,0
STAD,TCGA-BR-8291-01,ERBB2,mutation_assayed_no_variant_reported,1,0
STAD,TCGA-BR-8295-01,KRAS,mutation_assayed_no_variant_reported,1,0
STAD,TCGA-BR-8295-01,TP53,variant_reported,1,1
STAD,TCGA-BR-8295-01,EGFR,mutation_assayed_no_variant_reported,1,0
STAD,TCGA-BR-8295-01,ERBB2,mutation_assayed_no_variant_reported,1,0
STAD,TCGA-BR-8296-01,KRAS,mutation_assayed_no_variant_reported,1,0
STAD,TCGA-BR-8296-01,TP53,mutation_assayed_no_variant_reported,1,0
STAD,TCGA-BR-8296-01,EGFR,mutation_assayed_no_variant_reported,1,0
STAD,TCGA-BR-8296-01,ERBB2,mutation_assayed_no_variant_reported,1,0
STAD,TCGA-BR-8297-01,KRAS,mutation_assayed_no_variant_reported,1,0
STAD,TCGA-BR-8297-01,TP53,variant_reported,1,1
STAD,TCGA-BR-8297-01,EGFR,mutation_assayed_no_variant_reported,1,0
STAD,TCGA-BR-8297-01,ERBB2,mutation_assayed_no_variant_reported,1,0
STAD,TCGA-BR-8360-01,KRAS,mutation_assayed_no_variant_reported,1,0
STAD,TCGA-BR-8360-01,TP53,variant_reported,1,1
STAD,TCGA-BR-8360-01,EGFR,mutation_assayed_no_variant_reported,1,0
STAD,TCGA-BR-8360-01,ERBB2,mutation_assayed_no_variant_reported,1,0
STAD,TCGA-BR-8361-01,KRAS,mutation_assayed_no_variant_reported,1,0
STAD,TCGA-BR-8361-01,TP53,variant_reported,1,1
STAD,TCGA-BR-8361-01,EGFR,mutation_assayed_no_variant_reported,1,0
STAD,TCGA-BR-8361-01,ERBB2,mutation_assayed_no_variant_reported,1,0
STAD,TCGA-BR-8363-01,KRAS,mutation_assayed_no_variant_reported,1,0
STAD,TCGA-BR-8363-01,TP53,mutation_assayed_no_variant_reported,1,0
STAD,TCGA-BR-8363-01,EGFR,mutation_assayed_no_variant_reported,1,0
STAD,TCGA-BR-8363-01,ERBB2,mutation_assayed_no_variant_reported,1,0
STAD,TCGA-BR-8364-01,KRAS,mutation_assayed_no_variant_reported,1,0
STAD,TCGA-BR-8364-01,TP53,mutation_assayed_no_variant_reported,1,0
STAD,TCGA-BR-8364-01,EGFR,mutation_assayed_no_variant_reported,1,0
STAD,TCGA-BR-8364-01,ERBB2,mutation_assayed_no_variant_reported,1,0
STAD,TCGA-BR-8365-01,KRAS,mutation_assayed_no_variant_reported,1,0
STAD,TCGA-BR-8365-01,TP53,mutation_assayed_no_variant_reported,1,0
STAD,TCGA-BR-8365-01,EGFR,mutation_assayed_no_variant_reported,1,0
STAD,TCGA-BR-8365-01,ERBB2,mutation_assayed_no_variant_reported,1,0
STAD,TCGA-BR-8366-01,KRAS,variant_reported,1,1
STAD,TCGA-BR-8366-01,TP53,mutation_assayed_no_variant_reported,1,0
STAD,TCGA-BR-8366-01,EGFR,mutation_assayed_no_variant_reported,1,0
STAD,TCGA-BR-8366-01,ERBB2,mutation_assayed_no_variant_reported,1,0
STAD,TCGA-BR-8367-01,KRAS,mutation_assayed_no_variant_reported,1,0
STAD,TCGA-BR-8367-01,TP53,mutation_assayed_no_variant_reported,1,0
STAD,TCGA-BR-8367-01,EGFR,mutation_assayed_no_variant_reported,1,0
STAD,TCGA-BR-8367-01,ERBB2,mutation_assayed_no_variant_reported,1,0
STAD,TCGA-BR-8368-01,KRAS,variant_reported,1,1
STAD,TCGA-BR-8368-01,TP53,mutation_assayed_no_variant_reported,1,0
STAD,TCGA-BR-8368-01,EGFR,mutation_assayed_no_variant_reported,1,0
STAD,TCGA-BR-8368-01,ERBB2,mutation_assayed_no_variant_reported,1,0
STAD,TCGA-BR-8369-01,KRAS,mutation_assayed_no_variant_reported,1,0
STAD,TCGA-BR-8369-01,TP53,variant_reported,1,1
STAD,TCGA-BR-8369-01,EGFR,mutation_assayed_no_variant_reported,1,0
STAD,TCGA-BR-8369-01,ERBB2,mutation_assayed_no_variant_reported,1,0
STAD,TCGA-BR-8370-01,KRAS,variant_reported,1,1
STAD,TCGA-BR-8370-01,TP53,mutation_assayed_no_variant_reported,1,0
STAD,TCGA-BR-8370-01,EGFR,mutation_assayed_no_variant_reported,1,0
STAD,TCGA-BR-8370-01,ERBB2,mutation_assayed_no_variant_reported,1,0
STAD,TCGA-BR-8371-01,KRAS,mutation_assayed_no_variant_reported,1,0
STAD,TCGA-BR-8371-01,TP53,mutation_assayed_no_variant_reported,1,0
STAD,TCGA-BR-8371-01,EGFR,mutation_assayed_no_variant_reported,1,0
STAD,TCGA-BR-8371-01,ERBB2,mutation_assayed_no_variant_reported,1,0
STAD,TCGA-BR-8372-01,KRAS,mutation_assayed_no_variant_reported,1,0
STAD,TCGA-BR-8372-01,TP53,mutation_assayed_no_variant_reported,1,0
STAD,TCGA-BR-8372-01,EGFR,mutation_assayed_no_variant_reported,1,0
STAD,TCGA-BR-8372-01,ERBB2,mutation_assayed_no_variant_reported,1,0
STAD,TCGA-BR-8373-01,KRAS,mutation_assayed_no_variant_reported,1,0
STAD,TCGA-BR-8373-01,TP53,mutation_assayed_no_variant_reported,1,0
STAD,TCGA-BR-8373-01,EGFR,mutation_assayed_no_variant_reported,1,0
STAD,TCGA-BR-8373-01,ERBB2,mutation_assayed_no_variant_reported,1,0
STAD,TCGA-BR-8380-01,KRAS,mutation_assayed_no_variant_reported,1,0
STAD,TCGA-BR-8380-01,TP53,mutation_assayed_no_variant_reported,1,0
STAD,TCGA-BR-8380-01,EGFR,mutation_assayed_no_variant_reported,1,0
STAD,TCGA-BR-8380-01,ERBB2,mutation_assayed_no_variant_reported,1,0
STAD,TCGA-BR-8381-01,KRAS,mutation_assayed_no_variant_reported,1,0
STAD,TCGA-BR-8381-01,TP53,mutation_assayed_no_variant_reported,1,0
STAD,TCGA-BR-8381-01,EGFR,mutation_assayed_no_variant_reported,1,0
STAD,TCGA-BR-8381-01,ERBB2,mutation_assayed_no_variant_reported,1,0
STAD,TCGA-BR-8382-01,KRAS,mutation_assayed_no_variant_reported,1,0
STAD,TCGA-BR-8382-01,TP53,mutation_assayed_no_variant_reported,1,0
STAD,TCGA-BR-8382-01,EGFR,mutation_assayed_no_variant_reported,1,0
STAD,TCGA-BR-8382-01,ERBB2,mutation_assayed_no_variant_reported,1,0
STAD,TCGA-BR-8384-01,KRAS,mutation_assayed_no_variant_reported,1,0
STAD,TCGA-BR-8384-01,TP53,mutation_assayed_no_variant_reported,1,0
STAD,TCGA-BR-8384-01,EGFR,mutation_assayed_no_variant_reported,1,0
STAD,TCGA-BR-8384-01,ERBB2,mutation_assayed_no_variant_reported,1,0
STAD,TCGA-BR-8483-01,KRAS,mutation_assayed_no_variant_reported,1,0
STAD,TCGA-BR-8483-01,TP53,variant_reported,1,1
STAD,TCGA-BR-8483-01,EGFR,mutation_assayed_no_variant_reported,1,0
STAD,TCGA-BR-8483-01,ERBB2,mutation_assayed_no_variant_reported,1,0
STAD,TCGA-BR-8484-01,KRAS,mutation_assayed_no_variant_reported,1,0
STAD,TCGA-BR-8484-01,TP53,variant_reported,1,1
STAD,TCGA-BR-8484-01,EGFR,mutation_assayed_no_variant_reported,1,0
STAD,TCGA-BR-8484-01,ERBB2,mutation_assayed_no_variant_reported,1,0
STAD,TCGA-BR-8485-01,KRAS,mutation_assayed_no_variant_reported,1,0
STAD,TCGA-BR-8485-01,TP53,mutation_assayed_no_variant_reported,1,0
STAD,TCGA-BR-8485-01,EGFR,mutation_assayed_no_variant_reported,1,0
STAD,TCGA-BR-8485-01,ERBB2,mutation_assayed_no_variant_reported,1,0
STAD,TCGA-BR-8486-01,KRAS,mutation_assayed_no_variant_reported,1,0
STAD,TCGA-BR-8486-01,TP53,variant_reported,1,1
STAD,TCGA-BR-8486-01,EGFR,mutation_assayed_no_variant_reported,1,0
STAD,TCGA-BR-8486-01,ERBB2,mutation_assayed_no_variant_reported,1,0
STAD,TCGA-BR-8487-01,KRAS,mutation_assayed_no_variant_reported,1,0
STAD,TCGA-BR-8487-01,TP53,variant_reported,1,1
STAD,TCGA-BR-8487-01,EGFR,variant_reported,1,1
STAD,TCGA-BR-8487-01,ERBB2,variant_reported,1,1
STAD,TCGA-BR-8588-01,KRAS,mutation_assayed_no_variant_reported,1,0
STAD,TCGA-BR-8588-01,TP53,mutation_assayed_no_variant_reported,1,0
STAD,TCGA-BR-8588-01,EGFR,mutation_assayed_no_variant_reported,1,0
STAD,TCGA-BR-8588-01,ERBB2,variant_reported,1,1
STAD,TCGA-BR-8589-01,KRAS,mutation_assayed_no_variant_reported,1,0
STAD,TCGA-BR-8589-01,TP53,mutation_assayed_no_variant_reported,1,0
STAD,TCGA-BR-8589-01,EGFR,mutation_assayed_no_variant_reported,1,0
STAD,TCGA-BR-8589-01,ERBB2,mutation_assayed_no_variant_reported,1,0
STAD,TCGA-BR-8590-01,KRAS,mutation_assayed_no_variant_reported,1,0
STAD,TCGA-BR-8590-01,TP53,mutation_assayed_no_variant_reported,1,0
STAD,TCGA-BR-8590-01,EGFR,mutation_assayed_no_variant_reported,1,0
STAD,TCGA-BR-8590-01,ERBB2,mutation_assayed_no_variant_reported,1,0
STAD,TCGA-BR-8591-01,KRAS,mutation_assayed_no_variant_reported,1,0
STAD,TCGA-BR-8591-01,TP53,mutation_assayed_no_variant_reported,1,0
STAD,TCGA-BR-8591-01,EGFR,mutation_assayed_no_variant_reported,1,0
STAD,TCGA-BR-8591-01,ERBB2,mutation_assayed_no_variant_reported,1,0
STAD,TCGA-BR-8592-01,KRAS,mutation_assayed_no_variant_reported,1,0
STAD,TCGA-BR-8592-01,TP53,mutation_assayed_no_variant_reported,1,0
STAD,TCGA-BR-8592-01,EGFR,mutation_assayed_no_variant_reported,1,0
STAD,TCGA-BR-8592-01,ERBB2,mutation_assayed_no_variant_reported,1,0
STAD,TCGA-BR-8676-01,KRAS,mutation_assayed_no_variant_reported,1,0
STAD,TCGA-BR-8676-01,TP53,mutation_assayed_no_variant_reported,1,0
STAD,TCGA-BR-8676-01,EGFR,mutation_assayed_no_variant_reported,1,0
STAD,TCGA-BR-8676-01,ERBB2,mutation_assayed_no_variant_reported,1,0
STAD,TCGA-BR-8677-01,KRAS,mutation_assayed_no_variant_reported,1,0
STAD,TCGA-BR-8677-01,TP53,mutation_assayed_no_variant_reported,1,0
STAD,TCGA-BR-8677-01,EGFR,mutation_assayed_no_variant_reported,1,0
STAD,TCGA-BR-8677-01,ERBB2,mutation_assayed_no_variant_reported,1,0
STAD,TCGA-BR-8678-01,KRAS,mutation_assayed_no_variant_reported,1,0
STAD,TCGA-BR-8678-01,TP53,variant_reported,1,1
STAD,TCGA-BR-8678-01,EGFR,mutation_assayed_no_variant_reported,1,0
STAD,TCGA-BR-8678-01,ERBB2,mutation_assayed_no_variant_reported,1,0
STAD,TCGA-BR-8680-01,KRAS,variant_reported,1,1
STAD,TCGA-BR-8680-01,TP53,mutation_assayed_no_variant_reported,1,0
STAD,TCGA-BR-8680-01,EGFR,variant_reported,1,1
STAD,TCGA-BR-8680-01,ERBB2,mutation_assayed_no_variant_reported,1,0
STAD,TCGA-BR-8682-01,KRAS,mutation_assayed_no_variant_reported,1,0
STAD,TCGA-BR-8682-01,TP53,variant_reported,1,1
STAD,TCGA-BR-8682-01,EGFR,mutation_assayed_no_variant_reported,1,0
STAD,TCGA-BR-8682-01,ERBB2,mutation_assayed_no_variant_reported,1,0
STAD,TCGA-BR-8683-01,KRAS,mutation_assayed_no_variant_reported,1,0
STAD,TCGA-BR-8683-01,TP53,variant_reported,1,1
STAD,TCGA-BR-8683-01,EGFR,mutation_assayed_no_variant_reported,1,0
STAD,TCGA-BR-8683-01,ERBB2,mutation_assayed_no_variant_reported,1,0
STAD,TCGA-BR-8686-01,KRAS,mutation_assayed_no_variant_reported,1,0
STAD,TCGA-BR-8686-01,TP53,mutation_assayed_no_variant_reported,1,0
STAD,TCGA-BR-8686-01,EGFR,mutation_assayed_no_variant_reported,1,0
STAD,TCGA-BR-8686-01,ERBB2,mutation_assayed_no_variant_reported,1,0
STAD,TCGA-BR-8687-01,KRAS,variant_reported,1,1
STAD,TCGA-BR-8687-01,TP53,mutation_assayed_no_variant_reported,1,0
STAD,TCGA-BR-8687-01,EGFR,mutation_assayed_no_variant_reported,1,0
STAD,TCGA-BR-8687-01,ERBB2,mutation_assayed_no_variant_reported,1,0
STAD,TCGA-BR-8690-01,KRAS,mutation_assayed_no_variant_reported,1,0
STAD,TCGA-BR-8690-01,TP53,variant_reported,1,1
STAD,TCGA-BR-8690-01,EGFR,mutation_assayed_no_variant_reported,1,0
STAD,TCGA-BR-8690-01,ERBB2,mutation_assayed_no_variant_reported,1,0
STAD,TCGA-BR-A44T-01,KRAS,mutation_assayed_no_variant_reported,1,0
STAD,TCGA-BR-A44T-01,TP53,mutation_assayed_no_variant_reported,1,0
STAD,TCGA-BR-A44T-01,EGFR,mutation_assayed_no_variant_reported,1,0
STAD,TCGA-BR-A44T-01,ERBB2,mutation_assayed_no_variant_reported,1,0
STAD,TCGA-BR-A44U-01,KRAS,mutation_assayed_no_variant_reported,1,0
STAD,TCGA-BR-A44U-01,TP53,variant_reported,1,1
STAD,TCGA-BR-A44U-01,EGFR,mutation_assayed_no_variant_reported,1,0
STAD,TCGA-BR-A44U-01,ERBB2,mutation_assayed_no_variant_reported,1,0
STAD,TCGA-BR-A452-01,KRAS,mutation_assayed_no_variant_reported,1,0
STAD,TCGA-BR-A452-01,TP53,variant_reported,1,1
STAD,TCGA-BR-A452-01,EGFR,mutation_assayed_no_variant_reported,1,0
STAD,TCGA-BR-A452-01,ERBB2,mutation_assayed_no_variant_reported,1,0
STAD,TCGA-BR-A453-01,KRAS,mutation_assayed_no_variant_reported,1,0
STAD,TCGA-BR-A453-01,TP53,mutation_assayed_no_variant_reported,1,0
STAD,TCGA-BR-A453-01,EGFR,mutation_assayed_no_variant_reported,1,0
STAD,TCGA-BR-A453-01,ERBB2,mutation_assayed_no_variant_reported,1,0
STAD,TCGA-BR-A4CQ-01,KRAS,variant_reported,1,1
STAD,TCGA-BR-A4CQ-01,TP53,variant_reported,1,1
STAD,TCGA-BR-A4CQ-01,EGFR,mutation_assayed_no_variant_reported,1,0
STAD,TCGA-BR-A4CQ-01,ERBB2,mutation_assayed_no_variant_reported,1,0
STAD,TCGA-BR-A4CR-01,KRAS,mutation_assayed_no_variant_reported,1,0
STAD,TCGA-BR-A4CR-01,TP53,variant_reported,1,1
STAD,TCGA-BR-A4CR-01,EGFR,mutation_assayed_no_variant_reported,1,0
STAD,TCGA-BR-A4CR-01,ERBB2,mutation_assayed_no_variant_reported,1,0
STAD,TCGA-BR-A4CS-01,KRAS,mutation_assayed_no_variant_reported,1,0
STAD,TCGA-BR-A4CS-01,TP53,variant_reported,1,1
STAD,TCGA-BR-A4CS-01,EGFR,mutation_assayed_no_variant_reported,1,0
STAD,TCGA-BR-A4CS-01,ERBB2,mutation_assayed_no_variant_reported,1,0
STAD,TCGA-BR-A4IU-01,KRAS,mutation_assayed_no_variant_reported,1,0
STAD,TCGA-BR-A4IU-01,TP53,mutation_assayed_no_variant_reported,1,0
STAD,TCGA-BR-A4IU-01,EGFR,mutation_assayed_no_variant_reported,1,0
STAD,TCGA-BR-A4IU-01,ERBB2,mutation_assayed_no_variant_reported,1,0
STAD,TCGA-BR-A4IV-01,KRAS,mutation_assayed_no_variant_reported,1,0
STAD,TCGA-BR-A4IV-01,TP53,mutation_assayed_no_variant_reported,1,0
STAD,TCGA-BR-A4IV-01,EGFR,mutation_assayed_no_variant_reported,1,0
STAD,TCGA-BR-A4IV-01,ERBB2,mutation_assayed_no_variant_reported,1,0
STAD,TCGA-BR-A4IY-01,KRAS,mutation_assayed_no_variant_reported,1,0
STAD,TCGA-BR-A4IY-01,TP53,variant_reported,1,1
STAD,TCGA-BR-A4IY-01,EGFR,mutation_assayed_no_variant_reported,1,0
STAD,TCGA-BR-A4IY-01,ERBB2,mutation_assayed_no_variant_reported,1,0
STAD,TCGA-BR-A4IZ-01,KRAS,mutation_assayed_no_variant_reported,1,0
STAD,TCGA-BR-A4IZ-01,TP53,mutation_assayed_no_variant_reported,1,0
STAD,TCGA-BR-A4IZ-01,EGFR,mutation_assayed_no_variant_reported,1,0
STAD,TCGA-BR-A4IZ-01,ERBB2,mutation_assayed_no_variant_reported,1,0
STAD,TCGA-BR-A4J1-01,KRAS,mutation_assayed_no_variant_reported,1,0
STAD,TCGA-BR-A4J1-01,TP53,mutation_assayed_no_variant_reported,1,0
STAD,TCGA-BR-A4J1-01,EGFR,mutation_assayed_no_variant_reported,1,0
STAD,TCGA-BR-A4J1-01,ERBB2,mutation_assayed_no_variant_reported,1,0
STAD,TCGA-BR-A4J2-01,KRAS,mutation_assayed_no_variant_reported,1,0
STAD,TCGA-BR-A4J2-01,TP53,mutation_assayed_no_variant_reported,1,0
STAD,TCGA-BR-A4J2-01,EGFR,mutation_assayed_no_variant_reported,1,0
STAD,TCGA-BR-A4J2-01,ERBB2,mutation_assayed_no_variant_reported,1,0
STAD,TCGA-BR-A4J4-01,KRAS,mutation_assayed_no_variant_reported,1,0
STAD,TCGA-BR-A4J4-01,TP53,mutation_assayed_no_variant_reported,1,0
STAD,TCGA-BR-A4J4-01,EGFR,mutation_assayed_no_variant_reported,1,0
STAD,TCGA-BR-A4J4-01,ERBB2,mutation_assayed_no_variant_reported,1,0
STAD,TCGA-BR-A4J5-01,KRAS,mutation_assayed_no_variant_reported,1,0
STAD,TCGA-BR-A4J5-01,TP53,mutation_assayed_no_variant_reported,1,0
STAD,TCGA-BR-A4J5-01,EGFR,mutation_assayed_no_variant_reported,1,0
STAD,TCGA-BR-A4J5-01,ERBB2,mutation_assayed_no_variant_reported,1,0
STAD,TCGA-BR-A4J6-01,KRAS,mutation_assayed_no_variant_reported,1,0
STAD,TCGA-BR-A4J6-01,TP53,mutation_assayed_no_variant_reported,1,0
STAD,TCGA-BR-A4J6-01,EGFR,mutation_assayed_no_variant_reported,1,0
STAD,TCGA-BR-A4J6-01,ERBB2,mutation_assayed_no_variant_reported,1,0
STAD,TCGA-BR-A4J7-01,KRAS,mutation_assayed_no_variant_reported,1,0
STAD,TCGA-BR-A4J7-01,TP53,mutation_assayed_no_variant_reported,1,0
STAD,TCGA-BR-A4J7-01,EGFR,mutation_assayed_no_variant_reported,1,0
STAD,TCGA-BR-A4J7-01,ERBB2,mutation_assayed_no_variant_reported,1,0
STAD,TCGA-BR-A4J8-01,KRAS,mutation_assayed_no_variant_reported,1,0
STAD,TCGA-BR-A4J8-01,TP53,variant_reported,1,1
STAD,TCGA-BR-A4J8-01,EGFR,mutation_assayed_no_variant_reported,1,0
STAD,TCGA-BR-A4J8-01,ERBB2,mutation_assayed_no_variant_reported,1,0
STAD,TCGA-BR-A4PD-01,KRAS,mutation_assayed_no_variant_reported,1,0
STAD,TCGA-BR-A4PD-01,TP53,variant_reported,1,1
STAD,TCGA-BR-A4PD-01,EGFR,mutation_assayed_no_variant_reported,1,0
STAD,TCGA-BR-A4PD-01,ERBB2,mutation_assayed_no_variant_reported,1,0
STAD,TCGA-BR-A4PE-01,KRAS,mutation_assayed_no_variant_reported,1,0
STAD,TCGA-BR-A4PE-01,TP53,variant_reported,1,1
STAD,TCGA-BR-A4PE-01,EGFR,mutation_assayed_no_variant_reported,1,0
STAD,TCGA-BR-A4PE-01,ERBB2,mutation_assayed_no_variant_reported,1,0
STAD,TCGA-BR-A4PF-01,KRAS,mutation_assayed_no_variant_reported,1,0
STAD,TCGA-BR-A4PF-01,TP53,variant_reported,1,1
STAD,TCGA-BR-A4PF-01,EGFR,mutation_assayed_no_variant_reported,1,0
STAD,TCGA-BR-A4PF-01,ERBB2,mutation_assayed_no_variant_reported,1,0
STAD,TCGA-BR-A4QI-01,KRAS,mutation_assayed_no_variant_reported,1,0
STAD,TCGA-BR-A4QI-01,TP53,variant_reported,1,1
STAD,TCGA-BR-A4QI-01,EGFR,mutation_assayed_no_variant_reported,1,0
STAD,TCGA-BR-A4QI-01,ERBB2,mutation_assayed_no_variant_reported,1,0
STAD,TCGA-BR-A4QL-01,KRAS,variant_reported,1,1
STAD,TCGA-BR-A4QL-01,TP53,mutation_assayed_no_variant_reported,1,0
STAD,TCGA-BR-A4QL-01,EGFR,variant_reported,1,1
STAD,TCGA-BR-A4QL-01,ERBB2,mutation_assayed_no_variant_reported,1,0
STAD,TCGA-BR-A4QM-01,KRAS,mutation_assayed_no_variant_reported,1,0
STAD,TCGA-BR-A4QM-01,TP53,mutation_assayed_no_variant_reported,1,0
STAD,TCGA-BR-A4QM-01,EGFR,mutation_assayed_no_variant_reported,1,0
STAD,TCGA-BR-A4QM-01,ERBB2,mutation_assayed_no_variant_reported,1,0
STAD,TCGA-CD-5798-01,KRAS,variant_reported,1,1
STAD,TCGA-CD-5798-01,TP53,mutation_assayed_no_variant_reported,1,0
STAD,TCGA-CD-5798-01,EGFR,mutation_assayed_no_variant_reported,1,0
STAD,TCGA-CD-5798-01,ERBB2,mutation_assayed_no_variant_reported,1,0
STAD,TCGA-CD-5799-01,KRAS,mutation_assayed_no_variant_reported,1,0
STAD,TCGA-CD-5799-01,TP53,variant_reported,1,1
STAD,TCGA-CD-5799-01,EGFR,mutation_assayed_no_variant_reported,1,0
STAD,TCGA-CD-5799-01,ERBB2,mutation_assayed_no_variant_reported,1,0
STAD,TCGA-CD-5800-01,KRAS,mutation_assayed_no_variant_reported,1,0
STAD,TCGA-CD-5800-01,TP53,variant_reported,1,1
STAD,TCGA-CD-5800-01,EGFR,mutation_assayed_no_variant_reported,1,0
STAD,TCGA-CD-5800-01,ERBB2,mutation_assayed_no_variant_reported,1,0
STAD,TCGA-CD-5801-01,KRAS,mutation_assayed_no_variant_reported,1,0
STAD,TCGA-CD-5801-01,TP53,mutation_assayed_no_variant_reported,1,0
STAD,TCGA-CD-5801-01,EGFR,mutation_assayed_no_variant_reported,1,0
STAD,TCGA-CD-5801-01,ERBB2,mutation_assayed_no_variant_reported,1,0
STAD,TCGA-CD-5802-01,KRAS,mutation_assayed_no_variant_reported,1,0
STAD,TCGA-CD-5802-01,TP53,mutation_assayed_no_variant_reported,1,0
STAD,TCGA-CD-5802-01,EGFR,mutation_assayed_no_variant_reported,1,0
STAD,TCGA-CD-5802-01,ERBB2,mutation_assayed_no_variant_reported,1,0
STAD,TCGA-CD-5803-01,KRAS,mutation_assayed_no_variant_reported,1,0
STAD,TCGA-CD-5803-01,TP53,mutation_assayed_no_variant_reported,1,0
STAD,TCGA-CD-5803-01,EGFR,mutation_assayed_no_variant_reported,1,0
STAD,TCGA-CD-5803-01,ERBB2,mutation_assayed_no_variant_reported,1,0
STAD,TCGA-CD-5804-01,KRAS,mutation_assayed_no_variant_reported,1,0
STAD,TCGA-CD-5804-01,TP53,variant_reported,1,1
STAD,TCGA-CD-5804-01,EGFR,mutation_assayed_no_variant_reported,1,0
STAD,TCGA-CD-5804-01,ERBB2,mutation_assayed_no_variant_reported,1,0
STAD,TCGA-CD-5813-01,KRAS,mutation_assayed_no_variant_reported,1,0
STAD,TCGA-CD-5813-01,TP53,variant_reported,1,1
STAD,TCGA-CD-5813-01,EGFR,mutation_assayed_no_variant_reported,1,0
STAD,TCGA-CD-5813-01,ERBB2,mutation_assayed_no_variant_reported,1,0
STAD,TCGA-CD-8524-01,KRAS,mutation_assayed_no_variant_reported,1,0
STAD,TCGA-CD-8524-01,TP53,variant_reported,1,1
STAD,TCGA-CD-8524-01,EGFR,mutation_assayed_no_variant_reported,1,0
STAD,TCGA-CD-8524-01,ERBB2,mutation_assayed_no_variant_reported,1,0
STAD,TCGA-CD-8525-01,KRAS,mutation_assayed_no_variant_reported,1,0
STAD,TCGA-CD-8525-01,TP53,variant_reported,1,1
STAD,TCGA-CD-8525-01,EGFR,mutation_assayed_no_variant_reported,1,0
STAD,TCGA-CD-8525-01,ERBB2,mutation_assayed_no_variant_reported,1,0
STAD,TCGA-CD-8526-01,KRAS,mutation_assayed_no_variant_reported,1,0
STAD,TCGA-CD-8526-01,TP53,variant_reported,1,1
STAD,TCGA-CD-8526-01,EGFR,mutation_assayed_no_variant_reported,1,0
STAD,TCGA-CD-8526-01,ERBB2,mutation_assayed_no_variant_reported,1,0
STAD,TCGA-CD-8527-01,KRAS,mutation_assayed_no_variant_reported,1,0
STAD,TCGA-CD-8527-01,TP53,mutation_assayed_no_variant_reported,1,0
STAD,TCGA-CD-8527-01,EGFR,mutation_assayed_no_variant_reported,1,0
STAD,TCGA-CD-8527-01,ERBB2,mutation_assayed_no_variant_reported,1,0
STAD,TCGA-CD-8528-01,KRAS,mutation_assayed_no_variant_reported,1,0
STAD,TCGA-CD-8528-01,TP53,variant_reported,1,1
STAD,TCGA-CD-8528-01,EGFR,mutation_assayed_no_variant_reported,1,0
STAD,TCGA-CD-8528-01,ERBB2,mutation_assayed_no_variant_reported,1,0
STAD,TCGA-CD-8529-01,KRAS,mutation_assayed_no_variant_reported,1,0
STAD,TCGA-CD-8529-01,TP53,mutation_assayed_no_variant_reported,1,0
STAD,TCGA-CD-8529-01,EGFR,mutation_assayed_no_variant_reported,1,0
STAD,TCGA-CD-8529-01,ERBB2,mutation_assayed_no_variant_reported,1,0
STAD,TCGA-CD-8530-01,KRAS,mutation_assayed_no_variant_reported,1,0
STAD,TCGA-CD-8530-01,TP53,variant_reported,1,1
STAD,TCGA-CD-8530-01,EGFR,mutation_assayed_no_variant_reported,1,0
STAD,TCGA-CD-8530-01,ERBB2,mutation_assayed_no_variant_reported,1,0
STAD,TCGA-CD-8531-01,KRAS,mutation_assayed_no_variant_reported,1,0
STAD,TCGA-CD-8531-01,TP53,variant_reported,1,1
STAD,TCGA-CD-8531-01,EGFR,mutation_assayed_no_variant_reported,1,0
STAD,TCGA-CD-8531-01,ERBB2,mutation_assayed_no_variant_reported,1,0
STAD,TCGA-CD-8532-01,KRAS,mutation_assayed_no_variant_reported,1,0
STAD,TCGA-CD-8532-01,TP53,mutation_assayed_no_variant_reported,1,0
STAD,TCGA-CD-8532-01,EGFR,mutation_assayed_no_variant_reported,1,0
STAD,TCGA-CD-8532-01,ERBB2,mutation_assayed_no_variant_reported,1,0
STAD,TCGA-CD-8533-01,KRAS,mutation_assayed_no_variant_reported,1,0
STAD,TCGA-CD-8533-01,TP53,variant_reported,1,1
STAD,TCGA-CD-8533-01,EGFR,mutation_assayed_no_variant_reported,1,0
STAD,TCGA-CD-8533-01,ERBB2,mutation_assayed_no_variant_reported,1,0
STAD,TCGA-CD-8536-01,KRAS,mutation_assayed_no_variant_reported,1,0
STAD,TCGA-CD-8536-01,TP53,mutation_assayed_no_variant_reported,1,0
STAD,TCGA-CD-8536-01,EGFR,mutation_assayed_no_variant_reported,1,0
STAD,TCGA-CD-8536-01,ERBB2,mutation_assayed_no_variant_reported,1,0
STAD,TCGA-CD-A486-01,KRAS,mutation_assayed_no_variant_reported,1,0
STAD,TCGA-CD-A486-01,TP53,variant_reported,1,1
STAD,TCGA-CD-A486-01,EGFR,mutation_assayed_no_variant_reported,1,0
STAD,TCGA-CD-A486-01,ERBB2,mutation_assayed_no_variant_reported,1,0
STAD,TCGA-CD-A487-01,KRAS,mutation_assayed_no_variant_reported,1,0
STAD,TCGA-CD-A487-01,TP53,variant_reported,1,1
STAD,TCGA-CD-A487-01,EGFR,mutation_assayed_no_variant_reported,1,0
STAD,TCGA-CD-A487-01,ERBB2,mutation_assayed_no_variant_reported,1,0
STAD,TCGA-CD-A489-01,KRAS,mutation_assayed_no_variant_reported,1,0
STAD,TCGA-CD-A489-01,TP53,variant_reported,1,1
STAD,TCGA-CD-A489-01,EGFR,mutation_assayed_no_variant_reported,1,0
STAD,TCGA-CD-A489-01,ERBB2,mutation_assayed_no_variant_reported,1,0
STAD,TCGA-CD-A48A-01,KRAS,mutation_assayed_no_variant_reported,1,0
STAD,TCGA-CD-A48A-01,TP53,mutation_assayed_no_variant_reported,1,0
STAD,TCGA-CD-A48A-01,EGFR,mutation_assayed_no_variant_reported,1,0
STAD,TCGA-CD-A48A-01,ERBB2,mutation_assayed_no_variant_reported,1,0
STAD,TCGA-CD-A48C-01,KRAS,mutation_assayed_no_variant_reported,1,0
STAD,TCGA-CD-A48C-01,TP53,mutation_assayed_no_variant_reported,1,0
STAD,TCGA-CD-A48C-01,EGFR,mutation_assayed_no_variant_reported,1,0
STAD,TCGA-CD-A48C-01,ERBB2,mutation_assayed_no_variant_reported,1,0
STAD,TCGA-CD-A4MG-01,KRAS,mutation_assayed_no_variant_reported,1,0
STAD,TCGA-CD-A4MG-01,TP53,mutation_assayed_no_variant_reported,1,0
STAD,TCGA-CD-A4MG-01,EGFR,variant_reported,1,1
STAD,TCGA-CD-A4MG-01,ERBB2,mutation_assayed_no_variant_reported,1,0
STAD,TCGA-CD-A4MH-01,KRAS,mutation_assayed_no_variant_reported,1,0
STAD,TCGA-CD-A4MH-01,TP53,variant_reported,1,1
STAD,TCGA-CD-A4MH-01,EGFR,mutation_assayed_no_variant_reported,1,0
STAD,TCGA-CD-A4MH-01,ERBB2,mutation_assayed_no_variant_reported,1,0
STAD,TCGA-CD-A4MI-01,KRAS,mutation_assayed_no_variant_reported,1,0
STAD,TCGA-CD-A4MI-01,TP53,mutation_assayed_no_variant_reported,1,0
STAD,TCGA-CD-A4MI-01,EGFR,variant_reported,1,1
STAD,TCGA-CD-A4MI-01,ERBB2,mutation_assayed_no_variant_reported,1,0
STAD,TCGA-CD-A4MJ-01,KRAS,variant_reported,1,1
STAD,TCGA-CD-A4MJ-01,TP53,mutation_assayed_no_variant_reported,1,0
STAD,TCGA-CD-A4MJ-01,EGFR,mutation_assayed_no_variant_reported,1,0
STAD,TCGA-CD-A4MJ-01,ERBB2,mutation_assayed_no_variant_reported,1,0
STAD,TCGA-CG-4300-01,KRAS,mutation_assayed_no_variant_reported,1,0
STAD,TCGA-CG-4300-01,TP53,variant_reported,1,1
STAD,TCGA-CG-4300-01,EGFR,mutation_assayed_no_variant_reported,1,0
STAD,TCGA-CG-4300-01,ERBB2,mutation_assayed_no_variant_reported,1,0
STAD,TCGA-CG-4301-01,KRAS,mutation_assayed_no_variant_reported,1,0
STAD,TCGA-CG-4301-01,TP53,mutation_assayed_no_variant_reported,1,0
STAD,TCGA-CG-4301-01,EGFR,mutation_assayed_no_variant_reported,1,0
STAD,TCGA-CG-4301-01,ERBB2,mutation_assayed_no_variant_reported,1,0
STAD,TCGA-CG-4304-01,KRAS,mutation_assayed_no_variant_reported,1,0
STAD,TCGA-CG-4304-01,TP53,mutation_assayed_no_variant_reported,1,0
STAD,TCGA-CG-4304-01,EGFR,mutation_assayed_no_variant_reported,1,0
STAD,TCGA-CG-4304-01,ERBB2,mutation_assayed_no_variant_reported,1,0
STAD,TCGA-CG-4305-01,KRAS,mutation_assayed_no_variant_reported,1,0
STAD,TCGA-CG-4305-01,TP53,mutation_assayed_no_variant_reported,1,0
STAD,TCGA-CG-4305-01,EGFR,mutation_assayed_no_variant_reported,1,0
STAD,TCGA-CG-4305-01,ERBB2,mutation_assayed_no_variant_reported,1,0
STAD,TCGA-CG-4306-01,KRAS,mutation_assayed_no_variant_reported,1,0
STAD,TCGA-CG-4306-01,TP53,mutation_assayed_no_variant_reported,1,0
STAD,TCGA-CG-4306-01,EGFR,mutation_assayed_no_variant_reported,1,0
STAD,TCGA-CG-4306-01,ERBB2,mutation_assayed_no_variant_reported,1,0
STAD,TCGA-CG-4436-01,KRAS,mutation_assayed_no_variant_reported,1,0
STAD,TCGA-CG-4436-01,TP53,variant_reported,1,1
STAD,TCGA-CG-4436-01,EGFR,mutation_assayed_no_variant_reported,1,0
STAD,TCGA-CG-4436-01,ERBB2,mutation_assayed_no_variant_reported,1,0
STAD,TCGA-CG-4437-01,KRAS,mutation_assayed_no_variant_reported,1,0
STAD,TCGA-CG-4437-01,TP53,mutation_assayed_no_variant_reported,1,0
STAD,TCGA-CG-4437-01,EGFR,mutation_assayed_no_variant_reported,1,0
STAD,TCGA-CG-4437-01,ERBB2,mutation_assayed_no_variant_reported,1,0
STAD,TCGA-CG-4438-01,KRAS,mutation_assayed_no_variant_reported,1,0
STAD,TCGA-CG-4438-01,TP53,variant_reported,1,1
STAD,TCGA-CG-4438-01,EGFR,mutation_assayed_no_variant_reported,1,0
STAD,TCGA-CG-4438-01,ERBB2,mutation_assayed_no_variant_reported,1,0
STAD,TCGA-CG-4440-01,KRAS,mutation_assayed_no_variant_reported,1,0
STAD,TCGA-CG-4440-01,TP53,variant_reported,1,1
STAD,TCGA-CG-4440-01,EGFR,mutation_assayed_no_variant_reported,1,0
STAD,TCGA-CG-4440-01,ERBB2,mutation_assayed_no_variant_reported,1,0
STAD,TCGA-CG-4441-01,KRAS,mutation_assayed_no_variant_reported,1,0
STAD,TCGA-CG-4441-01,TP53,mutation_assayed_no_variant_reported,1,0
STAD,TCGA-CG-4441-01,EGFR,mutation_assayed_no_variant_reported,1,0
STAD,TCGA-CG-4441-01,ERBB2,mutation_assayed_no_variant_reported,1,0
STAD,TCGA-CG-4442-01,KRAS,variant_reported,1,1
STAD,TCGA-CG-4442-01,TP53,mutation_assayed_no_variant_reported,1,0
STAD,TCGA-CG-4442-01,EGFR,mutation_assayed_no_variant_reported,1,0
STAD,TCGA-CG-4442-01,ERBB2,mutation_assayed_no_variant_reported,1,0
STAD,TCGA-CG-4443-01,KRAS,mutation_assayed_no_variant_reported,1,0
STAD,TCGA-CG-4443-01,TP53,mutation_assayed_no_variant_reported,1,0
STAD,TCGA-CG-4443-01,EGFR,mutation_assayed_no_variant_reported,1,0
STAD,TCGA-CG-4443-01,ERBB2,mutation_assayed_no_variant_reported,1,0
STAD,TCGA-CG-4444-01,KRAS,mutation_assayed_no_variant_reported,1,0
STAD,TCGA-CG-4444-01,TP53,variant_reported,1,1
STAD,TCGA-CG-4444-01,EGFR,mutation_assayed_no_variant_reported,1,0
STAD,TCGA-CG-4444-01,ERBB2,mutation_assayed_no_variant_reported,1,0
STAD,TCGA-CG-4449-01,KRAS,mutation_assayed_no_variant_reported,1,0
STAD,TCGA-CG-4449-01,TP53,variant_reported,1,1
STAD,TCGA-CG-4449-01,EGFR,mutation_assayed_no_variant_reported,1,0
STAD,TCGA-CG-4449-01,ERBB2,mutation_assayed_no_variant_reported,1,0
STAD,TCGA-CG-4455-01,KRAS,mutation_assayed_no_variant_reported,1,0
STAD,TCGA-CG-4455-01,TP53,mutation_assayed_no_variant_reported,1,0
STAD,TCGA-CG-4455-01,EGFR,mutation_assayed_no_variant_reported,1,0
STAD,TCGA-CG-4455-01,ERBB2,mutation_assayed_no_variant_reported,1,0
STAD,TCGA-CG-4460-01,KRAS,mutation_assayed_no_variant_reported,1,0
STAD,TCGA-CG-4460-01,TP53,variant_reported,1,1
STAD,TCGA-CG-4460-01,EGFR,mutation_assayed_no_variant_reported,1,0
STAD,TCGA-CG-4460-01,ERBB2,mutation_assayed_no_variant_reported,1,0
STAD,TCGA-CG-4462-01,KRAS,mutation_assayed_no_variant_reported,1,0
STAD,TCGA-CG-4462-01,TP53,mutation_assayed_no_variant_reported,1,0
STAD,TCGA-CG-4462-01,EGFR,mutation_assayed_no_variant_reported,1,0
STAD,TCGA-CG-4462-01,ERBB2,mutation_assayed_no_variant_reported,1,0
STAD,TCGA-CG-4465-01,KRAS,mutation_assayed_no_variant_reported,1,0
STAD,TCGA-CG-4465-01,TP53,mutation_assayed_no_variant_reported,1,0
STAD,TCGA-CG-4465-01,EGFR,mutation_assayed_no_variant_reported,1,0
STAD,TCGA-CG-4465-01,ERBB2,mutation_assayed_no_variant_reported,1,0
STAD,TCGA-CG-4466-01,KRAS,mutation_assayed_no_variant_reported,1,0
STAD,TCGA-CG-4466-01,TP53,variant_reported,1,1
STAD,TCGA-CG-4466-01,EGFR,mutation_assayed_no_variant_reported,1,0
STAD,TCGA-CG-4466-01,ERBB2,variant_reported,1,1
STAD,TCGA-CG-4469-01,KRAS,mutation_assayed_no_variant_reported,1,0
STAD,TCGA-CG-4469-01,TP53,variant_reported,1,1
STAD,TCGA-CG-4469-01,EGFR,mutation_assayed_no_variant_reported,1,0
STAD,TCGA-CG-4469-01,ERBB2,variant_reported,1,1
STAD,TCGA-CG-4474-01,KRAS,mutation_assayed_no_variant_reported,1,0
STAD,TCGA-CG-4474-01,TP53,mutation_assayed_no_variant_reported,1,0
STAD,TCGA-CG-4474-01,EGFR,mutation_assayed_no_variant_reported,1,0
STAD,TCGA-CG-4474-01,ERBB2,mutation_assayed_no_variant_reported,1,0
STAD,TCGA-CG-4475-01,KRAS,mutation_assayed_no_variant_reported,1,0
STAD,TCGA-CG-4475-01,TP53,mutation_assayed_no_variant_reported,1,0
STAD,TCGA-CG-4475-01,EGFR,mutation_assayed_no_variant_reported,1,0
STAD,TCGA-CG-4475-01,ERBB2,mutation_assayed_no_variant_reported,1,0
STAD,TCGA-CG-4476-01,KRAS,mutation_assayed_no_variant_reported,1,0
STAD,TCGA-CG-4476-01,TP53,variant_reported,1,1
STAD,TCGA-CG-4476-01,EGFR,mutation_assayed_no_variant_reported,1,0
STAD,TCGA-CG-4476-01,ERBB2,mutation_assayed_no_variant_reported,1,0
STAD,TCGA-CG-4477-01,KRAS,mutation_assayed_no_variant_reported,1,0
STAD,TCGA-CG-4477-01,TP53,variant_reported,1,1
STAD,TCGA-CG-4477-01,EGFR,mutation_assayed_no_variant_reported,1,0
STAD,TCGA-CG-4477-01,ERBB2,mutation_assayed_no_variant_reported,1,0
STAD,TCGA-CG-5716-01,KRAS,mutation_assayed_no_variant_reported,1,0
STAD,TCGA-CG-5716-01,TP53,mutation_assayed_no_variant_reported,1,0
STAD,TCGA-CG-5716-01,EGFR,mutation_assayed_no_variant_reported,1,0
STAD,TCGA-CG-5716-01,ERBB2,mutation_assayed_no_variant_reported,1,0
STAD,TCGA-CG-5717-01,KRAS,mutation_assayed_no_variant_reported,1,0
STAD,TCGA-CG-5717-01,TP53,variant_reported,1,1
STAD,TCGA-CG-5717-01,EGFR,mutation_assayed_no_variant_reported,1,0
STAD,TCGA-CG-5717-01,ERBB2,mutation_assayed_no_variant_reported,1,0
STAD,TCGA-CG-5718-01,KRAS,mutation_assayed_no_variant_reported,1,0
STAD,TCGA-CG-5718-01,TP53,mutation_assayed_no_variant_reported,1,0
STAD,TCGA-CG-5718-01,EGFR,mutation_assayed_no_variant_reported,1,0
STAD,TCGA-CG-5718-01,ERBB2,mutation_assayed_no_variant_reported,1,0
STAD,TCGA-CG-5719-01,KRAS,mutation_assayed_no_variant_reported,1,0
STAD,TCGA-CG-5719-01,TP53,mutation_assayed_no_variant_reported,1,0
STAD,TCGA-CG-5719-01,EGFR,mutation_assayed_no_variant_reported,1,0
STAD,TCGA-CG-5719-01,ERBB2,mutation_assayed_no_variant_reported,1,0
STAD,TCGA-CG-5720-01,KRAS,mutation_assayed_no_variant_reported,1,0
STAD,TCGA-CG-5720-01,TP53,mutation_assayed_no_variant_reported,1,0
STAD,TCGA-CG-5720-01,EGFR,mutation_assayed_no_variant_reported,1,0
STAD,TCGA-CG-5720-01,ERBB2,mutation_assayed_no_variant_reported,1,0
STAD,TCGA-CG-5721-01,KRAS,mutation_assayed_no_variant_reported,1,0
STAD,TCGA-CG-5721-01,TP53,variant_reported,1,1
STAD,TCGA-CG-5721-01,EGFR,mutation_assayed_no_variant_reported,1,0
STAD,TCGA-CG-5721-01,ERBB2,mutation_assayed_no_variant_reported,1,0
STAD,TCGA-CG-5722-01,KRAS,mutation_assayed_no_variant_reported,1,0
STAD,TCGA-CG-5722-01,TP53,mutation_assayed_no_variant_reported,1,0
STAD,TCGA-CG-5722-01,EGFR,mutation_assayed_no_variant_reported,1,0
STAD,TCGA-CG-5722-01,ERBB2,mutation_assayed_no_variant_reported,1,0
STAD,TCGA-CG-5723-01,KRAS,mutation_assayed_no_variant_reported,1,0
STAD,TCGA-CG-5723-01,TP53,variant_reported,1,1
STAD,TCGA-CG-5723-01,EGFR,mutation_assayed_no_variant_reported,1,0
STAD,TCGA-CG-5723-01,ERBB2,mutation_assayed_no_variant_reported,1,0
STAD,TCGA-CG-5724-01,KRAS,mutation_assayed_no_variant_reported,1,0
STAD,TCGA-CG-5724-01,TP53,mutation_assayed_no_variant_reported,1,0
STAD,TCGA-CG-5724-01,EGFR,mutation_assayed_no_variant_reported,1,0
STAD,TCGA-CG-5724-01,ERBB2,mutation_assayed_no_variant_reported,1,0
STAD,TCGA-CG-5725-01,KRAS,mutation_assayed_no_variant_reported,1,0
STAD,TCGA-CG-5725-01,TP53,mutation_assayed_no_variant_reported,1,0
STAD,TCGA-CG-5725-01,EGFR,mutation_assayed_no_variant_reported,1,0
STAD,TCGA-CG-5725-01,ERBB2,mutation_assayed_no_variant_reported,1,0
STAD,TCGA-CG-5726-01,KRAS,mutation_assayed_no_variant_reported,1,0
STAD,TCGA-CG-5726-01,TP53,mutation_assayed_no_variant_reported,1,0
STAD,TCGA-CG-5726-01,EGFR,variant_reported,1,1
STAD,TCGA-CG-5726-01,ERBB2,mutation_assayed_no_variant_reported,1,0
STAD,TCGA-CG-5727-01,KRAS,variant_reported,1,1
STAD,TCGA-CG-5727-01,TP53,variant_reported,1,1
STAD,TCGA-CG-5727-01,EGFR,mutation_assayed_no_variant_reported,1,0
STAD,TCGA-CG-5727-01,ERBB2,mutation_assayed_no_variant_reported,1,0
STAD,TCGA-CG-5728-01,KRAS,mutation_assayed_no_variant_reported,1,0
STAD,TCGA-CG-5728-01,TP53,mutation_assayed_no_variant_reported,1,0
STAD,TCGA-CG-5728-01,EGFR,mutation_assayed_no_variant_reported,1,0
STAD,TCGA-CG-5728-01,ERBB2,mutation_assayed_no_variant_reported,1,0
STAD,TCGA-CG-5730-01,KRAS,mutation_assayed_no_variant_reported,1,0
STAD,TCGA-CG-5730-01,TP53,variant_reported,1,1
STAD,TCGA-CG-5730-01,EGFR,mutation_assayed_no_variant_reported,1,0
STAD,TCGA-CG-5730-01,ERBB2,mutation_assayed_no_variant_reported,1,0
STAD,TCGA-CG-5732-01,KRAS,mutation_assayed_no_variant_reported,1,0
STAD,TCGA-CG-5732-01,TP53,variant_reported,1,1
STAD,TCGA-CG-5732-01,EGFR,mutation_assayed_no_variant_reported,1,0
STAD,TCGA-CG-5732-01,ERBB2,mutation_assayed_no_variant_reported,1,0
STAD,TCGA-CG-5733-01,KRAS,mutation_assayed_no_variant_reported,1,0
STAD,TCGA-CG-5733-01,TP53,mutation_assayed_no_variant_reported,1,0
STAD,TCGA-CG-5733-01,EGFR,mutation_assayed_no_variant_reported,1,0
STAD,TCGA-CG-5733-01,ERBB2,mutation_assayed_no_variant_reported,1,0
STAD,TCGA-CG-5734-01,KRAS,mutation_assayed_no_variant_reported,1,0
STAD,TCGA-CG-5734-01,TP53,variant_reported,1,1
STAD,TCGA-CG-5734-01,EGFR,mutation_assayed_no_variant_reported,1,0
STAD,TCGA-CG-5734-01,ERBB2,mutation_assayed_no_variant_reported,1,0
STAD,TCGA-D7-5577-01,KRAS,mutation_assayed_no_variant_reported,1,0
STAD,TCGA-D7-5577-01,TP53,mutation_assayed_no_variant_reported,1,0
STAD,TCGA-D7-5577-01,EGFR,mutation_assayed_no_variant_reported,1,0
STAD,TCGA-D7-5577-01,ERBB2,mutation_assayed_no_variant_reported,1,0
STAD,TCGA-D7-5578-01,KRAS,mutation_assayed_no_variant_reported,1,0
STAD,TCGA-D7-5578-01,TP53,variant_reported,1,1
STAD,TCGA-D7-5578-01,EGFR,mutation_assayed_no_variant_reported,1,0
STAD,TCGA-D7-5578-01,ERBB2,mutation_assayed_no_variant_reported,1,0
STAD,TCGA-D7-5579-01,KRAS,mutation_assayed_no_variant_reported,1,0
STAD,TCGA-D7-5579-01,TP53,variant_reported,1,1
STAD,TCGA-D7-5579-01,EGFR,mutation_assayed_no_variant_reported,1,0
STAD,TCGA-D7-5579-01,ERBB2,mutation_assayed_no_variant_reported,1,0
STAD,TCGA-D7-6518-01,KRAS,mutation_assayed_no_variant_reported,1,0
STAD,TCGA-D7-6518-01,TP53,variant_reported,1,1
STAD,TCGA-D7-6518-01,EGFR,mutation_assayed_no_variant_reported,1,0
STAD,TCGA-D7-6518-01,ERBB2,mutation_assayed_no_variant_reported,1,0
STAD,TCGA-D7-6519-01,KRAS,mutation_assayed_no_variant_reported,1,0
STAD,TCGA-D7-6519-01,TP53,mutation_assayed_no_variant_reported,1,0
STAD,TCGA-D7-6519-01,EGFR,mutation_assayed_no_variant_reported,1,0
STAD,TCGA-D7-6519-01,ERBB2,mutation_assayed_no_variant_reported,1,0
STAD,TCGA-D7-6520-01,KRAS,mutation_assayed_no_variant_reported,1,0
STAD,TCGA-D7-6520-01,TP53,variant_reported,1,1
STAD,TCGA-D7-6520-01,EGFR,mutation_assayed_no_variant_reported,1,0
STAD,TCGA-D7-6520-01,ERBB2,mutation_assayed_no_variant_reported,1,0
STAD,TCGA-D7-6521-01,KRAS,mutation_assayed_no_variant_reported,1,0
STAD,TCGA-D7-6521-01,TP53,mutation_assayed_no_variant_reported,1,0
STAD,TCGA-D7-6521-01,EGFR,variant_reported,1,1
STAD,TCGA-D7-6521-01,ERBB2,mutation_assayed_no_variant_reported,1,0
STAD,TCGA-D7-6522-01,KRAS,mutation_assayed_no_variant_reported,1,0
STAD,TCGA-D7-6522-01,TP53,mutation_assayed_no_variant_reported,1,0
STAD,TCGA-D7-6522-01,EGFR,mutation_assayed_no_variant_reported,1,0
STAD,TCGA-D7-6522-01,ERBB2,mutation_assayed_no_variant_reported,1,0
STAD,TCGA-D7-6524-01,KRAS,mutation_assayed_no_variant_reported,1,0
STAD,TCGA-D7-6524-01,TP53,mutation_assayed_no_variant_reported,1,0
STAD,TCGA-D7-6524-01,EGFR,mutation_assayed_no_variant_reported,1,0
STAD,TCGA-D7-6524-01,ERBB2,mutation_assayed_no_variant_reported,1,0
STAD,TCGA-D7-6525-01,KRAS,mutation_assayed_no_variant_reported,1,0
STAD,TCGA-D7-6525-01,TP53,variant_reported,1,1
STAD,TCGA-D7-6525-01,EGFR,mutation_assayed_no_variant_reported,1,0
STAD,TCGA-D7-6525-01,ERBB2,mutation_assayed_no_variant_reported,1,0
STAD,TCGA-D7-6526-01,KRAS,mutation_assayed_no_variant_reported,1,0
STAD,TCGA-D7-6526-01,TP53,variant_reported,1,1
STAD,TCGA-D7-6526-01,EGFR,mutation_assayed_no_variant_reported,1,0
STAD,TCGA-D7-6526-01,ERBB2,mutation_assayed_no_variant_reported,1,0
STAD,TCGA-D7-6527-01,KRAS,mutation_assayed_no_variant_reported,1,0
STAD,TCGA-D7-6527-01,TP53,variant_reported,1,1
STAD,TCGA-D7-6527-01,EGFR,mutation_assayed_no_variant_reported,1,0
STAD,TCGA-D7-6527-01,ERBB2,mutation_assayed_no_variant_reported,1,0
STAD,TCGA-D7-6528-01,KRAS,mutation_assayed_no_variant_reported,1,0
STAD,TCGA-D7-6528-01,TP53,mutation_assayed_no_variant_reported,1,0
STAD,TCGA-D7-6528-01,EGFR,mutation_assayed_no_variant_reported,1,0
STAD,TCGA-D7-6528-01,ERBB2,mutation_assayed_no_variant_reported,1,0
STAD,TCGA-D7-6815-01,KRAS,mutation_assayed_no_variant_reported,1,0
STAD,TCGA-D7-6815-01,TP53,variant_reported,1,1
STAD,TCGA-D7-6815-01,EGFR,mutation_assayed_no_variant_reported,1,0
STAD,TCGA-D7-6815-01,ERBB2,mutation_assayed_no_variant_reported,1,0
STAD,TCGA-D7-6817-01,KRAS,mutation_assayed_no_variant_reported,1,0
STAD,TCGA-D7-6817-01,TP53,variant_reported,1,1
STAD,TCGA-D7-6817-01,EGFR,mutation_assayed_no_variant_reported,1,0
STAD,TCGA-D7-6817-01,ERBB2,mutation_assayed_no_variant_reported,1,0
STAD,TCGA-D7-6818-01,KRAS,mutation_assayed_no_variant_reported,1,0
STAD,TCGA-D7-6818-01,TP53,variant_reported,1,1
STAD,TCGA-D7-6818-01,EGFR,mutation_assayed_no_variant_reported,1,0
STAD,TCGA-D7-6818-01,ERBB2,mutation_assayed_no_variant_reported,1,0
STAD,TCGA-D7-6820-01,KRAS,mutation_assayed_no_variant_reported,1,0
STAD,TCGA-D7-6820-01,TP53,variant_reported,1,1
STAD,TCGA-D7-6820-01,EGFR,mutation_assayed_no_variant_reported,1,0
STAD,TCGA-D7-6820-01,ERBB2,mutation_assayed_no_variant_reported,1,0
STAD,TCGA-D7-6822-01,KRAS,mutation_assayed_no_variant_reported,1,0
STAD,TCGA-D7-6822-01,TP53,variant_reported,1,1
STAD,TCGA-D7-6822-01,EGFR,mutation_assayed_no_variant_reported,1,0
STAD,TCGA-D7-6822-01,ERBB2,mutation_assayed_no_variant_reported,1,0
STAD,TCGA-D7-8570-01,KRAS,mutation_assayed_no_variant_reported,1,0
STAD,TCGA-D7-8570-01,TP53,mutation_assayed_no_variant_reported,1,0
STAD,TCGA-D7-8570-01,EGFR,mutation_assayed_no_variant_reported,1,0
STAD,TCGA-D7-8570-01,ERBB2,mutation_assayed_no_variant_reported,1,0
STAD,TCGA-D7-8572-01,KRAS,mutation_assayed_no_variant_reported,1,0
STAD,TCGA-D7-8572-01,TP53,mutation_assayed_no_variant_reported,1,0
STAD,TCGA-D7-8572-01,EGFR,mutation_assayed_no_variant_reported,1,0
STAD,TCGA-D7-8572-01,ERBB2,mutation_assayed_no_variant_reported,1,0
STAD,TCGA-D7-8573-01,KRAS,mutation_assayed_no_variant_reported,1,0
STAD,TCGA-D7-8573-01,TP53,mutation_assayed_no_variant_reported,1,0
STAD,TCGA-D7-8573-01,EGFR,mutation_assayed_no_variant_reported,1,0
STAD,TCGA-D7-8573-01,ERBB2,mutation_assayed_no_variant_reported,1,0
STAD,TCGA-D7-8574-01,KRAS,mutation_assayed_no_variant_reported,1,0
STAD,TCGA-D7-8574-01,TP53,mutation_assayed_no_variant_reported,1,0
STAD,TCGA-D7-8574-01,EGFR,mutation_assayed_no_variant_reported,1,0
STAD,TCGA-D7-8574-01,ERBB2,mutation_assayed_no_variant_reported,1,0
STAD,TCGA-D7-8575-01,KRAS,mutation_assayed_no_variant_reported,1,0
STAD,TCGA-D7-8575-01,TP53,mutation_assayed_no_variant_reported,1,0
STAD,TCGA-D7-8575-01,EGFR,mutation_assayed_no_variant_reported,1,0
STAD,TCGA-D7-8575-01,ERBB2,mutation_assayed_no_variant_reported,1,0
STAD,TCGA-D7-8578-01,KRAS,mutation_assayed_no_variant_reported,1,0
STAD,TCGA-D7-8578-01,TP53,variant_reported,1,1
STAD,TCGA-D7-8578-01,EGFR,mutation_assayed_no_variant_reported,1,0
STAD,TCGA-D7-8578-01,ERBB2,mutation_assayed_no_variant_reported,1,0
STAD,TCGA-D7-8579-01,KRAS,mutation_assayed_no_variant_reported,1,0
STAD,TCGA-D7-8579-01,TP53,mutation_assayed_no_variant_reported,1,0
STAD,TCGA-D7-8579-01,EGFR,mutation_assayed_no_variant_reported,1,0
STAD,TCGA-D7-8579-01,ERBB2,mutation_assayed_no_variant_reported,1,0
STAD,TCGA-D7-A4YT-01,KRAS,mutation_assayed_no_variant_reported,1,0
STAD,TCGA-D7-A4YT-01,TP53,mutation_assayed_no_variant_reported,1,0
STAD,TCGA-D7-A4YT-01,EGFR,mutation_assayed_no_variant_reported,1,0
STAD,TCGA-D7-A4YT-01,ERBB2,mutation_assayed_no_variant_reported,1,0
STAD,TCGA-D7-A4YU-01,KRAS,mutation_assayed_no_variant_reported,1,0
STAD,TCGA-D7-A4YU-01,TP53,variant_reported,1,1
STAD,TCGA-D7-A4YU-01,EGFR,mutation_assayed_no_variant_reported,1,0
STAD,TCGA-D7-A4YU-01,ERBB2,mutation_assayed_no_variant_reported,1,0
STAD,TCGA-D7-A4YV-01,KRAS,mutation_assayed_no_variant_reported,1,0
STAD,TCGA-D7-A4YV-01,TP53,mutation_assayed_no_variant_reported,1,0
STAD,TCGA-D7-A4YV-01,EGFR,mutation_assayed_no_variant_reported,1,0
STAD,TCGA-D7-A4YV-01,ERBB2,mutation_assayed_no_variant_reported,1,0
STAD,TCGA-D7-A4YX-01,KRAS,mutation_assayed_no_variant_reported,1,0
STAD,TCGA-D7-A4YX-01,TP53,mutation_assayed_no_variant_reported,1,0
STAD,TCGA-D7-A4YX-01,EGFR,mutation_assayed_no_variant_reported,1,0
STAD,TCGA-D7-A4YX-01,ERBB2,mutation_assayed_no_variant_reported,1,0
STAD,TCGA-D7-A4YY-01,KRAS,mutation_assayed_no_variant_reported,1,0
STAD,TCGA-D7-A4YY-01,TP53,mutation_assayed_no_variant_reported,1,0
STAD,TCGA-D7-A4YY-01,EGFR,mutation_assayed_no_variant_reported,1,0
STAD,TCGA-D7-A4YY-01,ERBB2,mutation_assayed_no_variant_reported,1,0
STAD,TCGA-D7-A4Z0-01,KRAS,mutation_assayed_no_variant_reported,1,0
STAD,TCGA-D7-A4Z0-01,TP53,mutation_assayed_no_variant_reported,1,0
STAD,TCGA-D7-A4Z0-01,EGFR,mutation_assayed_no_variant_reported,1,0
STAD,TCGA-D7-A4Z0-01,ERBB2,mutation_assayed_no_variant_reported,1,0
STAD,TCGA-D7-A6ET-01,KRAS,mutation_assayed_no_variant_reported,1,0
STAD,TCGA-D7-A6ET-01,TP53,mutation_assayed_no_variant_reported,1,0
STAD,TCGA-D7-A6ET-01,EGFR,mutation_assayed_no_variant_reported,1,0
STAD,TCGA-D7-A6ET-01,ERBB2,mutation_assayed_no_variant_reported,1,0
STAD,TCGA-D7-A6EV-01,KRAS,mutation_assayed_no_variant_reported,1,0
STAD,TCGA-D7-A6EV-01,TP53,variant_reported,1,1
STAD,TCGA-D7-A6EV-01,EGFR,mutation_assayed_no_variant_reported,1,0
STAD,TCGA-D7-A6EV-01,ERBB2,mutation_assayed_no_variant_reported,1,0
STAD,TCGA-D7-A6EX-01,KRAS,mutation_assayed_no_variant_reported,1,0
STAD,TCGA-D7-A6EX-01,TP53,variant_reported,1,1
STAD,TCGA-D7-A6EX-01,EGFR,mutation_assayed_no_variant_reported,1,0
STAD,TCGA-D7-A6EX-01,ERBB2,mutation_assayed_no_variant_reported,1,0
STAD,TCGA-D7-A6EY-01,KRAS,mutation_assayed_no_variant_reported,1,0
STAD,TCGA-D7-A6EY-01,TP53,mutation_assayed_no_variant_reported,1,0
STAD,TCGA-D7-A6EY-01,EGFR,mutation_assayed_no_variant_reported,1,0
STAD,TCGA-D7-A6EY-01,ERBB2,variant_reported,1,1
STAD,TCGA-D7-A6EZ-01,KRAS,mutation_assayed_no_variant_reported,1,0
STAD,TCGA-D7-A6EZ-01,TP53,mutation_assayed_no_variant_reported,1,0
STAD,TCGA-D7-A6EZ-01,EGFR,mutation_assayed_no_variant_reported,1,0
STAD,TCGA-D7-A6EZ-01,ERBB2,mutation_assayed_no_variant_reported,1,0
STAD,TCGA-D7-A6F0-01,KRAS,mutation_assayed_no_variant_reported,1,0
STAD,TCGA-D7-A6F0-01,TP53,variant_reported,1,1
STAD,TCGA-D7-A6F0-01,EGFR,mutation_assayed_no_variant_reported,1,0
STAD,TCGA-D7-A6F0-01,ERBB2,mutation_assayed_no_variant_reported,1,0
STAD,TCGA-D7-A6F2-01,KRAS,mutation_assayed_no_variant_reported,1,0
STAD,TCGA-D7-A6F2-01,TP53,variant_reported,1,1
STAD,TCGA-D7-A6F2-01,EGFR,mutation_assayed_no_variant_reported,1,0
STAD,TCGA-D7-A6F2-01,ERBB2,mutation_assayed_no_variant_reported,1,0
STAD,TCGA-D7-A747-01,KRAS,mutation_assayed_no_variant_reported,1,0
STAD,TCGA-D7-A747-01,TP53,mutation_assayed_no_variant_reported,1,0
STAD,TCGA-D7-A747-01,EGFR,mutation_assayed_no_variant_reported,1,0
STAD,TCGA-D7-A747-01,ERBB2,mutation_assayed_no_variant_reported,1,0
STAD,TCGA-D7-A748-01,KRAS,mutation_assayed_no_variant_reported,1,0
STAD,TCGA-D7-A748-01,TP53,mutation_assayed_no_variant_reported,1,0
STAD,TCGA-D7-A748-01,EGFR,mutation_assayed_no_variant_reported,1,0
STAD,TCGA-D7-A748-01,ERBB2,mutation_assayed_no_variant_reported,1,0
STAD,TCGA-D7-A74A-01,KRAS,variant_reported,1,1
STAD,TCGA-D7-A74A-01,TP53,mutation_assayed_no_variant_reported,1,0
STAD,TCGA-D7-A74A-01,EGFR,mutation_assayed_no_variant_reported,1,0
STAD,TCGA-D7-A74A-01,ERBB2,mutation_assayed_no_variant_reported,1,0
STAD,TCGA-D7-A74B-01,KRAS,mutation_assayed_no_variant_reported,1,0
STAD,TCGA-D7-A74B-01,TP53,variant_reported,1,1
STAD,TCGA-D7-A74B-01,EGFR,mutation_assayed_no_variant_reported,1,0
STAD,TCGA-D7-A74B-01,ERBB2,mutation_assayed_no_variant_reported,1,0
STAD,TCGA-EQ-5647-01,KRAS,mutation_assayed_no_variant_reported,1,0
STAD,TCGA-EQ-5647-01,TP53,mutation_assayed_no_variant_reported,1,0
STAD,TCGA-EQ-5647-01,EGFR,mutation_assayed_no_variant_reported,1,0
STAD,TCGA-EQ-5647-01,ERBB2,mutation_assayed_no_variant_reported,1,0
STAD,TCGA-EQ-8122-01,KRAS,mutation_assayed_no_variant_reported,1,0
STAD,TCGA-EQ-8122-01,TP53,variant_reported,1,1
STAD,TCGA-EQ-8122-01,EGFR,mutation_assayed_no_variant_reported,1,0
STAD,TCGA-EQ-8122-01,ERBB2,mutation_assayed_no_variant_reported,1,0
STAD,TCGA-EQ-A4SO-01,KRAS,variant_reported,1,1
STAD,TCGA-EQ-A4SO-01,TP53,mutation_assayed_no_variant_reported,1,0
STAD,TCGA-EQ-A4SO-01,EGFR,mutation_assayed_no_variant_reported,1,0
STAD,TCGA-EQ-A4SO-01,ERBB2,mutation_assayed_no_variant_reported,1,0
STAD,TCGA-F1-6177-01,KRAS,mutation_assayed_no_variant_reported,1,0
STAD,TCGA-F1-6177-01,TP53,mutation_assayed_no_variant_reported,1,0
STAD,TCGA-F1-6177-01,EGFR,variant_reported,1,1
STAD,TCGA-F1-6177-01,ERBB2,mutation_assayed_no_variant_reported,1,0
STAD,TCGA-F1-6874-01,KRAS,mutation_assayed_no_variant_reported,1,0
STAD,TCGA-F1-6874-01,TP53,variant_reported,1,1
STAD,TCGA-F1-6874-01,EGFR,variant_reported,1,1
STAD,TCGA-F1-6874-01,ERBB2,mutation_assayed_no_variant_reported,1,0
STAD,TCGA-F1-6875-01,KRAS,mutation_assayed_no_variant_reported,1,0
STAD,TCGA-F1-6875-01,TP53,variant_reported,1,1
STAD,TCGA-F1-6875-01,EGFR,mutation_assayed_no_variant_reported,1,0
STAD,TCGA-F1-6875-01,ERBB2,mutation_assayed_no_variant_reported,1,0
STAD,TCGA-F1-A448-01,KRAS,mutation_assayed_no_variant_reported,1,0
STAD,TCGA-F1-A448-01,TP53,mutation_assayed_no_variant_reported,1,0
STAD,TCGA-F1-A448-01,EGFR,mutation_assayed_no_variant_reported,1,0
STAD,TCGA-F1-A448-01,ERBB2,mutation_assayed_no_variant_reported,1,0
STAD,TCGA-F1-A72C-01,KRAS,mutation_assayed_no_variant_reported,1,0
STAD,TCGA-F1-A72C-01,TP53,variant_reported,1,1
STAD,TCGA-F1-A72C-01,EGFR,mutation_assayed_no_variant_reported,1,0
STAD,TCGA-F1-A72C-01,ERBB2,mutation_assayed_no_variant_reported,1,0
STAD,TCGA-FP-7735-01,KRAS,mutation_assayed_no_variant_reported,1,0
STAD,TCGA-FP-7735-01,TP53,variant_reported,1,1
STAD,TCGA-FP-7735-01,EGFR,mutation_assayed_no_variant_reported,1,0
STAD,TCGA-FP-7735-01,ERBB2,mutation_assayed_no_variant_reported,1,0
STAD,TCGA-FP-7829-01,KRAS,mutation_assayed_no_variant_reported,1,0
STAD,TCGA-FP-7829-01,TP53,variant_reported,1,1
STAD,TCGA-FP-7829-01,EGFR,variant_reported,1,1
STAD,TCGA-FP-7829-01,ERBB2,mutation_assayed_no_variant_reported,1,0
STAD,TCGA-FP-7916-01,KRAS,mutation_assayed_no_variant_reported,1,0
STAD,TCGA-FP-7916-01,TP53,mutation_assayed_no_variant_reported,1,0
STAD,TCGA-FP-7916-01,EGFR,mutation_assayed_no_variant_reported,1,0
STAD,TCGA-FP-7916-01,ERBB2,mutation_assayed_no_variant_reported,1,0
STAD,TCGA-FP-7998-01,KRAS,mutation_assayed_no_variant_reported,1,0
STAD,TCGA-FP-7998-01,TP53,mutation_assayed_no_variant_reported,1,0
STAD,TCGA-FP-7998-01,EGFR,mutation_assayed_no_variant_reported,1,0
STAD,TCGA-FP-7998-01,ERBB2,mutation_assayed_no_variant_reported,1,0
STAD,TCGA-FP-8099-01,KRAS,mutation_assayed_no_variant_reported,1,0
STAD,TCGA-FP-8099-01,TP53,variant_reported,1,1
STAD,TCGA-FP-8099-01,EGFR,mutation_assayed_no_variant_reported,1,0
STAD,TCGA-FP-8099-01,ERBB2,mutation_assayed_no_variant_reported,1,0
STAD,TCGA-FP-8210-01,KRAS,mutation_assayed_no_variant_reported,1,0
STAD,TCGA-FP-8210-01,TP53,mutation_assayed_no_variant_reported,1,0
STAD,TCGA-FP-8210-01,EGFR,mutation_assayed_no_variant_reported,1,0
STAD,TCGA-FP-8210-01,ERBB2,mutation_assayed_no_variant_reported,1,0
STAD,TCGA-FP-8211-01,KRAS,mutation_assayed_no_variant_reported,1,0
STAD,TCGA-FP-8211-01,TP53,mutation_assayed_no_variant_reported,1,0
STAD,TCGA-FP-8211-01,EGFR,mutation_assayed_no_variant_reported,1,0
STAD,TCGA-FP-8211-01,ERBB2,mutation_assayed_no_variant_reported,1,0
STAD,TCGA-FP-8631-01,KRAS,mutation_assayed_no_variant_reported,1,0
STAD,TCGA-FP-8631-01,TP53,variant_reported,1,1
STAD,TCGA-FP-8631-01,EGFR,mutation_assayed_no_variant_reported,1,0
STAD,TCGA-FP-8631-01,ERBB2,mutation_assayed_no_variant_reported,1,0
STAD,TCGA-FP-A4BE-01,KRAS,mutation_assayed_no_variant_reported,1,0
STAD,TCGA-FP-A4BE-01,TP53,variant_reported,1,1
STAD,TCGA-FP-A4BE-01,EGFR,variant_reported,1,1
STAD,TCGA-FP-A4BE-01,ERBB2,mutation_assayed_no_variant_reported,1,0
STAD,TCGA-FP-A4BF-01,KRAS,mutation_assayed_no_variant_reported,1,0
STAD,TCGA-FP-A4BF-01,TP53,variant_reported,1,1
STAD,TCGA-FP-A4BF-01,EGFR,mutation_assayed_no_variant_reported,1,0
STAD,TCGA-FP-A4BF-01,ERBB2,mutation_assayed_no_variant_reported,1,0
STAD,TCGA-FP-A8CX-01,KRAS,mutation_assayed_no_variant_reported,1,0
STAD,TCGA-FP-A8CX-01,TP53,mutation_assayed_no_variant_reported,1,0
STAD,TCGA-FP-A8CX-01,EGFR,mutation_assayed_no_variant_reported,1,0
STAD,TCGA-FP-A8CX-01,ERBB2,mutation_assayed_no_variant_reported,1,0
STAD,TCGA-FP-A9TM-01,KRAS,mutation_assayed_no_variant_reported,1,0
STAD,TCGA-FP-A9TM-01,TP53,variant_reported,1,1
STAD,TCGA-FP-A9TM-01,EGFR,mutation_assayed_no_variant_reported,1,0
STAD,TCGA-FP-A9TM-01,ERBB2,mutation_assayed_no_variant_reported,1,0
STAD,TCGA-HF-7131-01,KRAS,mutation_assayed_no_variant_reported,1,0
STAD,TCGA-HF-7131-01,TP53,variant_reported,1,1
STAD,TCGA-HF-7131-01,EGFR,mutation_assayed_no_variant_reported,1,0
STAD,TCGA-HF-7131-01,ERBB2,mutation_assayed_no_variant_reported,1,0
STAD,TCGA-HF-7132-01,KRAS,mutation_assayed_no_variant_reported,1,0
STAD,TCGA-HF-7132-01,TP53,variant_reported,1,1
STAD,TCGA-HF-7132-01,EGFR,mutation_assayed_no_variant_reported,1,0
STAD,TCGA-HF-7132-01,ERBB2,mutation_assayed_no_variant_reported,1,0
STAD,TCGA-HF-7133-01,KRAS,mutation_assayed_no_variant_reported,1,0
STAD,TCGA-HF-7133-01,TP53,mutation_assayed_no_variant_reported,1,0
STAD,TCGA-HF-7133-01,EGFR,mutation_assayed_no_variant_reported,1,0
STAD,TCGA-HF-7133-01,ERBB2,mutation_assayed_no_variant_reported,1,0
STAD,TCGA-HF-7134-01,KRAS,mutation_assayed_no_variant_reported,1,0
STAD,TCGA-HF-7134-01,TP53,mutation_assayed_no_variant_reported,1,0
STAD,TCGA-HF-7134-01,EGFR,mutation_assayed_no_variant_reported,1,0
STAD,TCGA-HF-7134-01,ERBB2,mutation_assayed_no_variant_reported,1,0
STAD,TCGA-HF-7136-01,KRAS,mutation_assayed_no_variant_reported,1,0
STAD,TCGA-HF-7136-01,TP53,mutation_assayed_no_variant_reported,1,0
STAD,TCGA-HF-7136-01,EGFR,mutation_assayed_no_variant_reported,1,0
STAD,TCGA-HF-7136-01,ERBB2,mutation_assayed_no_variant_reported,1,0
STAD,TCGA-HF-A5NB-01,KRAS,variant_reported,1,1
STAD,TCGA-HF-A5NB-01,TP53,mutation_assayed_no_variant_reported,1,0
STAD,TCGA-HF-A5NB-01,EGFR,mutation_assayed_no_variant_reported,1,0
STAD,TCGA-HF-A5NB-01,ERBB2,mutation_assayed_no_variant_reported,1,0
STAD,TCGA-HJ-7597-01,KRAS,mutation_assayed_no_variant_reported,1,0
STAD,TCGA-HJ-7597-01,TP53,variant_reported,1,1
STAD,TCGA-HJ-7597-01,EGFR,mutation_assayed_no_variant_reported,1,0
STAD,TCGA-HJ-7597-01,ERBB2,mutation_assayed_no_variant_reported,1,0
STAD,TCGA-HU-8238-01,KRAS,mutation_assayed_no_variant_reported,1,0
STAD,TCGA-HU-8238-01,TP53,variant_reported,1,1
STAD,TCGA-HU-8238-01,EGFR,mutation_assayed_no_variant_reported,1,0
STAD,TCGA-HU-8238-01,ERBB2,mutation_assayed_no_variant_reported,1,0
STAD,TCGA-HU-8243-01,KRAS,mutation_assayed_no_variant_reported,1,0
STAD,TCGA-HU-8243-01,TP53,variant_reported,1,1
STAD,TCGA-HU-8243-01,EGFR,mutation_assayed_no_variant_reported,1,0
STAD,TCGA-HU-8243-01,ERBB2,mutation_assayed_no_variant_reported,1,0
STAD,TCGA-HU-8244-01,KRAS,mutation_assayed_no_variant_reported,1,0
STAD,TCGA-HU-8244-01,TP53,variant_reported,1,1
STAD,TCGA-HU-8244-01,EGFR,mutation_assayed_no_variant_reported,1,0
STAD,TCGA-HU-8244-01,ERBB2,mutation_assayed_no_variant_reported,1,0
STAD,TCGA-HU-8245-01,KRAS,mutation_assayed_no_variant_reported,1,0
STAD,TCGA-HU-8245-01,TP53,variant_reported,1,1
STAD,TCGA-HU-8245-01,EGFR,mutation_assayed_no_variant_reported,1,0
STAD,TCGA-HU-8245-01,ERBB2,mutation_assayed_no_variant_reported,1,0
STAD,TCGA-HU-8249-01,KRAS,mutation_assayed_no_variant_reported,1,0
STAD,TCGA-HU-8249-01,TP53,mutation_assayed_no_variant_reported,1,0
STAD,TCGA-HU-8249-01,EGFR,mutation_assayed_no_variant_reported,1,0
STAD,TCGA-HU-8249-01,ERBB2,mutation_assayed_no_variant_reported,1,0
STAD,TCGA-HU-8602-01,KRAS,mutation_assayed_no_variant_reported,1,0
STAD,TCGA-HU-8602-01,TP53,mutation_assayed_no_variant_reported,1,0
STAD,TCGA-HU-8602-01,EGFR,mutation_assayed_no_variant_reported,1,0
STAD,TCGA-HU-8602-01,ERBB2,mutation_assayed_no_variant_reported,1,0
STAD,TCGA-HU-8604-01,KRAS,mutation_assayed_no_variant_reported,1,0
STAD,TCGA-HU-8604-01,TP53,variant_reported,1,1
STAD,TCGA-HU-8604-01,EGFR,mutation_assayed_no_variant_reported,1,0
STAD,TCGA-HU-8604-01,ERBB2,mutation_assayed_no_variant_reported,1,0
STAD,TCGA-HU-8608-01,KRAS,mutation_assayed_no_variant_reported,1,0
STAD,TCGA-HU-8608-01,TP53,mutation_assayed_no_variant_reported,1,0
STAD,TCGA-HU-8608-01,EGFR,mutation_assayed_no_variant_reported,1,0
STAD,TCGA-HU-8608-01,ERBB2,mutation_assayed_no_variant_reported,1,0
STAD,TCGA-HU-8610-01,KRAS,mutation_assayed_no_variant_reported,1,0
STAD,TCGA-HU-8610-01,TP53,variant_reported,1,1
STAD,TCGA-HU-8610-01,EGFR,mutation_assayed_no_variant_reported,1,0
STAD,TCGA-HU-8610-01,ERBB2,mutation_assayed_no_variant_reported,1,0
STAD,TCGA-HU-A4G2-01,KRAS,mutation_assayed_no_variant_reported,1,0
STAD,TCGA-HU-A4G2-01,TP53,mutation_assayed_no_variant_reported,1,0
STAD,TCGA-HU-A4G2-01,EGFR,mutation_assayed_no_variant_reported,1,0
STAD,TCGA-HU-A4G2-01,ERBB2,mutation_assayed_no_variant_reported,1,0
STAD,TCGA-HU-A4G3-01,KRAS,mutation_assayed_no_variant_reported,1,0
STAD,TCGA-HU-A4G3-01,TP53,mutation_assayed_no_variant_reported,1,0
STAD,TCGA-HU-A4G3-01,EGFR,mutation_assayed_no_variant_reported,1,0
STAD,TCGA-HU-A4G3-01,ERBB2,mutation_assayed_no_variant_reported,1,0
STAD,TCGA-HU-A4G6-01,KRAS,mutation_assayed_no_variant_reported,1,0
STAD,TCGA-HU-A4G6-01,TP53,mutation_assayed_no_variant_reported,1,0
STAD,TCGA-HU-A4G6-01,EGFR,mutation_assayed_no_variant_reported,1,0
STAD,TCGA-HU-A4G6-01,ERBB2,mutation_assayed_no_variant_reported,1,0
STAD,TCGA-HU-A4G8-01,KRAS,mutation_assayed_no_variant_reported,1,0
STAD,TCGA-HU-A4G8-01,TP53,mutation_assayed_no_variant_reported,1,0
STAD,TCGA-HU-A4G8-01,EGFR,mutation_assayed_no_variant_reported,1,0
STAD,TCGA-HU-A4G8-01,ERBB2,mutation_assayed_no_variant_reported,1,0
STAD,TCGA-HU-A4G9-01,KRAS,mutation_assayed_no_variant_reported,1,0
STAD,TCGA-HU-A4G9-01,TP53,mutation_assayed_no_variant_reported,1,0
STAD,TCGA-HU-A4G9-01,EGFR,mutation_assayed_no_variant_reported,1,0
STAD,TCGA-HU-A4G9-01,ERBB2,mutation_assayed_no_variant_reported,1,0
STAD,TCGA-HU-A4GC-01,KRAS,mutation_assayed_no_variant_reported,1,0
STAD,TCGA-HU-A4GC-01,TP53,variant_reported,1,1
STAD,TCGA-HU-A4GC-01,EGFR,mutation_assayed_no_variant_reported,1,0
STAD,TCGA-HU-A4GC-01,ERBB2,mutation_assayed_no_variant_reported,1,0
STAD,TCGA-HU-A4GD-01,KRAS,mutation_assayed_no_variant_reported,1,0
STAD,TCGA-HU-A4GD-01,TP53,variant_reported,1,1
STAD,TCGA-HU-A4GD-01,EGFR,mutation_assayed_no_variant_reported,1,0
STAD,TCGA-HU-A4GD-01,ERBB2,mutation_assayed_no_variant_reported,1,0
STAD,TCGA-HU-A4GF-01,KRAS,mutation_assayed_no_variant_reported,1,0
STAD,TCGA-HU-A4GF-01,TP53,variant_reported,1,1
STAD,TCGA-HU-A4GF-01,EGFR,mutation_assayed_no_variant_reported,1,0
STAD,TCGA-HU-A4GF-01,ERBB2,mutation_assayed_no_variant_reported,1,0
STAD,TCGA-HU-A4GH-01,KRAS,mutation_assayed_no_variant_reported,1,0
STAD,TCGA-HU-A4GH-01,TP53,variant_reported,1,1
STAD,TCGA-HU-A4GH-01,EGFR,mutation_assayed_no_variant_reported,1,0
STAD,TCGA-HU-A4GH-01,ERBB2,mutation_assayed_no_variant_reported,1,0
STAD,TCGA-HU-A4GJ-01,KRAS,mutation_assayed_no_variant_reported,1,0
STAD,TCGA-HU-A4GJ-01,TP53,mutation_assayed_no_variant_reported,1,0
STAD,TCGA-HU-A4GJ-01,EGFR,mutation_assayed_no_variant_reported,1,0
STAD,TCGA-HU-A4GJ-01,ERBB2,mutation_assayed_no_variant_reported,1,0
STAD,TCGA-HU-A4GN-01,KRAS,mutation_assayed_no_variant_reported,1,0
STAD,TCGA-HU-A4GN-01,TP53,variant_reported,1,1
STAD,TCGA-HU-A4GN-01,EGFR,mutation_assayed_no_variant_reported,1,0
STAD,TCGA-HU-A4GN-01,ERBB2,mutation_assayed_no_variant_reported,1,0
STAD,TCGA-HU-A4GP-01,KRAS,mutation_assayed_no_variant_reported,1,0
STAD,TCGA-HU-A4GP-01,TP53,variant_reported,1,1
STAD,TCGA-HU-A4GP-01,EGFR,mutation_assayed_no_variant_reported,1,0
STAD,TCGA-HU-A4GP-01,ERBB2,mutation_assayed_no_variant_reported,1,0
STAD,TCGA-HU-A4GQ-01,KRAS,variant_reported,1,1
STAD,TCGA-HU-A4GQ-01,TP53,variant_reported,1,1
STAD,TCGA-HU-A4GQ-01,EGFR,mutation_assayed_no_variant_reported,1,0
STAD,TCGA-HU-A4GQ-01,ERBB2,mutation_assayed_no_variant_reported,1,0
STAD,TCGA-HU-A4GT-01,KRAS,mutation_assayed_no_variant_reported,1,0
STAD,TCGA-HU-A4GT-01,TP53,mutation_assayed_no_variant_reported,1,0
STAD,TCGA-HU-A4GT-01,EGFR,mutation_assayed_no_variant_reported,1,0
STAD,TCGA-HU-A4GT-01,ERBB2,mutation_assayed_no_variant_reported,1,0
STAD,TCGA-HU-A4GU-01,KRAS,mutation_assayed_no_variant_reported,1,0
STAD,TCGA-HU-A4GU-01,TP53,mutation_assayed_no_variant_reported,1,0
STAD,TCGA-HU-A4GU-01,EGFR,mutation_assayed_no_variant_reported,1,0
STAD,TCGA-HU-A4GU-01,ERBB2,mutation_assayed_no_variant_reported,1,0
STAD,TCGA-HU-A4GX-01,KRAS,mutation_assayed_no_variant_reported,1,0
STAD,TCGA-HU-A4GX-01,TP53,mutation_assayed_no_variant_reported,1,0
STAD,TCGA-HU-A4GX-01,EGFR,mutation_assayed_no_variant_reported,1,0
STAD,TCGA-HU-A4GX-01,ERBB2,mutation_assayed_no_variant_reported,1,0
STAD,TCGA-HU-A4GY-01,KRAS,mutation_assayed_no_variant_reported,1,0
STAD,TCGA-HU-A4GY-01,TP53,mutation_assayed_no_variant_reported,1,0
STAD,TCGA-HU-A4GY-01,EGFR,mutation_assayed_no_variant_reported,1,0
STAD,TCGA-HU-A4GY-01,ERBB2,mutation_assayed_no_variant_reported,1,0
STAD,TCGA-HU-A4H0-01,KRAS,mutation_assayed_no_variant_reported,1,0
STAD,TCGA-HU-A4H0-01,TP53,mutation_assayed_no_variant_reported,1,0
STAD,TCGA-HU-A4H0-01,EGFR,mutation_assayed_no_variant_reported,1,0
STAD,TCGA-HU-A4H0-01,ERBB2,variant_reported,1,1
STAD,TCGA-HU-A4H2-01,KRAS,mutation_assayed_no_variant_reported,1,0
STAD,TCGA-HU-A4H2-01,TP53,variant_reported,1,1
STAD,TCGA-HU-A4H2-01,EGFR,mutation_assayed_no_variant_reported,1,0
STAD,TCGA-HU-A4H2-01,ERBB2,mutation_assayed_no_variant_reported,1,0
STAD,TCGA-HU-A4H3-01,KRAS,variant_reported,1,1
STAD,TCGA-HU-A4H3-01,TP53,variant_reported,1,1
STAD,TCGA-HU-A4H3-01,EGFR,mutation_assayed_no_variant_reported,1,0
STAD,TCGA-HU-A4H3-01,ERBB2,mutation_assayed_no_variant_reported,1,0
STAD,TCGA-HU-A4H4-01,KRAS,mutation_assayed_no_variant_reported,1,0
STAD,TCGA-HU-A4H4-01,TP53,variant_reported,1,1
STAD,TCGA-HU-A4H4-01,EGFR,mutation_assayed_no_variant_reported,1,0
STAD,TCGA-HU-A4H4-01,ERBB2,mutation_assayed_no_variant_reported,1,0
STAD,TCGA-HU-A4H5-01,KRAS,mutation_assayed_no_variant_reported,1,0
STAD,TCGA-HU-A4H5-01,TP53,mutation_assayed_no_variant_reported,1,0
STAD,TCGA-HU-A4H5-01,EGFR,mutation_assayed_no_variant_reported,1,0
STAD,TCGA-HU-A4H5-01,ERBB2,mutation_assayed_no_variant_reported,1,0
STAD,TCGA-HU-A4H6-01,KRAS,mutation_assayed_no_variant_reported,1,0
STAD,TCGA-HU-A4H6-01,TP53,mutation_assayed_no_variant_reported,1,0
STAD,TCGA-HU-A4H6-01,EGFR,mutation_assayed_no_variant_reported,1,0
STAD,TCGA-HU-A4H6-01,ERBB2,mutation_assayed_no_variant_reported,1,0
STAD,TCGA-HU-A4H8-01,KRAS,mutation_assayed_no_variant_reported,1,0
STAD,TCGA-HU-A4H8-01,TP53,mutation_assayed_no_variant_reported,1,0
STAD,TCGA-HU-A4H8-01,EGFR,mutation_assayed_no_variant_reported,1,0
STAD,TCGA-HU-A4H8-01,ERBB2,variant_reported,1,1
STAD,TCGA-HU-A4HB-01,KRAS,mutation_assayed_no_variant_reported,1,0
STAD,TCGA-HU-A4HB-01,TP53,mutation_assayed_no_variant_reported,1,0
STAD,TCGA-HU-A4HB-01,EGFR,mutation_assayed_no_variant_reported,1,0
STAD,TCGA-HU-A4HB-01,ERBB2,mutation_assayed_no_variant_reported,1,0
STAD,TCGA-HU-A4HD-01,KRAS,mutation_assayed_no_variant_reported,1,0
STAD,TCGA-HU-A4HD-01,TP53,variant_reported,1,1
STAD,TCGA-HU-A4HD-01,EGFR,mutation_assayed_no_variant_reported,1,0
STAD,TCGA-HU-A4HD-01,ERBB2,mutation_assayed_no_variant_reported,1,0
STAD,TCGA-IN-7806-01,KRAS,mutation_assayed_no_variant_reported,1,0
STAD,TCGA-IN-7806-01,TP53,variant_reported,1,1
STAD,TCGA-IN-7806-01,EGFR,mutation_assayed_no_variant_reported,1,0
STAD,TCGA-IN-7806-01,ERBB2,mutation_assayed_no_variant_reported,1,0
STAD,TCGA-IN-7808-01,KRAS,mutation_assayed_no_variant_reported,1,0
STAD,TCGA-IN-7808-01,TP53,variant_reported,1,1
STAD,TCGA-IN-7808-01,EGFR,mutation_assayed_no_variant_reported,1,0
STAD,TCGA-IN-7808-01,ERBB2,mutation_assayed_no_variant_reported,1,0
STAD,TCGA-IN-8462-01,KRAS,mutation_assayed_no_variant_reported,1,0
STAD,TCGA-IN-8462-01,TP53,variant_reported,1,1
STAD,TCGA-IN-8462-01,EGFR,mutation_assayed_no_variant_reported,1,0
STAD,TCGA-IN-8462-01,ERBB2,mutation_assayed_no_variant_reported,1,0
STAD,TCGA-IN-8663-01,KRAS,mutation_assayed_no_variant_reported,1,0
STAD,TCGA-IN-8663-01,TP53,mutation_assayed_no_variant_reported,1,0
STAD,TCGA-IN-8663-01,EGFR,mutation_assayed_no_variant_reported,1,0
STAD,TCGA-IN-8663-01,ERBB2,variant_reported,1,1
STAD,TCGA-IN-A6RI-01,KRAS,mutation_assayed_no_variant_reported,1,0
STAD,TCGA-IN-A6RI-01,TP53,variant_reported,1,1
STAD,TCGA-IN-A6RI-01,EGFR,mutation_assayed_no_variant_reported,1,0
STAD,TCGA-IN-A6RI-01,ERBB2,mutation_assayed_no_variant_reported,1,0
STAD,TCGA-IN-A6RJ-01,KRAS,mutation_assayed_no_variant_reported,1,0
STAD,TCGA-IN-A6RJ-01,TP53,mutation_assayed_no_variant_reported,1,0
STAD,TCGA-IN-A6RJ-01,EGFR,mutation_assayed_no_variant_reported,1,0
STAD,TCGA-IN-A6RJ-01,ERBB2,mutation_assayed_no_variant_reported,1,0
STAD,TCGA-IN-A6RL-01,KRAS,mutation_assayed_no_variant_reported,1,0
STAD,TCGA-IN-A6RL-01,TP53,variant_reported,1,1
STAD,TCGA-IN-A6RL-01,EGFR,mutation_assayed_no_variant_reported,1,0
STAD,TCGA-IN-A6RL-01,ERBB2,mutation_assayed_no_variant_reported,1,0
STAD,TCGA-IN-A6RN-01,KRAS,mutation_assayed_no_variant_reported,1,0
STAD,TCGA-IN-A6RN-01,TP53,mutation_assayed_no_variant_reported,1,0
STAD,TCGA-IN-A6RN-01,EGFR,mutation_assayed_no_variant_reported,1,0
STAD,TCGA-IN-A6RN-01,ERBB2,mutation_assayed_no_variant_reported,1,0
STAD,TCGA-IN-A6RO-01,KRAS,mutation_assayed_no_variant_reported,1,0
STAD,TCGA-IN-A6RO-01,TP53,mutation_assayed_no_variant_reported,1,0
STAD,TCGA-IN-A6RO-01,EGFR,mutation_assayed_no_variant_reported,1,0
STAD,TCGA-IN-A6RO-01,ERBB2,mutation_assayed_no_variant_reported,1,0
STAD,TCGA-IN-A6RP-01,KRAS,mutation_assayed_no_variant_reported,1,0
STAD,TCGA-IN-A6RP-01,TP53,variant_reported,1,1
STAD,TCGA-IN-A6RP-01,EGFR,mutation_assayed_no_variant_reported,1,0
STAD,TCGA-IN-A6RP-01,ERBB2,mutation_assayed_no_variant_reported,1,0
STAD,TCGA-IN-A6RR-01,KRAS,mutation_assayed_no_variant_reported,1,0
STAD,TCGA-IN-A6RR-01,TP53,variant_reported,1,1
STAD,TCGA-IN-A6RR-01,EGFR,mutation_assayed_no_variant_reported,1,0
STAD,TCGA-IN-A6RR-01,ERBB2,mutation_assayed_no_variant_reported,1,0
STAD,TCGA-IN-A6RS-01,KRAS,mutation_assayed_no_variant_reported,1,0
STAD,TCGA-IN-A6RS-01,TP53,variant_reported,1,1
STAD,TCGA-IN-A6RS-01,EGFR,mutation_assayed_no_variant_reported,1,0
STAD,TCGA-IN-A6RS-01,ERBB2,mutation_assayed_no_variant_reported,1,0
STAD,TCGA-IN-A7NR-01,KRAS,mutation_assayed_no_variant_reported,1,0
STAD,TCGA-IN-A7NR-01,TP53,variant_reported,1,1
STAD,TCGA-IN-A7NR-01,EGFR,mutation_assayed_no_variant_reported,1,0
STAD,TCGA-IN-A7NR-01,ERBB2,mutation_assayed_no_variant_reported,1,0
STAD,TCGA-IN-A7NT-01,KRAS,mutation_assayed_no_variant_reported,1,0
STAD,TCGA-IN-A7NT-01,TP53,variant_reported,1,1
STAD,TCGA-IN-A7NT-01,EGFR,mutation_assayed_no_variant_reported,1,0
STAD,TCGA-IN-A7NT-01,ERBB2,mutation_assayed_no_variant_reported,1,0
STAD,TCGA-IN-A7NU-01,KRAS,mutation_assayed_no_variant_reported,1,0
STAD,TCGA-IN-A7NU-01,TP53,variant_reported,1,1
STAD,TCGA-IN-A7NU-01,EGFR,mutation_assayed_no_variant_reported,1,0
STAD,TCGA-IN-A7NU-01,ERBB2,mutation_assayed_no_variant_reported,1,0
STAD,TCGA-IN-AB1V-01,KRAS,mutation_assayed_no_variant_reported,1,0
STAD,TCGA-IN-AB1V-01,TP53,mutation_assayed_no_variant_reported,1,0
STAD,TCGA-IN-AB1V-01,EGFR,mutation_assayed_no_variant_reported,1,0
STAD,TCGA-IN-AB1V-01,ERBB2,mutation_assayed_no_variant_reported,1,0
STAD,TCGA-IN-AB1X-01,KRAS,mutation_assayed_no_variant_reported,1,0
STAD,TCGA-IN-AB1X-01,TP53,mutation_assayed_no_variant_reported,1,0
STAD,TCGA-IN-AB1X-01,EGFR,mutation_assayed_no_variant_reported,1,0
STAD,TCGA-IN-AB1X-01,ERBB2,mutation_assayed_no_variant_reported,1,0
STAD,TCGA-IP-7968-01,KRAS,mutation_assayed_no_variant_reported,1,0
STAD,TCGA-IP-7968-01,TP53,variant_reported,1,1
STAD,TCGA-IP-7968-01,EGFR,mutation_assayed_no_variant_reported,1,0
STAD,TCGA-IP-7968-01,ERBB2,mutation_assayed_no_variant_reported,1,0
STAD,TCGA-KB-A6F5-01,KRAS,mutation_assayed_no_variant_reported,1,0
STAD,TCGA-KB-A6F5-01,TP53,variant_reported,1,1
STAD,TCGA-KB-A6F5-01,EGFR,mutation_assayed_no_variant_reported,1,0
STAD,TCGA-KB-A6F5-01,ERBB2,mutation_assayed_no_variant_reported,1,0
STAD,TCGA-KB-A6F7-01,KRAS,mutation_assayed_no_variant_reported,1,0
STAD,TCGA-KB-A6F7-01,TP53,mutation_assayed_no_variant_reported,1,0
STAD,TCGA-KB-A6F7-01,EGFR,mutation_assayed_no_variant_reported,1,0
STAD,TCGA-KB-A6F7-01,ERBB2,mutation_assayed_no_variant_reported,1,0
STAD,TCGA-KB-A93G-01,KRAS,mutation_assayed_no_variant_reported,1,0
STAD,TCGA-KB-A93G-01,TP53,variant_reported,1,1
STAD,TCGA-KB-A93G-01,EGFR,mutation_assayed_no_variant_reported,1,0
STAD,TCGA-KB-A93G-01,ERBB2,mutation_assayed_no_variant_reported,1,0
STAD,TCGA-KB-A93H-01,KRAS,mutation_assayed_no_variant_reported,1,0
STAD,TCGA-KB-A93H-01,TP53,variant_reported,1,1
STAD,TCGA-KB-A93H-01,EGFR,mutation_assayed_no_variant_reported,1,0
STAD,TCGA-KB-A93H-01,ERBB2,mutation_assayed_no_variant_reported,1,0
STAD,TCGA-KB-A93J-01,KRAS,mutation_assayed_no_variant_reported,1,0
STAD,TCGA-KB-A93J-01,TP53,variant_reported,1,1
STAD,TCGA-KB-A93J-01,EGFR,mutation_assayed_no_variant_reported,1,0
STAD,TCGA-KB-A93J-01,ERBB2,mutation_assayed_no_variant_reported,1,0
STAD,TCGA-MX-A5UG-01,KRAS,mutation_assayed_no_variant_reported,1,0
STAD,TCGA-MX-A5UG-01,TP53,mutation_assayed_no_variant_reported,1,0
STAD,TCGA-MX-A5UG-01,EGFR,mutation_assayed_no_variant_reported,1,0
STAD,TCGA-MX-A5UG-01,ERBB2,mutation_assayed_no_variant_reported,1,0
STAD,TCGA-MX-A5UJ-01,KRAS,mutation_assayed_no_variant_reported,1,0
STAD,TCGA-MX-A5UJ-01,TP53,mutation_assayed_no_variant_reported,1,0
STAD,TCGA-MX-A5UJ-01,EGFR,mutation_assayed_no_variant_reported,1,0
STAD,TCGA-MX-A5UJ-01,ERBB2,variant_reported,1,1
STAD,TCGA-MX-A663-01,KRAS,mutation_assayed_no_variant_reported,1,0
STAD,TCGA-MX-A663-01,TP53,mutation_assayed_no_variant_reported,1,0
STAD,TCGA-MX-A663-01,EGFR,mutation_assayed_no_variant_reported,1,0
STAD,TCGA-MX-A663-01,ERBB2,mutation_assayed_no_variant_reported,1,0
STAD,TCGA-MX-A666-01,KRAS,mutation_assayed_no_variant_reported,1,0
STAD,TCGA-MX-A666-01,TP53,variant_reported,1,1
STAD,TCGA-MX-A666-01,EGFR,mutation_assayed_no_variant_reported,1,0
STAD,TCGA-MX-A666-01,ERBB2,mutation_assayed_no_variant_reported,1,0
STAD,TCGA-R5-A7O7-01,KRAS,mutation_assayed_no_variant_reported,1,0
STAD,TCGA-R5-A7O7-01,TP53,variant_reported,1,1
STAD,TCGA-R5-A7O7-01,EGFR,mutation_assayed_no_variant_reported,1,0
STAD,TCGA-R5-A7O7-01,ERBB2,mutation_assayed_no_variant_reported,1,0
STAD,TCGA-R5-A7ZE-01,KRAS,mutation_assayed_no_variant_reported,1,0
STAD,TCGA-R5-A7ZE-01,TP53,variant_reported,1,1
STAD,TCGA-R5-A7ZE-01,EGFR,mutation_assayed_no_variant_reported,1,0
STAD,TCGA-R5-A7ZE-01,ERBB2,mutation_assayed_no_variant_reported,1,0
STAD,TCGA-R5-A7ZF-01,KRAS,mutation_assayed_no_variant_reported,1,0
STAD,TCGA-R5-A7ZF-01,TP53,variant_reported,1,1
STAD,TCGA-R5-A7ZF-01,EGFR,mutation_assayed_no_variant_reported,1,0
STAD,TCGA-R5-A7ZF-01,ERBB2,mutation_assayed_no_variant_reported,1,0
STAD,TCGA-R5-A7ZI-01,KRAS,mutation_assayed_no_variant_reported,1,0
STAD,TCGA-R5-A7ZI-01,TP53,mutation_assayed_no_variant_reported,1,0
STAD,TCGA-R5-A7ZI-01,EGFR,mutation_assayed_no_variant_reported,1,0
STAD,TCGA-R5-A7ZI-01,ERBB2,mutation_assayed_no_variant_reported,1,0
STAD,TCGA-R5-A7ZR-01,KRAS,mutation_assayed_no_variant_reported,1,0
STAD,TCGA-R5-A7ZR-01,TP53,mutation_assayed_no_variant_reported,1,0
STAD,TCGA-R5-A7ZR-01,EGFR,mutation_assayed_no_variant_reported,1,0
STAD,TCGA-R5-A7ZR-01,ERBB2,mutation_assayed_no_variant_reported,1,0
STAD,TCGA-R5-A804-01,KRAS,mutation_assayed_no_variant_reported,1,0
STAD,TCGA-R5-A804-01,TP53,mutation_assayed_no_variant_reported,1,0
STAD,TCGA-R5-A804-01,EGFR,mutation_assayed_no_variant_reported,1,0
STAD,TCGA-R5-A804-01,ERBB2,mutation_assayed_no_variant_reported,1,0
STAD,TCGA-R5-A805-01,KRAS,mutation_assayed_no_variant_reported,1,0
STAD,TCGA-R5-A805-01,TP53,mutation_assayed_no_variant_reported,1,0
STAD,TCGA-R5-A805-01,EGFR,mutation_assayed_no_variant_reported,1,0
STAD,TCGA-R5-A805-01,ERBB2,mutation_assayed_no_variant_reported,1,0
STAD,TCGA-RD-A7BS-01,KRAS,mutation_assayed_no_variant_reported,1,0
STAD,TCGA-RD-A7BS-01,TP53,mutation_assayed_no_variant_reported,1,0
STAD,TCGA-RD-A7BS-01,EGFR,mutation_assayed_no_variant_reported,1,0
STAD,TCGA-RD-A7BS-01,ERBB2,mutation_assayed_no_variant_reported,1,0
STAD,TCGA-RD-A7BT-01,KRAS,mutation_assayed_no_variant_reported,1,0
STAD,TCGA-RD-A7BT-01,TP53,mutation_assayed_no_variant_reported,1,0
STAD,TCGA-RD-A7BT-01,EGFR,variant_reported,1,1
STAD,TCGA-RD-A7BT-01,ERBB2,mutation_assayed_no_variant_reported,1,0
STAD,TCGA-RD-A7BW-01,KRAS,mutation_assayed_no_variant_reported,1,0
STAD,TCGA-RD-A7BW-01,TP53,mutation_assayed_no_variant_reported,1,0
STAD,TCGA-RD-A7BW-01,EGFR,mutation_assayed_no_variant_reported,1,0
STAD,TCGA-RD-A7BW-01,ERBB2,mutation_assayed_no_variant_reported,1,0
STAD,TCGA-RD-A7C1-01,KRAS,mutation_assayed_no_variant_reported,1,0
STAD,TCGA-RD-A7C1-01,TP53,mutation_assayed_no_variant_reported,1,0
STAD,TCGA-RD-A7C1-01,EGFR,mutation_assayed_no_variant_reported,1,0
STAD,TCGA-RD-A7C1-01,ERBB2,mutation_assayed_no_variant_reported,1,0
STAD,TCGA-RD-A8MV-01,KRAS,mutation_assayed_no_variant_reported,1,0
STAD,TCGA-RD-A8MV-01,TP53,mutation_assayed_no_variant_reported,1,0
STAD,TCGA-RD-A8MV-01,EGFR,mutation_assayed_no_variant_reported,1,0
STAD,TCGA-RD-A8MV-01,ERBB2,mutation_assayed_no_variant_reported,1,0
STAD,TCGA-RD-A8MW-01,KRAS,mutation_assayed_no_variant_reported,1,0
STAD,TCGA-RD-A8MW-01,TP53,variant_reported,1,1
STAD,TCGA-RD-A8MW-01,EGFR,mutation_assayed_no_variant_reported,1,0
STAD,TCGA-RD-A8MW-01,ERBB2,mutation_assayed_no_variant_reported,1,0
STAD,TCGA-RD-A8N0-01,KRAS,mutation_assayed_no_variant_reported,1,0
STAD,TCGA-RD-A8N0-01,TP53,mutation_assayed_no_variant_reported,1,0
STAD,TCGA-RD-A8N0-01,EGFR,mutation_assayed_no_variant_reported,1,0
STAD,TCGA-RD-A8N0-01,ERBB2,mutation_assayed_no_variant_reported,1,0
STAD,TCGA-RD-A8N1-01,KRAS,mutation_assayed_no_variant_reported,1,0
STAD,TCGA-RD-A8N1-01,TP53,variant_reported,1,1
STAD,TCGA-RD-A8N1-01,EGFR,mutation_assayed_no_variant_reported,1,0
STAD,TCGA-RD-A8N1-01,ERBB2,mutation_assayed_no_variant_reported,1,0
STAD,TCGA-RD-A8N4-01,KRAS,mutation_assayed_no_variant_reported,1,0
STAD,TCGA-RD-A8N4-01,TP53,mutation_assayed_no_variant_reported,1,0
STAD,TCGA-RD-A8N4-01,EGFR,mutation_assayed_no_variant_reported,1,0
STAD,TCGA-RD-A8N4-01,ERBB2,mutation_assayed_no_variant_reported,1,0
STAD,TCGA-RD-A8N5-01,KRAS,mutation_assayed_no_variant_reported,1,0
STAD,TCGA-RD-A8N5-01,TP53,mutation_assayed_no_variant_reported,1,0
STAD,TCGA-RD-A8N5-01,EGFR,mutation_assayed_no_variant_reported,1,0
STAD,TCGA-RD-A8N5-01,ERBB2,mutation_assayed_no_variant_reported,1,0
STAD,TCGA-RD-A8N6-01,KRAS,mutation_assayed_no_variant_reported,1,0
STAD,TCGA-RD-A8N6-01,TP53,variant_reported,1,1
STAD,TCGA-RD-A8N6-01,EGFR,mutation_assayed_no_variant_reported,1,0
STAD,TCGA-RD-A8N6-01,ERBB2,mutation_assayed_no_variant_reported,1,0
STAD,TCGA-RD-A8N9-01,KRAS,mutation_assayed_no_variant_reported,1,0
STAD,TCGA-RD-A8N9-01,TP53,variant_reported,1,1
STAD,TCGA-RD-A8N9-01,EGFR,mutation_assayed_no_variant_reported,1,0
STAD,TCGA-RD-A8N9-01,ERBB2,mutation_assayed_no_variant_reported,1,0
STAD,TCGA-RD-A8NB-01,KRAS,mutation_assayed_no_variant_reported,1,0
STAD,TCGA-RD-A8NB-01,TP53,variant_reported,1,1
STAD,TCGA-RD-A8NB-01,EGFR,mutation_assayed_no_variant_reported,1,0
STAD,TCGA-RD-A8NB-01,ERBB2,mutation_assayed_no_variant_reported,1,0
STAD,TCGA-SW-A7EA-01,KRAS,variant_reported,1,1
STAD,TCGA-SW-A7EA-01,TP53,mutation_assayed_no_variant_reported,1,0
STAD,TCGA-SW-A7EA-01,EGFR,mutation_assayed_no_variant_reported,1,0
STAD,TCGA-SW-A7EA-01,ERBB2,mutation_assayed_no_variant_reported,1,0
STAD,TCGA-SW-A7EB-01,KRAS,mutation_assayed_no_variant_reported,1,0
STAD,TCGA-SW-A7EB-01,TP53,variant_reported,1,1
STAD,TCGA-SW-A7EB-01,EGFR,mutation_assayed_no_variant_reported,1,0
STAD,TCGA-SW-A7EB-01,ERBB2,mutation_assayed_no_variant_reported,1,0
STAD,TCGA-VQ-A8DL-01,KRAS,mutation_assayed_no_variant_reported,1,0
STAD,TCGA-VQ-A8DL-01,TP53,variant_reported,1,1
STAD,TCGA-VQ-A8DL-01,EGFR,mutation_assayed_no_variant_reported,1,0
STAD,TCGA-VQ-A8DL-01,ERBB2,mutation_assayed_no_variant_reported,1,0
STAD,TCGA-VQ-A8DT-01,KRAS,mutation_assayed_no_variant_reported,1,0
STAD,TCGA-VQ-A8DT-01,TP53,variant_reported,1,1
STAD,TCGA-VQ-A8DT-01,EGFR,mutation_assayed_no_variant_reported,1,0
STAD,TCGA-VQ-A8DT-01,ERBB2,mutation_assayed_no_variant_reported,1,0
STAD,TCGA-VQ-A8DU-01,KRAS,mutation_assayed_no_variant_reported,1,0
STAD,TCGA-VQ-A8DU-01,TP53,variant_reported,1,1
STAD,TCGA-VQ-A8DU-01,EGFR,mutation_assayed_no_variant_reported,1,0
STAD,TCGA-VQ-A8DU-01,ERBB2,mutation_assayed_no_variant_reported,1,0
STAD,TCGA-VQ-A8DV-01,KRAS,mutation_assayed_no_variant_reported,1,0
STAD,TCGA-VQ-A8DV-01,TP53,variant_reported,1,1
STAD,TCGA-VQ-A8DV-01,EGFR,mutation_assayed_no_variant_reported,1,0
STAD,TCGA-VQ-A8DV-01,ERBB2,mutation_assayed_no_variant_reported,1,0
STAD,TCGA-VQ-A8DZ-01,KRAS,mutation_assayed_no_variant_reported,1,0
STAD,TCGA-VQ-A8DZ-01,TP53,variant_reported,1,1
STAD,TCGA-VQ-A8DZ-01,EGFR,mutation_assayed_no_variant_reported,1,0
STAD,TCGA-VQ-A8DZ-01,ERBB2,mutation_assayed_no_variant_reported,1,0
STAD,TCGA-VQ-A8E0-01,KRAS,mutation_assayed_no_variant_reported,1,0
STAD,TCGA-VQ-A8E0-01,TP53,variant_reported,1,1
STAD,TCGA-VQ-A8E0-01,EGFR,mutation_assayed_no_variant_reported,1,0
STAD,TCGA-VQ-A8E0-01,ERBB2,mutation_assayed_no_variant_reported,1,0
STAD,TCGA-VQ-A8E2-01,KRAS,mutation_assayed_no_variant_reported,1,0
STAD,TCGA-VQ-A8E2-01,TP53,variant_reported,1,1
STAD,TCGA-VQ-A8E2-01,EGFR,mutation_assayed_no_variant_reported,1,0
STAD,TCGA-VQ-A8E2-01,ERBB2,mutation_assayed_no_variant_reported,1,0
STAD,TCGA-VQ-A8E3-01,KRAS,mutation_assayed_no_variant_reported,1,0
STAD,TCGA-VQ-A8E3-01,TP53,variant_reported,1,1
STAD,TCGA-VQ-A8E3-01,EGFR,mutation_assayed_no_variant_reported,1,0
STAD,TCGA-VQ-A8E3-01,ERBB2,mutation_assayed_no_variant_reported,1,0
STAD,TCGA-VQ-A8E7-01,KRAS,mutation_assayed_no_variant_reported,1,0
STAD,TCGA-VQ-A8E7-01,TP53,variant_reported,1,1
STAD,TCGA-VQ-A8E7-01,EGFR,mutation_assayed_no_variant_reported,1,0
STAD,TCGA-VQ-A8E7-01,ERBB2,mutation_assayed_no_variant_reported,1,0
STAD,TCGA-VQ-A8P2-01,KRAS,mutation_assayed_no_variant_reported,1,0
STAD,TCGA-VQ-A8P2-01,TP53,variant_reported,1,1
STAD,TCGA-VQ-A8P2-01,EGFR,variant_reported,1,1
STAD,TCGA-VQ-A8P2-01,ERBB2,mutation_assayed_no_variant_reported,1,0
STAD,TCGA-VQ-A8P3-01,KRAS,mutation_assayed_no_variant_reported,1,0
STAD,TCGA-VQ-A8P3-01,TP53,mutation_assayed_no_variant_reported,1,0
STAD,TCGA-VQ-A8P3-01,EGFR,mutation_assayed_no_variant_reported,1,0
STAD,TCGA-VQ-A8P3-01,ERBB2,mutation_assayed_no_variant_reported,1,0
STAD,TCGA-VQ-A8P5-01,KRAS,mutation_assayed_no_variant_reported,1,0
STAD,TCGA-VQ-A8P5-01,TP53,variant_reported,1,1
STAD,TCGA-VQ-A8P5-01,EGFR,mutation_assayed_no_variant_reported,1,0
STAD,TCGA-VQ-A8P5-01,ERBB2,mutation_assayed_no_variant_reported,1,0
STAD,TCGA-VQ-A8P8-01,KRAS,mutation_assayed_no_variant_reported,1,0
STAD,TCGA-VQ-A8P8-01,TP53,mutation_assayed_no_variant_reported,1,0
STAD,TCGA-VQ-A8P8-01,EGFR,mutation_assayed_no_variant_reported,1,0
STAD,TCGA-VQ-A8P8-01,ERBB2,mutation_assayed_no_variant_reported,1,0
STAD,TCGA-VQ-A8PB-01,KRAS,mutation_assayed_no_variant_reported,1,0
STAD,TCGA-VQ-A8PB-01,TP53,mutation_assayed_no_variant_reported,1,0
STAD,TCGA-VQ-A8PB-01,EGFR,mutation_assayed_no_variant_reported,1,0
STAD,TCGA-VQ-A8PB-01,ERBB2,variant_reported,1,1
STAD,TCGA-VQ-A8PC-01,KRAS,mutation_assayed_no_variant_reported,1,0
STAD,TCGA-VQ-A8PC-01,TP53,variant_reported,1,1
STAD,TCGA-VQ-A8PC-01,EGFR,mutation_assayed_no_variant_reported,1,0
STAD,TCGA-VQ-A8PC-01,ERBB2,mutation_assayed_no_variant_reported,1,0
STAD,TCGA-VQ-A8PD-01,KRAS,mutation_assayed_no_variant_reported,1,0
STAD,TCGA-VQ-A8PD-01,TP53,mutation_assayed_no_variant_reported,1,0
STAD,TCGA-VQ-A8PD-01,EGFR,mutation_assayed_no_variant_reported,1,0
STAD,TCGA-VQ-A8PD-01,ERBB2,variant_reported,1,1
STAD,TCGA-VQ-A8PE-01,KRAS,mutation_assayed_no_variant_reported,1,0
STAD,TCGA-VQ-A8PE-01,TP53,variant_reported,1,1
STAD,TCGA-VQ-A8PE-01,EGFR,mutation_assayed_no_variant_reported,1,0
STAD,TCGA-VQ-A8PE-01,ERBB2,mutation_assayed_no_variant_reported,1,0
STAD,TCGA-VQ-A8PF-01,KRAS,mutation_assayed_no_variant_reported,1,0
STAD,TCGA-VQ-A8PF-01,TP53,mutation_assayed_no_variant_reported,1,0
STAD,TCGA-VQ-A8PF-01,EGFR,mutation_assayed_no_variant_reported,1,0
STAD,TCGA-VQ-A8PF-01,ERBB2,mutation_assayed_no_variant_reported,1,0
STAD,TCGA-VQ-A8PH-01,KRAS,mutation_assayed_no_variant_reported,1,0
STAD,TCGA-VQ-A8PH-01,TP53,variant_reported,1,1
STAD,TCGA-VQ-A8PH-01,EGFR,mutation_assayed_no_variant_reported,1,0
STAD,TCGA-VQ-A8PH-01,ERBB2,variant_reported,1,1
STAD,TCGA-VQ-A8PJ-01,KRAS,mutation_assayed_no_variant_reported,1,0
STAD,TCGA-VQ-A8PJ-01,TP53,mutation_assayed_no_variant_reported,1,0
STAD,TCGA-VQ-A8PJ-01,EGFR,mutation_assayed_no_variant_reported,1,0
STAD,TCGA-VQ-A8PJ-01,ERBB2,mutation_assayed_no_variant_reported,1,0
STAD,TCGA-VQ-A8PK-01,KRAS,mutation_assayed_no_variant_reported,1,0
STAD,TCGA-VQ-A8PK-01,TP53,variant_reported,1,1
STAD,TCGA-VQ-A8PK-01,EGFR,mutation_assayed_no_variant_reported,1,0
STAD,TCGA-VQ-A8PK-01,ERBB2,mutation_assayed_no_variant_reported,1,0
STAD,TCGA-VQ-A8PM-01,KRAS,mutation_assayed_no_variant_reported,1,0
STAD,TCGA-VQ-A8PM-01,TP53,mutation_assayed_no_variant_reported,1,0
STAD,TCGA-VQ-A8PM-01,EGFR,mutation_assayed_no_variant_reported,1,0
STAD,TCGA-VQ-A8PM-01,ERBB2,mutation_assayed_no_variant_reported,1,0
STAD,TCGA-VQ-A8PO-01,KRAS,mutation_assayed_no_variant_reported,1,0
STAD,TCGA-VQ-A8PO-01,TP53,mutation_assayed_no_variant_reported,1,0
STAD,TCGA-VQ-A8PO-01,EGFR,mutation_assayed_no_variant_reported,1,0
STAD,TCGA-VQ-A8PO-01,ERBB2,mutation_assayed_no_variant_reported,1,0
STAD,TCGA-VQ-A8PP-01,KRAS,variant_reported,1,1
STAD,TCGA-VQ-A8PP-01,TP53,variant_reported,1,1
STAD,TCGA-VQ-A8PP-01,EGFR,mutation_assayed_no_variant_reported,1,0
STAD,TCGA-VQ-A8PP-01,ERBB2,mutation_assayed_no_variant_reported,1,0
STAD,TCGA-VQ-A8PQ-01,KRAS,mutation_assayed_no_variant_reported,1,0
STAD,TCGA-VQ-A8PQ-01,TP53,mutation_assayed_no_variant_reported,1,0
STAD,TCGA-VQ-A8PQ-01,EGFR,mutation_assayed_no_variant_reported,1,0
STAD,TCGA-VQ-A8PQ-01,ERBB2,mutation_assayed_no_variant_reported,1,0
STAD,TCGA-VQ-A8PS-01,KRAS,mutation_assayed_no_variant_reported,1,0
STAD,TCGA-VQ-A8PS-01,TP53,mutation_assayed_no_variant_reported,1,0
STAD,TCGA-VQ-A8PS-01,EGFR,mutation_assayed_no_variant_reported,1,0
STAD,TCGA-VQ-A8PS-01,ERBB2,mutation_assayed_no_variant_reported,1,0
STAD,TCGA-VQ-A8PT-01,KRAS,mutation_assayed_no_variant_reported,1,0
STAD,TCGA-VQ-A8PT-01,TP53,mutation_assayed_no_variant_reported,1,0
STAD,TCGA-VQ-A8PT-01,EGFR,mutation_assayed_no_variant_reported,1,0
STAD,TCGA-VQ-A8PT-01,ERBB2,mutation_assayed_no_variant_reported,1,0
STAD,TCGA-VQ-A8PU-01,KRAS,variant_reported,1,1
STAD,TCGA-VQ-A8PU-01,TP53,mutation_assayed_no_variant_reported,1,0
STAD,TCGA-VQ-A8PU-01,EGFR,mutation_assayed_no_variant_reported,1,0
STAD,TCGA-VQ-A8PU-01,ERBB2,mutation_assayed_no_variant_reported,1,0
STAD,TCGA-VQ-A8PX-01,KRAS,mutation_assayed_no_variant_reported,1,0
STAD,TCGA-VQ-A8PX-01,TP53,variant_reported,1,1
STAD,TCGA-VQ-A8PX-01,EGFR,variant_reported,1,1
STAD,TCGA-VQ-A8PX-01,ERBB2,mutation_assayed_no_variant_reported,1,0
STAD,TCGA-VQ-A8PY-01,KRAS,mutation_assayed_no_variant_reported,1,0
STAD,TCGA-VQ-A8PY-01,TP53,variant_reported,1,1
STAD,TCGA-VQ-A8PY-01,EGFR,mutation_assayed_no_variant_reported,1,0
STAD,TCGA-VQ-A8PY-01,ERBB2,mutation_assayed_no_variant_reported,1,0
STAD,TCGA-VQ-A8PZ-01,KRAS,mutation_assayed_no_variant_reported,1,0
STAD,TCGA-VQ-A8PZ-01,TP53,mutation_assayed_no_variant_reported,1,0
STAD,TCGA-VQ-A8PZ-01,EGFR,mutation_assayed_no_variant_reported,1,0
STAD,TCGA-VQ-A8PZ-01,ERBB2,variant_reported,1,1
STAD,TCGA-VQ-A91A-01,KRAS,mutation_assayed_no_variant_reported,1,0
STAD,TCGA-VQ-A91A-01,TP53,mutation_assayed_no_variant_reported,1,0
STAD,TCGA-VQ-A91A-01,EGFR,mutation_assayed_no_variant_reported,1,0
STAD,TCGA-VQ-A91A-01,ERBB2,mutation_assayed_no_variant_reported,1,0
STAD,TCGA-VQ-A91D-01,KRAS,variant_reported,1,1
STAD,TCGA-VQ-A91D-01,TP53,mutation_assayed_no_variant_reported,1,0
STAD,TCGA-VQ-A91D-01,EGFR,variant_reported,1,1
STAD,TCGA-VQ-A91D-01,ERBB2,variant_reported,1,1
STAD,TCGA-VQ-A91E-01,KRAS,variant_reported,1,1
STAD,TCGA-VQ-A91E-01,TP53,variant_reported,1,1
STAD,TCGA-VQ-A91E-01,EGFR,mutation_assayed_no_variant_reported,1,0
STAD,TCGA-VQ-A91E-01,ERBB2,mutation_assayed_no_variant_reported,1,0
STAD,TCGA-VQ-A91K-01,KRAS,mutation_assayed_no_variant_reported,1,0
STAD,TCGA-VQ-A91K-01,TP53,mutation_assayed_no_variant_reported,1,0
STAD,TCGA-VQ-A91K-01,EGFR,mutation_assayed_no_variant_reported,1,0
STAD,TCGA-VQ-A91K-01,ERBB2,mutation_assayed_no_variant_reported,1,0
STAD,TCGA-VQ-A91N-01,KRAS,mutation_assayed_no_variant_reported,1,0
STAD,TCGA-VQ-A91N-01,TP53,variant_reported,1,1
STAD,TCGA-VQ-A91N-01,EGFR,mutation_assayed_no_variant_reported,1,0
STAD,TCGA-VQ-A91N-01,ERBB2,mutation_assayed_no_variant_reported,1,0
STAD,TCGA-VQ-A91Q-01,KRAS,mutation_assayed_no_variant_reported,1,0
STAD,TCGA-VQ-A91Q-01,TP53,mutation_assayed_no_variant_reported,1,0
STAD,TCGA-VQ-A91Q-01,EGFR,mutation_assayed_no_variant_reported,1,0
STAD,TCGA-VQ-A91Q-01,ERBB2,mutation_assayed_no_variant_reported,1,0
STAD,TCGA-VQ-A91S-01,KRAS,mutation_assayed_no_variant_reported,1,0
STAD,TCGA-VQ-A91S-01,TP53,mutation_assayed_no_variant_reported,1,0
STAD,TCGA-VQ-A91S-01,EGFR,mutation_assayed_no_variant_reported,1,0
STAD,TCGA-VQ-A91S-01,ERBB2,mutation_assayed_no_variant_reported,1,0
STAD,TCGA-VQ-A91U-01,KRAS,mutation_assayed_no_variant_reported,1,0
STAD,TCGA-VQ-A91U-01,TP53,variant_reported,1,1
STAD,TCGA-VQ-A91U-01,EGFR,mutation_assayed_no_variant_reported,1,0
STAD,TCGA-VQ-A91U-01,ERBB2,mutation_assayed_no_variant_reported,1,0
STAD,TCGA-VQ-A91V-01,KRAS,mutation_assayed_no_variant_reported,1,0
STAD,TCGA-VQ-A91V-01,TP53,variant_reported,1,1
STAD,TCGA-VQ-A91V-01,EGFR,mutation_assayed_no_variant_reported,1,0
STAD,TCGA-VQ-A91V-01,ERBB2,mutation_assayed_no_variant_reported,1,0
STAD,TCGA-VQ-A91W-01,KRAS,mutation_assayed_no_variant_reported,1,0
STAD,TCGA-VQ-A91W-01,TP53,mutation_assayed_no_variant_reported,1,0
STAD,TCGA-VQ-A91W-01,EGFR,mutation_assayed_no_variant_reported,1,0
STAD,TCGA-VQ-A91W-01,ERBB2,mutation_assayed_no_variant_reported,1,0
STAD,TCGA-VQ-A91X-01,KRAS,mutation_assayed_no_variant_reported,1,0
STAD,TCGA-VQ-A91X-01,TP53,variant_reported,1,1
STAD,TCGA-VQ-A91X-01,EGFR,mutation_assayed_no_variant_reported,1,0
STAD,TCGA-VQ-A91X-01,ERBB2,mutation_assayed_no_variant_reported,1,0
STAD,TCGA-VQ-A91Y-01,KRAS,mutation_assayed_no_variant_reported,1,0
STAD,TCGA-VQ-A91Y-01,TP53,variant_reported,1,1
STAD,TCGA-VQ-A91Y-01,EGFR,mutation_assayed_no_variant_reported,1,0
STAD,TCGA-VQ-A91Y-01,ERBB2,mutation_assayed_no_variant_reported,1,0
STAD,TCGA-VQ-A91Z-01,KRAS,mutation_assayed_no_variant_reported,1,0
STAD,TCGA-VQ-A91Z-01,TP53,variant_reported,1,1
STAD,TCGA-VQ-A91Z-01,EGFR,mutation_assayed_no_variant_reported,1,0
STAD,TCGA-VQ-A91Z-01,ERBB2,mutation_assayed_no_variant_reported,1,0
STAD,TCGA-VQ-A922-01,KRAS,mutation_assayed_no_variant_reported,1,0
STAD,TCGA-VQ-A922-01,TP53,variant_reported,1,1
STAD,TCGA-VQ-A922-01,EGFR,mutation_assayed_no_variant_reported,1,0
STAD,TCGA-VQ-A922-01,ERBB2,mutation_assayed_no_variant_reported,1,0
STAD,TCGA-VQ-A923-01,KRAS,mutation_assayed_no_variant_reported,1,0
STAD,TCGA-VQ-A923-01,TP53,variant_reported,1,1
STAD,TCGA-VQ-A923-01,EGFR,mutation_assayed_no_variant_reported,1,0
STAD,TCGA-VQ-A923-01,ERBB2,mutation_assayed_no_variant_reported,1,0
STAD,TCGA-VQ-A924-01,KRAS,mutation_assayed_no_variant_reported,1,0
STAD,TCGA-VQ-A924-01,TP53,mutation_assayed_no_variant_reported,1,0
STAD,TCGA-VQ-A924-01,EGFR,mutation_assayed_no_variant_reported,1,0
STAD,TCGA-VQ-A924-01,ERBB2,mutation_assayed_no_variant_reported,1,0
STAD,TCGA-VQ-A925-01,KRAS,mutation_assayed_no_variant_reported,1,0
STAD,TCGA-VQ-A925-01,TP53,variant_reported,1,1
STAD,TCGA-VQ-A925-01,EGFR,mutation_assayed_no_variant_reported,1,0
STAD,TCGA-VQ-A925-01,ERBB2,mutation_assayed_no_variant_reported,1,0
STAD,TCGA-VQ-A927-01,KRAS,mutation_assayed_no_variant_reported,1,0
STAD,TCGA-VQ-A927-01,TP53,mutation_assayed_no_variant_reported,1,0
STAD,TCGA-VQ-A927-01,EGFR,mutation_assayed_no_variant_reported,1,0
STAD,TCGA-VQ-A927-01,ERBB2,mutation_assayed_no_variant_reported,1,0
STAD,TCGA-VQ-A928-01,KRAS,mutation_assayed_no_variant_reported,1,0
STAD,TCGA-VQ-A928-01,TP53,mutation_assayed_no_variant_reported,1,0
STAD,TCGA-VQ-A928-01,EGFR,mutation_assayed_no_variant_reported,1,0
STAD,TCGA-VQ-A928-01,ERBB2,mutation_assayed_no_variant_reported,1,0
STAD,TCGA-VQ-A92D-01,KRAS,mutation_assayed_no_variant_reported,1,0
STAD,TCGA-VQ-A92D-01,TP53,mutation_assayed_no_variant_reported,1,0
STAD,TCGA-VQ-A92D-01,EGFR,mutation_assayed_no_variant_reported,1,0
STAD,TCGA-VQ-A92D-01,ERBB2,mutation_assayed_no_variant_reported,1,0
STAD,TCGA-VQ-A94O-01,KRAS,mutation_assayed_no_variant_reported,1,0
STAD,TCGA-VQ-A94O-01,TP53,mutation_assayed_no_variant_reported,1,0
STAD,TCGA-VQ-A94O-01,EGFR,mutation_assayed_no_variant_reported,1,0
STAD,TCGA-VQ-A94O-01,ERBB2,mutation_assayed_no_variant_reported,1,0
STAD,TCGA-VQ-A94P-01,KRAS,mutation_assayed_no_variant_reported,1,0
STAD,TCGA-VQ-A94P-01,TP53,mutation_assayed_no_variant_reported,1,0
STAD,TCGA-VQ-A94P-01,EGFR,mutation_assayed_no_variant_reported,1,0
STAD,TCGA-VQ-A94P-01,ERBB2,mutation_assayed_no_variant_reported,1,0
STAD,TCGA-VQ-A94R-01,KRAS,mutation_assayed_no_variant_reported,1,0
STAD,TCGA-VQ-A94R-01,TP53,variant_reported,1,1
STAD,TCGA-VQ-A94R-01,EGFR,mutation_assayed_no_variant_reported,1,0
STAD,TCGA-VQ-A94R-01,ERBB2,mutation_assayed_no_variant_reported,1,0
STAD,TCGA-VQ-A94T-01,KRAS,variant_reported,1,1
STAD,TCGA-VQ-A94T-01,TP53,mutation_assayed_no_variant_reported,1,0
STAD,TCGA-VQ-A94T-01,EGFR,mutation_assayed_no_variant_reported,1,0
STAD,TCGA-VQ-A94T-01,ERBB2,mutation_assayed_no_variant_reported,1,0
STAD,TCGA-VQ-A94U-01,KRAS,mutation_assayed_no_variant_reported,1,0
STAD,TCGA-VQ-A94U-01,TP53,variant_reported,1,1
STAD,TCGA-VQ-A94U-01,EGFR,mutation_assayed_no_variant_reported,1,0
STAD,TCGA-VQ-A94U-01,ERBB2,mutation_assayed_no_variant_reported,1,0
STAD,TCGA-VQ-AA64-01,KRAS,mutation_assayed_no_variant_reported,1,0
STAD,TCGA-VQ-AA64-01,TP53,mutation_assayed_no_variant_reported,1,0
STAD,TCGA-VQ-AA64-01,EGFR,mutation_assayed_no_variant_reported,1,0
STAD,TCGA-VQ-AA64-01,ERBB2,mutation_assayed_no_variant_reported,1,0
STAD,TCGA-VQ-AA68-01,KRAS,mutation_assayed_no_variant_reported,1,0
STAD,TCGA-VQ-AA68-01,TP53,variant_reported,1,1
STAD,TCGA-VQ-AA68-01,EGFR,mutation_assayed_no_variant_reported,1,0
STAD,TCGA-VQ-AA68-01,ERBB2,mutation_assayed_no_variant_reported,1,0
STAD,TCGA-VQ-AA69-01,KRAS,variant_reported,1,1
STAD,TCGA-VQ-AA69-01,TP53,mutation_assayed_no_variant_reported,1,0
STAD,TCGA-VQ-AA69-01,EGFR,mutation_assayed_no_variant_reported,1,0
STAD,TCGA-VQ-AA69-01,ERBB2,mutation_assayed_no_variant_reported,1,0
STAD,TCGA-VQ-AA6A-01,KRAS,mutation_assayed_no_variant_reported,1,0
STAD,TCGA-VQ-AA6A-01,TP53,variant_reported,1,1
STAD,TCGA-VQ-AA6A-01,EGFR,mutation_assayed_no_variant_reported,1,0
STAD,TCGA-VQ-AA6A-01,ERBB2,mutation_assayed_no_variant_reported,1,0
STAD,TCGA-VQ-AA6B-01,KRAS,mutation_assayed_no_variant_reported,1,0
STAD,TCGA-VQ-AA6B-01,TP53,variant_reported,1,1
STAD,TCGA-VQ-AA6B-01,EGFR,mutation_assayed_no_variant_reported,1,0
STAD,TCGA-VQ-AA6B-01,ERBB2,mutation_assayed_no_variant_reported,1,0
STAD,TCGA-VQ-AA6D-01,KRAS,mutation_assayed_no_variant_reported,1,0
STAD,TCGA-VQ-AA6D-01,TP53,mutation_assayed_no_variant_reported,1,0
STAD,TCGA-VQ-AA6D-01,EGFR,mutation_assayed_no_variant_reported,1,0
STAD,TCGA-VQ-AA6D-01,ERBB2,mutation_assayed_no_variant_reported,1,0
STAD,TCGA-VQ-AA6F-01,KRAS,mutation_assayed_no_variant_reported,1,0
STAD,TCGA-VQ-AA6F-01,TP53,mutation_assayed_no_variant_reported,1,0
STAD,TCGA-VQ-AA6F-01,EGFR,mutation_assayed_no_variant_reported,1,0
STAD,TCGA-VQ-AA6F-01,ERBB2,mutation_assayed_no_variant_reported,1,0
STAD,TCGA-VQ-AA6G-01,KRAS,mutation_assayed_no_variant_reported,1,0
STAD,TCGA-VQ-AA6G-01,TP53,variant_reported,1,1
STAD,TCGA-VQ-AA6G-01,EGFR,mutation_assayed_no_variant_reported,1,0
STAD,TCGA-VQ-AA6G-01,ERBB2,mutation_assayed_no_variant_reported,1,0
STAD,TCGA-VQ-AA6I-01,KRAS,mutation_assayed_no_variant_reported,1,0
STAD,TCGA-VQ-AA6I-01,TP53,variant_reported,1,1
STAD,TCGA-VQ-AA6I-01,EGFR,mutation_assayed_no_variant_reported,1,0
STAD,TCGA-VQ-AA6I-01,ERBB2,mutation_assayed_no_variant_reported,1,0
STAD,TCGA-VQ-AA6J-01,KRAS,mutation_assayed_no_variant_reported,1,0
STAD,TCGA-VQ-AA6J-01,TP53,mutation_assayed_no_variant_reported,1,0
STAD,TCGA-VQ-AA6J-01,EGFR,mutation_assayed_no_variant_reported,1,0
STAD,TCGA-VQ-AA6J-01,ERBB2,mutation_assayed_no_variant_reported,1,0
STAD,TCGA-VQ-AA6K-01,KRAS,mutation_assayed_no_variant_reported,1,0
STAD,TCGA-VQ-AA6K-01,TP53,mutation_assayed_no_variant_reported,1,0
STAD,TCGA-VQ-AA6K-01,EGFR,mutation_assayed_no_variant_reported,1,0
STAD,TCGA-VQ-AA6K-01,ERBB2,mutation_assayed_no_variant_reported,1,0
STAD,TCGA-ZA-A8F6-01,KRAS,mutation_assayed_no_variant_reported,1,0
STAD,TCGA-ZA-A8F6-01,TP53,mutation_assayed_no_variant_reported,1,0
STAD,TCGA-ZA-A8F6-01,EGFR,mutation_assayed_no_variant_reported,1,0
STAD,TCGA-ZA-A8F6-01,ERBB2,mutation_assayed_no_variant_reported,1,0
STAD,TCGA-ZQ-A9CR-01,KRAS,mutation_assayed_no_variant_reported,1,0
STAD,TCGA-ZQ-A9CR-01,TP53,variant_reported,1,1
STAD,TCGA-ZQ-A9CR-01,EGFR,mutation_assayed_no_variant_reported,1,0
STAD,TCGA-ZQ-A9CR-01,ERBB2,mutation_assayed_no_variant_reported,1,0
