accession,disease,feature,paired,patient_ids_available,n_both_arm_patients,n_case,n_control,npair,r_emp,measure,yi,vi,mean_case,sd_case,mean_ctrl,sd_ctrl,beta_base,se_base,p_base,not_estimable_reason
GSE13911,STAD,EPH_RECEPTORS,TRUE,TRUE,31,38,31,31,0.0278315839523256,SMCRPH,1.72081822362867,0.094146551999518,0.267753367733618,0.427969535243915,-0.389013270560891,0.286790172261676,0.659367317542596,0.094884032057503,1.01794206550709e-07,
GSE13911,STAD,ERBB_LIGANDS,TRUE,TRUE,31,38,31,31,-0.106768784115939,SMCRPH,-1.0030806912049,0.0823842908685842,-0.147400231717256,0.328742001828178,0.192012284019078,0.298472031909294,-0.330716883155237,0.0869285790910017,0.000651603567941196,
GSE13911,STAD,ERBB_RECEPTORS,TRUE,TRUE,31,38,31,31,0.325522130808083,SMCRPH,-0.696673289847587,0.0505789712534496,-0.122452932460507,0.435892805479859,0.183045862383053,0.347693099085959,-0.28922836283143,0.0862111996464647,0.00216548612855442,
GSE13911,STAD,FGFR_AXIS,TRUE,TRUE,31,38,31,31,0.0239079829718151,SMCRPH,-0.0708348731749722,0.0652387452354355,0.0180504735542705,0.398083626175013,0.0327527082223959,0.272308170365279,-0.0247653342316573,0.0867116696196723,0.777143011877284,
GSE13911,STAD,HGF_MET_AXIS,TRUE,TRUE,31,38,31,31,-0.0538579251565337,SMCRPH,0.711667651038638,0.0744908294732682,0.0710734477835966,0.44244557746481,-0.151480798893261,0.427269889193193,0.305185120908969,0.110408778502678,0.00966226213358299,
GSE13911,STAD,IGF_INSR_AXIS,TRUE,TRUE,31,38,31,31,0.195640157568222,SMCRPH,-0.0441503133200035,0.0539932633675228,-0.0201895398676902,0.479173137690307,0.0412347877761169,0.372062162562897,-0.0189749649902312,0.0969445140608857,0.846141118017626,
GSE13911,STAD,JAK_STAT,TRUE,TRUE,31,38,31,31,-0.0730154372681542,SMCRPH,0.900578783989241,0.0783362405720426,0.120454125309251,0.377895883099398,-0.171827702127875,0.342001875919281,0.318515275505899,0.0918785185280483,0.00161311044072108,
GSE13911,STAD,PDGFR_KIT_CSF1R,TRUE,TRUE,31,38,31,31,0.0640333448284879,SMCRPH,-0.742879961342501,0.067648519491007,-0.109778200405037,0.452819074688248,0.201544460648296,0.336241092624659,-0.303635252905251,0.0993335717141333,0.0046708044111269,
GSE13911,STAD,PI3K_AKT,TRUE,TRUE,31,38,31,31,0.116624298181747,SMCRPH,0.875487107408834,0.0654999845228057,0.106212348569839,0.319488760315051,-0.113614823314274,0.276691754978105,0.260767455752753,0.070231861427444,0.000834902670353543,
GSE13911,STAD,RAS_MAPK,TRUE,TRUE,31,38,31,31,-0.125313047128202,SMCRPH,0.927741489679317,0.0823250860238079,0.115233646536776,0.276209654239757,-0.125530097384759,0.285503079071889,0.258003040152355,0.073962483977969,0.00152339389078405,
GSE13911,STAD,RET_ALK_NTRK,TRUE,TRUE,31,38,31,31,0.249712148951805,SMCRPH,-0.734083281449964,0.0549189228764211,-0.118926933117537,0.325052506621448,0.14632277379564,0.38188178743521,-0.270732805031457,0.0801271232143946,0.0020338697213053,
GSE13911,STAD,SRC_FAK,TRUE,TRUE,31,38,31,31,-0.124095858726444,SMCRPH,-0.0387081128692725,0.0749508640307886,-0.00156397610388392,0.336519324867235,0.0287916741514522,0.321733923693049,-0.0124945536491284,0.0858172969826675,0.8852151220963,
GSE13911,STAD,TAM_AXL_AXIS,TRUE,TRUE,31,38,31,31,-0.0375001946819024,SMCRPH,-0.165962177108069,0.0693695483059675,-0.0554367813467635,0.472081603388246,0.0670975542241682,0.41104633884137,-0.0754668211220785,0.11613790948358,0.5207641490352,
GSE13911,STAD,TGFB_SMAD,TRUE,TRUE,31,38,31,31,0.128768357276387,SMCRPH,0.396683214702935,0.0596387344046447,0.012776236364294,0.389138288619607,-0.095637010737912,0.475269647142547,0.174377972111066,0.103041035238828,0.100948435217639,
GSE13911,STAD,TIE_ANGPT_AXIS,TRUE,TRUE,31,38,31,31,-0.15243936476175,SMCRPH,0.151236112845795,0.0770150163523049,0.0532260811530869,0.40579608893788,-0.0442516461744972,0.446166556632092,0.0669122844734047,0.119082360576394,0.578359004477717,
GSE13911,STAD,VEGF_PDGF_AXIS,TRUE,TRUE,31,38,31,31,0.156380007833921,SMCRPH,0.8876594648209,0.0633508747415081,0.13709011677983,0.344395476468998,-0.171998266569102,0.298376334384795,0.29651173517075,0.0770446819092253,0.000577925996834056,
GSE13911,STAD,WNT_CTNNB1,TRUE,TRUE,31,38,31,31,0.0570935161787131,SMCRPH,1.31872452601745,0.0781342070661979,0.220355089872936,0.416990724680683,-0.323011527258238,0.348591790443183,0.524409892206037,0.0969115612952699,7.29431603676156e-06,
GSE27342,STAD,EPH_RECEPTORS,TRUE,TRUE,80,80,80,80,-0.16813623802063,SMCRPH,1.24290193963615,0.0346257954918627,0.272720931868864,0.448866612756311,-0.261951408286279,0.406224631301447,0.534672340155143,0.0731279561063416,1.88553381567727e-10,
GSE27342,STAD,ERBB_LIGANDS,TRUE,TRUE,80,80,80,80,-0.14501057134982,SMCRPH,0.168204832321972,0.0290783907232004,0.049409959105059,0.386566303732825,-0.016561744712591,0.394010235163439,0.06597170381765,0.0660351238103857,0.320825787216882,
GSE27342,STAD,ERBB_RECEPTORS,TRUE,TRUE,80,80,80,80,0.191376737445538,SMCRPH,0.237406998107911,0.0207273087365677,0.0693324393888529,0.447648852270098,-0.0296243684995643,0.379046541107724,0.0989568078884172,0.0590677853914452,0.0978276799659111,
GSE27342,STAD,FGFR_AXIS,TRUE,TRUE,80,80,80,80,0.144808768853686,SMCRPH,0.272636132813147,0.021975727607275,0.0668067585971013,0.337616766512332,-0.0367505985067488,0.414454139703612,0.10355735710385,0.055366065682443,0.0651303033605224,
GSE27342,STAD,HGF_MET_AXIS,TRUE,TRUE,80,80,80,80,-0.139933139926143,SMCRPH,0.628231491054344,0.0301320725971937,0.162666061987886,0.419292914176319,-0.10578258088106,0.431098143959845,0.268448642868946,0.0717843800918343,0.000347341073191831,
GSE27342,STAD,IGF_INSR_AXIS,TRUE,TRUE,80,80,80,80,0.101103473316989,SMCRPH,0.110196797895303,0.0227994394022994,0.0197709019134797,0.440290076125436,-0.0277326968766383,0.417422380739527,0.0475035987901179,0.0643169690641451,0.462347212681048,
GSE27342,STAD,JAK_STAT,TRUE,TRUE,80,80,80,80,0.0914803955651125,SMCRPH,0.691509002258217,0.0245604561616566,0.162983001030051,0.378066758081596,-0.11596034959652,0.423542583246932,0.278943350626571,0.060521252759321,1.53184706955562e-05,
GSE27342,STAD,PDGFR_KIT_CSF1R,TRUE,TRUE,80,80,80,80,0.155065508444762,SMCRPH,-0.0290101717352126,0.0214372382377626,0.00628148203144364,0.453517563145853,0.0186165479875969,0.390378057250852,-0.0123350659561533,0.0615595836751105,0.841701433932729,
GSE27342,STAD,PI3K_AKT,TRUE,TRUE,80,80,80,80,0.321730641437056,SMCRPH,0.560476978633465,0.0185064525609754,0.123449661159321,0.339960522499875,-0.0931445436252373,0.424241601444836,0.216594204784558,0.0503426551996684,4.79495290225199e-05,
GSE27342,STAD,RAS_MAPK,TRUE,TRUE,80,80,80,80,0.107524275103724,SMCRPH,0.442744478049775,0.0232227665310616,0.103847115623611,0.33987310431024,-0.0490412134305115,0.347402320118017,0.152888329054123,0.0513335581066586,0.00384779869009205,
GSE27342,STAD,RET_ALK_NTRK,TRUE,TRUE,80,80,80,80,0.0799119105060799,SMCRPH,-1.15148100368772,0.0276228190240252,-0.194213281099166,0.302511749882274,0.183977323595708,0.349528343079434,-0.378190604694875,0.0495963986921282,4.66216777522818e-11,
GSE27342,STAD,SRC_FAK,TRUE,TRUE,80,80,80,80,0.204870261275265,SMCRPH,0.403350945014211,0.0206676073671384,0.117185479323437,0.421333956861908,-0.0553746955090774,0.43001453973604,0.172560174832515,0.0600206351342499,0.00518980501677921,
GSE27342,STAD,TGFB_SMAD,TRUE,TRUE,80,80,80,80,0.216357021378597,SMCRPH,0.49522259801863,0.0206519304304478,0.120766063955689,0.412958112676313,-0.0859361578673904,0.417657577911271,0.20670222182308,0.0581313022234012,0.000640235095753122,
GSE27342,STAD,TIE_ANGPT_AXIS,TRUE,TRUE,80,80,80,80,0.184306593943139,SMCRPH,-0.0021999867911272,0.0206811976630767,0.0162704772496146,0.508881442731889,0.0173361581675174,0.4535732806479,-0.00106568091790301,0.0688846482656717,0.987695812234423,
GSE27342,STAD,VEGF_PDGF_AXIS,TRUE,TRUE,80,80,80,80,0.231946737244002,SMCRPH,0.390457356402001,0.0200417715649484,0.0572861870750398,0.389412211990298,-0.0845082379090727,0.330871767213412,0.141794424984112,0.0501681432017655,0.00596037248864717,
GSE27342,STAD,WNT_CTNNB1,TRUE,TRUE,80,80,80,80,-0.0837724640486586,SMCRPH,0.41013356357775,0.0279697634526479,0.0778728059116899,0.393022832466287,-0.0778607761240493,0.362137513368003,0.155733582035739,0.0621949467503329,0.0143414872999666,
GSE63089,STAD,EPH_RECEPTORS,TRUE,TRUE,45,45,45,45,-0.0153150413953705,SMCRPH,1.86205745625783,0.0666150243331657,0.291227153434368,0.393816897027182,-0.384490664470632,0.32217572669029,0.675717817904999,0.0764162923874072,2.57387895074386e-11,
GSE63089,STAD,ERBB_LIGANDS,TRUE,TRUE,45,45,45,45,0.374092104393404,SMCRPH,-0.201150029871958,0.0291074823134853,-0.0472108893013431,0.426339205073117,0.0314567979367011,0.343801755575012,-0.0786676872380447,0.0650297011209001,0.232846168331126,
GSE63089,STAD,ERBB_RECEPTORS,TRUE,TRUE,45,45,45,45,0.2439647215652,SMCRPH,-0.354295038472236,0.0355044887289849,-0.0600223541080053,0.484427977035963,0.0950969385469379,0.376556153171159,-0.155119292654943,0.0799249198069149,0.0587043092409252,
GSE63089,STAD,FGFR_AXIS,TRUE,TRUE,45,45,45,45,-0.0971645217933822,SMCRPH,-0.382756539371328,0.0505887869938445,-0.106826107260831,0.2908341892569,0.0266677825707348,0.393082939456648,-0.133493889831566,0.0762036452457315,0.08677521618744,
GSE63089,STAD,HGF_MET_AXIS,TRUE,TRUE,45,45,45,45,0.245286762363548,SMCRPH,1.21230014431298,0.0432202191365873,0.231468975841027,0.403513569535244,-0.279902817999382,0.431990604030166,0.511371793840408,0.0765833191479218,3.40250192061947e-08,
GSE63089,STAD,IGF_INSR_AXIS,TRUE,TRUE,45,45,45,45,0.0823583159991743,SMCRPH,0.0417897205384416,0.0417867800501907,0.00710274149752822,0.535915312106252,-0.0136389001064557,0.443893981519149,0.0207416416039841,0.0994499000504858,0.835751337576519,
GSE63089,STAD,JAK_STAT,TRUE,TRUE,45,45,45,45,0.159408267886471,SMCRPH,1.1135265761183,0.0458256877248322,0.238010672563661,0.340112255940748,-0.187359271292713,0.413617413822191,0.425369943856374,0.0733190538431168,6.59848573542873e-07,
GSE63089,STAD,PDGFR_KIT_CSF1R,TRUE,TRUE,45,45,45,45,-0.00807502193298301,SMCRPH,-0.13963552180469,0.0459186441021092,-0.0268799987049862,0.523878057758294,0.0352290384151323,0.338373426191934,-0.0621090371201183,0.0933104323457037,0.509130277801853,
GSE63089,STAD,PI3K_AKT,TRUE,TRUE,45,45,45,45,0.477863887543612,SMCRPH,0.946831578742555,0.0310005148451481,0.168409034755661,0.305025205630406,-0.170816113192497,0.397883610973226,0.339225147948158,0.0548452958535249,1.80301355577127e-07,
GSE63089,STAD,RAS_MAPK,TRUE,TRUE,45,45,45,45,0.506018352790376,SMCRPH,1.33146433557997,0.0351157266915727,0.234065594420549,0.348958554855393,-0.230275726901361,0.340987224770193,0.46434132132191,0.051125488046799,1.19238162592533e-11,
GSE63089,STAD,RET_ALK_NTRK,TRUE,TRUE,45,45,45,45,0.366940235647176,SMCRPH,-1.46229586125046,0.0425625262360333,-0.256170075545721,0.339883200710137,0.24332507480676,0.33664334649962,-0.499495150352481,0.0567409623508503,2.9235833536127e-11,
GSE63089,STAD,SRC_FAK,TRUE,TRUE,45,45,45,45,0.335776269163781,SMCRPH,0.950671161520968,0.0360071894806577,0.202366503192543,0.366136681382752,-0.166233986999557,0.401137269416987,0.3686004901921,0.0660530997576748,1.39082070183783e-06,
GSE63089,STAD,TGFB_SMAD,TRUE,TRUE,45,45,45,45,-0.0880338772170653,SMCRPH,1.14386445708621,0.0569729064748226,0.236706495760384,0.353674831323361,-0.186028336144783,0.378663890307434,0.422734831905167,0.0805607991626124,4.24209250895312e-06,
GSE63089,STAD,TIE_ANGPT_AXIS,TRUE,TRUE,45,45,45,45,0.0986140667090413,SMCRPH,0.102923028340267,0.0411572487479997,-0.0369645745792208,0.540606418638075,-0.0875511506656686,0.427293870107167,0.0505865760864477,0.0976702029673437,0.607099956425192,
GSE63089,STAD,VEGF_PDGF_AXIS,TRUE,TRUE,45,45,45,45,-0.179139136511862,SMCRPH,0.753684363582816,0.0568864337146847,0.0935016123786103,0.423012550187907,-0.199456452041366,0.343404969627637,0.292958064419976,0.0880544963937576,0.00177961057904501,
GSE63089,STAD,WNT_CTNNB1,TRUE,TRUE,45,45,45,45,0.379445632052165,SMCRPH,0.887167404352647,0.0337418382211963,0.148540185292454,0.447200546537972,-0.219848024785567,0.371678211107882,0.368388210078021,0.0686365853673991,2.84308822893376e-06,
GSE15471,PAAD,EPH_RECEPTORS,TRUE,TRUE,36,36,36,36,-0.0903785171536068,SMCRPH,0.152722729244031,0.0624415585762092,0.0061874727601019,0.370027749882337,-0.054643729641832,0.416577589797662,0.0608312024019337,0.0969421742784072,0.534404364492284,
GSE15471,PAAD,ERBB_LIGANDS,TRUE,TRUE,36,36,36,36,0.160245501273097,SMCRPH,0.407487897371947,0.0498153589584017,0.0855299998951567,0.411724582593759,-0.0619379294698163,0.294396547491306,0.147467929364973,0.0776995012711895,0.0659781057048035,
GSE15471,PAAD,ERBB_RECEPTORS,TRUE,TRUE,36,36,36,36,0.266971517836096,SMCRPH,-0.0512494481729437,0.0419318497073474,0.0298845846735445,0.45515349830693,0.0541791107688795,0.481630758597633,-0.024294526095335,0.0945874196420499,0.798800543323683,
GSE15471,PAAD,FGFR_AXIS,TRUE,TRUE,36,36,36,36,-0.11403365132895,SMCRPH,0.388375424926995,0.0647377856592253,0.0758602997476274,0.325397074287304,-0.0570555485272705,0.351124381387335,0.132915848274898,0.0842003862812293,0.123432247227657,
GSE15471,PAAD,HGF_MET_AXIS,TRUE,TRUE,36,36,36,36,-0.178320925972338,SMCRPH,1.91824372468491,0.0953683184427362,0.452422477996193,0.344649718586841,-0.300956654537123,0.427668497528503,0.753379132533316,0.0991983553186337,6.63638258006572e-09,
GSE15471,PAAD,IGF_INSR_AXIS,TRUE,TRUE,36,36,36,36,0.0575476990384441,SMCRPH,0.172446568353235,0.0540721693061503,0.0646569281877008,0.423023579839249,-0.0110024380414522,0.4447148505352,0.0756593662291532,0.0993126293868963,0.451264675178368,
GSE15471,PAAD,JAK_STAT,TRUE,TRUE,36,36,36,36,0.147304815349327,SMCRPH,1.13605093663251,0.060481103749303,0.29312628185231,0.362390169227455,-0.252135579236488,0.565090225943767,0.545261861088799,0.104126327148094,7.8408330124773e-06,
GSE15471,PAAD,PDGFR_KIT_CSF1R,TRUE,TRUE,36,36,36,36,0.20569740559941,SMCRPH,1.06691899570113,0.0557081128258507,0.281374943925209,0.354490765168524,-0.198492966117638,0.519516057968351,0.479867910042847,0.0942509459355315,1.2170332982233e-05,
GSE15471,PAAD,PI3K_AKT,TRUE,TRUE,36,36,36,36,0.13164639937507,SMCRPH,0.587612989020314,0.0521298591311172,0.0882706643162317,0.291003968363707,-0.0854476280494189,0.293784879311446,0.173718292365651,0.0642225488294483,0.0104797984153392,
GSE15471,PAAD,RAS_MAPK,TRUE,TRUE,36,36,36,36,0.1864436463981,SMCRPH,1.03177355262121,0.0543901774428233,0.149811406907945,0.31412246016026,-0.186631279142933,0.330569897411987,0.336442686050879,0.0685624154666671,2.12332945356066e-05,
GSE15471,PAAD,RET_ALK_NTRK,TRUE,TRUE,36,36,36,36,-0.059195758611701,SMCRPH,-1.07792776471148,0.0691471497573328,-0.261215487965302,0.367882373413073,0.190203723363344,0.455949219471104,-0.451419211328645,0.100427642992382,7.2980515925784e-05,
GSE15471,PAAD,SRC_FAK,TRUE,TRUE,36,36,36,36,0.17077281767643,SMCRPH,-0.0407470836895642,0.0473966296094264,-0.0113921574956534,0.253887586232684,-0.000922312397530542,0.254315442588882,-0.0104698450981228,0.0545391020295062,0.848875538412578,
GSE15471,PAAD,TAM_AXL_AXIS,TRUE,TRUE,36,36,36,36,0.181221572153249,SMCRPH,0.522772623462909,0.048897529551517,0.140065477918868,0.435885443934961,-0.078138295902789,0.388255644634103,0.218203773821657,0.0880972483630661,0.0182328687722603,
GSE15471,PAAD,TGFB_SMAD,TRUE,TRUE,36,36,36,36,-0.00250398566535684,SMCRPH,1.4210593723205,0.075402690126477,0.420936242202153,0.330288373841501,-0.255007677145619,0.577696594423377,0.675943919347772,0.111027939230081,5.91262429880034e-07,
GSE15471,PAAD,TIE_ANGPT_AXIS,TRUE,TRUE,36,36,36,36,0.169844360110603,SMCRPH,0.91682976993837,0.0536998002984405,0.230923482243946,0.457630743442099,-0.213624403133049,0.500428001748266,0.444547885376994,0.103018545763186,0.00012427736971232,
GSE15471,PAAD,VEGF_PDGF_AXIS,TRUE,TRUE,36,36,36,36,0.0271676857231197,SMCRPH,0.844705809106419,0.0610165362828008,0.144690268167873,0.284329474161407,-0.132961549329328,0.361401947223731,0.277651817497201,0.0756217313915173,0.00079786019847024,
GSE15471,PAAD,WNT_CTNNB1,TRUE,TRUE,36,36,36,36,-0.0980096009797378,SMCRPH,1.48735692205323,0.0787775853579032,0.231108203566653,0.325023200871305,-0.278234597067322,0.351900004062197,0.509342800633974,0.0836483247954489,5.8939386801388e-07,
GSE20347,ESCC,EPH_RECEPTORS,TRUE,TRUE,17,17,17,17,-0.184154043428049,SMCRPH,-0.779415242012115,0.157803445418591,-0.0421324542387988,0.232373662674087,0.15486665624641,0.259991111549702,-0.196999110485209,0.0919860162792284,0.0479590695185138,
GSE20347,ESCC,ERBB_LIGANDS,TRUE,TRUE,17,17,17,17,0.0626056581925831,SMCRPH,-0.473187442091292,0.120697153455298,-0.04937260282192,0.414658787857685,0.155528751371344,0.43067102131297,-0.204901354193264,0.14039000536037,0.16377800442513,
GSE20347,ESCC,ERBB_RECEPTORS,TRUE,TRUE,17,17,17,17,-0.0606698086858253,SMCRPH,-0.573937742303288,0.137751635016385,-0.107050571166286,0.400045228155069,0.132844404010121,0.41591545887885,-0.239894975176407,0.144142687698907,0.115513084518455,
GSE20347,ESCC,FGFR_AXIS,TRUE,TRUE,17,17,17,17,0.10669907739401,SMCRPH,0.376713937663245,0.114192719594853,0.0590700770826639,0.343047911295342,-0.0628352227854483,0.286099104029857,0.121905299868112,0.102495467755583,0.251644697380712,
GSE20347,ESCC,HGF_MET_AXIS,TRUE,TRUE,17,17,17,17,-0.340965281107994,SMCRPH,0.38457387895413,0.169207692512847,0.0903671588649646,0.358489499849104,-0.0705249758018091,0.450868969630769,0.160892134666774,0.161248658484757,0.333233552706752,
GSE20347,ESCC,IGF_INSR_AXIS,TRUE,TRUE,17,17,17,17,-0.40467136911219,SMCRPH,1.39989470201225,0.211172071167458,0.226347495688961,0.275395733927033,-0.258657142988384,0.388805151946028,0.485004638677345,0.135835726240924,0.00255336915961514,
GSE20347,ESCC,JAK_STAT,TRUE,TRUE,17,17,17,17,0.190441854980293,SMCRPH,-0.514117850773509,0.105622684580173,-0.0772059239531587,0.342295046414629,0.0950759391013075,0.310712519154933,-0.172281863054466,0.100936539681539,0.107182441903028,
GSE20347,ESCC,PDGFR_KIT_CSF1R,TRUE,TRUE,17,17,17,17,-0.162879217734914,SMCRPH,-0.509237738487694,0.148661762391783,-0.0860542887911781,0.324275761893926,0.125621435394564,0.473106443279224,-0.211675724185742,0.149304533400444,0.17544633177482,
GSE20347,ESCC,PI3K_AKT,TRUE,TRUE,17,17,17,17,0.344020757973081,SMCRPH,-0.033331124727024,0.0830371886048481,-0.00947372998985683,0.332610662916045,0.000851284036872681,0.266938887040594,-0.0103250140267294,0.0842954443517131,0.904039414202548,
GSE20347,ESCC,RAS_MAPK,TRUE,TRUE,17,17,17,17,0.517546696168723,SMCRPH,-0.946145320027787,0.080962954957785,-0.130546257717862,0.402554875956504,0.219249780062361,0.308424977921135,-0.349796037780223,0.0869960417536745,0.000987821368564501,
GSE20347,ESCC,RET_ALK_NTRK,TRUE,TRUE,17,17,17,17,0.107895397945725,SMCRPH,-0.0279150033500462,0.111525394768494,0.015699704266987,0.372686766454994,0.0263554111288469,0.372482624306817,-0.0106557068618601,0.120704499257903,0.930750206469612,
GSE20347,ESCC,SRC_FAK,TRUE,TRUE,17,17,17,17,0.353858092455075,SMCRPH,1.6891249156708,0.133136809153172,0.219071492397035,0.359041638972476,-0.352166277651015,0.296311846071399,0.57123777004805,0.091207227948687,1.13187113354663e-05,
GSE20347,ESCC,TAM_AXL_AXIS,TRUE,TRUE,17,17,17,17,0.0887621079752091,SMCRPH,-0.888270683030922,0.126386734806808,-0.153413053007909,0.415577840865624,0.235863810273655,0.439668934284224,-0.389276863281565,0.140079196223473,0.0134101003103446,
GSE20347,ESCC,TGFB_SMAD,TRUE,TRUE,17,17,17,17,-0.241831002632497,SMCRPH,0.0580983102409716,0.151731669254087,-0.033322820087932,0.480232069511255,-0.0569176150837263,0.287962323914957,0.0235947949957944,0.149593596750348,0.8766461149692,
GSE20347,ESCC,TIE_ANGPT_AXIS,TRUE,TRUE,17,17,17,17,0.0164858301750256,SMCRPH,0.79866446449146,0.133086275254183,0.191360550501412,0.415087047190644,-0.172067514276448,0.471666753908936,0.36342806477786,0.151135214259747,0.0286525340271243,
GSE20347,ESCC,VEGF_PDGF_AXIS,TRUE,TRUE,17,17,17,17,0.0850788022195939,SMCRPH,1.37969667882875,0.1444292691078,0.197193278124999,0.317382482538983,-0.264270492582022,0.335366844305224,0.461463770707022,0.107125835753833,0.000541919148038883,
GSE20347,ESCC,WNT_CTNNB1,TRUE,TRUE,17,17,17,17,0.253475884245828,SMCRPH,0.436845486243006,0.0975094554596431,0.0631361017729212,0.507358512719237,-0.141649284546336,0.400298465345063,0.204785386319257,0.136056267881579,0.151769788671064,
GSE23400,ESCC,EPH_RECEPTORS,TRUE,TRUE,53,53,53,53,0.0256019989678784,SMCRPH,-0.209192745475833,0.0377057447403432,-0.0105272331978902,0.344604035797198,0.0687634653609604,0.405505499363781,-0.0792906985588497,0.072167450021256,0.276958149106063,
GSE23400,ESCC,ERBB_LIGANDS,TRUE,TRUE,53,53,53,53,0.0673308046960065,SMCRPH,-0.511542589069935,0.037135706065561,-0.0681957637907633,0.418042984098947,0.146722689718045,0.416126354450595,-0.214918453508808,0.0782467698425584,0.00825138351425362,
GSE23400,ESCC,ERBB_RECEPTORS,TRUE,TRUE,53,53,53,53,0.282724499188635,SMCRPH,-1.05843979715511,0.0334051313928657,-0.164007390776527,0.357851157690607,0.215828163166078,0.354260430613026,-0.379835553942605,0.0585798145511441,3.28696696829263e-08,
GSE23400,ESCC,FGFR_AXIS,TRUE,TRUE,53,53,53,53,-0.0739492032308468,SMCRPH,-1.00456849815183,0.0461876593567581,-0.141175182991442,0.300601097409447,0.168131601617332,0.310638990681329,-0.309306784608774,0.0615320321600624,6.27130004130262e-06,
GSE23400,ESCC,HGF_MET_AXIS,TRUE,TRUE,53,53,53,53,0.230100613923578,SMCRPH,0.875425022804905,0.0336893679249151,0.156580500896269,0.398943812013273,-0.170454323794521,0.340178875452505,0.32703482469079,0.0633086010112826,3.84680612140069e-06,
GSE23400,ESCC,IGF_INSR_AXIS,TRUE,TRUE,53,53,53,53,0.128671303726718,SMCRPH,0.622061394803744,0.0354045619144333,0.147212680542711,0.495904369488016,-0.161547998605219,0.489478058742353,0.308760679147929,0.0893418317689357,0.00110054078481679,
GSE23400,ESCC,JAK_STAT,TRUE,TRUE,53,53,53,53,0.17059889293825,SMCRPH,0.128575072704812,0.0319911851778157,0.0116044398480321,0.350471304396976,-0.0326432504328477,0.332445956854394,0.0442476902808787,0.0604381097625875,0.467384946674927,
GSE23400,ESCC,PDGFR_KIT_CSF1R,TRUE,TRUE,53,53,53,53,0.356940510635785,SMCRPH,-0.19394079629238,0.0249977755729763,-0.0411607684874801,0.501623289420277,0.0526593080427769,0.456958067940118,-0.0938200765302574,0.0748331748397183,0.215550045103284,
GSE23400,ESCC,PI3K_AKT,TRUE,TRUE,53,53,53,53,-0.0225205243961984,SMCRPH,0.718780437206515,0.0418665758007218,0.0779966258201527,0.271153841424866,-0.104123169374701,0.230261562834244,0.182119795194853,0.0494034201324696,0.000543670734018613,
GSE23400,ESCC,RAS_MAPK,TRUE,TRUE,53,53,53,53,0.12113683273405,SMCRPH,-0.0869163276236391,0.0339081684019005,-0.00934306150808157,0.298127675118645,0.0193102223929843,0.353977053629881,-0.0286532839010655,0.0596550839205664,0.633017307657987,
GSE23400,ESCC,RET_ALK_NTRK,TRUE,TRUE,53,53,53,53,0.245051834519812,SMCRPH,-0.74000161756139,0.0318273455605258,-0.112575565276405,0.381572631428305,0.171500246856185,0.380310307913912,-0.284075812132589,0.0642976153345061,5.07539738485521e-05,
GSE23400,ESCC,SRC_FAK,TRUE,TRUE,53,53,53,53,0.107013575500017,SMCRPH,1.25669249769995,0.0420464988502035,0.178768920377373,0.311673759077892,-0.225434806701816,0.326725138784373,0.404203727079188,0.0586153289905485,7.25363127578942e-09,
GSE23400,ESCC,TAM_AXL_AXIS,TRUE,TRUE,53,53,53,53,0.239252518212089,SMCRPH,-0.59550053132205,0.0310644014326972,-0.0916638944927409,0.43973908095014,0.169671443639517,0.431207107052102,-0.261335338132258,0.073789164883741,0.000848867097854659,
GSE23400,ESCC,TGFB_SMAD,TRUE,TRUE,53,53,53,53,0.286773698739454,SMCRPH,0.825417761738323,0.0309769778576735,0.1233475920438,0.369293089861671,-0.183020440389555,0.367227219231218,0.306368032433355,0.0604155246621019,5.36949005665168e-06,
GSE23400,ESCC,TIE_ANGPT_AXIS,TRUE,TRUE,53,53,53,53,0.43016391097539,SMCRPH,0.183540211370304,0.0226839101250626,0.0374116556025394,0.453262844159585,-0.0600939517825406,0.59107204535449,0.0975056073850789,0.0782258564480202,0.218180560377199,
GSE23400,ESCC,VEGF_PDGF_AXIS,TRUE,TRUE,53,53,53,53,0.0448131591464082,SMCRPH,0.873115084113408,0.0404267328708644,0.131673222674297,0.350076763401695,-0.185919393303609,0.371817378774628,0.317592615977907,0.0685614622159934,2.45742586240368e-05,
GSE23400,ESCC,WNT_CTNNB1,TRUE,TRUE,53,53,53,53,0.410767968344951,SMCRPH,0.623286636034479,0.0248495534228426,0.139337531447359,0.470532366777897,-0.153473991332313,0.461046853210362,0.292811522779672,0.0694646623689572,9.97150482635079e-05,
GSE28735,PAAD,EPH_RECEPTORS,TRUE,TRUE,45,45,45,45,0.131100803864556,SMCRPH,1.39038591892659,0.0507051468785614,0.293647280120809,0.421460759292164,-0.282740095520054,0.400155207666741,0.576387375640863,0.0807648348578854,7.21266228949902e-09,
GSE28735,PAAD,ERBB_LIGANDS,TRUE,TRUE,45,45,45,45,0.157672600554034,SMCRPH,0.548143155631937,0.0401298572976195,0.114764042382113,0.393129048493214,-0.0895048524289046,0.344016718676416,0.204268894811017,0.0715308373925703,0.00652993447455142,
GSE28735,PAAD,ERBB_RECEPTORS,TRUE,TRUE,45,45,45,45,-0.0425053289664572,SMCRPH,0.301195968436353,0.0478878893838642,0.102026727680588,0.386446741258958,-0.0277203727189109,0.464174879835867,0.129747100399498,0.0918995246791782,0.165031388129254,
GSE28735,PAAD,FGFR_AXIS,TRUE,TRUE,45,45,45,45,-0.0419466282986707,SMCRPH,-0.66700252402006,0.0500016507078065,-0.121864293351477,0.266988524869803,0.0875020632226761,0.349873098419837,-0.209366356574153,0.0669212975382675,0.00311383425298273,
GSE28735,PAAD,HGF_MET_AXIS,TRUE,TRUE,45,45,45,45,0.288336140786279,SMCRPH,1.35571203824503,0.0436864747945716,0.33836200258318,0.397539698682841,-0.217106393001293,0.414147520787067,0.555468395584472,0.0722053568451696,1.11810667466301e-09,
GSE28735,PAAD,IGF_INSR_AXIS,TRUE,TRUE,45,45,45,45,-0.01789584324256,SMCRPH,-0.890656956728741,0.050974523805845,-0.157032936944313,0.457005534984558,0.214682246560331,0.365476267850904,-0.371715183504644,0.0879905368970532,0.000118529489421063,
GSE28735,PAAD,JAK_STAT,TRUE,TRUE,45,45,45,45,0.142125677088456,SMCRPH,0.441620117147219,0.0404831980683508,0.17441686412694,0.421253971732685,-0.0476686177328582,0.565288343613161,0.222085481859798,0.0976748638821413,0.0279158397331174,
GSE28735,PAAD,PDGFR_KIT_CSF1R,TRUE,TRUE,45,45,45,45,-0.0319229971219993,SMCRPH,-0.249635031558137,0.0472535298695207,-0.0285796097027513,0.447832214774611,0.0924266055726639,0.511240546935896,-0.121006215275415,0.102906443911846,0.245963889332635,
GSE28735,PAAD,PI3K_AKT,TRUE,TRUE,45,45,45,45,0.0656498444266381,SMCRPH,0.302865471774984,0.0430791655277514,0.0479315927102783,0.317139327027975,-0.040321892637538,0.257566275062916,0.0882534853478162,0.0589147412474977,0.141277183521168,
GSE28735,PAAD,RAS_MAPK,TRUE,TRUE,45,45,45,45,-0.00149015276202797,SMCRPH,1.19253268717482,0.0537187460083323,0.172826055734534,0.298057811765015,-0.165912003323666,0.264162048911317,0.3387380590582,0.059414682672867,9.25775210531886e-07,
GSE28735,PAAD,SRC_FAK,TRUE,TRUE,45,45,45,45,0.285483136408223,SMCRPH,0.863204783653169,0.0371138837620053,0.170421042378949,0.338398352036614,-0.135997329691026,0.364504785694986,0.306418372069975,0.0627073873198817,1.40150790018645e-05,
GSE28735,PAAD,TAM_AXL_AXIS,TRUE,TRUE,45,45,45,45,0.164389322507546,SMCRPH,-0.302801853532039,0.0385320597942936,-0.04532331206172,0.469658630535717,0.0941046931475915,0.442776158125285,-0.139428005209311,0.0879721216094694,0.120148344875918,
GSE28735,PAAD,TGFB_SMAD,TRUE,TRUE,45,45,45,45,-0.0167572052293686,SMCRPH,0.782562077034946,0.049973050162765,0.261401192678091,0.377766842158447,-0.0947511254299051,0.514283287892521,0.356152318107996,0.0958825947835198,0.000570895501660259,
GSE28735,PAAD,TIE_ANGPT_AXIS,TRUE,TRUE,45,45,45,45,-0.0195971872420756,SMCRPH,0.0707765191697751,0.0463633687008083,0.0277700088802288,0.476780033345664,-0.00931427538364924,0.558929027467284,0.0370842842638779,0.110570803648275,0.738925211199652,
GSE28735,PAAD,VEGF_PDGF_AXIS,TRUE,TRUE,45,45,45,45,-0.00696508395259437,SMCRPH,0.0163455398539992,0.0457721508750214,0.0124012170795438,0.403495471373967,0.0055513610468515,0.427132516457113,0.00684985603269246,0.0878953406999853,0.938235505919299,
GSE28735,PAAD,WNT_CTNNB1,TRUE,TRUE,45,45,45,45,-0.0530586276064985,SMCRPH,0.821144884393584,0.0517154964952032,0.135114651086156,0.363164919627346,-0.158039525407031,0.344478863151525,0.293154176493187,0.076569502870053,0.000404312953270486,
GSE33814,NAFLD,EPH_RECEPTORS,FALSE,FALSE,0,31,13,NA,NA,SMDH,0.523975002847282,0.128841995289674,0.0715316508873301,0.331417102483393,-0.120409582213017,0.38597228052729,0.191941233100347,0.114947963810213,0.102394782058967,
GSE33814,NAFLD,ERBB_LIGANDS,FALSE,FALSE,0,31,13,NA,NA,SMDH,0.377919488506367,0.121238464570632,0.0498457898893386,0.327263722674114,-0.0792323055134863,0.343358025419136,0.129078095402825,0.109682077836098,0.245886623591561,
GSE33814,NAFLD,ERBB_RECEPTORS,FALSE,FALSE,0,31,13,NA,NA,SMDH,0.200491585200689,0.111218241491198,0.0352129455778121,0.460772646601241,-0.0536909393561654,0.408573045461651,0.0889038849339776,0.147529009463333,0.5500018420559,
GSE33814,NAFLD,FGFR_AXIS,FALSE,FALSE,0,31,13,NA,NA,SMDH,0.254997931847713,0.108523375664351,0.026269825011052,0.386075414229001,-0.066037464701068,0.321996894682422,0.09230728971212,0.121895617301223,0.453118750560673,
GSE33814,NAFLD,HGF_MET_AXIS,FALSE,FALSE,0,31,13,NA,NA,SMDH,-0.38218134185002,0.11431666920608,-0.0339138635585455,0.446248073913691,0.132680670339929,0.409076468773774,-0.166594533898475,0.144049462494675,0.254008905544636,
GSE33814,NAFLD,IGF_INSR_AXIS,FALSE,FALSE,0,31,13,NA,NA,SMDH,-1.70838056744691,0.121729301099088,-0.168244092298861,0.473500072128979,0.477498053538093,0.226624651074013,-0.645742145836954,0.138155262139978,3.0453441082027e-05,
GSE33814,NAFLD,JAK_STAT,FALSE,FALSE,0,31,13,NA,NA,SMDH,0.35431792657437,0.113913926264736,0.0421446421182131,0.303643278013725,-0.0628315502393144,0.277675314374043,0.104976192357528,0.0979566998094663,0.289992724501095,
GSE33814,NAFLD,PDGFR_KIT_CSF1R,FALSE,FALSE,0,31,13,NA,NA,SMDH,0.358626900514319,0.11102840730156,0.011038943643562,0.486424963326107,-0.154872375938533,0.419745654553125,0.165911319582095,0.154752708205119,0.289794292116884,
GSE33814,NAFLD,PI3K_AKT,FALSE,FALSE,0,31,13,NA,NA,SMDH,-0.394326333847279,0.100396325293995,-0.0130398824298509,0.320385285733438,0.0971700047871177,0.219119621650572,-0.110209887216968,0.0974824188973784,0.264654537677129,
GSE33814,NAFLD,RAS_MAPK,FALSE,FALSE,0,31,13,NA,NA,SMDH,0.975502413812714,0.136712546537458,0.0624701869313035,0.253649565621277,-0.202761540535577,0.279720145623081,0.265231727466881,0.0863613139490413,0.00373163843239161,
GSE33814,NAFLD,RET_ALK_NTRK,FALSE,FALSE,0,31,13,NA,NA,SMDH,-0.404519329702835,0.101517195614197,-0.0334920660794021,0.374780315122758,0.0997590802879127,0.262339194641934,-0.133251146367315,0.114459080612336,0.25092110354725,
GSE33814,NAFLD,SRC_FAK,FALSE,FALSE,0,31,13,NA,NA,SMDH,0.107105950310027,0.122549958182262,-0.000901190905925702,0.333279613359809,-0.0395177652831685,0.373690744363867,0.0386165743772428,0.114098824251353,0.736711390405816,
GSE33814,NAFLD,TAM_AXL_AXIS,FALSE,FALSE,0,31,13,NA,NA,SMDH,-0.47843803304811,0.117749036617623,-0.0312492216978964,0.414079894313444,0.16630763099369,0.39672496368621,-0.197556852691586,0.135209024929904,0.151423573163979,
GSE33814,NAFLD,TGFB_SMAD,FALSE,FALSE,0,31,13,NA,NA,SMDH,-0.962513728615673,0.119061785978493,-0.0641831222682883,0.373378134817496,0.271536882410652,0.308598012202163,-0.33572000467894,0.1176560507629,0.00668720967060727,
GSE33814,NAFLD,TIE_ANGPT_AXIS,FALSE,FALSE,0,31,13,NA,NA,SMDH,-0.206347675849008,0.117382997383967,-0.00620727361317233,0.461958012884029,0.0909539397821977,0.462830781710849,-0.0971612133953703,0.152725249883845,0.528109023893695,
GSE33814,NAFLD,VEGF_PDGF_AXIS,FALSE,FALSE,0,31,13,NA,NA,SMDH,0.695072047802826,0.10918329789425,0.0581260097530243,0.38806094480611,-0.185765459936524,0.294746030317129,0.243891469689549,0.120225336234609,0.0488685659097153,
GSE33814,NAFLD,WNT_CTNNB1,FALSE,FALSE,0,31,13,NA,NA,SMDH,0.0863003983167207,0.12380492206901,0.0108499833363548,0.4151963505431,-0.0285023644759978,0.478172616227208,0.0393523478123524,0.143445324066181,0.78517058561334,
GSE47460,COPD,EPH_RECEPTORS,FALSE,FALSE,0,145,91,NA,NA,SMDH,-0.173342569072421,0.0186065840494415,-0.0341435858384101,0.448296579450436,0.0487209577474594,0.503134598106476,-0.0828645435858697,0.0628758357281115,0.188823304327736,
GSE47460,COPD,ERBB_LIGANDS,FALSE,FALSE,0,145,91,NA,NA,SMDH,-0.0302976306302859,0.0176359416041588,-0.0108249999627745,0.475892331102689,0.00295924218056139,0.429945182510962,-0.013784242143336,0.06135385170065,0.822433683888522,
GSE47460,COPD,ERBB_RECEPTORS,FALSE,FALSE,0,145,91,NA,NA,SMDH,-0.519422852525359,0.0182110527353133,-0.0718169394954619,0.506729834361796,0.179559739562271,0.456777694224166,-0.251376679057734,0.065280038213154,0.000152036001191391,
GSE47460,COPD,FGFR_AXIS,FALSE,FALSE,0,145,91,NA,NA,SMDH,0.0147028249413413,0.0185038707926351,-0.00510310772822513,0.297955591621103,-0.00975508093048738,0.331899600975688,0.00465197320226237,0.0416522414400447,0.911168103978068,
GSE47460,COPD,IGF_INSR_AXIS,FALSE,FALSE,0,145,91,NA,NA,SMDH,0.0717888123994609,0.0183721668322077,0.0166956493080924,0.453491092003231,-0.0172279382950104,0.487939906432369,0.0339235876031028,0.0624606811772282,0.587564790703057,
GSE47460,COPD,JAK_STAT,FALSE,FALSE,0,145,91,NA,NA,SMDH,0.243768939288509,0.018212170125828,0.0264381614776475,0.416784230385149,-0.0757601892091621,0.419007424897314,0.10219835068681,0.0558539800003317,0.0685608832307107,
GSE47460,COPD,PDGFR_KIT_CSF1R,FALSE,FALSE,0,145,91,NA,NA,SMDH,0.595519113123308,0.0187005389433636,0.0768420243245204,0.398374584903193,-0.157162076329082,0.384869753620701,0.234004100653603,0.0525900776135716,1.33112388586427e-05,
GSE47460,COPD,PI3K_AKT,FALSE,FALSE,0,145,91,NA,NA,SMDH,0.0663852899588651,0.017734686468573,0.00459917673287637,0.295060113452832,-0.0143156569188836,0.272513668190544,0.0189148336517602,0.0383287844307586,0.62212994635453,
GSE47460,COPD,RAS_MAPK,FALSE,FALSE,0,145,91,NA,NA,SMDH,-0.315931904296336,0.01846429636586,-0.062110670254773,0.325975228713982,0.0434949659582047,0.340260395080976,-0.105605636212978,0.0443394544093979,0.0180309574330036,
GSE47460,COPD,RET_ALK_NTRK,FALSE,FALSE,0,145,91,NA,NA,SMDH,0.763454752275273,0.0189222675683002,0.0917173665459704,0.354087538200197,-0.167264904209602,0.32139269413193,0.258982270755573,0.0457223537386644,4.31372491294411e-08,
GSE47460,COPD,SRC_FAK,FALSE,FALSE,0,145,91,NA,NA,SMDH,-0.282728865970112,0.0179454249415537,-0.0488863756827585,0.440362604286919,0.0719440837407323,0.411137439747308,-0.120830459423491,0.0574209663962852,0.0364202319489599,
GSE47460,COPD,TGFB_SMAD,FALSE,FALSE,0,145,91,NA,NA,SMDH,-0.24102621985051,0.0178755331349158,-0.0272728375240011,0.409092753614422,0.0681881375443435,0.3799482438034,-0.095460975068345,0.053245465559747,0.0742889062874817,
GSE47460,COPD,TIE_ANGPT_AXIS,FALSE,FALSE,0,145,91,NA,NA,SMDH,0.160314517836002,0.0181637667936924,0.0332300775432138,0.447405951439598,-0.0391610954325929,0.452794090452938,0.0723911729758072,0.0601128656120917,0.229708008410986,
GSE47460,COPD,VEGF_PDGF_AXIS,FALSE,FALSE,0,145,91,NA,NA,SMDH,-0.369240089144378,0.0186508473917326,-0.0522778226774296,0.411405463202429,0.105447495357793,0.439706411905254,-0.157725318035223,0.056505831858964,0.00568291741101896,
GSE47460,COPD,WNT_CTNNB1,FALSE,FALSE,0,145,91,NA,NA,SMDH,-0.387611992118041,0.0182433785506525,-0.0743268964334605,0.387867353696576,0.0739208392330983,0.374489045769061,-0.14824773566656,0.051191440870692,0.00413812570923708,
GSE57957,HCC,EPH_RECEPTORS,TRUE,TRUE,37,37,37,37,0.322646702313762,SMCRPH,-0.156104001617955,0.0378208833451522,-0.00242853393564336,0.33320570525096,0.0497003433805048,0.326922302238279,-0.0521288773161481,0.0631623583056276,0.414628195466938,
GSE57957,HCC,ERBB_LIGANDS,TRUE,TRUE,37,37,37,37,-0.0794980466000021,SMCRPH,-0.303231892147079,0.0605814670604468,-0.0524420026039137,0.381913524404686,0.0569484440505402,0.330107174305136,-0.109390446654454,0.0861917574312372,0.212531100865209,
GSE57957,HCC,ERBB_RECEPTORS,TRUE,TRUE,37,37,37,37,0.167277031166755,SMCRPH,-0.558705238264127,0.0485746806570021,-0.0797036739427238,0.380397460240395,0.148199517881054,0.425400522755176,-0.227903191823778,0.0856658919232594,0.0115827287962858,
GSE57957,HCC,FGFR_AXIS,TRUE,TRUE,37,37,37,37,0.267421200067887,SMCRPH,-0.335400109597699,0.0415405861613166,-0.0645399910810005,0.310175976851996,0.0419578157589938,0.317709078501929,-0.106497806839994,0.0624806486257109,0.0969065962725151,
GSE57957,HCC,HGF_MET_AXIS,TRUE,TRUE,37,37,37,37,0.281501537684407,SMCRPH,-0.350906139544013,0.0411347544010062,-0.0942397685564406,0.438112369111605,0.0779463712057642,0.528012703196277,-0.172186139762205,0.0959308566676108,0.081069950459166,
GSE57957,HCC,IGF_INSR_AXIS,TRUE,TRUE,37,37,37,37,0.0644423464670542,SMCRPH,-0.893116009103685,0.0575568160378542,-0.134200127226849,0.327965166381744,0.169691602859744,0.345187455553574,-0.303891730086592,0.0757172127196668,0.000289823113693762,
GSE57957,HCC,JAK_STAT,TRUE,TRUE,37,37,37,37,-0.183171366506363,SMCRPH,0.305534614453825,0.0663944248357468,0.0666425406888306,0.339424874615568,-0.0361335530543159,0.325927048804737,0.102776093743146,0.0841435963872749,0.229859393127219,
GSE57957,HCC,PDGFR_KIT_CSF1R,TRUE,TRUE,37,37,37,37,-0.212124014907841,SMCRPH,-0.159587773980726,0.0675094923318408,-0.0406671278407792,0.460518406715867,0.0317747990378502,0.437115211381676,-0.0724419268786296,0.114908644082869,0.532394691278629,
GSE57957,HCC,PI3K_AKT,TRUE,TRUE,37,37,37,37,-0.0554715789639956,SMCRPH,0.120218873639366,0.0586667780718848,0.00405434757016083,0.267106825095912,-0.0327097196056908,0.334348291760266,0.0367640671758517,0.0722313858419033,0.61387435830573,
GSE57957,HCC,RAS_MAPK,TRUE,TRUE,37,37,37,37,0.100763667487749,SMCRPH,0.799844415547796,0.0544457701188825,0.141476781603328,0.323162506966485,-0.120707189515361,0.325494001624304,0.26218397111869,0.0715054719141935,0.000787551175861031,
GSE57957,HCC,RET_ALK_NTRK,TRUE,TRUE,37,37,37,37,0.131793962246569,SMCRPH,-0.694803233525027,0.0516469226450774,-0.108757243306369,0.31192479549836,0.112441469516091,0.317993622162789,-0.221198712822461,0.0682348310760596,0.00256171873878217,
GSE57957,HCC,SRC_FAK,TRUE,TRUE,37,37,37,37,0.142499360914993,SMCRPH,-0.616092629447687,0.0503298040258437,-0.0681802541280616,0.284485417512402,0.107675003175112,0.280279168741197,-0.175855257303174,0.0607973808704313,0.00644743948484808,
GSE57957,HCC,TAM_AXL_AXIS,TRUE,TRUE,37,37,37,37,0.0293518533484847,SMCRPH,-0.274376502519028,0.0545485204499647,-0.0230307023568441,0.522673958414181,0.105452566040755,0.39527016896765,-0.1284832683976,0.106199523934596,0.234229191431277,
GSE57957,HCC,TGFB_SMAD,TRUE,TRUE,37,37,37,37,0.078693211768127,SMCRPH,0.370184796752595,0.052183304565983,0.0582501288500096,0.37430927823825,-0.0743245653198692,0.333223016151844,0.132574694169879,0.0791021315506198,0.102404620176427,
GSE57957,HCC,TIE_ANGPT_AXIS,TRUE,TRUE,37,37,37,37,0.111641494954582,SMCRPH,0.407648991924999,0.050588351222089,0.0856193418403445,0.461411391595645,-0.0935965021532783,0.406828713886538,0.179215843993622,0.0953650763743136,0.068323165768576,
GSE57957,HCC,VEGF_PDGF_AXIS,TRUE,TRUE,37,37,37,37,0.0888624703898322,SMCRPH,0.893723554043578,0.0564530241487184,0.11037858228641,0.261100160136559,-0.149210555421404,0.31147969723329,0.259589137707815,0.0638281028234692,0.000247816026227269,
GSE57957,HCC,WNT_CTNNB1,TRUE,TRUE,37,37,37,37,0.189772729902183,SMCRPH,-0.0237114686706459,0.0451202781006602,-0.00129440340083664,0.445468428339091,0.00870774782104033,0.386992476403825,-0.0100021512218774,0.0874216782231605,0.909546381240557,
GSE62232,HCC,EPH_RECEPTORS,FALSE,TRUE,1,81,5,NA,NA,SMDH,-0.42713765908099,0.294813866475049,0.00624089349858885,0.342908592230625,0.162528542882933,0.381308037622295,-0.0768575773474191,NA,NA,
GSE62232,HCC,ERBB_LIGANDS,FALSE,TRUE,1,81,5,NA,NA,SMDH,-1.49024504945301,0.210849114580679,-0.0159749829292051,0.363034312398343,0.451591225596632,0.248140266789973,-0.609972558018417,NA,NA,
GSE62232,HCC,ERBB_RECEPTORS,FALSE,TRUE,1,81,5,NA,NA,SMDH,-0.428432305010883,0.159767925145978,0.00406444336051891,0.44443250462967,0.164030449245025,0.276267970875902,-0.90354434921271,NA,NA,
GSE62232,HCC,FGFR_AXIS,FALSE,TRUE,1,81,5,NA,NA,SMDH,-0.783106532462443,0.0424700922635424,0.00834461721081598,0.343924741124511,0.203363345808405,0.0594741214480569,-0.101895554657363,NA,NA,
GSE62232,HCC,HGF_MET_AXIS,FALSE,TRUE,1,81,5,NA,NA,SMDH,-1.10589646711927,0.119201042126453,-0.0135822811571122,0.437338637077826,0.366876337273025,0.20303164245227,-0.559039875076507,NA,NA,
GSE62232,HCC,IGF_INSR_AXIS,FALSE,TRUE,1,81,5,NA,NA,SMDH,-1.24903152251853,0.108728335974699,-0.00446740278445062,0.44237071047027,0.423648205471803,0.187303841086277,-0.463886434712637,NA,NA,
GSE62232,HCC,JAK_STAT,FALSE,TRUE,1,81,5,NA,NA,SMDH,1.34484686336036,0.0678856125827117,0.0114630678272468,0.382693335751209,-0.36879248423943,0.102901085284623,0.530534840192734,NA,NA,
GSE62232,HCC,PDGFR_KIT_CSF1R,FALSE,TRUE,1,81,5,NA,NA,SMDH,0.0330373690436828,0.194201234439985,-0.0243438980203879,0.464802996594058,-0.0379986149216535,0.345710586427084,-0.329487730376276,NA,NA,
GSE62232,HCC,PI3K_AKT,FALSE,TRUE,1,81,5,NA,NA,SMDH,1.89524918958704,0.088316471846766,0.00962116985292715,0.325494006409944,-0.450965822942152,0.100328279127528,0.724744843242012,NA,NA,
GSE62232,HCC,RAS_MAPK,FALSE,TRUE,1,81,5,NA,NA,SMDH,1.04786191864435,0.107038602977082,-0.0111115258316169,0.317739256154912,-0.269605258684517,0.136306167545636,0.0486765729832914,NA,NA,
GSE62232,HCC,RET_ALK_NTRK,FALSE,TRUE,1,81,5,NA,NA,SMDH,-1.72481846255968,0.134399569307568,-0.0155520477118126,0.41784797781971,0.551927339617617,0.195022557617354,-0.425670158225934,NA,NA,
GSE62232,HCC,SRC_FAK,FALSE,TRUE,1,81,5,NA,NA,SMDH,-1.33469967297233,0.103194978936343,-0.00963851007360353,0.277753998000057,0.275297856820624,0.111252371050766,-0.67822936827136,NA,NA,
GSE62232,HCC,TAM_AXL_AXIS,FALSE,TRUE,1,81,5,NA,NA,SMDH,-0.741669870396519,0.274152135674224,0.00060025905372511,0.434965434110371,0.322324780716353,0.424768957423422,-0.417895734741788,NA,NA,
GSE62232,HCC,TGFB_SMAD,FALSE,TRUE,1,81,5,NA,NA,SMDH,1.90533696800813,0.055719511305351,0.0335544618630103,0.473322026355968,-0.615882459902025,0.0646578250215397,0.458247515233388,NA,NA,
GSE62232,HCC,TIE_ANGPT_AXIS,FALSE,TRUE,1,81,5,NA,NA,SMDH,0.148175787132067,0.279526686102548,-0.0110349522448593,0.468736029119522,-0.0836403647257291,0.50190716300234,-0.548556080277734,NA,NA,
GSE62232,HCC,VEGF_PDGF_AXIS,FALSE,TRUE,1,81,5,NA,NA,SMDH,0.375088037008811,0.287380898331138,0.0187447715190605,0.415152389556588,-0.145275887311124,0.450847896335166,-0.375341584389535,NA,NA,
GSE62232,HCC,WNT_CTNNB1,FALSE,TRUE,1,81,5,NA,NA,SMDH,0.88429144166399,0.183344944266034,0.0291622206767209,0.454641937152516,-0.315871997116078,0.303895219812422,1.09483773042114,NA,NA,
GSE62452,PAAD,EPH_RECEPTORS,TRUE,TRUE,42,42,42,42,0.101650016112462,SMCRPH,1.37797812937566,0.0555201136455569,0.301918404919584,0.410708702350749,-0.267930909272843,0.408698680449254,0.569849314192427,0.0847392496472874,4.03815240875847e-08,
GSE62452,PAAD,ERBB_LIGANDS,TRUE,TRUE,42,42,42,42,0.183182302877072,SMCRPH,0.529634785237275,0.0416557321859216,0.109280941035377,0.378021141917477,-0.084870847611775,0.347535897605702,0.194151788647152,0.0716389256173336,0.00977436429905907,
GSE62452,PAAD,ERBB_RECEPTORS,TRUE,TRUE,42,42,42,42,-0.0166281650415047,SMCRPH,0.258460730563867,0.0499990371855601,0.0958812773220861,0.389868076511105,-0.0149165169732519,0.456972024164024,0.110797794295338,0.0934453565748352,0.242568805288089,
GSE62452,PAAD,FGFR_AXIS,TRUE,TRUE,42,42,42,42,0.0144087481007533,SMCRPH,-0.562220693905926,0.0501515021205024,-0.118559007609785,0.278428596923681,0.0642237607914515,0.360562029102821,-0.182782768401237,0.0698014956686098,0.0123166954520319,
GSE62452,PAAD,HGF_MET_AXIS,TRUE,TRUE,42,42,42,42,0.250607650877728,SMCRPH,1.44682754665214,0.0502162215941231,0.355411430193161,0.382448411969792,-0.224773854384048,0.411214964097703,0.580185284577208,0.0750458829207841,1.56121658897297e-09,
GSE62452,PAAD,IGF_INSR_AXIS,TRUE,TRUE,42,42,42,42,0.00575341834819905,SMCRPH,-0.941666629131032,0.054089881005657,-0.178003982940124,0.450489305993853,0.215867232009002,0.37492043202465,-0.393871214949125,0.0901800404933898,8.33912157521801e-05,
GSE62452,PAAD,JAK_STAT,TRUE,TRUE,42,42,42,42,0.126557125428775,SMCRPH,0.523840915957077,0.0447717871682173,0.199481159588886,0.406987515643475,-0.0597447217276172,0.561278251703885,0.259225881316503,0.100338997427122,0.013443519913332,
GSE62452,PAAD,PDGFR_KIT_CSF1R,TRUE,TRUE,42,42,42,42,-0.0616359034936702,SMCRPH,-0.245330825755366,0.0521326775683569,-0.0358555005073252,0.435985072182734,0.080635948773477,0.502573752913145,-0.116491449280802,0.105748355791799,0.277064531910499,
GSE62452,PAAD,PI3K_AKT,TRUE,TRUE,42,42,42,42,0.106470649497527,SMCRPH,0.246781266033392,0.0441160117958245,0.0406116042876128,0.320567226224572,-0.0314938625833539,0.254605300666776,0.0721054668709667,0.0598027189666405,0.234837017057863,
GSE62452,PAAD,RAS_MAPK,TRUE,TRUE,42,42,42,42,-0.0507267831807167,SMCRPH,1.22272698992468,0.0604653029308306,0.180533933061481,0.289304773748774,-0.160676478427061,0.263049220037881,0.341210411488542,0.0618394430712289,2.09452488572955e-06,
GSE62452,PAAD,SRC_FAK,TRUE,TRUE,42,42,42,42,0.209804435324721,SMCRPH,0.908297700330489,0.0439754093922824,0.174320261736355,0.317084864326046,-0.138074394585887,0.362664247976527,0.312394656322242,0.0661554989212251,2.72890235459796e-05,
GSE62452,PAAD,TAM_AXL_AXIS,TRUE,TRUE,42,42,42,42,0.255238560471499,SMCRPH,-0.257534478390235,0.0367770290355038,-0.030471893822296,0.463068921909738,0.0870661079731904,0.440517554984323,-0.117538001795486,0.0851268409723075,0.174839927252954,
GSE62452,PAAD,TGFB_SMAD,TRUE,TRUE,42,42,42,42,-0.0414573793250321,SMCRPH,0.766778088553309,0.054658346226366,0.251085098560879,0.366565614944984,-0.093590056242143,0.512203462265115,0.344675154803022,0.099077950904411,0.00120752752874914,
GSE62452,PAAD,TIE_ANGPT_AXIS,TRUE,TRUE,42,42,42,42,0.0127892168001424,SMCRPH,0.12154470917775,0.0482584294248656,0.0447243596632563,0.470168149741815,-0.0185907508557568,0.558335763101742,0.0633151105190131,0.111918579619477,0.574664196913803,
GSE62452,PAAD,VEGF_PDGF_AXIS,TRUE,TRUE,42,42,42,42,-0.00611455695984136,SMCRPH,0.0431265004342576,0.0490900984400818,0.0132966799623784,0.419992602447364,-0.00495207100398138,0.418527174619342,0.0182487509663598,0.0917694309347619,0.843359518338632,
GSE62452,PAAD,WNT_CTNNB1,TRUE,TRUE,42,42,42,42,-0.136920214198554,SMCRPH,0.851786885759141,0.0599698989916726,0.135696300833019,0.360623429615806,-0.165698905923752,0.340136675493711,0.301395206756771,0.0815521782242994,0.000642244036170713,
GSE66676,NAFLD,EPH_RECEPTORS,FALSE,FALSE,0,31,34,NA,NA,SMDH,-0.758159855245151,0.0678129251782294,-0.145994397963421,0.391111894718383,0.177642532107011,0.450338648161524,-0.323636930070432,0.105087672957264,0.00306907689684303,
GSE66676,NAFLD,ERBB_LIGANDS,FALSE,FALSE,0,31,34,NA,NA,SMDH,-0.00798474177325358,0.064184398843779,-0.00647352249016786,0.411882761320263,-0.00341018616631476,0.343112171319976,-0.00306333632385312,0.0937277738008361,0.974030440587917,
GSE66676,NAFLD,ERBB_RECEPTORS,FALSE,FALSE,0,31,34,NA,NA,SMDH,-0.359145301964656,0.0653509804553595,-0.0813899032781762,0.473936076658537,0.0754682586398636,0.384475692428905,-0.15685816191804,0.10663631320579,0.146278301130895,
GSE66676,NAFLD,FGFR_AXIS,FALSE,FALSE,0,31,34,NA,NA,SMDH,-0.340476075751656,0.0647074408734046,-0.0656366442548716,0.396476240316859,0.0678790387551518,0.378216581142878,-0.133515683010023,0.0961100466193509,0.169664116694049,
GSE66676,NAFLD,HGF_MET_AXIS,FALSE,FALSE,0,31,34,NA,NA,SMDH,-0.0197737806559225,0.0634446741866449,-0.00291464380190004,0.457623579122725,0.00655320082430983,0.488049865928567,-0.00946784462620989,0.117661917745197,0.936121301215086,
GSE66676,NAFLD,IGF_INSR_AXIS,FALSE,FALSE,0,31,34,NA,NA,SMDH,-0.398161760491078,0.0655041539976914,-0.0887480528578788,0.48593688551862,0.0915475227317675,0.405223688828804,-0.180295575589646,0.110629393476068,0.108149834673475,
GSE66676,NAFLD,JAK_STAT,FALSE,FALSE,0,31,34,NA,NA,SMDH,-0.336534773631348,0.0644409292060944,-0.0726854104906902,0.315966246500481,0.0366543467698429,0.325981627173844,-0.109339757260533,0.0797776655424879,0.175377125492817,
GSE66676,NAFLD,PDGFR_KIT_CSF1R,FALSE,FALSE,0,31,34,NA,NA,SMDH,-0.0153839005616218,0.0635489873246663,-0.00291933465555418,0.423082717469998,0.00376732592442236,0.435733341767201,-0.0066866605799765,0.106722993752183,0.950240105365716,
GSE66676,NAFLD,PI3K_AKT,FALSE,FALSE,0,31,34,NA,NA,SMDH,-0.229630818473916,0.0636010106519689,-0.0484758696439953,0.2993021089544,0.0270293944832881,0.348584073736213,-0.0755052641272834,0.0809685433238233,0.35462496879912,
GSE66676,NAFLD,RAS_MAPK,FALSE,FALSE,0,31,34,NA,NA,SMDH,-0.0240794215231572,0.0634276858502484,-0.00480801064422983,0.273894154020922,0.00211511689304493,0.293900516315426,-0.00692312753727477,0.0706632620714902,0.922264379279262,
GSE66676,NAFLD,SRC_FAK,FALSE,FALSE,0,31,34,NA,NA,SMDH,-0.193781218848121,0.0641477036801777,-0.0478691697540614,0.41395115995888,0.0306520217183491,0.38628899037245,-0.0785211914724105,0.0992592134502408,0.431870068352418,
GSE66676,NAFLD,TAM_AXL_AXIS,FALSE,FALSE,0,31,34,NA,NA,SMDH,-0.356035872857126,0.0647923006719655,-0.117098805792683,0.496731894583337,0.0578731289676757,0.47413911220911,-0.174971934760359,0.120449206039399,0.151280490216917,
GSE66676,NAFLD,TGFB_SMAD,FALSE,FALSE,0,31,34,NA,NA,SMDH,-0.365465712784796,0.0646811550007552,-0.0834696712041316,0.405854086597477,0.067077452993425,0.408153675963054,-0.150547124197557,0.101086945001543,0.141402060032821,
GSE66676,NAFLD,TIE_ANGPT_AXIS,FALSE,FALSE,0,31,34,NA,NA,SMDH,0.516546300548828,0.0662263370504858,0.0957825382008,0.485383254270218,-0.142614278448006,0.424589981044819,0.238396816648806,0.112881341369385,0.0386645664782482,
GSE66676,NAFLD,VEGF_PDGF_AXIS,FALSE,FALSE,0,31,34,NA,NA,SMDH,-0.312689078492216,0.0646217763667149,-0.0691807525532051,0.377420933523115,0.0465169463717284,0.353349520225468,-0.115697698924934,0.090644465605185,0.206502911715701,
GSE66676,NAFLD,WNT_CTNNB1,FALSE,FALSE,0,31,34,NA,NA,SMDH,0.0810451420397291,0.0640311913551808,0.0225237930818783,0.436600053023983,-0.0114275926292005,0.389899834258724,0.0339513857110787,0.10251169116486,0.741596137873494,
GSE76925,COPD,EPH_RECEPTORS,FALSE,FALSE,0,111,40,NA,NA,SMDH,0.406066599929623,0.0341062424774625,0.0516289718603127,0.429090738550321,-0.11703091782081,0.396788851342186,0.168659889681123,0.0776158846712647,0.0313599274165738,
GSE76925,COPD,ERBB_LIGANDS,FALSE,FALSE,0,111,40,NA,NA,SMDH,-0.319721652520818,0.0356530236763681,-0.0524314925313826,0.417993679977427,0.0838154755216934,0.429909060012339,-0.136246968053076,0.0776655965580507,0.0814388800842376,
GSE76925,COPD,ERBB_RECEPTORS,FALSE,FALSE,0,111,40,NA,NA,SMDH,0.0943120984273951,0.0343499465344895,0.0407594190185197,0.535862642817604,-0.00940303417344263,0.522441653743416,0.0501624531919624,0.0981794792612892,0.610159046241309,
GSE76925,COPD,FGFR_AXIS,FALSE,FALSE,0,111,40,NA,NA,SMDH,-0.438076199699047,0.0359189624406768,-0.0209680458652137,0.353584874380837,0.13632544832986,0.360866482672315,-0.157293494195074,0.0655606056774198,0.017666394216267,
GSE76925,COPD,HGF_MET_AXIS,FALSE,FALSE,0,111,40,NA,NA,SMDH,-0.742495016858115,0.0311971046541405,-0.0391052478380782,0.441667196236237,0.246850354739038,0.313994441742912,-0.285955602577117,0.0759955443945742,0.000241024926687075,
GSE76925,COPD,IGF_INSR_AXIS,FALSE,FALSE,0,111,40,NA,NA,SMDH,-0.518027890658895,0.0327287464691146,-0.0348819938295574,0.417932023445767,0.165299751130127,0.347828803102738,-0.200181744959685,0.0739080140598035,0.00754952855535186,
GSE76925,COPD,JAK_STAT,FALSE,FALSE,0,111,40,NA,NA,SMDH,0.356691039433366,0.0358016703897162,0.0332568390379999,0.331189803301801,-0.0873131202431186,0.341370581344153,0.120569959281119,0.0615734277895443,0.0520803268962665,
GSE76925,COPD,PDGFR_KIT_CSF1R,FALSE,FALSE,0,111,40,NA,NA,SMDH,0.120857307633125,0.0316254922966445,0.0533526935813576,0.409797450642644,0.00773985916433808,0.337753407506201,0.0456128344170196,0.0723315475267791,0.529263056331881,
GSE76925,COPD,PI3K_AKT,FALSE,FALSE,0,111,40,NA,NA,SMDH,0.109157397561488,0.0369490347780228,0.0116340729614459,0.272765248568146,-0.0204564808784195,0.310987822486216,0.0320905538398654,0.0522390612043061,0.539952714883328,
GSE76925,COPD,RAS_MAPK,FALSE,FALSE,0,111,40,NA,NA,SMDH,-0.0961306888653178,0.0330193098230802,-0.00534810600518776,0.286780871474996,0.021002570616987,0.257916019792219,-0.0263506766221748,0.0515466238714228,0.609967114511558,
GSE76925,COPD,RET_ALK_NTRK,FALSE,FALSE,0,111,40,NA,NA,SMDH,0.590720960929178,0.0344558550396632,0.0613106070724921,0.356619990559371,-0.140531444490567,0.322449559092682,0.20184205156306,0.0641765994553295,0.00200465421476832,
GSE76925,COPD,SRC_FAK,FALSE,FALSE,0,111,40,NA,NA,SMDH,-0.26963401981972,0.0373346595204122,-0.0252577210794211,0.339718852460295,0.0737520217845853,0.389294496161908,-0.0990097428640066,0.0651664090415041,0.130796767681217,
GSE76925,COPD,TAM_AXL_AXIS,FALSE,FALSE,0,111,40,NA,NA,SMDH,0.261304594832462,0.0303404495617209,0.032472549695802,0.483926669391233,-0.0798682657947454,0.362991608515455,0.112340815490548,0.0839801816656434,0.183030417510903,
GSE76925,COPD,TGFB_SMAD,FALSE,FALSE,0,111,40,NA,NA,SMDH,-0.110096902604122,0.035156742134003,0.00648832211280585,0.415509002070102,0.0529906795623161,0.424930968276758,-0.0465023574495103,0.0770848046216258,0.547251400303612,
GSE76925,COPD,TIE_ANGPT_AXIS,FALSE,FALSE,0,111,40,NA,NA,SMDH,-0.00393992565028319,0.0380356293688504,0.017107909806452,0.427910976747787,0.0190019413496568,0.523870343195015,-0.00189403154320474,0.0839066551946826,0.982021019756272,
GSE76925,COPD,VEGF_PDGF_AXIS,FALSE,FALSE,0,111,40,NA,NA,SMDH,-0.420432525913533,0.0383588320699382,-0.0129184476963059,0.317374393551265,0.133781588885709,0.374596989374163,-0.146700036582015,0.0614661157405782,0.0182562176313211,
GSE76925,COPD,WNT_CTNNB1,FALSE,FALSE,0,111,40,NA,NA,SMDH,-0.713235684525037,0.0344773765344143,-0.0562204089554914,0.374877425123584,0.196116004491514,0.32754299539258,-0.252336413447006,0.0669583576865067,0.000236004280175659,
GSE10072,LUAD,EPH_RECEPTORS,TRUE,TRUE,33,33,33,33,-0.117520711691515,SMCRPH,1.56624040476484,0.0894120204738774,0.272399789551734,0.38441980235243,-0.309932262093994,0.349478317041467,0.582332051645729,0.0955828443165273,8.30846518031647e-07,
GSE10072,LUAD,ERBB_LIGANDS,TRUE,TRUE,33,33,33,33,-0.0838318085456176,SMCRPH,0.363692758224378,0.0687649437505762,0.0930217340987885,0.377794905808956,-0.0397125742946661,0.342618651018875,0.132734308393455,0.0924119301010035,0.160612673254912,
GSE10072,LUAD,ERBB_RECEPTORS,TRUE,TRUE,33,33,33,33,0.0490417866938563,SMCRPH,0.568003098918293,0.0619654568186003,0.124711900620035,0.394456854192114,-0.10565664616431,0.407024742646722,0.230368546784345,0.0962190793106804,0.0226869386765399,
GSE10072,LUAD,FGFR_AXIS,TRUE,TRUE,33,33,33,33,0.136947395929346,SMCRPH,-2.32758200874516,0.103996920815604,-0.300581425533368,0.356504439904163,0.412195793660905,0.236615680710981,-0.712777219194273,0.0696263026439601,1.27361944443006e-11,
GSE10072,LUAD,HGF_MET_AXIS,TRUE,TRUE,33,33,33,33,0.251853249700525,SMCRPH,0.618833094854252,0.0509731433194716,0.108431646294608,0.469013718807322,-0.148546184371688,0.341067926076689,0.256977830666296,0.0880298706664822,0.00637708955033357,
GSE10072,LUAD,IGF_INSR_AXIS,TRUE,TRUE,33,33,33,33,0.366674358325483,SMCRPH,-0.573953231494472,0.0425840709178126,-0.129712424792677,0.435733580579187,0.13414971374011,0.47075813049089,-0.263862138532787,0.0889413703582869,0.00565454501033864,
GSE10072,LUAD,JAK_STAT,TRUE,TRUE,33,33,33,33,0.266326099104511,SMCRPH,-1.07040139330857,0.0561236414814462,-0.16965203764071,0.38822253546732,0.214211269551975,0.316303195242139,-0.383863307192685,0.0749458135343446,1.39412635661122e-05,
GSE10072,LUAD,PDGFR_KIT_CSF1R,TRUE,TRUE,33,33,33,33,0.154113724900842,SMCRPH,-1.09911350896816,0.0633158000039001,-0.198685415343899,0.410981560035141,0.212564850946928,0.323085898984432,-0.411250266290827,0.0839125043381208,2.6496541005466e-05,
GSE10072,LUAD,PI3K_AKT,TRUE,TRUE,33,33,33,33,0.134477554726097,SMCRPH,0.613544892801711,0.0570892648230207,0.0595023923654602,0.222972797330326,-0.0788743691172951,0.222693394052909,0.138376761482755,0.0510360437275279,0.0106866498843851,
GSE10072,LUAD,RAS_MAPK,TRUE,TRUE,33,33,33,33,0.359735882291261,SMCRPH,0.310570463177565,0.0412677762274266,0.041405106551897,0.291296753229922,-0.0600127544660376,0.35040486836917,0.101417861017934,0.0637703245840882,0.121585675054141,
GSE10072,LUAD,RET_ALK_NTRK,TRUE,TRUE,33,33,33,33,0.188095636435961,SMCRPH,-1.14081052763386,0.0614340992938159,-0.171415012142765,0.390092809143441,0.257778346921277,0.352203793062855,-0.429193359064043,0.0824867624635716,1.1003685484042e-05,
GSE10072,LUAD,SRC_FAK,TRUE,TRUE,33,33,33,33,0.0110747046890213,SMCRPH,-0.581720437618658,0.064568189709044,-0.114492890437096,0.34060576903767,0.109268345010676,0.41590661286236,-0.223761235447773,0.0930709913054911,0.0221707204613935,
GSE10072,LUAD,TAM_AXL_AXIS,TRUE,TRUE,33,33,33,33,0.174336470613752,SMCRPH,-0.370492948007256,0.0529669205582123,-0.0527428355633852,0.44789720250107,0.100693318905641,0.366251669098716,-0.153436154469027,0.0917101494098956,0.104066542053764,
GSE10072,LUAD,TGFB_SMAD,TRUE,TRUE,33,33,33,33,0.408826388133765,SMCRPH,-0.718421657515018,0.0417831833889757,-0.124129777016041,0.423519025533191,0.171473124678142,0.387278932773159,-0.295602901694183,0.0769182823930444,0.000543133818230617,
GSE10072,LUAD,TIE_ANGPT_AXIS,TRUE,TRUE,33,33,33,33,0.15256702632195,SMCRPH,-1.83932233574015,0.080020562414123,-0.322529052350329,0.381313855216641,0.380967739356633,0.374390650094619,-0.703496791706962,0.0856362238037406,2.20106724589975e-09,
GSE10072,LUAD,VEGF_PDGF_AXIS,TRUE,TRUE,33,33,33,33,-0.0613982053874549,SMCRPH,-0.97977655223205,0.0740041436923465,-0.183325136479198,0.342997530466338,0.187349697987903,0.40235323923298,-0.370674834467102,0.0947855789205034,0.000449854455280975,
GSE10072,LUAD,WNT_CTNNB1,TRUE,TRUE,33,33,33,33,0.0149089217966134,SMCRPH,0.208914862139015,0.0619168770272054,0.0468272845468202,0.462215729640231,-0.0560113503792386,0.509542727191016,0.102838634926059,0.118865153148638,0.393385111604562,
GSE179285,IBD,EPH_RECEPTORS,TRUE,TRUE,11,22,31,11,0.153061172996018,SMCRPH,-0.307036459738111,0.172591590429517,0.0744893501651476,0.481867044828657,-0.0226814034057496,0.442873531678066,-0.154579983562116,0.190252822538258,0.435421829470738,
GSE179285,IBD,ERBB_LIGANDS,TRUE,TRUE,11,22,31,11,0.578685583252829,SMCRPH,-0.125160991245091,0.0851643043454372,0.0614073658892772,0.41417679684526,-0.0190599780919919,0.376751186608929,-0.0505728241731372,0.106360750118399,0.644657919839683,
GSE179285,IBD,ERBB_RECEPTORS,TRUE,TRUE,11,22,31,11,0.564789436122409,SMCRPH,-1.46213434418944,0.167926315929106,-0.293789116965485,0.370080424812776,0.243199476384381,0.487736399478006,-0.706627183390833,0.133745091314639,0.000355911073686269,
GSE179285,IBD,FGFR_AXIS,TRUE,TRUE,11,22,31,11,0.538634131814147,SMCRPH,-0.552838515350127,0.104708607504384,-0.00583273964641946,0.264029382995387,0.00247065955100263,0.279305449060287,-0.171202215522236,0.0863456178471043,0.0755257365334247,
GSE179285,IBD,HGF_MET_AXIS,TRUE,TRUE,11,22,31,11,0.593903407410804,SMCRPH,0.869585275661559,0.110005086453017,0.290533184403563,0.51849019462606,-0.286696189743164,0.420639931799303,0.479415052276598,0.144370516167191,0.00773796348611173,
GSE179285,IBD,IGF_INSR_AXIS,TRUE,TRUE,11,22,31,11,0.655803679652229,SMCRPH,-0.304523302711551,0.0733817240146368,-0.100940912956747,0.453482047622799,0.0591056693108801,0.403253897061746,-0.149144218599889,0.116817055855512,0.230546632332503,
GSE179285,IBD,JAK_STAT,TRUE,TRUE,11,22,31,11,0.363653007617966,SMCRPH,1.83910121542655,0.241758389210281,0.294924761542172,0.315505873252541,-0.207159200774949,0.394992517613814,0.646689752073539,0.117285953796629,0.000256778075215032,
GSE179285,IBD,PDGFR_KIT_CSF1R,TRUE,TRUE,11,22,31,11,0.400881243970616,SMCRPH,1.89068422122036,0.24188804960981,0.230236230637711,0.477915319038911,-0.18355064218968,0.419414205591341,0.688420115627702,0.11795553171084,0.000164644132683675,
GSE179285,IBD,PI3K_AKT,TRUE,TRUE,11,22,31,11,0.463430089000755,SMCRPH,-0.321807443317344,0.113178950530526,0.0142401806764011,0.307098930003013,0.0323736681615322,0.334449504971837,-0.119382234703562,0.111831730372694,0.310831646713428,
GSE179285,IBD,RAS_MAPK,TRUE,TRUE,11,22,31,11,0.77912012198161,SMCRPH,-0.230954687233788,0.0472270908339783,0.00790209798120454,0.345509513530479,-0.0175122530092017,0.333177112702238,-0.0941290348025484,0.077414044571829,0.251940081845887,
GSE179285,IBD,RET_ALK_NTRK,TRUE,TRUE,11,22,31,11,0.272449363351495,SMCRPH,0.135347595505484,0.146755082725755,0.0294951037850694,0.308435704959043,-0.0287394750158342,0.334720197223292,0.0402472005731181,0.103990011294532,0.706843178477589,
GSE179285,IBD,SRC_FAK,TRUE,TRUE,11,22,31,11,0.461401738148223,SMCRPH,0.245744950935585,0.109670243319943,0.104255084782421,0.388359358553661,-0.0708298024674391,0.362185159853946,0.101309183130896,0.123100612944517,0.429708487372367,
GSE179285,IBD,TAM_AXL_AXIS,TRUE,TRUE,11,22,31,11,0.0721871978122641,SMCRPH,0.946461275111606,0.20807849262921,0.0964712374875991,0.509963462170436,-0.0834084183789629,0.448155698041366,0.394816449294398,0.164778928232001,0.0375691476165207,
GSE179285,IBD,TGFB_SMAD,TRUE,TRUE,11,22,31,11,0.544693815774555,SMCRPH,0.673063013698869,0.11106409127919,0.198382287915587,0.363306032137716,-0.0938678654002813,0.460117290272598,0.3034134736843,0.126383655979324,0.0372689091159935,
GSE179285,IBD,TIE_ANGPT_AXIS,TRUE,TRUE,11,22,31,11,0.420524352603236,SMCRPH,2.24386342687625,0.264051081661324,0.26250027415015,0.484433202349588,-0.222540897195593,0.40868894836487,0.810772953134119,0.112020956340436,2.79880745434597e-05,
GSE179285,IBD,VEGF_PDGF_AXIS,TRUE,TRUE,11,22,31,11,0.442740034202348,SMCRPH,2.95595160296542,0.376265879927653,0.267854875478331,0.290965106367376,-0.200020646612686,0.313902488282334,0.669882038782395,0.0690639777791282,2.10105848835524e-06,
GSE179285,IBD,WNT_CTNNB1,TRUE,TRUE,11,22,31,11,0.676740586947265,SMCRPH,-0.111578225649069,0.0690937239939412,0.0230422885247505,0.467017730736574,-0.0526306670166726,0.396502081485441,-0.0500136958351145,0.105707479222423,0.646276727439228,
GSE19804,LUAD,EPH_RECEPTORS,TRUE,TRUE,60,60,60,60,0.455965786944592,SMCRPH,0.756504098556788,0.0215689028610137,0.117557250655787,0.422123572767315,-0.183466230621215,0.36554674107405,0.301023481277002,0.0534004231680695,5.12984312943566e-07,
GSE19804,LUAD,ERBB_LIGANDS,TRUE,TRUE,60,60,60,60,0.498151814783911,SMCRPH,-0.680136031596252,0.0196606759266959,-0.135634806586005,0.375649355491823,0.142490289229449,0.433620103872134,-0.278125095815453,0.0527338946527727,1.99161087719642e-06,
GSE19804,LUAD,ERBB_RECEPTORS,TRUE,TRUE,60,60,60,60,0.089979156933603,SMCRPH,0.533705067771451,0.0320658842457191,0.114881152201392,0.430326502717689,-0.114093276425672,0.422178967156543,0.228974428627064,0.0742430792339188,0.00310427090860122,
GSE19804,LUAD,FGFR_AXIS,TRUE,TRUE,60,60,60,60,0.152434247788162,SMCRPH,-1.90841676215177,0.0445446468087925,-0.262517676313397,0.309227056062827,0.342403305929779,0.320489415737697,-0.604920982243176,0.0529341022505632,1.36997204642417e-16,
GSE19804,LUAD,HGF_MET_AXIS,TRUE,TRUE,60,60,60,60,0.259994011635202,SMCRPH,0.377287589446944,0.0257563166254175,0.0999273111166715,0.352622721168783,-0.0392931326290507,0.379857112318002,0.139220443745722,0.0575881591169263,0.0187350690378292,
GSE19804,LUAD,IGF_INSR_AXIS,TRUE,TRUE,60,60,60,60,0.374107823814784,SMCRPH,-0.469480045870841,0.0223881689838424,-0.111005027562577,0.439993934444797,0.111071875042224,0.497428922178891,-0.222076902604801,0.0679793408669227,0.00181489269969617,
GSE19804,LUAD,JAK_STAT,TRUE,TRUE,60,60,60,60,0.330299181516632,SMCRPH,-1.09000049071691,0.0283313527854332,-0.178126719573788,0.345624907636489,0.189082673981455,0.323008339567951,-0.367209393555242,0.0500069900037397,7.09358847728077e-10,
GSE19804,LUAD,PDGFR_KIT_CSF1R,TRUE,TRUE,60,60,60,60,0.229338778643095,SMCRPH,-0.613068599483703,0.0278980711437335,-0.1065765401409,0.469640643602136,0.165592923354286,0.410297210150792,-0.272169463495186,0.0707722316247836,0.000297230042122803,
GSE19804,LUAD,PI3K_AKT,TRUE,TRUE,60,60,60,60,0.204336722729357,SMCRPH,-0.0384171950385627,0.0270335571534443,-0.010793497136578,0.213134844765101,-0.00197596360204355,0.241947632766979,-0.00881753353453433,0.0371687285554418,0.81330026547478,
GSE19804,LUAD,RAS_MAPK,TRUE,TRUE,60,60,60,60,0.244983930353904,SMCRPH,-0.661817399004387,0.0275849997885282,-0.0958765816731161,0.262937177129638,0.0851798610724068,0.28024047827364,-0.181056442745522,0.0431213576722034,9.18129803133871e-05,
GSE19804,LUAD,RET_ALK_NTRK,TRUE,TRUE,60,60,60,60,-0.0718781012806253,SMCRPH,-0.489456987046212,0.0373551247396046,-0.0603299179922257,0.292247870200258,0.082162599963255,0.286239167678767,-0.142492517955481,0.0546759066012848,0.011574834165083,
GSE19804,LUAD,SRC_FAK,TRUE,TRUE,60,60,60,60,0.384244605805309,SMCRPH,-0.405399246330171,0.0216722806747229,-0.0726542415261782,0.341801663587412,0.06699845095135,0.342122170302737,-0.139652692477528,0.0489915675307505,0.00600394460399176,
GSE19804,LUAD,TAM_AXL_AXIS,TRUE,TRUE,60,60,60,60,0.514387897659793,SMCRPH,-0.217071098279885,0.0167285380286006,-0.0137207977014926,0.475369522021376,0.0924854407192381,0.495079227992592,-0.106206238420731,0.0617740226361963,0.090808037559693,
GSE19804,LUAD,TGFB_SMAD,TRUE,TRUE,60,60,60,60,0.49299317574149,SMCRPH,-0.993582725118295,0.0224898515397149,-0.170841219680436,0.406765924020357,0.218528788165317,0.369918792623474,-0.389370007845753,0.0506518688889066,1.85234540342295e-10,
GSE19804,LUAD,TIE_ANGPT_AXIS,TRUE,TRUE,60,60,60,60,0.0858346606356459,SMCRPH,-1.94591933881294,0.0478012140863192,-0.322879258355146,0.44001680357963,0.466036962744166,0.361815905069081,-0.788916221099312,0.0703793185654902,3.00350495822767e-16,
GSE19804,LUAD,VEGF_PDGF_AXIS,TRUE,TRUE,60,60,60,60,0.249900019886608,SMCRPH,-1.52225887500415,0.0358747052372602,-0.247422035910147,0.347792932802448,0.276807410327581,0.33619752392662,-0.524229446237727,0.0540907445182075,8.2013942226486e-14,
GSE19804,LUAD,WNT_CTNNB1,TRUE,TRUE,60,60,60,60,0.195187151624421,SMCRPH,-1.35943201890238,0.0357596803300848,-0.190249552202662,0.379556778819902,0.288084616313902,0.31668122568513,-0.478334168516563,0.0573625805794629,1.46623294563047e-11,
GSE23878,CRC,EPH_RECEPTORS,FALSE,FALSE,0,35,24,NA,NA,SMDH,1.88593719666668,0.105294087393788,0.274750998224692,0.351867765361228,-0.397712386952706,0.351835044988878,0.672463385177397,0.0932501523501129,1.41373922176633e-09,
GSE23878,CRC,ERBB_LIGANDS,FALSE,FALSE,0,35,24,NA,NA,SMDH,-0.361490736468385,0.076664469522022,-0.0469800782150591,0.39902595736918,0.11399067570531,0.476378597684315,-0.160970753920369,0.114466515555569,0.165072590602255,
GSE23878,CRC,ERBB_RECEPTORS,FALSE,FALSE,0,35,24,NA,NA,SMDH,0.18878585694169,0.0766542482589634,0.0292922485516801,0.400395640880824,-0.0586359387806398,0.511996950670886,0.0879281873323199,0.118937829885332,0.462771577750913,
GSE23878,CRC,FGFR_AXIS,FALSE,FALSE,0,35,24,NA,NA,SMDH,-1.66766978984206,0.104250227373049,-0.202643869845347,0.266448379427579,0.303015413343372,0.328709614552557,-0.505659283188718,0.0776964874865158,2.09048850273732e-08,
GSE23878,CRC,HGF_MET_AXIS,FALSE,FALSE,0,35,24,NA,NA,SMDH,0.49445240050302,0.0732882934571678,0.0851875385321312,0.448840800177919,-0.126865969738371,0.395887835461851,0.212053508270502,0.113500140503522,0.0668614500977924,
GSE23878,CRC,IGF_INSR_AXIS,FALSE,FALSE,0,35,24,NA,NA,SMDH,-0.695224325340866,0.0763116924772116,-0.110941988264685,0.472539309544797,0.211902362694325,0.443464847556381,-0.32284435095901,0.122183869267912,0.0106122728233886,
GSE23878,CRC,JAK_STAT,FALSE,FALSE,0,35,24,NA,NA,SMDH,-0.0632506877091226,0.0732321290999326,0.00190220206802701,0.393599472597863,0.0274096631610797,0.402237787663805,-0.0255074610930526,0.105243357904197,0.809366167690923,
GSE23878,CRC,PDGFR_KIT_CSF1R,FALSE,FALSE,0,35,24,NA,NA,SMDH,-1.08877881680429,0.0816421291519396,-0.12831541780652,0.383259519997344,0.271083524406111,0.33936976886828,-0.39939894221263,0.0970476066551403,0.000125860640034079,
GSE23878,CRC,PI3K_AKT,FALSE,FALSE,0,35,24,NA,NA,SMDH,0.239302414029039,0.0722219027910127,0.030147078438362,0.349685600715713,-0.0513162308394865,0.321560781021227,0.0814633092778485,0.0897421968571149,0.367833230907329,
GSE23878,CRC,RAS_MAPK,FALSE,FALSE,0,35,24,NA,NA,SMDH,0.0985377058002151,0.0693709002710735,0.00764067827789141,0.340930237420602,-0.0227339291573645,0.262323534683863,0.030374607435256,0.0825836402099718,0.714381540874091,
GSE23878,CRC,RET_ALK_NTRK,FALSE,FALSE,0,35,24,NA,NA,SMDH,-0.724194674854915,0.0802806723245107,-0.114939940395528,0.390667089052401,0.197291880147032,0.457580514378948,-0.31223182054256,0.111033520448386,0.00673947343979152,
GSE23878,CRC,SRC_FAK,FALSE,FALSE,0,35,24,NA,NA,SMDH,-0.285228683038088,0.0709988406152613,-0.0232262690386611,0.414363285778122,0.0867917727498793,0.343572715278451,-0.11001804178854,0.102659632474665,0.28838147290828,
GSE23878,CRC,TAM_AXL_AXIS,FALSE,FALSE,0,35,24,NA,NA,SMDH,-0.346440270275347,0.0749624629748364,-0.0888856529768675,0.427367640209682,0.0664685705632408,0.4571303190317,-0.155354223540108,0.116510081893737,0.18770591693318,
GSE23878,CRC,TGFB_SMAD,FALSE,FALSE,0,35,24,NA,NA,SMDH,-0.687648919433034,0.0765197752937036,-0.122759841423975,0.445665828399768,0.181243032040669,0.42661276555158,-0.304002873464644,0.116101357605686,0.0112959316397646,
GSE23878,CRC,TIE_ANGPT_AXIS,FALSE,FALSE,0,35,24,NA,NA,SMDH,-0.221762411043339,0.0734384630888679,-0.0826895307472061,0.488997666363752,0.027594434202707,0.492455569093656,-0.110283964949913,0.129967028247912,0.399679400173206,
GSE23878,CRC,VEGF_PDGF_AXIS,FALSE,FALSE,0,35,24,NA,NA,SMDH,0.646208574726148,0.0766499366865098,0.0877411891503967,0.383735729458743,-0.163193730046035,0.382629515616481,0.250934919196432,0.10158125275261,0.0165162643487381,
GSE23878,CRC,WNT_CTNNB1,FALSE,FALSE,0,35,24,NA,NA,SMDH,2.51623983608602,0.140289025967049,0.357765193748071,0.283475371069214,-0.451577646355869,0.348021979264579,0.809342840103939,0.0824587703838999,7.41817194937768e-14,
GSE32863,LUAD,EPH_RECEPTORS,TRUE,TRUE,57,57,57,57,0.270137061011305,SMCRPH,1.86949985059834,0.0442104652048406,0.288267498242824,0.411646031901192,-0.399837654066105,0.312420939723168,0.688105152308929,0.0588748824300435,1.19234916462839e-16,
GSE32863,LUAD,ERBB_LIGANDS,TRUE,TRUE,57,57,57,57,-0.0741089895442258,SMCRPH,-0.099544661100407,0.038377512804404,0.00429325996902495,0.28290067274155,0.0350013751824129,0.328227236346606,-0.0307081152133881,0.0594608516948421,0.607578815905398,
GSE32863,LUAD,ERBB_RECEPTORS,TRUE,TRUE,57,57,57,57,-0.12689354896793,SMCRPH,1.87087848810427,0.0562810568033136,0.299280016894733,0.363643397388895,-0.351011557038905,0.325745450634958,0.650291573933639,0.0686216445878577,3.09271206818521e-13,
GSE32863,LUAD,FGFR_AXIS,TRUE,TRUE,57,57,57,57,0.140022369964693,SMCRPH,-1.96775208368169,0.0491208190832267,-0.254930287822006,0.322317566644785,0.327929798970758,0.263045781518479,-0.582860086792764,0.0511856453218298,3.35211889168818e-16,
GSE32863,LUAD,HGF_MET_AXIS,TRUE,TRUE,57,57,57,57,0.323857358865771,SMCRPH,1.18381911719081,0.0320276433394432,0.190349642155905,0.442706262013662,-0.274553994911342,0.328482811774964,0.464903637067248,0.0606540683570023,2.7581701806455e-10,
GSE32863,LUAD,IGF_INSR_AXIS,TRUE,TRUE,57,57,57,57,0.152022019584851,SMCRPH,-0.302747607081672,0.0307211596028761,-0.0256013602372857,0.420367074344829,0.107646539523084,0.453225593032324,-0.13324789976037,0.0754164002763168,0.0827062037312949,
GSE32863,LUAD,JAK_STAT,TRUE,TRUE,57,57,57,57,0.288843890913637,SMCRPH,-0.91028158534264,0.0294296260514863,-0.13716824451369,0.320268235030797,0.164499656200181,0.337485438261038,-0.301667900713871,0.051983175319287,3.17025795124033e-07,
GSE32863,LUAD,PDGFR_KIT_CSF1R,TRUE,TRUE,57,57,57,57,0.093575692875179,SMCRPH,-1.64627691819891,0.0448174269585132,-0.253316661467227,0.322619946381994,0.320807692325266,0.368609967510223,-0.574124353792493,0.0618005736489154,6.1520575413373e-13,
GSE32863,LUAD,PI3K_AKT,TRUE,TRUE,57,57,57,57,0.00181905575781646,SMCRPH,1.3860385099865,0.0442778689964915,0.165055764291786,0.253519174530138,-0.203336101441308,0.274086361516159,0.368391865733095,0.0494074550571796,6.09793040402183e-10,
GSE32863,LUAD,RAS_MAPK,TRUE,TRUE,57,57,57,57,0.0614688739396112,SMCRPH,0.275655952137415,0.0341832587736547,0.0182147004716104,0.273326324029715,-0.0444718961047788,0.165326557891041,0.0626865965763892,0.0411426331292024,0.133226177103339,
GSE32863,LUAD,RET_ALK_NTRK,TRUE,TRUE,57,57,57,57,-0.00706846025458984,SMCRPH,-1.38974654744292,0.0446466676714457,-0.165111830144339,0.291254180924451,0.260218239889044,0.316220539942722,-0.425330070033383,0.0571434707177749,6.40721542218861e-10,
GSE32863,LUAD,SRC_FAK,TRUE,TRUE,57,57,57,57,0.0589098629252245,SMCRPH,0.767731888031553,0.0363393820335117,0.105095825908451,0.323819974125347,-0.167209695300222,0.378641427246969,0.272305521208673,0.0640425618119405,8.11317464724874e-05,
GSE32863,LUAD,TAM_AXL_AXIS,TRUE,TRUE,57,57,57,57,0.178651425215749,SMCRPH,-0.404249489642161,0.0301569726246719,-0.0846090418568533,0.423930628942319,0.100835997788245,0.485132668898584,-0.185445039645099,0.0774128884837052,0.0199639799965083,
GSE32863,LUAD,TGFB_SMAD,TRUE,TRUE,57,57,57,57,0.259572187540428,SMCRPH,-0.746275289514934,0.0291057370595469,-0.144394397879278,0.375446047453351,0.142752338427337,0.388473532181094,-0.287146736306616,0.061580609022824,1.97590004608002e-05,
GSE32863,LUAD,TIE_ANGPT_AXIS,TRUE,TRUE,57,57,57,57,-0.000854299874497942,SMCRPH,-2.88081140893085,0.0728002217632635,-0.412568277049811,0.310443874631263,0.48215016267731,0.306530559085526,-0.894718439727122,0.0578107884994102,6.95547981350206e-22,
GSE32863,LUAD,VEGF_PDGF_AXIS,TRUE,TRUE,57,57,57,57,0.227262218466446,SMCRPH,-1.05540537403467,0.0328310140236735,-0.168516477960146,0.343295162462198,0.192673468662158,0.336292658259496,-0.361189946622304,0.0559558951869858,2.74036531317285e-08,
GSE32863,LUAD,WNT_CTNNB1,TRUE,TRUE,57,57,57,57,0.269388901415241,SMCRPH,-1.09463315801825,0.0323979064398374,-0.169480886248753,0.376849976467527,0.203644102519334,0.295008719370167,-0.373124988768087,0.0544748372971227,6.13413548189786e-09,
GSE41258,CRC,EPH_RECEPTORS,TRUE,TRUE,44,182,53,44,0.131693462458364,SMCRPH,2.12105202482706,0.0691464305820924,0.181240661146668,0.396389097125442,-0.51018638913191,0.25392335253336,0.67248427459847,0.0626067040972768,9.42057632897681e-14,
GSE41258,CRC,ERBB_LIGANDS,TRUE,TRUE,44,182,53,44,0.0790726776116305,SMCRPH,-0.187544670079228,0.0430396193862334,-0.0157741699646674,0.388029344885968,0.128372977463774,0.397206853589367,-0.0751049808757174,0.0812127671719743,0.360234748750042,
GSE41258,CRC,ERBB_RECEPTORS,TRUE,TRUE,44,182,53,44,-0.486602097431022,SMCRPH,0.547114672915014,0.0712865286889214,0.0415129712841361,0.470950429027891,-0.0945173492640528,0.45259001647546,0.248117606874845,0.116600254239674,0.03911523354494,
GSE41258,CRC,FGFR_AXIS,TRUE,TRUE,44,182,53,44,0.0099897504528309,SMCRPH,-1.18343276294445,0.0547573172457642,-0.0992851726263329,0.34313288644378,0.326000618638074,0.260718242739687,-0.37597995172002,0.0668170934856845,1.27194039222816e-06,
GSE41258,CRC,HGF_MET_AXIS,TRUE,TRUE,44,182,53,44,-0.0133507659080694,SMCRPH,1.2347897617109,0.0560191695744494,0.101383858561945,0.426407457468368,-0.296716435616697,0.373968661797243,0.465817639124033,0.0802546666706877,7.03888974586913e-07,
GSE41258,CRC,IGF_INSR_AXIS,TRUE,TRUE,44,182,53,44,0.175914722947248,SMCRPH,-0.77249126672081,0.0427867989597591,-0.0902793691259094,0.457914033992971,0.296139289144582,0.355976814954867,-0.340518113102885,0.0850830508341861,0.000243439981063831,
GSE41258,CRC,JAK_STAT,TRUE,TRUE,44,182,53,44,-0.0798401358215422,SMCRPH,-0.00341787166867443,0.0500980369129729,0.00525005558710642,0.36624035732506,0.0182345421615511,0.274843112163675,-0.00111818303886871,0.0717519127002659,0.987638341224089,
GSE41258,CRC,PDGFR_KIT_CSF1R,TRUE,TRUE,44,182,53,44,0.249983702388735,SMCRPH,-1.03794253324671,0.0417084385167,-0.0841122368650442,0.417258850508969,0.338613306221815,0.299812084771483,-0.348295018551988,0.061455977515113,1.11166554770831e-06,
GSE41258,CRC,PI3K_AKT,TRUE,TRUE,44,182,53,44,0.304776582232238,SMCRPH,-0.0411979665259622,0.0324058111035982,-0.00394408500780977,0.27272827355645,0.0103593826569822,0.271778006617364,-0.0113962093338931,0.0487479695358041,0.816266671582863,
GSE41258,CRC,RAS_MAPK,TRUE,TRUE,44,182,53,44,-0.173787686551253,SMCRPH,-0.500434430163702,0.0557981146538641,-0.0298077343782536,0.32420082613978,0.0643347486544338,0.23638585311032,-0.135603636088187,0.0617703495551589,0.0335888759479563,
GSE41258,CRC,RET_ALK_NTRK,TRUE,TRUE,44,182,53,44,0.0359944270340598,SMCRPH,-1.0738951916951,0.0517240225983165,-0.0961591530780974,0.362338725703907,0.295447716178215,0.323399997233189,-0.378151554723724,0.0730808995177591,5.70660548849014e-06,
GSE41258,CRC,SRC_FAK,TRUE,TRUE,44,182,53,44,0.0277452118794694,SMCRPH,-0.449216612081593,0.0464410724755786,-0.0438978089437094,0.332467544663927,0.189229764227604,0.252353386763035,-0.129688403156841,0.0601703260358701,0.0367754292932929,
GSE41258,CRC,TAM_AXL_AXIS,TRUE,TRUE,44,182,53,44,0.19864551713769,SMCRPH,0.192650269650938,0.0375125356111485,-0.00275225250481998,0.433514417387481,0.00755240581602349,0.472012140111036,0.0873365913909551,0.0857526510531883,0.314150509229029,
GSE41258,CRC,TGFB_SMAD,TRUE,TRUE,44,182,53,44,0.115492035960596,SMCRPH,-0.651413823464017,0.0440151255801464,-0.0374918122848115,0.419879816534557,0.135137770620672,0.27945504463658,-0.21553135532277,0.0659128751492376,0.0021220631243263,
GSE41258,CRC,TIE_ANGPT_AXIS,TRUE,TRUE,44,182,53,44,0.270640279642209,SMCRPH,-0.0415898783196222,0.0339395642924063,-0.0187835666641824,0.487054977343301,0.0973819062081432,0.471194264844259,-0.020491769270027,0.0888760426315158,0.818745668840305,
GSE41258,CRC,VEGF_PDGF_AXIS,TRUE,TRUE,44,182,53,44,0.0105273000842196,SMCRPH,1.45529706073776,0.0596844593216679,0.0803379093312943,0.385176398673694,-0.315303142088591,0.266177542259293,0.459080748478791,0.0663342614682872,1.67625434302153e-08,
GSE41258,CRC,WNT_CTNNB1,TRUE,TRUE,44,182,53,44,0.254818732057332,SMCRPH,2.38910152800137,0.0778890712587049,0.266161864382868,0.37720022749186,-0.642097941029336,0.228167191712919,0.797104203433609,0.0619862326976137,2.48485757325755e-16,
GSE4302,Asthma,EPH_RECEPTORS,FALSE,FALSE,0,42,28,NA,NA,SMDH,0.365283135872633,0.0621004280794926,0.0506621000707586,0.431227397256266,-0.106518804610729,0.419760208171872,0.157180904681488,0.104106857624336,0.135726485690798,
GSE4302,Asthma,ERBB_LIGANDS,FALSE,FALSE,0,42,28,NA,NA,SMDH,-0.405159026511128,0.0640310162164999,-0.0589442855663309,0.373072465998613,0.102264539437984,0.412885486997049,-0.161208825004315,0.0949961075855757,0.0942689042254493,
GSE4302,Asthma,ERBB_RECEPTORS,FALSE,FALSE,0,42,28,NA,NA,SMDH,-0.19589708024732,0.0614419313129041,-0.0428566752145813,0.445608105331674,0.044461662800681,0.435935615120091,-0.0873183380152624,0.107786432613046,0.420705761239047,
GSE4302,Asthma,FGFR_AXIS,FALSE,FALSE,0,42,28,NA,NA,SMDH,0.162038896031978,0.0625008322351957,0.00361527031788615,0.305751104443632,-0.0482904456653327,0.327438556429415,0.0519057159832189,0.0767402300999154,0.501092314122741,
GSE4302,Asthma,HGF_MET_AXIS,FALSE,FALSE,0,42,28,NA,NA,SMDH,-0.536621861205271,0.0607066455408185,-0.0715390606034002,0.403537113044891,0.126347357736842,0.321151955959609,-0.197886418340243,0.0910050859973239,0.0331539333829795,
GSE4302,Asthma,IGF_INSR_AXIS,FALSE,FALSE,0,42,28,NA,NA,SMDH,-0.886272400309653,0.0636005429534531,-0.170360158035091,0.496787418004871,0.221929710560454,0.369337800403631,-0.392289868595546,0.109915410155725,0.000662609830438371,
GSE4302,Asthma,JAK_STAT,FALSE,FALSE,0,42,28,NA,NA,SMDH,-0.148187191744216,0.0560085464647592,-0.0136262094920892,0.318568969881436,0.0261270161859514,0.198175523508517,-0.0397532256780407,0.0676053440642772,0.558467429164994,
GSE4302,Asthma,PDGFR_KIT_CSF1R,FALSE,FALSE,0,42,28,NA,NA,SMDH,0.195953955753324,0.0618243950633135,0.0222946986042449,0.351121877792347,-0.0475599878510051,0.353945351044396,0.0698546864552502,0.0859391442131571,0.419147175023046,
GSE4302,Asthma,PI3K_AKT,FALSE,FALSE,0,42,28,NA,NA,SMDH,0.317013702784127,0.0617034404496547,0.0397160302011303,0.324601497972398,-0.0624021612390413,0.312396213664085,0.102118191440172,0.078025905379621,0.195017248447442,
GSE4302,Asthma,RAS_MAPK,FALSE,FALSE,0,42,28,NA,NA,SMDH,0.433705719350382,0.0622006887028565,0.0559633156778037,0.340992057183319,-0.0899133653164934,0.324039359845557,0.145876680994297,0.0815763999109895,0.0781951019841513,
GSE4302,Asthma,RET_ALK_NTRK,FALSE,FALSE,0,42,28,NA,NA,SMDH,-0.104661805487623,0.0627197791005544,-0.0164513025809128,0.401587298088025,0.0282310552843811,0.441837536932074,-0.0446823578652939,0.101989650268356,0.662697470380768,
GSE4302,Asthma,SRC_FAK,FALSE,FALSE,0,42,28,NA,NA,SMDH,0.297847946468684,0.0601862588082963,0.0356608044127898,0.353413466984626,-0.0636026790959366,0.303877324674872,0.0992634835087265,0.0816398093272114,0.228238185565713,
GSE4302,Asthma,TAM_AXL_AXIS,FALSE,FALSE,0,42,28,NA,NA,SMDH,0.451933916378363,0.0647073057601016,0.0741362015842677,0.457254262189408,-0.149494937842137,0.51946697758483,0.223631139426405,0.117819609248517,0.0619307473951892,
GSE4302,Asthma,TGFB_SMAD,FALSE,FALSE,0,42,28,NA,NA,SMDH,-0.0566476774917916,0.0621553511209068,-0.00881054329169501,0.368242998560035,0.0128949353597756,0.389308078694965,-0.0217054786514706,0.0919171212884294,0.814032435281632,
GSE4302,Asthma,TIE_ANGPT_AXIS,FALSE,FALSE,0,42,28,NA,NA,SMDH,-0.291843565753894,0.0619567188008655,-0.0332422994717005,0.546057292486086,0.127134243532274,0.540814131825391,-0.160376543003975,0.132717896034947,0.231078266354915,
GSE4302,Asthma,VEGF_PDGF_AXIS,FALSE,FALSE,0,42,28,NA,NA,SMDH,-0.57029893786408,0.0627051233020277,-0.0595546177282143,0.26018320434776,0.0841170519606887,0.237569151434824,-0.143671669688903,0.0613469480773566,0.0221192927869213,
GSE4302,Asthma,WNT_CTNNB1,FALSE,FALSE,0,42,28,NA,NA,SMDH,-0.401363409901212,0.0600565830147593,-0.0556857253486729,0.490486216460875,0.125883286905817,0.399627784574863,-0.18156901225449,0.111393994392309,0.107731512810401,
GSE43696,Asthma,EPH_RECEPTORS,FALSE,FALSE,0,88,20,NA,NA,SMDH,0.123908005154337,0.0699475737185189,0.026943307396805,0.453325142764346,-0.0339869698446652,0.52083659689005,0.0609302772414707,0.115472225357944,0.598836905667915,
GSE43696,Asthma,ERBB_LIGANDS,FALSE,FALSE,0,88,20,NA,NA,SMDH,-0.00140413063862202,0.0746391785475475,-0.0121595556109851,0.349630569313981,-0.0115865006493895,0.45406322412689,-0.000573054961595645,0.0917843328734342,0.995030179873704,
GSE43696,Asthma,ERBB_RECEPTORS,FALSE,FALSE,0,88,20,NA,NA,SMDH,-0.548159033354906,0.0598646628120665,-0.0367001725112896,0.424764214894606,0.181778225351974,0.364410742136553,-0.218478397863264,0.10270164944893,0.0357134514672585,
GSE43696,Asthma,FGFR_AXIS,FALSE,FALSE,0,88,20,NA,NA,SMDH,-0.0467416983495345,0.06104008303476,-0.000492558024928852,0.317463548785446,0.0139188385883731,0.294365374965111,-0.014411396613302,0.0776464839903476,0.853111036387741,
GSE43696,Asthma,HGF_MET_AXIS,FALSE,FALSE,0,88,20,NA,NA,SMDH,-0.0236641487912806,0.0602920166876809,-0.000369103312428893,0.412266073602169,0.00902796954233724,0.375442124702828,-0.00939707285476628,0.10055108239156,0.925717949760711,
GSE43696,Asthma,IGF_INSR_AXIS,FALSE,FALSE,0,88,20,NA,NA,SMDH,-0.371525779647875,0.0648277944586099,-0.0131919669101128,0.39226537324412,0.132893396937694,0.388553927586983,-0.146085363847807,0.0970065865705837,0.135058763501231,
GSE43696,Asthma,JAK_STAT,FALSE,FALSE,0,88,20,NA,NA,SMDH,-0.397579119297429,0.0691803575379907,-0.0382997524226795,0.381316359630256,0.121613480902961,0.416629916184152,-0.159913233325641,0.0960850821513757,0.0990084130791336,
GSE43696,Asthma,PDGFR_KIT_CSF1R,FALSE,FALSE,0,88,20,NA,NA,SMDH,0.249858607806994,0.0574124147333834,0.012487266439598,0.406326123102789,-0.0819205597044828,0.3411677351436,0.0944078261440808,0.097956490562525,0.337353275980122,
GSE43696,Asthma,PI3K_AKT,FALSE,FALSE,0,88,20,NA,NA,SMDH,0.208812558833817,0.0709101771653047,0.021268359869212,0.311445391536086,-0.0499649690116141,0.363946916020782,0.0712333288808261,0.0796378314832922,0.37309914414531,
GSE43696,Asthma,RAS_MAPK,FALSE,FALSE,0,88,20,NA,NA,SMDH,0.161327821682819,0.0735252794236447,0.000710500015476894,0.306045294415541,-0.0556559976844301,0.38344794006757,0.0563664976999072,0.079589920382834,0.48036838099201,
GSE43696,Asthma,RET_ALK_NTRK,FALSE,FALSE,0,88,20,NA,NA,SMDH,0.593746866397696,0.0566208661241494,0.0545874194624359,0.304108601325543,-0.109101843346482,0.239535085713527,0.163689262808918,0.072724890103743,0.0264620815433405,
GSE43696,Asthma,SRC_FAK,FALSE,FALSE,0,88,20,NA,NA,SMDH,-0.134683976876897,0.067319522561803,-0.0274699041583164,0.408154411949169,0.0300565790798877,0.439451039241337,-0.0575264832382041,0.102539485148023,0.575969404563702,
GSE43696,Asthma,TAM_AXL_AXIS,FALSE,FALSE,0,88,20,NA,NA,SMDH,0.239427799750179,0.0697146000629041,0.0180701613377797,0.440249577849659,-0.095275860567696,0.49806108980294,0.113346021905476,0.111759255750479,0.312797648039068,
GSE43696,Asthma,TGFB_SMAD,FALSE,FALSE,0,88,20,NA,NA,SMDH,-0.493575580824676,0.0683820592152645,-0.0247694172492958,0.388887011901049,0.173847169993307,0.409932877040423,-0.198616587242603,0.0972888968011976,0.0436835215409468,
GSE43696,Asthma,TIE_ANGPT_AXIS,FALSE,FALSE,0,88,20,NA,NA,SMDH,0.27529941024035,0.066214754258695,0.0584861743436778,0.476265734379638,-0.075962371088416,0.493397104266695,0.134448545432094,0.118750870560223,0.260109251159209,
GSE43696,Asthma,VEGF_PDGF_AXIS,FALSE,FALSE,0,88,20,NA,NA,SMDH,-0.000850864300309776,0.0638601196147709,-0.0136269629611143,0.319344601958741,-0.0133541819862799,0.317288481328617,-0.000272780974834819,0.0790159834318636,0.99725201692314,
GSE43696,Asthma,WNT_CTNNB1,FALSE,FALSE,0,88,20,NA,NA,SMDH,-0.728275725982734,0.0647489261891298,-0.0337000909020431,0.434110602919416,0.272913461235908,0.401297048862008,-0.306613552137952,0.10612532605237,0.0046846315712416,
GSE44076,CRC,EPH_RECEPTORS,TRUE,TRUE,98,98,98,98,0.224310332984382,SMCRPH,2.5751152468794,0.0339663267376789,0.402397369579516,0.331208725512089,-0.439597887689368,0.319982594214382,0.841995257268882,0.0409757022883003,4.1127329318438e-37,
GSE44076,CRC,ERBB_LIGANDS,TRUE,TRUE,98,98,98,98,0.157847583861282,SMCRPH,-0.519785445807262,0.0180796747528418,-0.0729916470368683,0.406721298144243,0.136181896188856,0.394842431745265,-0.209173543225723,0.052549783237578,0.000132818384796495,
GSE44076,CRC,ERBB_RECEPTORS,TRUE,TRUE,98,98,98,98,-0.140759424876472,SMCRPH,-0.929052369866151,0.0257952306568243,-0.18907457466724,0.413317232217644,0.214840275212722,0.451909205027114,-0.403914849879961,0.0660577730239753,2.02987950038568e-08,
GSE44076,CRC,FGFR_AXIS,TRUE,TRUE,98,98,98,98,0.0333023046673216,SMCRPH,-1.95011807509056,0.0300234110208545,-0.26368243776286,0.310427868137457,0.29913327518768,0.262549871706487,-0.562815712950538,0.040389612033178,6.9217252342808e-25,
GSE44076,CRC,HGF_MET_AXIS,TRUE,TRUE,98,98,98,98,0.169120118678667,SMCRPH,1.0158093998712,0.0199877087920887,0.188035003755177,0.342769208309899,-0.194928936423543,0.405602186935345,0.382963940178719,0.048966775555801,6.4331593718256e-12,
GSE44076,CRC,IGF_INSR_AXIS,TRUE,TRUE,98,98,98,98,0.0854844964729363,SMCRPH,-1.07089717496386,0.0218860383155633,-0.154716440483585,0.403397863685347,0.25553793292746,0.35847905191788,-0.410254373411044,0.052149050032837,5.13951580823402e-12,
GSE44076,CRC,JAK_STAT,TRUE,TRUE,98,98,98,98,0.11729205909479,SMCRPH,-0.0673339948573909,0.0182200395453118,-0.026657953013274,0.391358320584173,-0.00121330713769748,0.360830034097152,-0.0254446458755764,0.0505311709583258,0.61572379975432,
GSE44076,CRC,PDGFR_KIT_CSF1R,TRUE,TRUE,98,98,98,98,-0.0463051712014465,SMCRPH,-1.00508961017507,0.0242188046947042,-0.19898021082,0.460192058681656,0.237657744005643,0.403426912299829,-0.436637954825643,0.0632232416662025,5.20086033907345e-10,
GSE44076,CRC,PI3K_AKT,TRUE,TRUE,98,98,98,98,-0.115032477873746,SMCRPH,-0.129767814107087,0.022979686868269,-0.0240670583497727,0.313855561988403,0.0129930157131124,0.251670083795786,-0.0370600740628844,0.0428589914341403,0.389338091862346,
GSE44076,CRC,RAS_MAPK,TRUE,TRUE,98,98,98,98,0.00447221893617348,SMCRPH,-0.745808347208095,0.0219643902341292,-0.0945148353868331,0.301622895012532,0.125374876271237,0.285541958154668,-0.219889711658069,0.0418622902828748,8.86934332805376e-07,
GSE44076,CRC,RET_ALK_NTRK,TRUE,TRUE,98,98,98,98,0.0374999766982581,SMCRPH,-1.49401223502996,0.0256343618032324,-0.248580735791157,0.320169852861877,0.248762170827231,0.342649231664714,-0.497342906618387,0.0464768198969948,4.14031238749323e-18,
GSE44076,CRC,SRC_FAK,TRUE,TRUE,98,98,98,98,0.0448143069575013,SMCRPH,-0.410398369258288,0.0201352945873951,-0.0411704484218747,0.313322942187159,0.0830251686696525,0.289085784193161,-0.124195617091527,0.0420911967961694,0.00397572970389357,
GSE44076,CRC,TAM_AXL_AXIS,TRUE,TRUE,98,98,98,98,-0.096367075380213,SMCRPH,0.0720670962834088,0.0226190166483703,0.0250842802776046,0.47755838092495,-0.00947268736605838,0.477715990420242,0.0345569676436627,0.0714460277694127,0.629703571800698,
GSE44076,CRC,TGFB_SMAD,TRUE,TRUE,98,98,98,98,-0.050469925820683,SMCRPH,-0.55578499497746,0.022457510747996,-0.0955830403312493,0.369340554733468,0.107877612690123,0.359912485936658,-0.203460653021372,0.0533918328009039,0.000243268617980511,
GSE44076,CRC,TIE_ANGPT_AXIS,TRUE,TRUE,98,98,98,98,0.0715847943690084,SMCRPH,-0.206095854069501,0.0192555360718687,-0.0556750000816793,0.489717942788018,0.0487597985958609,0.519361205588199,-0.104434798677541,0.0694839506066853,0.136086281131833,
GSE44076,CRC,VEGF_PDGF_AXIS,TRUE,TRUE,98,98,98,98,-0.0356889371145288,SMCRPH,0.662001501160235,0.0225240009270058,0.102775359374945,0.393083692805845,-0.133135333897213,0.312256808476268,0.235910693272157,0.0515851033160551,1.4190740631349e-05,
GSE44076,CRC,WNT_CTNNB1,TRUE,TRUE,98,98,98,98,0.146453770669219,SMCRPH,3.40891467218697,0.0510877695374944,0.43222868263207,0.31872103095027,-0.522134832319751,0.23224095359195,0.954363514951819,0.0369552842840224,2.9299375601764e-45,
GSE67472,Asthma,EPH_RECEPTORS,FALSE,FALSE,0,62,43,NA,NA,SMDH,0.0272855900294255,0.0396357383317386,0.0102900892032772,0.447640134010038,-0.00156600459926256,0.4144107562694,0.0118560938025399,0.0862088234783693,0.890882253793978,
GSE67472,Asthma,ERBB_LIGANDS,FALSE,FALSE,0,62,43,NA,NA,SMDH,-0.284765298354767,0.0414275852922243,-0.0128275854757294,0.349340034663394,0.0932399900132201,0.389097999254826,-0.10606757548895,0.0726495939374574,0.147336648249067,
GSE67472,Asthma,ERBB_RECEPTORS,FALSE,FALSE,0,62,43,NA,NA,SMDH,-0.532462361442008,0.0414375198570414,-0.0963906682116158,0.440471221791674,0.137077453349614,0.429999748944387,-0.23346812156123,0.0865728573494776,0.00818051617590929,
GSE67472,Asthma,FGFR_AXIS,FALSE,FALSE,0,62,43,NA,NA,SMDH,-0.533533546280673,0.0430235566629368,-0.0753998886594261,0.294178816351592,0.0981257909141329,0.349199963162658,-0.173525679573559,0.0630628276358048,0.0070078851951863,
GSE67472,Asthma,HGF_MET_AXIS,FALSE,FALSE,0,62,43,NA,NA,SMDH,-0.247922055557211,0.040527052305421,-0.0621892731509154,0.437094017932814,0.0470834362560835,0.437977130763479,-0.109272709406999,0.0868155066314616,0.210992327350282,
GSE67472,Asthma,IGF_INSR_AXIS,FALSE,FALSE,0,62,43,NA,NA,SMDH,-1.15477106622527,0.0464074695985021,-0.225443124123574,0.453465542076457,0.288835904705859,0.430433306885836,-0.514279028829433,0.088157792231326,6.31144629458838e-08,
GSE67472,Asthma,JAK_STAT,FALSE,FALSE,0,62,43,NA,NA,SMDH,-0.0470851652054562,0.0378914669449566,-0.00733462069883573,0.354564831333271,0.00734123064805095,0.256426509182256,-0.0146758513468866,0.0631532993410783,0.816700460392125,
GSE67472,Asthma,PDGFR_KIT_CSF1R,FALSE,FALSE,0,62,43,NA,NA,SMDH,0.537683478468192,0.0409744423229691,0.0851720885686632,0.393595900366643,-0.119298753972345,0.360695222671367,0.204470842541008,0.0755172762978604,0.00793593786116859,
GSE67472,Asthma,PI3K_AKT,FALSE,FALSE,0,62,43,NA,NA,SMDH,0.352601763153722,0.0418611660315596,0.0362198352611098,0.260684364274191,-0.063262200707066,0.298210927070545,0.099482035968176,0.0548933481768538,0.0728565355464245,
GSE67472,Asthma,RAS_MAPK,FALSE,FALSE,0,62,43,NA,NA,SMDH,0.28131217946197,0.0392617344817685,0.0243217677865545,0.318788059626366,-0.0588868268014161,0.266098411259872,0.0832085945879707,0.0592249444321058,0.163042380467535,
GSE67472,Asthma,RET_ALK_NTRK,FALSE,FALSE,0,62,43,NA,NA,SMDH,-0.21479184140318,0.0408676396969303,-0.0462047665619211,0.411684444183418,0.045553756613904,0.436119375360383,-0.0917585231758251,0.0837126070999246,0.275585331181233,
GSE67472,Asthma,SRC_FAK,FALSE,FALSE,0,62,43,NA,NA,SMDH,0.347199616370412,0.0400108506666838,0.0491265218122511,0.382860492411681,-0.0782407702163636,0.34445189367389,0.127367292028615,0.0729690568972063,0.0838804132320462,
GSE67472,Asthma,TAM_AXL_AXIS,FALSE,FALSE,0,62,43,NA,NA,SMDH,0.0463400277310666,0.0407027359555205,0.00165796617234888,0.439688685048612,-0.0195786957923359,0.469681918295302,0.0212366619646849,0.0897337832499303,0.813388306258831,
GSE67472,Asthma,TGFB_SMAD,FALSE,FALSE,0,62,43,NA,NA,SMDH,0.053274919976021,0.0408295160209985,0.0247276103066869,0.387959632931514,0.00299124173474834,0.42139875667343,0.0217363685719385,0.0797656938967909,0.785781048555825,
GSE67472,Asthma,TIE_ANGPT_AXIS,FALSE,FALSE,0,62,43,NA,NA,SMDH,-0.605114379083381,0.040832718730469,-0.109189988382286,0.516747812531534,0.183907404521603,0.44200295330123,-0.293097392903889,0.0967780620399547,0.00310583833357667,
GSE67472,Asthma,VEGF_PDGF_AXIS,FALSE,FALSE,0,62,43,NA,NA,SMDH,-0.361419603432676,0.0407360832839763,-0.0512239576665997,0.296514084116261,0.0558703645092228,0.291770765314788,-0.107094322175823,0.0584630280679705,0.0698666043397487,
GSE67472,Asthma,WNT_CTNNB1,FALSE,FALSE,0,62,43,NA,NA,SMDH,-0.54009757731806,0.0422870831159939,-0.104305713096184,0.445369629345628,0.147858461943392,0.480903086596455,-0.252164175039577,0.0913276206938373,0.00682181528134011,
GSE75214,IBD,EPH_RECEPTORS,FALSE,FALSE,0,74,23,NA,NA,SMDH,-0.501129098594022,0.0649615469253089,-0.0438946596522083,0.419840014403862,0.181707422568283,0.471887340353028,-0.225602082220491,0.103238760968435,0.0313297818868459,
GSE75214,IBD,ERBB_LIGANDS,FALSE,FALSE,0,74,23,NA,NA,SMDH,0.575605226724115,0.0634068466287745,0.066527829704433,0.426434557892823,-0.187619861303392,0.449335531768507,0.254147691007825,0.103094382344295,0.0154892053935512,
GSE75214,IBD,ERBB_RECEPTORS,FALSE,FALSE,0,74,23,NA,NA,SMDH,-1.48632216678669,0.0534678240569783,-0.138806187497539,0.469919153284812,0.42755742387757,0.25493842550101,-0.566363611375108,0.102608418856906,2.93805877074688e-07,
GSE75214,IBD,FGFR_AXIS,FALSE,FALSE,0,74,23,NA,NA,SMDH,0.189145175244462,0.0564034210284837,0.0324403713255333,0.314661769107524,-0.0249122490523609,0.286307493082233,0.0573526203778943,0.0736068952989807,0.437813573951765,
GSE75214,IBD,HGF_MET_AXIS,FALSE,FALSE,0,74,23,NA,NA,SMDH,2.09803001666518,0.0711083505816969,0.241143951678458,0.431827594492166,-0.536607346442692,0.289886691154469,0.777751298121149,0.0963095118230305,2.08627182349965e-12,
GSE75214,IBD,IGF_INSR_AXIS,FALSE,FALSE,0,74,23,NA,NA,SMDH,-0.772281876243378,0.0669999503141906,-0.110737252923438,0.419157486688346,0.231899706207948,0.46019512094595,-0.342636959131386,0.102417427561004,0.00117731865470327,
GSE75214,IBD,JAK_STAT,FALSE,FALSE,0,74,23,NA,NA,SMDH,2.29816360616579,0.0680492128774524,0.216947074397272,0.42785868310963,-0.566581230602581,0.213881300292772,0.783528304999853,0.0928480169758244,3.55130978043377e-13,
GSE75214,IBD,PDGFR_KIT_CSF1R,FALSE,FALSE,0,74,23,NA,NA,SMDH,1.56128524540446,0.0581489163452508,0.17026982689497,0.484232697368586,-0.464591204993309,0.301650872663474,0.634861031888279,0.107096856295646,4.92262733101242e-08,
GSE75214,IBD,PI3K_AKT,FALSE,FALSE,0,74,23,NA,NA,SMDH,0.110872669452224,0.0498825922627102,0.0282087527451328,0.382741242622042,-0.00939163179720814,0.282666699767688,0.037600384542341,0.08642862719201,0.664516131346249,
GSE75214,IBD,RAS_MAPK,FALSE,FALSE,0,74,23,NA,NA,SMDH,0.509006115000517,0.0546938493172499,0.0473517022844572,0.347430221206631,-0.116014017482061,0.286462121314204,0.163365719766519,0.0798077675996247,0.0434207595382095,
GSE75214,IBD,SRC_FAK,FALSE,FALSE,0,74,23,NA,NA,SMDH,0.47235398888585,0.0520578377676971,0.060676004074686,0.390238308892268,-0.104569650106126,0.297692629247108,0.165245654180812,0.088536933540769,0.0650695986766043,
GSE75214,IBD,TAM_AXL_AXIS,FALSE,FALSE,0,74,23,NA,NA,SMDH,0.618993762833829,0.0540223503213768,0.0982103000786037,0.53365336126755,-0.201612802649125,0.420765711339653,0.299823102727728,0.121690030406451,0.0155447919959697,
GSE75214,IBD,TGFB_SMAD,FALSE,FALSE,0,74,23,NA,NA,SMDH,1.02321420620339,0.0528714508935634,0.127770328857661,0.42645028952289,-0.24697695451401,0.286669056046571,0.37474728337167,0.0951258120862915,0.000155822994860699,
GSE75214,IBD,TIE_ANGPT_AXIS,FALSE,FALSE,0,74,23,NA,NA,SMDH,1.16753981156463,0.0545707304510086,0.107936243841184,0.560990149839691,-0.454432873437265,0.376805527197334,0.562369117278449,0.125124753042461,1.96706096240861e-05,
GSE75214,IBD,VEGF_PDGF_AXIS,FALSE,FALSE,0,74,23,NA,NA,SMDH,1.4694668037351,0.0558965487098027,0.110561274351131,0.397866899025344,-0.376634962087426,0.240997159906993,0.487196236438556,0.0877439192889414,2.5503463794086e-07,
GSE75214,IBD,WNT_CTNNB1,FALSE,FALSE,0,74,23,NA,NA,SMDH,-0.350091371531883,0.0609761601685069,-0.0382751895759088,0.409324391685691,0.108234422204401,0.420945475705359,-0.14650961178031,0.0983672380729394,0.139690672730197,
GSE87473,IBD,EPH_RECEPTORS,FALSE,TRUE,0,106,21,NA,NA,SMDH,0.445062369250203,0.0630547267603317,0.0524160092023103,0.454821099901319,-0.156341024442914,0.477366892371249,0.121938509640422,NA,NA,
GSE87473,IBD,ERBB_LIGANDS,FALSE,TRUE,0,106,21,NA,NA,SMDH,1.34518091191133,0.0485552626725725,0.0512487421619049,0.431028416178636,-0.430658483838665,0.260419732767019,1.21352300271098,NA,NA,
GSE87473,IBD,ERBB_RECEPTORS,FALSE,TRUE,0,106,21,NA,NA,SMDH,-1.50984915193582,0.0500640607053995,-0.178060882186356,0.479845131699267,0.421808631361349,0.285769406464286,-0.71175640725915,NA,NA,
GSE87473,IBD,FGFR_AXIS,FALSE,TRUE,0,106,21,NA,NA,SMDH,-0.208882596446265,0.0411499326928415,-0.0590383320908077,0.31537672781973,-0.00416309056696127,0.19212967083628,0.202812718126461,NA,NA,
GSE87473,IBD,HGF_MET_AXIS,FALSE,TRUE,0,106,21,NA,NA,SMDH,1.63981161314052,0.0475629335135466,0.115332025157726,0.444631332553259,-0.470550655928587,0.233556749539731,0.970125121716713,NA,NA,
GSE87473,IBD,IGF_INSR_AXIS,FALSE,TRUE,0,106,21,NA,NA,SMDH,-0.510823711245223,0.05225109346529,-0.051143065178122,0.492790156275134,0.178535999424749,0.395770579426491,-0.26703577149588,NA,NA,
GSE87473,IBD,JAK_STAT,FALSE,TRUE,0,106,21,NA,NA,SMDH,2.34338125197618,0.05086842861134,0.156206673411433,0.435386103467215,-0.616724166582751,0.15941426282026,0.921915702645463,NA,NA,
GSE87473,IBD,PDGFR_KIT_CSF1R,FALSE,TRUE,0,106,21,NA,NA,SMDH,2.04153004793753,0.0438865762087895,0.139002344412535,0.454527259090827,-0.554618461079712,0.146641943434276,0.627539886656173,NA,NA,
GSE87473,IBD,PI3K_AKT,FALSE,TRUE,0,106,21,NA,NA,SMDH,0.558410738327681,0.0665448583403259,0.0410058855011618,0.266139530327116,-0.117224230280705,0.296357035005823,0.294434843357553,NA,NA,
GSE87473,IBD,RAS_MAPK,FALSE,TRUE,0,106,21,NA,NA,SMDH,0.0845079768760475,0.0591352263455089,0.0287054629385421,0.307700781224057,0.00268630199444596,0.304366814352125,0.289614887240422,NA,NA,
GSE87473,IBD,RET_ALK_NTRK,FALSE,TRUE,0,106,21,NA,NA,SMDH,-0.459199771876634,0.0515517602999263,-0.0920354160714947,0.467997266146274,0.103243969004208,0.371932314735806,-0.567587634873885,NA,NA,
GSE87473,IBD,SRC_FAK,FALSE,TRUE,0,106,21,NA,NA,SMDH,0.459245013229961,0.0610556496378349,0.0636154987082895,0.364043894292785,-0.104507616035095,0.363724488119033,-0.147263907658774,NA,NA,
GSE87473,IBD,TAM_AXL_AXIS,FALSE,TRUE,0,106,21,NA,NA,SMDH,0.926931572142842,0.042971671422199,0.0592050346255135,0.535215844675476,-0.348450159579424,0.309411660227879,0.0329232444431514,NA,NA,
GSE87473,IBD,TGFB_SMAD,FALSE,TRUE,0,106,21,NA,NA,SMDH,1.63980402733368,0.0610733087376393,0.118909850215313,0.359872448380739,-0.401962269377483,0.264321698391416,-0.189452531883891,NA,NA,
GSE87473,IBD,TIE_ANGPT_AXIS,FALSE,TRUE,0,106,21,NA,NA,SMDH,1.54998187176429,0.0386640876963297,0.0946820016748287,0.541460604894068,-0.542612575100661,0.202176176374372,0.677967309946842,NA,NA,
GSE87473,IBD,VEGF_PDGF_AXIS,FALSE,TRUE,0,106,21,NA,NA,SMDH,1.37689775778623,0.0401479797207698,0.0991832114376951,0.394779415670644,-0.324482193461775,0.176724908106661,0.498221615386052,NA,NA,
GSE87473,IBD,WNT_CTNNB1,FALSE,TRUE,0,106,21,NA,NA,SMDH,0.881275929113292,0.0450396881150066,-0.00550103755621371,0.48469846575671,-0.363288138229806,0.301274142795314,0.745102598152715,NA,NA,
GSE27342,,TAM_AXL_AXIS,,,,,,,,not estimable,,,,,,,,,,not estimable: only 2 of 3 module members present in this cohort
GSE63089,,TAM_AXL_AXIS,,,,,,,,not estimable,,,,,,,,,,not estimable: only 2 of 3 module members present in this cohort
GSE28735,,RET_ALK_NTRK,,,,,,,,not estimable,,,,,,,,,,not estimable: only 2 of 6 module members present in this cohort
GSE47460,,HGF_MET_AXIS,,,,,,,,not estimable,,,,,,,,,,not estimable: only 2 of 3 module members present in this cohort
GSE47460,,TAM_AXL_AXIS,,,,,,,,not estimable,,,,,,,,,,not estimable: only 2 of 3 module members present in this cohort
GSE62452,,RET_ALK_NTRK,,,,,,,,not estimable,,,,,,,,,,not estimable: only 2 of 6 module members present in this cohort
GSE66676,,RET_ALK_NTRK,,,,,,,,not estimable,,,,,,,,,,not estimable: only 2 of 6 module members present in this cohort
GSE75214,,RET_ALK_NTRK,,,,,,,,not estimable,,,,,,,,,,not estimable: only 2 of 6 module members present in this cohort
